PROVIDER;DESCRIPTION;ACCOUNTID;REGION;ASSESSMENTDATE;REQUIREMENTS_ID;REQUIREMENTS_DESCRIPTION;REQUIREMENTS_ATTRIBUTES_SECTION;REQUIREMENTS_ATTRIBUTES_SUBSECTION;REQUIREMENTS_ATTRIBUTES_SUBGROUP;REQUIREMENTS_ATTRIBUTES_SERVICE;REQUIREMENTS_ATTRIBUTES_TYPE;STATUS;STATUSEXTENDED;RESOURCEID;CHECKID;MUTED;RESOURCENAME;FRAMEWORK;NAME;REQUIREMENTS_ATTRIBUTES_COMMENT
aws;The Health Insurance Portability and Accountability Act of 1996 (HIPAA) is legislation that helps US workers to retain health insurance coverage when they change or lose jobs. The legislation also seeks to encourage electronic health records to improve the efficiency and quality of the US healthcare system through improved information sharing.;992275841864;us-west-2;2026-08-18 15:47:07.870888;164_308_a_1_ii_b;Implement security measures sufficient to reduce risks and vulnerabilities to a reasonable and appropriate level to comply with 164.306(a): Ensure the confidentiality, integrity, and availability of all electronic protected health information the covered entity or business associate creates, receives, maintains, or transmits.;164.308 Administrative Safeguards;;;aws;;PASS;Lambda function auto-shutdown-untagged-instances has a resource-based policy without public access.;arn:aws:lambda:us-west-2:992275841864:function:auto-shutdown-untagged-instances;awslambda_function_not_publicly_accessible;False;auto-shutdown-untagged-instances;HIPAA;HIPAA compliance framework;
aws;The Health Insurance Portability and Accountability Act of 1996 (HIPAA) is legislation that helps US workers to retain health insurance coverage when they change or lose jobs. The legislation also seeks to encourage electronic health records to improve the efficiency and quality of the US healthcare system through improved information sharing.;992275841864;us-west-2;2026-08-18 15:47:07.870888;164_308_a_3_i;Implement policies and procedures to ensure that all members of its workforce have appropriate access to electronic protected health information, as provided under paragraph (a)(4) of this section, and to prevent those workforce members who do not have access under paragraph (a)(4) of this section from obtaining access to electronic protected health information.;164.308 Administrative Safeguards;;;aws;;PASS;Lambda function auto-shutdown-untagged-instances has a resource-based policy without public access.;arn:aws:lambda:us-west-2:992275841864:function:auto-shutdown-untagged-instances;awslambda_function_not_publicly_accessible;False;auto-shutdown-untagged-instances;HIPAA;HIPAA compliance framework;
aws;The Health Insurance Portability and Accountability Act of 1996 (HIPAA) is legislation that helps US workers to retain health insurance coverage when they change or lose jobs. The legislation also seeks to encourage electronic health records to improve the efficiency and quality of the US healthcare system through improved information sharing.;992275841864;us-west-2;2026-08-18 15:47:07.870888;164_312_a_1;Implement technical policies and procedures for electronic information systems that maintain electronic protected health information to allow access only to those persons or software programs that have been granted access rights as specified in 164.308(a)(4).;164.312 Technical Safeguards;;;aws;;PASS;Lambda function auto-shutdown-untagged-instances has a resource-based policy without public access.;arn:aws:lambda:us-west-2:992275841864:function:auto-shutdown-untagged-instances;awslambda_function_not_publicly_accessible;False;auto-shutdown-untagged-instances;HIPAA;HIPAA compliance framework;
aws;The Health Insurance Portability and Accountability Act of 1996 (HIPAA) is legislation that helps US workers to retain health insurance coverage when they change or lose jobs. The legislation also seeks to encourage electronic health records to improve the efficiency and quality of the US healthcare system through improved information sharing.;992275841864;us-west-2;2026-08-18 15:47:07.870888;164_312_e_1;Implement technical security measures to guard against unauthorized access to electronic protected health information that is being transmitted over an electronic communications network.;164.312 Technical Safeguards;;;aws;;PASS;Lambda function auto-shutdown-untagged-instances has a resource-based policy without public access.;arn:aws:lambda:us-west-2:992275841864:function:auto-shutdown-untagged-instances;awslambda_function_not_publicly_accessible;False;auto-shutdown-untagged-instances;HIPAA;HIPAA compliance framework;
aws;The Health Insurance Portability and Accountability Act of 1996 (HIPAA) is legislation that helps US workers to retain health insurance coverage when they change or lose jobs. The legislation also seeks to encourage electronic health records to improve the efficiency and quality of the US healthcare system through improved information sharing.;992275841864;us-west-2;2026-08-18 15:47:07.870888;164_308_a_1_ii_d;Implement procedures to regularly review records of information system activity, such as audit logs, access reports, and security incident tracking reports.;164.308 Administrative Safeguards;;;aws;;FAIL;No CloudTrail trails are configured to log Amazon Bedrock API calls.;arn:aws:cloudtrail:us-west-2:992275841864:trail;cloudtrail_bedrock_logging_enabled;False;992275841864;HIPAA;HIPAA compliance framework;
aws;The Health Insurance Portability and Accountability Act of 1996 (HIPAA) is legislation that helps US workers to retain health insurance coverage when they change or lose jobs. The legislation also seeks to encourage electronic health records to improve the efficiency and quality of the US healthcare system through improved information sharing.;992275841864;us-west-2;2026-08-18 15:47:07.870888;164_312_b;Implement hardware, software, and/or procedural mechanisms that record and examine activity in information systems that contain or use electronic protected health information.;164.312 Technical Safeguards;;;aws;;FAIL;No CloudTrail trails are configured to log Amazon Bedrock API calls.;arn:aws:cloudtrail:us-west-2:992275841864:trail;cloudtrail_bedrock_logging_enabled;False;992275841864;HIPAA;HIPAA compliance framework;
aws;The Health Insurance Portability and Accountability Act of 1996 (HIPAA) is legislation that helps US workers to retain health insurance coverage when they change or lose jobs. The legislation also seeks to encourage electronic health records to improve the efficiency and quality of the US healthcare system through improved information sharing.;992275841864;ap-northeast-1;2026-08-18 15:47:07.870888;164_308_a_1_ii_d;Implement procedures to regularly review records of information system activity, such as audit logs, access reports, and security incident tracking reports.;164.308 Administrative Safeguards;;;aws;;FAIL;No CloudTrail trails enabled with logging were found.;arn:aws:cloudtrail:ap-northeast-1:992275841864:trail;cloudtrail_multi_region_enabled;False;992275841864;HIPAA;HIPAA compliance framework;
aws;The Health Insurance Portability and Accountability Act of 1996 (HIPAA) is legislation that helps US workers to retain health insurance coverage when they change or lose jobs. The legislation also seeks to encourage electronic health records to improve the efficiency and quality of the US healthcare system through improved information sharing.;992275841864;ap-northeast-1;2026-08-18 15:47:07.870888;164_308_a_3_ii_a;Implement procedures for the authorization and/or supervision of workforce members who work with electronic protected health information or in locations where it might be accessed.;164.308 Administrative Safeguards;;;aws;;FAIL;No CloudTrail trails enabled with logging were found.;arn:aws:cloudtrail:ap-northeast-1:992275841864:trail;cloudtrail_multi_region_enabled;False;992275841864;HIPAA;HIPAA compliance framework;
aws;The Health Insurance Portability and Accountability Act of 1996 (HIPAA) is legislation that helps US workers to retain health insurance coverage when they change or lose jobs. The legislation also seeks to encourage electronic health records to improve the efficiency and quality of the US healthcare system through improved information sharing.;992275841864;ap-northeast-1;2026-08-18 15:47:07.870888;164_308_a_6_ii;"Identify and respond to suspected or known security incidents; mitigate, to the extent practicable, harmful effects of security incidents that are known to the covered entity or business associate; and document security incidents and their outcomes.";164.308 Administrative Safeguards;;;aws;;FAIL;No CloudTrail trails enabled with logging were found.;arn:aws:cloudtrail:ap-northeast-1:992275841864:trail;cloudtrail_multi_region_enabled;False;992275841864;HIPAA;HIPAA compliance framework;
aws;The Health Insurance Portability and Accountability Act of 1996 (HIPAA) is legislation that helps US workers to retain health insurance coverage when they change or lose jobs. The legislation also seeks to encourage electronic health records to improve the efficiency and quality of the US healthcare system through improved information sharing.;992275841864;ap-northeast-1;2026-08-18 15:47:07.870888;164_312_b;Implement hardware, software, and/or procedural mechanisms that record and examine activity in information systems that contain or use electronic protected health information.;164.312 Technical Safeguards;;;aws;;FAIL;No CloudTrail trails enabled with logging were found.;arn:aws:cloudtrail:ap-northeast-1:992275841864:trail;cloudtrail_multi_region_enabled;False;992275841864;HIPAA;HIPAA compliance framework;
aws;The Health Insurance Portability and Accountability Act of 1996 (HIPAA) is legislation that helps US workers to retain health insurance coverage when they change or lose jobs. The legislation also seeks to encourage electronic health records to improve the efficiency and quality of the US healthcare system through improved information sharing.;992275841864;ap-northeast-1;2026-08-18 15:47:07.870888;164_312_e_2_i;Implement security measures to ensure that electronically transmitted electronic protected health information is not improperly modified without detection until disposed of.;164.312 Technical Safeguards;;;aws;;FAIL;No CloudTrail trails enabled with logging were found.;arn:aws:cloudtrail:ap-northeast-1:992275841864:trail;cloudtrail_multi_region_enabled;False;992275841864;HIPAA;HIPAA compliance framework;
aws;The Health Insurance Portability and Accountability Act of 1996 (HIPAA) is legislation that helps US workers to retain health insurance coverage when they change or lose jobs. The legislation also seeks to encourage electronic health records to improve the efficiency and quality of the US healthcare system through improved information sharing.;992275841864;ap-northeast-2;2026-08-18 15:47:07.870888;164_308_a_1_ii_d;Implement procedures to regularly review records of information system activity, such as audit logs, access reports, and security incident tracking reports.;164.308 Administrative Safeguards;;;aws;;FAIL;No CloudTrail trails enabled with logging were found.;arn:aws:cloudtrail:ap-northeast-2:992275841864:trail;cloudtrail_multi_region_enabled;False;992275841864;HIPAA;HIPAA compliance framework;
aws;The Health Insurance Portability and Accountability Act of 1996 (HIPAA) is legislation that helps US workers to retain health insurance coverage when they change or lose jobs. The legislation also seeks to encourage electronic health records to improve the efficiency and quality of the US healthcare system through improved information sharing.;992275841864;ap-northeast-2;2026-08-18 15:47:07.870888;164_308_a_3_ii_a;Implement procedures for the authorization and/or supervision of workforce members who work with electronic protected health information or in locations where it might be accessed.;164.308 Administrative Safeguards;;;aws;;FAIL;No CloudTrail trails enabled with logging were found.;arn:aws:cloudtrail:ap-northeast-2:992275841864:trail;cloudtrail_multi_region_enabled;False;992275841864;HIPAA;HIPAA compliance framework;
aws;The Health Insurance Portability and Accountability Act of 1996 (HIPAA) is legislation that helps US workers to retain health insurance coverage when they change or lose jobs. The legislation also seeks to encourage electronic health records to improve the efficiency and quality of the US healthcare system through improved information sharing.;992275841864;ap-northeast-2;2026-08-18 15:47:07.870888;164_308_a_6_ii;"Identify and respond to suspected or known security incidents; mitigate, to the extent practicable, harmful effects of security incidents that are known to the covered entity or business associate; and document security incidents and their outcomes.";164.308 Administrative Safeguards;;;aws;;FAIL;No CloudTrail trails enabled with logging were found.;arn:aws:cloudtrail:ap-northeast-2:992275841864:trail;cloudtrail_multi_region_enabled;False;992275841864;HIPAA;HIPAA compliance framework;
aws;The Health Insurance Portability and Accountability Act of 1996 (HIPAA) is legislation that helps US workers to retain health insurance coverage when they change or lose jobs. The legislation also seeks to encourage electronic health records to improve the efficiency and quality of the US healthcare system through improved information sharing.;992275841864;ap-northeast-2;2026-08-18 15:47:07.870888;164_312_b;Implement hardware, software, and/or procedural mechanisms that record and examine activity in information systems that contain or use electronic protected health information.;164.312 Technical Safeguards;;;aws;;FAIL;No CloudTrail trails enabled with logging were found.;arn:aws:cloudtrail:ap-northeast-2:992275841864:trail;cloudtrail_multi_region_enabled;False;992275841864;HIPAA;HIPAA compliance framework;
aws;The Health Insurance Portability and Accountability Act of 1996 (HIPAA) is legislation that helps US workers to retain health insurance coverage when they change or lose jobs. The legislation also seeks to encourage electronic health records to improve the efficiency and quality of the US healthcare system through improved information sharing.;992275841864;ap-northeast-2;2026-08-18 15:47:07.870888;164_312_e_2_i;Implement security measures to ensure that electronically transmitted electronic protected health information is not improperly modified without detection until disposed of.;164.312 Technical Safeguards;;;aws;;FAIL;No CloudTrail trails enabled with logging were found.;arn:aws:cloudtrail:ap-northeast-2:992275841864:trail;cloudtrail_multi_region_enabled;False;992275841864;HIPAA;HIPAA compliance framework;
aws;The Health Insurance Portability and Accountability Act of 1996 (HIPAA) is legislation that helps US workers to retain health insurance coverage when they change or lose jobs. The legislation also seeks to encourage electronic health records to improve the efficiency and quality of the US healthcare system through improved information sharing.;992275841864;ap-northeast-3;2026-08-18 15:47:07.870888;164_308_a_1_ii_d;Implement procedures to regularly review records of information system activity, such as audit logs, access reports, and security incident tracking reports.;164.308 Administrative Safeguards;;;aws;;FAIL;No CloudTrail trails enabled with logging were found.;arn:aws:cloudtrail:ap-northeast-3:992275841864:trail;cloudtrail_multi_region_enabled;False;992275841864;HIPAA;HIPAA compliance framework;
aws;The Health Insurance Portability and Accountability Act of 1996 (HIPAA) is legislation that helps US workers to retain health insurance coverage when they change or lose jobs. The legislation also seeks to encourage electronic health records to improve the efficiency and quality of the US healthcare system through improved information sharing.;992275841864;ap-northeast-3;2026-08-18 15:47:07.870888;164_308_a_3_ii_a;Implement procedures for the authorization and/or supervision of workforce members who work with electronic protected health information or in locations where it might be accessed.;164.308 Administrative Safeguards;;;aws;;FAIL;No CloudTrail trails enabled with logging were found.;arn:aws:cloudtrail:ap-northeast-3:992275841864:trail;cloudtrail_multi_region_enabled;False;992275841864;HIPAA;HIPAA compliance framework;
aws;The Health Insurance Portability and Accountability Act of 1996 (HIPAA) is legislation that helps US workers to retain health insurance coverage when they change or lose jobs. The legislation also seeks to encourage electronic health records to improve the efficiency and quality of the US healthcare system through improved information sharing.;992275841864;ap-northeast-3;2026-08-18 15:47:07.870888;164_308_a_6_ii;"Identify and respond to suspected or known security incidents; mitigate, to the extent practicable, harmful effects of security incidents that are known to the covered entity or business associate; and document security incidents and their outcomes.";164.308 Administrative Safeguards;;;aws;;FAIL;No CloudTrail trails enabled with logging were found.;arn:aws:cloudtrail:ap-northeast-3:992275841864:trail;cloudtrail_multi_region_enabled;False;992275841864;HIPAA;HIPAA compliance framework;
aws;The Health Insurance Portability and Accountability Act of 1996 (HIPAA) is legislation that helps US workers to retain health insurance coverage when they change or lose jobs. The legislation also seeks to encourage electronic health records to improve the efficiency and quality of the US healthcare system through improved information sharing.;992275841864;ap-northeast-3;2026-08-18 15:47:07.870888;164_312_b;Implement hardware, software, and/or procedural mechanisms that record and examine activity in information systems that contain or use electronic protected health information.;164.312 Technical Safeguards;;;aws;;FAIL;No CloudTrail trails enabled with logging were found.;arn:aws:cloudtrail:ap-northeast-3:992275841864:trail;cloudtrail_multi_region_enabled;False;992275841864;HIPAA;HIPAA compliance framework;
aws;The Health Insurance Portability and Accountability Act of 1996 (HIPAA) is legislation that helps US workers to retain health insurance coverage when they change or lose jobs. The legislation also seeks to encourage electronic health records to improve the efficiency and quality of the US healthcare system through improved information sharing.;992275841864;ap-northeast-3;2026-08-18 15:47:07.870888;164_312_e_2_i;Implement security measures to ensure that electronically transmitted electronic protected health information is not improperly modified without detection until disposed of.;164.312 Technical Safeguards;;;aws;;FAIL;No CloudTrail trails enabled with logging were found.;arn:aws:cloudtrail:ap-northeast-3:992275841864:trail;cloudtrail_multi_region_enabled;False;992275841864;HIPAA;HIPAA compliance framework;
aws;The Health Insurance Portability and Accountability Act of 1996 (HIPAA) is legislation that helps US workers to retain health insurance coverage when they change or lose jobs. The legislation also seeks to encourage electronic health records to improve the efficiency and quality of the US healthcare system through improved information sharing.;992275841864;ap-south-1;2026-08-18 15:47:07.870888;164_308_a_1_ii_d;Implement procedures to regularly review records of information system activity, such as audit logs, access reports, and security incident tracking reports.;164.308 Administrative Safeguards;;;aws;;FAIL;No CloudTrail trails enabled with logging were found.;arn:aws:cloudtrail:ap-south-1:992275841864:trail;cloudtrail_multi_region_enabled;False;992275841864;HIPAA;HIPAA compliance framework;
aws;The Health Insurance Portability and Accountability Act of 1996 (HIPAA) is legislation that helps US workers to retain health insurance coverage when they change or lose jobs. The legislation also seeks to encourage electronic health records to improve the efficiency and quality of the US healthcare system through improved information sharing.;992275841864;ap-south-1;2026-08-18 15:47:07.870888;164_308_a_3_ii_a;Implement procedures for the authorization and/or supervision of workforce members who work with electronic protected health information or in locations where it might be accessed.;164.308 Administrative Safeguards;;;aws;;FAIL;No CloudTrail trails enabled with logging were found.;arn:aws:cloudtrail:ap-south-1:992275841864:trail;cloudtrail_multi_region_enabled;False;992275841864;HIPAA;HIPAA compliance framework;
aws;The Health Insurance Portability and Accountability Act of 1996 (HIPAA) is legislation that helps US workers to retain health insurance coverage when they change or lose jobs. The legislation also seeks to encourage electronic health records to improve the efficiency and quality of the US healthcare system through improved information sharing.;992275841864;ap-south-1;2026-08-18 15:47:07.870888;164_308_a_6_ii;"Identify and respond to suspected or known security incidents; mitigate, to the extent practicable, harmful effects of security incidents that are known to the covered entity or business associate; and document security incidents and their outcomes.";164.308 Administrative Safeguards;;;aws;;FAIL;No CloudTrail trails enabled with logging were found.;arn:aws:cloudtrail:ap-south-1:992275841864:trail;cloudtrail_multi_region_enabled;False;992275841864;HIPAA;HIPAA compliance framework;
aws;The Health Insurance Portability and Accountability Act of 1996 (HIPAA) is legislation that helps US workers to retain health insurance coverage when they change or lose jobs. The legislation also seeks to encourage electronic health records to improve the efficiency and quality of the US healthcare system through improved information sharing.;992275841864;ap-south-1;2026-08-18 15:47:07.870888;164_312_b;Implement hardware, software, and/or procedural mechanisms that record and examine activity in information systems that contain or use electronic protected health information.;164.312 Technical Safeguards;;;aws;;FAIL;No CloudTrail trails enabled with logging were found.;arn:aws:cloudtrail:ap-south-1:992275841864:trail;cloudtrail_multi_region_enabled;False;992275841864;HIPAA;HIPAA compliance framework;
aws;The Health Insurance Portability and Accountability Act of 1996 (HIPAA) is legislation that helps US workers to retain health insurance coverage when they change or lose jobs. The legislation also seeks to encourage electronic health records to improve the efficiency and quality of the US healthcare system through improved information sharing.;992275841864;ap-south-1;2026-08-18 15:47:07.870888;164_312_e_2_i;Implement security measures to ensure that electronically transmitted electronic protected health information is not improperly modified without detection until disposed of.;164.312 Technical Safeguards;;;aws;;FAIL;No CloudTrail trails enabled with logging were found.;arn:aws:cloudtrail:ap-south-1:992275841864:trail;cloudtrail_multi_region_enabled;False;992275841864;HIPAA;HIPAA compliance framework;
aws;The Health Insurance Portability and Accountability Act of 1996 (HIPAA) is legislation that helps US workers to retain health insurance coverage when they change or lose jobs. The legislation also seeks to encourage electronic health records to improve the efficiency and quality of the US healthcare system through improved information sharing.;992275841864;ap-southeast-1;2026-08-18 15:47:07.870888;164_308_a_1_ii_d;Implement procedures to regularly review records of information system activity, such as audit logs, access reports, and security incident tracking reports.;164.308 Administrative Safeguards;;;aws;;FAIL;No CloudTrail trails enabled with logging were found.;arn:aws:cloudtrail:ap-southeast-1:992275841864:trail;cloudtrail_multi_region_enabled;False;992275841864;HIPAA;HIPAA compliance framework;
aws;The Health Insurance Portability and Accountability Act of 1996 (HIPAA) is legislation that helps US workers to retain health insurance coverage when they change or lose jobs. The legislation also seeks to encourage electronic health records to improve the efficiency and quality of the US healthcare system through improved information sharing.;992275841864;ap-southeast-1;2026-08-18 15:47:07.870888;164_308_a_3_ii_a;Implement procedures for the authorization and/or supervision of workforce members who work with electronic protected health information or in locations where it might be accessed.;164.308 Administrative Safeguards;;;aws;;FAIL;No CloudTrail trails enabled with logging were found.;arn:aws:cloudtrail:ap-southeast-1:992275841864:trail;cloudtrail_multi_region_enabled;False;992275841864;HIPAA;HIPAA compliance framework;
aws;The Health Insurance Portability and Accountability Act of 1996 (HIPAA) is legislation that helps US workers to retain health insurance coverage when they change or lose jobs. The legislation also seeks to encourage electronic health records to improve the efficiency and quality of the US healthcare system through improved information sharing.;992275841864;ap-southeast-1;2026-08-18 15:47:07.870888;164_308_a_6_ii;"Identify and respond to suspected or known security incidents; mitigate, to the extent practicable, harmful effects of security incidents that are known to the covered entity or business associate; and document security incidents and their outcomes.";164.308 Administrative Safeguards;;;aws;;FAIL;No CloudTrail trails enabled with logging were found.;arn:aws:cloudtrail:ap-southeast-1:992275841864:trail;cloudtrail_multi_region_enabled;False;992275841864;HIPAA;HIPAA compliance framework;
aws;The Health Insurance Portability and Accountability Act of 1996 (HIPAA) is legislation that helps US workers to retain health insurance coverage when they change or lose jobs. The legislation also seeks to encourage electronic health records to improve the efficiency and quality of the US healthcare system through improved information sharing.;992275841864;ap-southeast-1;2026-08-18 15:47:07.870888;164_312_b;Implement hardware, software, and/or procedural mechanisms that record and examine activity in information systems that contain or use electronic protected health information.;164.312 Technical Safeguards;;;aws;;FAIL;No CloudTrail trails enabled with logging were found.;arn:aws:cloudtrail:ap-southeast-1:992275841864:trail;cloudtrail_multi_region_enabled;False;992275841864;HIPAA;HIPAA compliance framework;
aws;The Health Insurance Portability and Accountability Act of 1996 (HIPAA) is legislation that helps US workers to retain health insurance coverage when they change or lose jobs. The legislation also seeks to encourage electronic health records to improve the efficiency and quality of the US healthcare system through improved information sharing.;992275841864;ap-southeast-1;2026-08-18 15:47:07.870888;164_312_e_2_i;Implement security measures to ensure that electronically transmitted electronic protected health information is not improperly modified without detection until disposed of.;164.312 Technical Safeguards;;;aws;;FAIL;No CloudTrail trails enabled with logging were found.;arn:aws:cloudtrail:ap-southeast-1:992275841864:trail;cloudtrail_multi_region_enabled;False;992275841864;HIPAA;HIPAA compliance framework;
aws;The Health Insurance Portability and Accountability Act of 1996 (HIPAA) is legislation that helps US workers to retain health insurance coverage when they change or lose jobs. The legislation also seeks to encourage electronic health records to improve the efficiency and quality of the US healthcare system through improved information sharing.;992275841864;ap-southeast-2;2026-08-18 15:47:07.870888;164_308_a_1_ii_d;Implement procedures to regularly review records of information system activity, such as audit logs, access reports, and security incident tracking reports.;164.308 Administrative Safeguards;;;aws;;FAIL;No CloudTrail trails enabled with logging were found.;arn:aws:cloudtrail:ap-southeast-2:992275841864:trail;cloudtrail_multi_region_enabled;False;992275841864;HIPAA;HIPAA compliance framework;
aws;The Health Insurance Portability and Accountability Act of 1996 (HIPAA) is legislation that helps US workers to retain health insurance coverage when they change or lose jobs. The legislation also seeks to encourage electronic health records to improve the efficiency and quality of the US healthcare system through improved information sharing.;992275841864;ap-southeast-2;2026-08-18 15:47:07.870888;164_308_a_3_ii_a;Implement procedures for the authorization and/or supervision of workforce members who work with electronic protected health information or in locations where it might be accessed.;164.308 Administrative Safeguards;;;aws;;FAIL;No CloudTrail trails enabled with logging were found.;arn:aws:cloudtrail:ap-southeast-2:992275841864:trail;cloudtrail_multi_region_enabled;False;992275841864;HIPAA;HIPAA compliance framework;
aws;The Health Insurance Portability and Accountability Act of 1996 (HIPAA) is legislation that helps US workers to retain health insurance coverage when they change or lose jobs. The legislation also seeks to encourage electronic health records to improve the efficiency and quality of the US healthcare system through improved information sharing.;992275841864;ap-southeast-2;2026-08-18 15:47:07.870888;164_308_a_6_ii;"Identify and respond to suspected or known security incidents; mitigate, to the extent practicable, harmful effects of security incidents that are known to the covered entity or business associate; and document security incidents and their outcomes.";164.308 Administrative Safeguards;;;aws;;FAIL;No CloudTrail trails enabled with logging were found.;arn:aws:cloudtrail:ap-southeast-2:992275841864:trail;cloudtrail_multi_region_enabled;False;992275841864;HIPAA;HIPAA compliance framework;
aws;The Health Insurance Portability and Accountability Act of 1996 (HIPAA) is legislation that helps US workers to retain health insurance coverage when they change or lose jobs. The legislation also seeks to encourage electronic health records to improve the efficiency and quality of the US healthcare system through improved information sharing.;992275841864;ap-southeast-2;2026-08-18 15:47:07.870888;164_312_b;Implement hardware, software, and/or procedural mechanisms that record and examine activity in information systems that contain or use electronic protected health information.;164.312 Technical Safeguards;;;aws;;FAIL;No CloudTrail trails enabled with logging were found.;arn:aws:cloudtrail:ap-southeast-2:992275841864:trail;cloudtrail_multi_region_enabled;False;992275841864;HIPAA;HIPAA compliance framework;
aws;The Health Insurance Portability and Accountability Act of 1996 (HIPAA) is legislation that helps US workers to retain health insurance coverage when they change or lose jobs. The legislation also seeks to encourage electronic health records to improve the efficiency and quality of the US healthcare system through improved information sharing.;992275841864;ap-southeast-2;2026-08-18 15:47:07.870888;164_312_e_2_i;Implement security measures to ensure that electronically transmitted electronic protected health information is not improperly modified without detection until disposed of.;164.312 Technical Safeguards;;;aws;;FAIL;No CloudTrail trails enabled with logging were found.;arn:aws:cloudtrail:ap-southeast-2:992275841864:trail;cloudtrail_multi_region_enabled;False;992275841864;HIPAA;HIPAA compliance framework;
aws;The Health Insurance Portability and Accountability Act of 1996 (HIPAA) is legislation that helps US workers to retain health insurance coverage when they change or lose jobs. The legislation also seeks to encourage electronic health records to improve the efficiency and quality of the US healthcare system through improved information sharing.;992275841864;ca-central-1;2026-08-18 15:47:07.870888;164_308_a_1_ii_d;Implement procedures to regularly review records of information system activity, such as audit logs, access reports, and security incident tracking reports.;164.308 Administrative Safeguards;;;aws;;FAIL;No CloudTrail trails enabled with logging were found.;arn:aws:cloudtrail:ca-central-1:992275841864:trail;cloudtrail_multi_region_enabled;False;992275841864;HIPAA;HIPAA compliance framework;
aws;The Health Insurance Portability and Accountability Act of 1996 (HIPAA) is legislation that helps US workers to retain health insurance coverage when they change or lose jobs. The legislation also seeks to encourage electronic health records to improve the efficiency and quality of the US healthcare system through improved information sharing.;992275841864;ca-central-1;2026-08-18 15:47:07.870888;164_308_a_3_ii_a;Implement procedures for the authorization and/or supervision of workforce members who work with electronic protected health information or in locations where it might be accessed.;164.308 Administrative Safeguards;;;aws;;FAIL;No CloudTrail trails enabled with logging were found.;arn:aws:cloudtrail:ca-central-1:992275841864:trail;cloudtrail_multi_region_enabled;False;992275841864;HIPAA;HIPAA compliance framework;
aws;The Health Insurance Portability and Accountability Act of 1996 (HIPAA) is legislation that helps US workers to retain health insurance coverage when they change or lose jobs. The legislation also seeks to encourage electronic health records to improve the efficiency and quality of the US healthcare system through improved information sharing.;992275841864;ca-central-1;2026-08-18 15:47:07.870888;164_308_a_6_ii;"Identify and respond to suspected or known security incidents; mitigate, to the extent practicable, harmful effects of security incidents that are known to the covered entity or business associate; and document security incidents and their outcomes.";164.308 Administrative Safeguards;;;aws;;FAIL;No CloudTrail trails enabled with logging were found.;arn:aws:cloudtrail:ca-central-1:992275841864:trail;cloudtrail_multi_region_enabled;False;992275841864;HIPAA;HIPAA compliance framework;
aws;The Health Insurance Portability and Accountability Act of 1996 (HIPAA) is legislation that helps US workers to retain health insurance coverage when they change or lose jobs. The legislation also seeks to encourage electronic health records to improve the efficiency and quality of the US healthcare system through improved information sharing.;992275841864;ca-central-1;2026-08-18 15:47:07.870888;164_312_b;Implement hardware, software, and/or procedural mechanisms that record and examine activity in information systems that contain or use electronic protected health information.;164.312 Technical Safeguards;;;aws;;FAIL;No CloudTrail trails enabled with logging were found.;arn:aws:cloudtrail:ca-central-1:992275841864:trail;cloudtrail_multi_region_enabled;False;992275841864;HIPAA;HIPAA compliance framework;
aws;The Health Insurance Portability and Accountability Act of 1996 (HIPAA) is legislation that helps US workers to retain health insurance coverage when they change or lose jobs. The legislation also seeks to encourage electronic health records to improve the efficiency and quality of the US healthcare system through improved information sharing.;992275841864;ca-central-1;2026-08-18 15:47:07.870888;164_312_e_2_i;Implement security measures to ensure that electronically transmitted electronic protected health information is not improperly modified without detection until disposed of.;164.312 Technical Safeguards;;;aws;;FAIL;No CloudTrail trails enabled with logging were found.;arn:aws:cloudtrail:ca-central-1:992275841864:trail;cloudtrail_multi_region_enabled;False;992275841864;HIPAA;HIPAA compliance framework;
aws;The Health Insurance Portability and Accountability Act of 1996 (HIPAA) is legislation that helps US workers to retain health insurance coverage when they change or lose jobs. The legislation also seeks to encourage electronic health records to improve the efficiency and quality of the US healthcare system through improved information sharing.;992275841864;eu-central-1;2026-08-18 15:47:07.870888;164_308_a_1_ii_d;Implement procedures to regularly review records of information system activity, such as audit logs, access reports, and security incident tracking reports.;164.308 Administrative Safeguards;;;aws;;FAIL;No CloudTrail trails enabled with logging were found.;arn:aws:cloudtrail:eu-central-1:992275841864:trail;cloudtrail_multi_region_enabled;False;992275841864;HIPAA;HIPAA compliance framework;
aws;The Health Insurance Portability and Accountability Act of 1996 (HIPAA) is legislation that helps US workers to retain health insurance coverage when they change or lose jobs. The legislation also seeks to encourage electronic health records to improve the efficiency and quality of the US healthcare system through improved information sharing.;992275841864;eu-central-1;2026-08-18 15:47:07.870888;164_308_a_3_ii_a;Implement procedures for the authorization and/or supervision of workforce members who work with electronic protected health information or in locations where it might be accessed.;164.308 Administrative Safeguards;;;aws;;FAIL;No CloudTrail trails enabled with logging were found.;arn:aws:cloudtrail:eu-central-1:992275841864:trail;cloudtrail_multi_region_enabled;False;992275841864;HIPAA;HIPAA compliance framework;
aws;The Health Insurance Portability and Accountability Act of 1996 (HIPAA) is legislation that helps US workers to retain health insurance coverage when they change or lose jobs. The legislation also seeks to encourage electronic health records to improve the efficiency and quality of the US healthcare system through improved information sharing.;992275841864;eu-central-1;2026-08-18 15:47:07.870888;164_308_a_6_ii;"Identify and respond to suspected or known security incidents; mitigate, to the extent practicable, harmful effects of security incidents that are known to the covered entity or business associate; and document security incidents and their outcomes.";164.308 Administrative Safeguards;;;aws;;FAIL;No CloudTrail trails enabled with logging were found.;arn:aws:cloudtrail:eu-central-1:992275841864:trail;cloudtrail_multi_region_enabled;False;992275841864;HIPAA;HIPAA compliance framework;
aws;The Health Insurance Portability and Accountability Act of 1996 (HIPAA) is legislation that helps US workers to retain health insurance coverage when they change or lose jobs. The legislation also seeks to encourage electronic health records to improve the efficiency and quality of the US healthcare system through improved information sharing.;992275841864;eu-central-1;2026-08-18 15:47:07.870888;164_312_b;Implement hardware, software, and/or procedural mechanisms that record and examine activity in information systems that contain or use electronic protected health information.;164.312 Technical Safeguards;;;aws;;FAIL;No CloudTrail trails enabled with logging were found.;arn:aws:cloudtrail:eu-central-1:992275841864:trail;cloudtrail_multi_region_enabled;False;992275841864;HIPAA;HIPAA compliance framework;
aws;The Health Insurance Portability and Accountability Act of 1996 (HIPAA) is legislation that helps US workers to retain health insurance coverage when they change or lose jobs. The legislation also seeks to encourage electronic health records to improve the efficiency and quality of the US healthcare system through improved information sharing.;992275841864;eu-central-1;2026-08-18 15:47:07.870888;164_312_e_2_i;Implement security measures to ensure that electronically transmitted electronic protected health information is not improperly modified without detection until disposed of.;164.312 Technical Safeguards;;;aws;;FAIL;No CloudTrail trails enabled with logging were found.;arn:aws:cloudtrail:eu-central-1:992275841864:trail;cloudtrail_multi_region_enabled;False;992275841864;HIPAA;HIPAA compliance framework;
aws;The Health Insurance Portability and Accountability Act of 1996 (HIPAA) is legislation that helps US workers to retain health insurance coverage when they change or lose jobs. The legislation also seeks to encourage electronic health records to improve the efficiency and quality of the US healthcare system through improved information sharing.;992275841864;eu-north-1;2026-08-18 15:47:07.870888;164_308_a_1_ii_d;Implement procedures to regularly review records of information system activity, such as audit logs, access reports, and security incident tracking reports.;164.308 Administrative Safeguards;;;aws;;FAIL;No CloudTrail trails enabled with logging were found.;arn:aws:cloudtrail:eu-north-1:992275841864:trail;cloudtrail_multi_region_enabled;False;992275841864;HIPAA;HIPAA compliance framework;
aws;The Health Insurance Portability and Accountability Act of 1996 (HIPAA) is legislation that helps US workers to retain health insurance coverage when they change or lose jobs. The legislation also seeks to encourage electronic health records to improve the efficiency and quality of the US healthcare system through improved information sharing.;992275841864;eu-north-1;2026-08-18 15:47:07.870888;164_308_a_3_ii_a;Implement procedures for the authorization and/or supervision of workforce members who work with electronic protected health information or in locations where it might be accessed.;164.308 Administrative Safeguards;;;aws;;FAIL;No CloudTrail trails enabled with logging were found.;arn:aws:cloudtrail:eu-north-1:992275841864:trail;cloudtrail_multi_region_enabled;False;992275841864;HIPAA;HIPAA compliance framework;
aws;The Health Insurance Portability and Accountability Act of 1996 (HIPAA) is legislation that helps US workers to retain health insurance coverage when they change or lose jobs. The legislation also seeks to encourage electronic health records to improve the efficiency and quality of the US healthcare system through improved information sharing.;992275841864;eu-north-1;2026-08-18 15:47:07.870888;164_308_a_6_ii;"Identify and respond to suspected or known security incidents; mitigate, to the extent practicable, harmful effects of security incidents that are known to the covered entity or business associate; and document security incidents and their outcomes.";164.308 Administrative Safeguards;;;aws;;FAIL;No CloudTrail trails enabled with logging were found.;arn:aws:cloudtrail:eu-north-1:992275841864:trail;cloudtrail_multi_region_enabled;False;992275841864;HIPAA;HIPAA compliance framework;
aws;The Health Insurance Portability and Accountability Act of 1996 (HIPAA) is legislation that helps US workers to retain health insurance coverage when they change or lose jobs. The legislation also seeks to encourage electronic health records to improve the efficiency and quality of the US healthcare system through improved information sharing.;992275841864;eu-north-1;2026-08-18 15:47:07.870888;164_312_b;Implement hardware, software, and/or procedural mechanisms that record and examine activity in information systems that contain or use electronic protected health information.;164.312 Technical Safeguards;;;aws;;FAIL;No CloudTrail trails enabled with logging were found.;arn:aws:cloudtrail:eu-north-1:992275841864:trail;cloudtrail_multi_region_enabled;False;992275841864;HIPAA;HIPAA compliance framework;
aws;The Health Insurance Portability and Accountability Act of 1996 (HIPAA) is legislation that helps US workers to retain health insurance coverage when they change or lose jobs. The legislation also seeks to encourage electronic health records to improve the efficiency and quality of the US healthcare system through improved information sharing.;992275841864;eu-north-1;2026-08-18 15:47:07.870888;164_312_e_2_i;Implement security measures to ensure that electronically transmitted electronic protected health information is not improperly modified without detection until disposed of.;164.312 Technical Safeguards;;;aws;;FAIL;No CloudTrail trails enabled with logging were found.;arn:aws:cloudtrail:eu-north-1:992275841864:trail;cloudtrail_multi_region_enabled;False;992275841864;HIPAA;HIPAA compliance framework;
aws;The Health Insurance Portability and Accountability Act of 1996 (HIPAA) is legislation that helps US workers to retain health insurance coverage when they change or lose jobs. The legislation also seeks to encourage electronic health records to improve the efficiency and quality of the US healthcare system through improved information sharing.;992275841864;eu-west-1;2026-08-18 15:47:07.870888;164_308_a_1_ii_d;Implement procedures to regularly review records of information system activity, such as audit logs, access reports, and security incident tracking reports.;164.308 Administrative Safeguards;;;aws;;FAIL;No CloudTrail trails enabled with logging were found.;arn:aws:cloudtrail:eu-west-1:992275841864:trail;cloudtrail_multi_region_enabled;False;992275841864;HIPAA;HIPAA compliance framework;
aws;The Health Insurance Portability and Accountability Act of 1996 (HIPAA) is legislation that helps US workers to retain health insurance coverage when they change or lose jobs. The legislation also seeks to encourage electronic health records to improve the efficiency and quality of the US healthcare system through improved information sharing.;992275841864;eu-west-1;2026-08-18 15:47:07.870888;164_308_a_3_ii_a;Implement procedures for the authorization and/or supervision of workforce members who work with electronic protected health information or in locations where it might be accessed.;164.308 Administrative Safeguards;;;aws;;FAIL;No CloudTrail trails enabled with logging were found.;arn:aws:cloudtrail:eu-west-1:992275841864:trail;cloudtrail_multi_region_enabled;False;992275841864;HIPAA;HIPAA compliance framework;
aws;The Health Insurance Portability and Accountability Act of 1996 (HIPAA) is legislation that helps US workers to retain health insurance coverage when they change or lose jobs. The legislation also seeks to encourage electronic health records to improve the efficiency and quality of the US healthcare system through improved information sharing.;992275841864;eu-west-1;2026-08-18 15:47:07.870888;164_308_a_6_ii;"Identify and respond to suspected or known security incidents; mitigate, to the extent practicable, harmful effects of security incidents that are known to the covered entity or business associate; and document security incidents and their outcomes.";164.308 Administrative Safeguards;;;aws;;FAIL;No CloudTrail trails enabled with logging were found.;arn:aws:cloudtrail:eu-west-1:992275841864:trail;cloudtrail_multi_region_enabled;False;992275841864;HIPAA;HIPAA compliance framework;
aws;The Health Insurance Portability and Accountability Act of 1996 (HIPAA) is legislation that helps US workers to retain health insurance coverage when they change or lose jobs. The legislation also seeks to encourage electronic health records to improve the efficiency and quality of the US healthcare system through improved information sharing.;992275841864;eu-west-1;2026-08-18 15:47:07.870888;164_312_b;Implement hardware, software, and/or procedural mechanisms that record and examine activity in information systems that contain or use electronic protected health information.;164.312 Technical Safeguards;;;aws;;FAIL;No CloudTrail trails enabled with logging were found.;arn:aws:cloudtrail:eu-west-1:992275841864:trail;cloudtrail_multi_region_enabled;False;992275841864;HIPAA;HIPAA compliance framework;
aws;The Health Insurance Portability and Accountability Act of 1996 (HIPAA) is legislation that helps US workers to retain health insurance coverage when they change or lose jobs. The legislation also seeks to encourage electronic health records to improve the efficiency and quality of the US healthcare system through improved information sharing.;992275841864;eu-west-1;2026-08-18 15:47:07.870888;164_312_e_2_i;Implement security measures to ensure that electronically transmitted electronic protected health information is not improperly modified without detection until disposed of.;164.312 Technical Safeguards;;;aws;;FAIL;No CloudTrail trails enabled with logging were found.;arn:aws:cloudtrail:eu-west-1:992275841864:trail;cloudtrail_multi_region_enabled;False;992275841864;HIPAA;HIPAA compliance framework;
aws;The Health Insurance Portability and Accountability Act of 1996 (HIPAA) is legislation that helps US workers to retain health insurance coverage when they change or lose jobs. The legislation also seeks to encourage electronic health records to improve the efficiency and quality of the US healthcare system through improved information sharing.;992275841864;eu-west-2;2026-08-18 15:47:07.870888;164_308_a_1_ii_d;Implement procedures to regularly review records of information system activity, such as audit logs, access reports, and security incident tracking reports.;164.308 Administrative Safeguards;;;aws;;FAIL;No CloudTrail trails enabled with logging were found.;arn:aws:cloudtrail:eu-west-2:992275841864:trail;cloudtrail_multi_region_enabled;False;992275841864;HIPAA;HIPAA compliance framework;
aws;The Health Insurance Portability and Accountability Act of 1996 (HIPAA) is legislation that helps US workers to retain health insurance coverage when they change or lose jobs. The legislation also seeks to encourage electronic health records to improve the efficiency and quality of the US healthcare system through improved information sharing.;992275841864;eu-west-2;2026-08-18 15:47:07.870888;164_308_a_3_ii_a;Implement procedures for the authorization and/or supervision of workforce members who work with electronic protected health information or in locations where it might be accessed.;164.308 Administrative Safeguards;;;aws;;FAIL;No CloudTrail trails enabled with logging were found.;arn:aws:cloudtrail:eu-west-2:992275841864:trail;cloudtrail_multi_region_enabled;False;992275841864;HIPAA;HIPAA compliance framework;
aws;The Health Insurance Portability and Accountability Act of 1996 (HIPAA) is legislation that helps US workers to retain health insurance coverage when they change or lose jobs. The legislation also seeks to encourage electronic health records to improve the efficiency and quality of the US healthcare system through improved information sharing.;992275841864;eu-west-2;2026-08-18 15:47:07.870888;164_308_a_6_ii;"Identify and respond to suspected or known security incidents; mitigate, to the extent practicable, harmful effects of security incidents that are known to the covered entity or business associate; and document security incidents and their outcomes.";164.308 Administrative Safeguards;;;aws;;FAIL;No CloudTrail trails enabled with logging were found.;arn:aws:cloudtrail:eu-west-2:992275841864:trail;cloudtrail_multi_region_enabled;False;992275841864;HIPAA;HIPAA compliance framework;
aws;The Health Insurance Portability and Accountability Act of 1996 (HIPAA) is legislation that helps US workers to retain health insurance coverage when they change or lose jobs. The legislation also seeks to encourage electronic health records to improve the efficiency and quality of the US healthcare system through improved information sharing.;992275841864;eu-west-2;2026-08-18 15:47:07.870888;164_312_b;Implement hardware, software, and/or procedural mechanisms that record and examine activity in information systems that contain or use electronic protected health information.;164.312 Technical Safeguards;;;aws;;FAIL;No CloudTrail trails enabled with logging were found.;arn:aws:cloudtrail:eu-west-2:992275841864:trail;cloudtrail_multi_region_enabled;False;992275841864;HIPAA;HIPAA compliance framework;
aws;The Health Insurance Portability and Accountability Act of 1996 (HIPAA) is legislation that helps US workers to retain health insurance coverage when they change or lose jobs. The legislation also seeks to encourage electronic health records to improve the efficiency and quality of the US healthcare system through improved information sharing.;992275841864;eu-west-2;2026-08-18 15:47:07.870888;164_312_e_2_i;Implement security measures to ensure that electronically transmitted electronic protected health information is not improperly modified without detection until disposed of.;164.312 Technical Safeguards;;;aws;;FAIL;No CloudTrail trails enabled with logging were found.;arn:aws:cloudtrail:eu-west-2:992275841864:trail;cloudtrail_multi_region_enabled;False;992275841864;HIPAA;HIPAA compliance framework;
aws;The Health Insurance Portability and Accountability Act of 1996 (HIPAA) is legislation that helps US workers to retain health insurance coverage when they change or lose jobs. The legislation also seeks to encourage electronic health records to improve the efficiency and quality of the US healthcare system through improved information sharing.;992275841864;eu-west-3;2026-08-18 15:47:07.870888;164_308_a_1_ii_d;Implement procedures to regularly review records of information system activity, such as audit logs, access reports, and security incident tracking reports.;164.308 Administrative Safeguards;;;aws;;FAIL;No CloudTrail trails enabled with logging were found.;arn:aws:cloudtrail:eu-west-3:992275841864:trail;cloudtrail_multi_region_enabled;False;992275841864;HIPAA;HIPAA compliance framework;
aws;The Health Insurance Portability and Accountability Act of 1996 (HIPAA) is legislation that helps US workers to retain health insurance coverage when they change or lose jobs. The legislation also seeks to encourage electronic health records to improve the efficiency and quality of the US healthcare system through improved information sharing.;992275841864;eu-west-3;2026-08-18 15:47:07.870888;164_308_a_3_ii_a;Implement procedures for the authorization and/or supervision of workforce members who work with electronic protected health information or in locations where it might be accessed.;164.308 Administrative Safeguards;;;aws;;FAIL;No CloudTrail trails enabled with logging were found.;arn:aws:cloudtrail:eu-west-3:992275841864:trail;cloudtrail_multi_region_enabled;False;992275841864;HIPAA;HIPAA compliance framework;
aws;The Health Insurance Portability and Accountability Act of 1996 (HIPAA) is legislation that helps US workers to retain health insurance coverage when they change or lose jobs. The legislation also seeks to encourage electronic health records to improve the efficiency and quality of the US healthcare system through improved information sharing.;992275841864;eu-west-3;2026-08-18 15:47:07.870888;164_308_a_6_ii;"Identify and respond to suspected or known security incidents; mitigate, to the extent practicable, harmful effects of security incidents that are known to the covered entity or business associate; and document security incidents and their outcomes.";164.308 Administrative Safeguards;;;aws;;FAIL;No CloudTrail trails enabled with logging were found.;arn:aws:cloudtrail:eu-west-3:992275841864:trail;cloudtrail_multi_region_enabled;False;992275841864;HIPAA;HIPAA compliance framework;
aws;The Health Insurance Portability and Accountability Act of 1996 (HIPAA) is legislation that helps US workers to retain health insurance coverage when they change or lose jobs. The legislation also seeks to encourage electronic health records to improve the efficiency and quality of the US healthcare system through improved information sharing.;992275841864;eu-west-3;2026-08-18 15:47:07.870888;164_312_b;Implement hardware, software, and/or procedural mechanisms that record and examine activity in information systems that contain or use electronic protected health information.;164.312 Technical Safeguards;;;aws;;FAIL;No CloudTrail trails enabled with logging were found.;arn:aws:cloudtrail:eu-west-3:992275841864:trail;cloudtrail_multi_region_enabled;False;992275841864;HIPAA;HIPAA compliance framework;
aws;The Health Insurance Portability and Accountability Act of 1996 (HIPAA) is legislation that helps US workers to retain health insurance coverage when they change or lose jobs. The legislation also seeks to encourage electronic health records to improve the efficiency and quality of the US healthcare system through improved information sharing.;992275841864;eu-west-3;2026-08-18 15:47:07.870888;164_312_e_2_i;Implement security measures to ensure that electronically transmitted electronic protected health information is not improperly modified without detection until disposed of.;164.312 Technical Safeguards;;;aws;;FAIL;No CloudTrail trails enabled with logging were found.;arn:aws:cloudtrail:eu-west-3:992275841864:trail;cloudtrail_multi_region_enabled;False;992275841864;HIPAA;HIPAA compliance framework;
aws;The Health Insurance Portability and Accountability Act of 1996 (HIPAA) is legislation that helps US workers to retain health insurance coverage when they change or lose jobs. The legislation also seeks to encourage electronic health records to improve the efficiency and quality of the US healthcare system through improved information sharing.;992275841864;sa-east-1;2026-08-18 15:47:07.870888;164_308_a_1_ii_d;Implement procedures to regularly review records of information system activity, such as audit logs, access reports, and security incident tracking reports.;164.308 Administrative Safeguards;;;aws;;FAIL;No CloudTrail trails enabled with logging were found.;arn:aws:cloudtrail:sa-east-1:992275841864:trail;cloudtrail_multi_region_enabled;False;992275841864;HIPAA;HIPAA compliance framework;
aws;The Health Insurance Portability and Accountability Act of 1996 (HIPAA) is legislation that helps US workers to retain health insurance coverage when they change or lose jobs. The legislation also seeks to encourage electronic health records to improve the efficiency and quality of the US healthcare system through improved information sharing.;992275841864;sa-east-1;2026-08-18 15:47:07.870888;164_308_a_3_ii_a;Implement procedures for the authorization and/or supervision of workforce members who work with electronic protected health information or in locations where it might be accessed.;164.308 Administrative Safeguards;;;aws;;FAIL;No CloudTrail trails enabled with logging were found.;arn:aws:cloudtrail:sa-east-1:992275841864:trail;cloudtrail_multi_region_enabled;False;992275841864;HIPAA;HIPAA compliance framework;
aws;The Health Insurance Portability and Accountability Act of 1996 (HIPAA) is legislation that helps US workers to retain health insurance coverage when they change or lose jobs. The legislation also seeks to encourage electronic health records to improve the efficiency and quality of the US healthcare system through improved information sharing.;992275841864;sa-east-1;2026-08-18 15:47:07.870888;164_308_a_6_ii;"Identify and respond to suspected or known security incidents; mitigate, to the extent practicable, harmful effects of security incidents that are known to the covered entity or business associate; and document security incidents and their outcomes.";164.308 Administrative Safeguards;;;aws;;FAIL;No CloudTrail trails enabled with logging were found.;arn:aws:cloudtrail:sa-east-1:992275841864:trail;cloudtrail_multi_region_enabled;False;992275841864;HIPAA;HIPAA compliance framework;
aws;The Health Insurance Portability and Accountability Act of 1996 (HIPAA) is legislation that helps US workers to retain health insurance coverage when they change or lose jobs. The legislation also seeks to encourage electronic health records to improve the efficiency and quality of the US healthcare system through improved information sharing.;992275841864;sa-east-1;2026-08-18 15:47:07.870888;164_312_b;Implement hardware, software, and/or procedural mechanisms that record and examine activity in information systems that contain or use electronic protected health information.;164.312 Technical Safeguards;;;aws;;FAIL;No CloudTrail trails enabled with logging were found.;arn:aws:cloudtrail:sa-east-1:992275841864:trail;cloudtrail_multi_region_enabled;False;992275841864;HIPAA;HIPAA compliance framework;
aws;The Health Insurance Portability and Accountability Act of 1996 (HIPAA) is legislation that helps US workers to retain health insurance coverage when they change or lose jobs. The legislation also seeks to encourage electronic health records to improve the efficiency and quality of the US healthcare system through improved information sharing.;992275841864;sa-east-1;2026-08-18 15:47:07.870888;164_312_e_2_i;Implement security measures to ensure that electronically transmitted electronic protected health information is not improperly modified without detection until disposed of.;164.312 Technical Safeguards;;;aws;;FAIL;No CloudTrail trails enabled with logging were found.;arn:aws:cloudtrail:sa-east-1:992275841864:trail;cloudtrail_multi_region_enabled;False;992275841864;HIPAA;HIPAA compliance framework;
aws;The Health Insurance Portability and Accountability Act of 1996 (HIPAA) is legislation that helps US workers to retain health insurance coverage when they change or lose jobs. The legislation also seeks to encourage electronic health records to improve the efficiency and quality of the US healthcare system through improved information sharing.;992275841864;us-east-1;2026-08-18 15:47:07.870888;164_308_a_1_ii_d;Implement procedures to regularly review records of information system activity, such as audit logs, access reports, and security incident tracking reports.;164.308 Administrative Safeguards;;;aws;;FAIL;No CloudTrail trails enabled with logging were found.;arn:aws:cloudtrail:us-east-1:992275841864:trail;cloudtrail_multi_region_enabled;False;992275841864;HIPAA;HIPAA compliance framework;
aws;The Health Insurance Portability and Accountability Act of 1996 (HIPAA) is legislation that helps US workers to retain health insurance coverage when they change or lose jobs. The legislation also seeks to encourage electronic health records to improve the efficiency and quality of the US healthcare system through improved information sharing.;992275841864;us-east-1;2026-08-18 15:47:07.870888;164_308_a_3_ii_a;Implement procedures for the authorization and/or supervision of workforce members who work with electronic protected health information or in locations where it might be accessed.;164.308 Administrative Safeguards;;;aws;;FAIL;No CloudTrail trails enabled with logging were found.;arn:aws:cloudtrail:us-east-1:992275841864:trail;cloudtrail_multi_region_enabled;False;992275841864;HIPAA;HIPAA compliance framework;
aws;The Health Insurance Portability and Accountability Act of 1996 (HIPAA) is legislation that helps US workers to retain health insurance coverage when they change or lose jobs. The legislation also seeks to encourage electronic health records to improve the efficiency and quality of the US healthcare system through improved information sharing.;992275841864;us-east-1;2026-08-18 15:47:07.870888;164_308_a_6_ii;"Identify and respond to suspected or known security incidents; mitigate, to the extent practicable, harmful effects of security incidents that are known to the covered entity or business associate; and document security incidents and their outcomes.";164.308 Administrative Safeguards;;;aws;;FAIL;No CloudTrail trails enabled with logging were found.;arn:aws:cloudtrail:us-east-1:992275841864:trail;cloudtrail_multi_region_enabled;False;992275841864;HIPAA;HIPAA compliance framework;
aws;The Health Insurance Portability and Accountability Act of 1996 (HIPAA) is legislation that helps US workers to retain health insurance coverage when they change or lose jobs. The legislation also seeks to encourage electronic health records to improve the efficiency and quality of the US healthcare system through improved information sharing.;992275841864;us-east-1;2026-08-18 15:47:07.870888;164_312_b;Implement hardware, software, and/or procedural mechanisms that record and examine activity in information systems that contain or use electronic protected health information.;164.312 Technical Safeguards;;;aws;;FAIL;No CloudTrail trails enabled with logging were found.;arn:aws:cloudtrail:us-east-1:992275841864:trail;cloudtrail_multi_region_enabled;False;992275841864;HIPAA;HIPAA compliance framework;
aws;The Health Insurance Portability and Accountability Act of 1996 (HIPAA) is legislation that helps US workers to retain health insurance coverage when they change or lose jobs. The legislation also seeks to encourage electronic health records to improve the efficiency and quality of the US healthcare system through improved information sharing.;992275841864;us-east-1;2026-08-18 15:47:07.870888;164_312_e_2_i;Implement security measures to ensure that electronically transmitted electronic protected health information is not improperly modified without detection until disposed of.;164.312 Technical Safeguards;;;aws;;FAIL;No CloudTrail trails enabled with logging were found.;arn:aws:cloudtrail:us-east-1:992275841864:trail;cloudtrail_multi_region_enabled;False;992275841864;HIPAA;HIPAA compliance framework;
aws;The Health Insurance Portability and Accountability Act of 1996 (HIPAA) is legislation that helps US workers to retain health insurance coverage when they change or lose jobs. The legislation also seeks to encourage electronic health records to improve the efficiency and quality of the US healthcare system through improved information sharing.;992275841864;us-east-2;2026-08-18 15:47:07.870888;164_308_a_1_ii_d;Implement procedures to regularly review records of information system activity, such as audit logs, access reports, and security incident tracking reports.;164.308 Administrative Safeguards;;;aws;;FAIL;No CloudTrail trails enabled with logging were found.;arn:aws:cloudtrail:us-east-2:992275841864:trail;cloudtrail_multi_region_enabled;False;992275841864;HIPAA;HIPAA compliance framework;
aws;The Health Insurance Portability and Accountability Act of 1996 (HIPAA) is legislation that helps US workers to retain health insurance coverage when they change or lose jobs. The legislation also seeks to encourage electronic health records to improve the efficiency and quality of the US healthcare system through improved information sharing.;992275841864;us-east-2;2026-08-18 15:47:07.870888;164_308_a_3_ii_a;Implement procedures for the authorization and/or supervision of workforce members who work with electronic protected health information or in locations where it might be accessed.;164.308 Administrative Safeguards;;;aws;;FAIL;No CloudTrail trails enabled with logging were found.;arn:aws:cloudtrail:us-east-2:992275841864:trail;cloudtrail_multi_region_enabled;False;992275841864;HIPAA;HIPAA compliance framework;
aws;The Health Insurance Portability and Accountability Act of 1996 (HIPAA) is legislation that helps US workers to retain health insurance coverage when they change or lose jobs. The legislation also seeks to encourage electronic health records to improve the efficiency and quality of the US healthcare system through improved information sharing.;992275841864;us-east-2;2026-08-18 15:47:07.870888;164_308_a_6_ii;"Identify and respond to suspected or known security incidents; mitigate, to the extent practicable, harmful effects of security incidents that are known to the covered entity or business associate; and document security incidents and their outcomes.";164.308 Administrative Safeguards;;;aws;;FAIL;No CloudTrail trails enabled with logging were found.;arn:aws:cloudtrail:us-east-2:992275841864:trail;cloudtrail_multi_region_enabled;False;992275841864;HIPAA;HIPAA compliance framework;
aws;The Health Insurance Portability and Accountability Act of 1996 (HIPAA) is legislation that helps US workers to retain health insurance coverage when they change or lose jobs. The legislation also seeks to encourage electronic health records to improve the efficiency and quality of the US healthcare system through improved information sharing.;992275841864;us-east-2;2026-08-18 15:47:07.870888;164_312_b;Implement hardware, software, and/or procedural mechanisms that record and examine activity in information systems that contain or use electronic protected health information.;164.312 Technical Safeguards;;;aws;;FAIL;No CloudTrail trails enabled with logging were found.;arn:aws:cloudtrail:us-east-2:992275841864:trail;cloudtrail_multi_region_enabled;False;992275841864;HIPAA;HIPAA compliance framework;
aws;The Health Insurance Portability and Accountability Act of 1996 (HIPAA) is legislation that helps US workers to retain health insurance coverage when they change or lose jobs. The legislation also seeks to encourage electronic health records to improve the efficiency and quality of the US healthcare system through improved information sharing.;992275841864;us-east-2;2026-08-18 15:47:07.870888;164_312_e_2_i;Implement security measures to ensure that electronically transmitted electronic protected health information is not improperly modified without detection until disposed of.;164.312 Technical Safeguards;;;aws;;FAIL;No CloudTrail trails enabled with logging were found.;arn:aws:cloudtrail:us-east-2:992275841864:trail;cloudtrail_multi_region_enabled;False;992275841864;HIPAA;HIPAA compliance framework;
aws;The Health Insurance Portability and Accountability Act of 1996 (HIPAA) is legislation that helps US workers to retain health insurance coverage when they change or lose jobs. The legislation also seeks to encourage electronic health records to improve the efficiency and quality of the US healthcare system through improved information sharing.;992275841864;us-west-1;2026-08-18 15:47:07.870888;164_308_a_1_ii_d;Implement procedures to regularly review records of information system activity, such as audit logs, access reports, and security incident tracking reports.;164.308 Administrative Safeguards;;;aws;;FAIL;No CloudTrail trails enabled with logging were found.;arn:aws:cloudtrail:us-west-1:992275841864:trail;cloudtrail_multi_region_enabled;False;992275841864;HIPAA;HIPAA compliance framework;
aws;The Health Insurance Portability and Accountability Act of 1996 (HIPAA) is legislation that helps US workers to retain health insurance coverage when they change or lose jobs. The legislation also seeks to encourage electronic health records to improve the efficiency and quality of the US healthcare system through improved information sharing.;992275841864;us-west-1;2026-08-18 15:47:07.870888;164_308_a_3_ii_a;Implement procedures for the authorization and/or supervision of workforce members who work with electronic protected health information or in locations where it might be accessed.;164.308 Administrative Safeguards;;;aws;;FAIL;No CloudTrail trails enabled with logging were found.;arn:aws:cloudtrail:us-west-1:992275841864:trail;cloudtrail_multi_region_enabled;False;992275841864;HIPAA;HIPAA compliance framework;
aws;The Health Insurance Portability and Accountability Act of 1996 (HIPAA) is legislation that helps US workers to retain health insurance coverage when they change or lose jobs. The legislation also seeks to encourage electronic health records to improve the efficiency and quality of the US healthcare system through improved information sharing.;992275841864;us-west-1;2026-08-18 15:47:07.870888;164_308_a_6_ii;"Identify and respond to suspected or known security incidents; mitigate, to the extent practicable, harmful effects of security incidents that are known to the covered entity or business associate; and document security incidents and their outcomes.";164.308 Administrative Safeguards;;;aws;;FAIL;No CloudTrail trails enabled with logging were found.;arn:aws:cloudtrail:us-west-1:992275841864:trail;cloudtrail_multi_region_enabled;False;992275841864;HIPAA;HIPAA compliance framework;
aws;The Health Insurance Portability and Accountability Act of 1996 (HIPAA) is legislation that helps US workers to retain health insurance coverage when they change or lose jobs. The legislation also seeks to encourage electronic health records to improve the efficiency and quality of the US healthcare system through improved information sharing.;992275841864;us-west-1;2026-08-18 15:47:07.870888;164_312_b;Implement hardware, software, and/or procedural mechanisms that record and examine activity in information systems that contain or use electronic protected health information.;164.312 Technical Safeguards;;;aws;;FAIL;No CloudTrail trails enabled with logging were found.;arn:aws:cloudtrail:us-west-1:992275841864:trail;cloudtrail_multi_region_enabled;False;992275841864;HIPAA;HIPAA compliance framework;
aws;The Health Insurance Portability and Accountability Act of 1996 (HIPAA) is legislation that helps US workers to retain health insurance coverage when they change or lose jobs. The legislation also seeks to encourage electronic health records to improve the efficiency and quality of the US healthcare system through improved information sharing.;992275841864;us-west-1;2026-08-18 15:47:07.870888;164_312_e_2_i;Implement security measures to ensure that electronically transmitted electronic protected health information is not improperly modified without detection until disposed of.;164.312 Technical Safeguards;;;aws;;FAIL;No CloudTrail trails enabled with logging were found.;arn:aws:cloudtrail:us-west-1:992275841864:trail;cloudtrail_multi_region_enabled;False;992275841864;HIPAA;HIPAA compliance framework;
aws;The Health Insurance Portability and Accountability Act of 1996 (HIPAA) is legislation that helps US workers to retain health insurance coverage when they change or lose jobs. The legislation also seeks to encourage electronic health records to improve the efficiency and quality of the US healthcare system through improved information sharing.;992275841864;us-west-2;2026-08-18 15:47:07.870888;164_308_a_1_ii_d;Implement procedures to regularly review records of information system activity, such as audit logs, access reports, and security incident tracking reports.;164.308 Administrative Safeguards;;;aws;;FAIL;No CloudTrail trails enabled with logging were found.;arn:aws:cloudtrail:us-west-2:992275841864:trail;cloudtrail_multi_region_enabled;False;992275841864;HIPAA;HIPAA compliance framework;
aws;The Health Insurance Portability and Accountability Act of 1996 (HIPAA) is legislation that helps US workers to retain health insurance coverage when they change or lose jobs. The legislation also seeks to encourage electronic health records to improve the efficiency and quality of the US healthcare system through improved information sharing.;992275841864;us-west-2;2026-08-18 15:47:07.870888;164_308_a_3_ii_a;Implement procedures for the authorization and/or supervision of workforce members who work with electronic protected health information or in locations where it might be accessed.;164.308 Administrative Safeguards;;;aws;;FAIL;No CloudTrail trails enabled with logging were found.;arn:aws:cloudtrail:us-west-2:992275841864:trail;cloudtrail_multi_region_enabled;False;992275841864;HIPAA;HIPAA compliance framework;
aws;The Health Insurance Portability and Accountability Act of 1996 (HIPAA) is legislation that helps US workers to retain health insurance coverage when they change or lose jobs. The legislation also seeks to encourage electronic health records to improve the efficiency and quality of the US healthcare system through improved information sharing.;992275841864;us-west-2;2026-08-18 15:47:07.870888;164_308_a_6_ii;"Identify and respond to suspected or known security incidents; mitigate, to the extent practicable, harmful effects of security incidents that are known to the covered entity or business associate; and document security incidents and their outcomes.";164.308 Administrative Safeguards;;;aws;;FAIL;No CloudTrail trails enabled with logging were found.;arn:aws:cloudtrail:us-west-2:992275841864:trail;cloudtrail_multi_region_enabled;False;992275841864;HIPAA;HIPAA compliance framework;
aws;The Health Insurance Portability and Accountability Act of 1996 (HIPAA) is legislation that helps US workers to retain health insurance coverage when they change or lose jobs. The legislation also seeks to encourage electronic health records to improve the efficiency and quality of the US healthcare system through improved information sharing.;992275841864;us-west-2;2026-08-18 15:47:07.870888;164_312_b;Implement hardware, software, and/or procedural mechanisms that record and examine activity in information systems that contain or use electronic protected health information.;164.312 Technical Safeguards;;;aws;;FAIL;No CloudTrail trails enabled with logging were found.;arn:aws:cloudtrail:us-west-2:992275841864:trail;cloudtrail_multi_region_enabled;False;992275841864;HIPAA;HIPAA compliance framework;
aws;The Health Insurance Portability and Accountability Act of 1996 (HIPAA) is legislation that helps US workers to retain health insurance coverage when they change or lose jobs. The legislation also seeks to encourage electronic health records to improve the efficiency and quality of the US healthcare system through improved information sharing.;992275841864;us-west-2;2026-08-18 15:47:07.870888;164_312_e_2_i;Implement security measures to ensure that electronically transmitted electronic protected health information is not improperly modified without detection until disposed of.;164.312 Technical Safeguards;;;aws;;FAIL;No CloudTrail trails enabled with logging were found.;arn:aws:cloudtrail:us-west-2:992275841864:trail;cloudtrail_multi_region_enabled;False;992275841864;HIPAA;HIPAA compliance framework;
aws;The Health Insurance Portability and Accountability Act of 1996 (HIPAA) is legislation that helps US workers to retain health insurance coverage when they change or lose jobs. The legislation also seeks to encourage electronic health records to improve the efficiency and quality of the US healthcare system through improved information sharing.;992275841864;us-west-2;2026-08-18 15:47:07.870888;164_308_a_1_ii_d;Implement procedures to regularly review records of information system activity, such as audit logs, access reports, and security incident tracking reports.;164.308 Administrative Safeguards;;;aws;;FAIL;No CloudTrail trails have a data event to record all S3 object-level API operations.;arn:aws:cloudtrail:us-west-2:992275841864:trail;cloudtrail_s3_dataevents_read_enabled;False;992275841864;HIPAA;HIPAA compliance framework;
aws;The Health Insurance Portability and Accountability Act of 1996 (HIPAA) is legislation that helps US workers to retain health insurance coverage when they change or lose jobs. The legislation also seeks to encourage electronic health records to improve the efficiency and quality of the US healthcare system through improved information sharing.;992275841864;us-west-2;2026-08-18 15:47:07.870888;164_308_a_3_ii_a;Implement procedures for the authorization and/or supervision of workforce members who work with electronic protected health information or in locations where it might be accessed.;164.308 Administrative Safeguards;;;aws;;FAIL;No CloudTrail trails have a data event to record all S3 object-level API operations.;arn:aws:cloudtrail:us-west-2:992275841864:trail;cloudtrail_s3_dataevents_read_enabled;False;992275841864;HIPAA;HIPAA compliance framework;
aws;The Health Insurance Portability and Accountability Act of 1996 (HIPAA) is legislation that helps US workers to retain health insurance coverage when they change or lose jobs. The legislation also seeks to encourage electronic health records to improve the efficiency and quality of the US healthcare system through improved information sharing.;992275841864;us-west-2;2026-08-18 15:47:07.870888;164_308_a_6_ii;"Identify and respond to suspected or known security incidents; mitigate, to the extent practicable, harmful effects of security incidents that are known to the covered entity or business associate; and document security incidents and their outcomes.";164.308 Administrative Safeguards;;;aws;;FAIL;No CloudTrail trails have a data event to record all S3 object-level API operations.;arn:aws:cloudtrail:us-west-2:992275841864:trail;cloudtrail_s3_dataevents_read_enabled;False;992275841864;HIPAA;HIPAA compliance framework;
aws;The Health Insurance Portability and Accountability Act of 1996 (HIPAA) is legislation that helps US workers to retain health insurance coverage when they change or lose jobs. The legislation also seeks to encourage electronic health records to improve the efficiency and quality of the US healthcare system through improved information sharing.;992275841864;us-west-2;2026-08-18 15:47:07.870888;164_312_a_2_i;Assign a unique name and/or number for identifying and tracking user identity.;164.312 Technical Safeguards;;;aws;;FAIL;No CloudTrail trails have a data event to record all S3 object-level API operations.;arn:aws:cloudtrail:us-west-2:992275841864:trail;cloudtrail_s3_dataevents_read_enabled;False;992275841864;HIPAA;HIPAA compliance framework;
aws;The Health Insurance Portability and Accountability Act of 1996 (HIPAA) is legislation that helps US workers to retain health insurance coverage when they change or lose jobs. The legislation also seeks to encourage electronic health records to improve the efficiency and quality of the US healthcare system through improved information sharing.;992275841864;us-west-2;2026-08-18 15:47:07.870888;164_312_b;Implement hardware, software, and/or procedural mechanisms that record and examine activity in information systems that contain or use electronic protected health information.;164.312 Technical Safeguards;;;aws;;FAIL;No CloudTrail trails have a data event to record all S3 object-level API operations.;arn:aws:cloudtrail:us-west-2:992275841864:trail;cloudtrail_s3_dataevents_read_enabled;False;992275841864;HIPAA;HIPAA compliance framework;
aws;The Health Insurance Portability and Accountability Act of 1996 (HIPAA) is legislation that helps US workers to retain health insurance coverage when they change or lose jobs. The legislation also seeks to encourage electronic health records to improve the efficiency and quality of the US healthcare system through improved information sharing.;992275841864;us-west-2;2026-08-18 15:47:07.870888;164_312_e_2_i;Implement security measures to ensure that electronically transmitted electronic protected health information is not improperly modified without detection until disposed of.;164.312 Technical Safeguards;;;aws;;FAIL;No CloudTrail trails have a data event to record all S3 object-level API operations.;arn:aws:cloudtrail:us-west-2:992275841864:trail;cloudtrail_s3_dataevents_read_enabled;False;992275841864;HIPAA;HIPAA compliance framework;
aws;The Health Insurance Portability and Accountability Act of 1996 (HIPAA) is legislation that helps US workers to retain health insurance coverage when they change or lose jobs. The legislation also seeks to encourage electronic health records to improve the efficiency and quality of the US healthcare system through improved information sharing.;992275841864;us-west-2;2026-08-18 15:47:07.870888;164_308_a_1_ii_d;Implement procedures to regularly review records of information system activity, such as audit logs, access reports, and security incident tracking reports.;164.308 Administrative Safeguards;;;aws;;FAIL;No CloudTrail trails have a data event to record all S3 object-level API operations.;arn:aws:cloudtrail:us-west-2:992275841864:trail;cloudtrail_s3_dataevents_write_enabled;False;992275841864;HIPAA;HIPAA compliance framework;
aws;The Health Insurance Portability and Accountability Act of 1996 (HIPAA) is legislation that helps US workers to retain health insurance coverage when they change or lose jobs. The legislation also seeks to encourage electronic health records to improve the efficiency and quality of the US healthcare system through improved information sharing.;992275841864;us-west-2;2026-08-18 15:47:07.870888;164_308_a_3_ii_a;Implement procedures for the authorization and/or supervision of workforce members who work with electronic protected health information or in locations where it might be accessed.;164.308 Administrative Safeguards;;;aws;;FAIL;No CloudTrail trails have a data event to record all S3 object-level API operations.;arn:aws:cloudtrail:us-west-2:992275841864:trail;cloudtrail_s3_dataevents_write_enabled;False;992275841864;HIPAA;HIPAA compliance framework;
aws;The Health Insurance Portability and Accountability Act of 1996 (HIPAA) is legislation that helps US workers to retain health insurance coverage when they change or lose jobs. The legislation also seeks to encourage electronic health records to improve the efficiency and quality of the US healthcare system through improved information sharing.;992275841864;us-west-2;2026-08-18 15:47:07.870888;164_308_a_6_ii;"Identify and respond to suspected or known security incidents; mitigate, to the extent practicable, harmful effects of security incidents that are known to the covered entity or business associate; and document security incidents and their outcomes.";164.308 Administrative Safeguards;;;aws;;FAIL;No CloudTrail trails have a data event to record all S3 object-level API operations.;arn:aws:cloudtrail:us-west-2:992275841864:trail;cloudtrail_s3_dataevents_write_enabled;False;992275841864;HIPAA;HIPAA compliance framework;
aws;The Health Insurance Portability and Accountability Act of 1996 (HIPAA) is legislation that helps US workers to retain health insurance coverage when they change or lose jobs. The legislation also seeks to encourage electronic health records to improve the efficiency and quality of the US healthcare system through improved information sharing.;992275841864;us-west-2;2026-08-18 15:47:07.870888;164_312_a_2_i;Assign a unique name and/or number for identifying and tracking user identity.;164.312 Technical Safeguards;;;aws;;FAIL;No CloudTrail trails have a data event to record all S3 object-level API operations.;arn:aws:cloudtrail:us-west-2:992275841864:trail;cloudtrail_s3_dataevents_write_enabled;False;992275841864;HIPAA;HIPAA compliance framework;
aws;The Health Insurance Portability and Accountability Act of 1996 (HIPAA) is legislation that helps US workers to retain health insurance coverage when they change or lose jobs. The legislation also seeks to encourage electronic health records to improve the efficiency and quality of the US healthcare system through improved information sharing.;992275841864;us-west-2;2026-08-18 15:47:07.870888;164_312_b;Implement hardware, software, and/or procedural mechanisms that record and examine activity in information systems that contain or use electronic protected health information.;164.312 Technical Safeguards;;;aws;;FAIL;No CloudTrail trails have a data event to record all S3 object-level API operations.;arn:aws:cloudtrail:us-west-2:992275841864:trail;cloudtrail_s3_dataevents_write_enabled;False;992275841864;HIPAA;HIPAA compliance framework;
aws;The Health Insurance Portability and Accountability Act of 1996 (HIPAA) is legislation that helps US workers to retain health insurance coverage when they change or lose jobs. The legislation also seeks to encourage electronic health records to improve the efficiency and quality of the US healthcare system through improved information sharing.;992275841864;us-west-2;2026-08-18 15:47:07.870888;164_312_e_2_i;Implement security measures to ensure that electronically transmitted electronic protected health information is not improperly modified without detection until disposed of.;164.312 Technical Safeguards;;;aws;;FAIL;No CloudTrail trails have a data event to record all S3 object-level API operations.;arn:aws:cloudtrail:us-west-2:992275841864:trail;cloudtrail_s3_dataevents_write_enabled;False;992275841864;HIPAA;HIPAA compliance framework;
aws;The Health Insurance Portability and Accountability Act of 1996 (HIPAA) is legislation that helps US workers to retain health insurance coverage when they change or lose jobs. The legislation also seeks to encourage electronic health records to improve the efficiency and quality of the US healthcare system through improved information sharing.;992275841864;us-west-2;2026-08-18 15:47:07.870888;164_308_a_6_i;Implement policies and procedures to address security incidents.;164.308 Administrative Safeguards;;;aws;;FAIL;No CloudWatch log groups found with metric filters or alarms associated.;arn:aws:logs:us-west-2:992275841864:log-group;cloudwatch_changes_to_network_acls_alarm_configured;False;992275841864;HIPAA;HIPAA compliance framework;
aws;The Health Insurance Portability and Accountability Act of 1996 (HIPAA) is legislation that helps US workers to retain health insurance coverage when they change or lose jobs. The legislation also seeks to encourage electronic health records to improve the efficiency and quality of the US healthcare system through improved information sharing.;992275841864;us-west-2;2026-08-18 15:47:07.870888;164_308_a_6_i;Implement policies and procedures to address security incidents.;164.308 Administrative Safeguards;;;aws;;FAIL;No CloudWatch log groups found with metric filters or alarms associated.;arn:aws:logs:us-west-2:992275841864:log-group;cloudwatch_changes_to_network_gateways_alarm_configured;False;992275841864;HIPAA;HIPAA compliance framework;
aws;The Health Insurance Portability and Accountability Act of 1996 (HIPAA) is legislation that helps US workers to retain health insurance coverage when they change or lose jobs. The legislation also seeks to encourage electronic health records to improve the efficiency and quality of the US healthcare system through improved information sharing.;992275841864;us-west-2;2026-08-18 15:47:07.870888;164_308_a_6_i;Implement policies and procedures to address security incidents.;164.308 Administrative Safeguards;;;aws;;FAIL;No CloudWatch log groups found with metric filters or alarms associated.;arn:aws:logs:us-west-2:992275841864:log-group;cloudwatch_changes_to_network_route_tables_alarm_configured;False;992275841864;HIPAA;HIPAA compliance framework;
aws;The Health Insurance Portability and Accountability Act of 1996 (HIPAA) is legislation that helps US workers to retain health insurance coverage when they change or lose jobs. The legislation also seeks to encourage electronic health records to improve the efficiency and quality of the US healthcare system through improved information sharing.;992275841864;us-west-2;2026-08-18 15:47:07.870888;164_308_a_6_i;Implement policies and procedures to address security incidents.;164.308 Administrative Safeguards;;;aws;;FAIL;No CloudWatch log groups found with metric filters or alarms associated.;arn:aws:logs:us-west-2:992275841864:log-group;cloudwatch_changes_to_vpcs_alarm_configured;False;992275841864;HIPAA;HIPAA compliance framework;
aws;The Health Insurance Portability and Accountability Act of 1996 (HIPAA) is legislation that helps US workers to retain health insurance coverage when they change or lose jobs. The legislation also seeks to encourage electronic health records to improve the efficiency and quality of the US healthcare system through improved information sharing.;992275841864;us-west-2;2026-08-18 15:47:07.870888;164_308_a_1_ii_b;Implement security measures sufficient to reduce risks and vulnerabilities to a reasonable and appropriate level to comply with 164.306(a): Ensure the confidentiality, integrity, and availability of all electronic protected health information the covered entity or business associate creates, receives, maintains, or transmits.;164.308 Administrative Safeguards;;;aws;;FAIL;Log Group /aws/lambda/auto-shutdown-untagged-instances does not have AWS KMS keys associated.;arn:aws:logs:us-west-2:992275841864:log-group:/aws/lambda/auto-shutdown-untagged-instances:*;cloudwatch_log_group_kms_encryption_enabled;False;/aws/lambda/auto-shutdown-untagged-instances;HIPAA;HIPAA compliance framework;
aws;The Health Insurance Portability and Accountability Act of 1996 (HIPAA) is legislation that helps US workers to retain health insurance coverage when they change or lose jobs. The legislation also seeks to encourage electronic health records to improve the efficiency and quality of the US healthcare system through improved information sharing.;992275841864;us-west-2;2026-08-18 15:47:07.870888;164_308_a_4_ii_a;If a health care clearinghouse is part of a larger organization, the clearinghouse must implement policies and procedures that protect the electronic protected health information of the clearinghouse from unauthorized access by the larger organization.;164.308 Administrative Safeguards;;;aws;;FAIL;Log Group /aws/lambda/auto-shutdown-untagged-instances does not have AWS KMS keys associated.;arn:aws:logs:us-west-2:992275841864:log-group:/aws/lambda/auto-shutdown-untagged-instances:*;cloudwatch_log_group_kms_encryption_enabled;False;/aws/lambda/auto-shutdown-untagged-instances;HIPAA;HIPAA compliance framework;
aws;The Health Insurance Portability and Accountability Act of 1996 (HIPAA) is legislation that helps US workers to retain health insurance coverage when they change or lose jobs. The legislation also seeks to encourage electronic health records to improve the efficiency and quality of the US healthcare system through improved information sharing.;992275841864;us-west-2;2026-08-18 15:47:07.870888;164_312_a_2_iv;Implement a mechanism to encrypt and decrypt electronic protected health information.;164.312 Technical Safeguards;;;aws;;FAIL;Log Group /aws/lambda/auto-shutdown-untagged-instances does not have AWS KMS keys associated.;arn:aws:logs:us-west-2:992275841864:log-group:/aws/lambda/auto-shutdown-untagged-instances:*;cloudwatch_log_group_kms_encryption_enabled;False;/aws/lambda/auto-shutdown-untagged-instances;HIPAA;HIPAA compliance framework;
aws;The Health Insurance Portability and Accountability Act of 1996 (HIPAA) is legislation that helps US workers to retain health insurance coverage when they change or lose jobs. The legislation also seeks to encourage electronic health records to improve the efficiency and quality of the US healthcare system through improved information sharing.;992275841864;us-west-2;2026-08-18 15:47:07.870888;164_312_e_2_ii;Implement a mechanism to encrypt electronic protected health information whenever deemed appropriate.;164.312 Technical Safeguards;;;aws;;FAIL;Log Group /aws/lambda/auto-shutdown-untagged-instances does not have AWS KMS keys associated.;arn:aws:logs:us-west-2:992275841864:log-group:/aws/lambda/auto-shutdown-untagged-instances:*;cloudwatch_log_group_kms_encryption_enabled;False;/aws/lambda/auto-shutdown-untagged-instances;HIPAA;HIPAA compliance framework;
aws;The Health Insurance Portability and Accountability Act of 1996 (HIPAA) is legislation that helps US workers to retain health insurance coverage when they change or lose jobs. The legislation also seeks to encourage electronic health records to improve the efficiency and quality of the US healthcare system through improved information sharing.;992275841864;us-west-2;2026-08-18 15:47:07.870888;164_312_b;Implement hardware, software, and/or procedural mechanisms that record and examine activity in information systems that contain or use electronic protected health information.;164.312 Technical Safeguards;;;aws;;PASS;Log Group /aws/lambda/auto-shutdown-untagged-instances comply with 365 days retention period since it never expires.;arn:aws:logs:us-west-2:992275841864:log-group:/aws/lambda/auto-shutdown-untagged-instances:*;cloudwatch_log_group_retention_policy_specific_days_enabled;False;/aws/lambda/auto-shutdown-untagged-instances;HIPAA;HIPAA compliance framework;
aws;The Health Insurance Portability and Accountability Act of 1996 (HIPAA) is legislation that helps US workers to retain health insurance coverage when they change or lose jobs. The legislation also seeks to encourage electronic health records to improve the efficiency and quality of the US healthcare system through improved information sharing.;992275841864;us-west-2;2026-08-18 15:47:07.870888;164_308_a_5_ii_c;Procedures for monitoring log-in attempts and reporting discrepancies.;164.308 Administrative Safeguards;;;aws;;FAIL;No CloudWatch log groups found with metric filters or alarms associated.;arn:aws:logs:us-west-2:992275841864:log-group;cloudwatch_log_metric_filter_authentication_failures;False;992275841864;HIPAA;HIPAA compliance framework;
aws;The Health Insurance Portability and Accountability Act of 1996 (HIPAA) is legislation that helps US workers to retain health insurance coverage when they change or lose jobs. The legislation also seeks to encourage electronic health records to improve the efficiency and quality of the US healthcare system through improved information sharing.;992275841864;us-west-2;2026-08-18 15:47:07.870888;164_308_a_6_i;Implement policies and procedures to address security incidents.;164.308 Administrative Safeguards;;;aws;;FAIL;No CloudWatch log groups found with metric filters or alarms associated.;arn:aws:logs:us-west-2:992275841864:log-group;cloudwatch_log_metric_filter_authentication_failures;False;992275841864;HIPAA;HIPAA compliance framework;
aws;The Health Insurance Portability and Accountability Act of 1996 (HIPAA) is legislation that helps US workers to retain health insurance coverage when they change or lose jobs. The legislation also seeks to encourage electronic health records to improve the efficiency and quality of the US healthcare system through improved information sharing.;992275841864;us-west-2;2026-08-18 15:47:07.870888;164_308_a_6_ii;"Identify and respond to suspected or known security incidents; mitigate, to the extent practicable, harmful effects of security incidents that are known to the covered entity or business associate; and document security incidents and their outcomes.";164.308 Administrative Safeguards;;;aws;;FAIL;No CloudWatch log groups found with metric filters or alarms associated.;arn:aws:logs:us-west-2:992275841864:log-group;cloudwatch_log_metric_filter_authentication_failures;False;992275841864;HIPAA;HIPAA compliance framework;
aws;The Health Insurance Portability and Accountability Act of 1996 (HIPAA) is legislation that helps US workers to retain health insurance coverage when they change or lose jobs. The legislation also seeks to encourage electronic health records to improve the efficiency and quality of the US healthcare system through improved information sharing.;992275841864;us-west-2;2026-08-18 15:47:07.870888;164_308_a_6_i;Implement policies and procedures to address security incidents.;164.308 Administrative Safeguards;;;aws;;FAIL;No CloudWatch log groups found with metric filters or alarms associated.;arn:aws:logs:us-west-2:992275841864:log-group;cloudwatch_log_metric_filter_root_usage;False;992275841864;HIPAA;HIPAA compliance framework;
aws;The Health Insurance Portability and Accountability Act of 1996 (HIPAA) is legislation that helps US workers to retain health insurance coverage when they change or lose jobs. The legislation also seeks to encourage electronic health records to improve the efficiency and quality of the US healthcare system through improved information sharing.;992275841864;us-west-2;2026-08-18 15:47:07.870888;164_308_a_6_ii;"Identify and respond to suspected or known security incidents; mitigate, to the extent practicable, harmful effects of security incidents that are known to the covered entity or business associate; and document security incidents and their outcomes.";164.308 Administrative Safeguards;;;aws;;FAIL;No CloudWatch log groups found with metric filters or alarms associated.;arn:aws:logs:us-west-2:992275841864:log-group;cloudwatch_log_metric_filter_root_usage;False;992275841864;HIPAA;HIPAA compliance framework;
aws;The Health Insurance Portability and Accountability Act of 1996 (HIPAA) is legislation that helps US workers to retain health insurance coverage when they change or lose jobs. The legislation also seeks to encourage electronic health records to improve the efficiency and quality of the US healthcare system through improved information sharing.;992275841864;ap-northeast-1;2026-08-18 15:47:07.870888;164_308_a_1_ii_a;Conduct an accurate and thorough assessment of the potential risks and vulnerabilities to the confidentiality, integrity, and availability of electronic protected health information held by the covered entity or business associate.;164.308 Administrative Safeguards;;;aws;;FAIL;AWS Config recorder 992275841864 is disabled.;arn:aws:config:ap-northeast-1:992275841864:recorder;config_recorder_all_regions_enabled;False;992275841864;HIPAA;HIPAA compliance framework;
aws;The Health Insurance Portability and Accountability Act of 1996 (HIPAA) is legislation that helps US workers to retain health insurance coverage when they change or lose jobs. The legislation also seeks to encourage electronic health records to improve the efficiency and quality of the US healthcare system through improved information sharing.;992275841864;ap-northeast-2;2026-08-18 15:47:07.870888;164_308_a_1_ii_a;Conduct an accurate and thorough assessment of the potential risks and vulnerabilities to the confidentiality, integrity, and availability of electronic protected health information held by the covered entity or business associate.;164.308 Administrative Safeguards;;;aws;;FAIL;AWS Config recorder 992275841864 is disabled.;arn:aws:config:ap-northeast-2:992275841864:recorder;config_recorder_all_regions_enabled;False;992275841864;HIPAA;HIPAA compliance framework;
aws;The Health Insurance Portability and Accountability Act of 1996 (HIPAA) is legislation that helps US workers to retain health insurance coverage when they change or lose jobs. The legislation also seeks to encourage electronic health records to improve the efficiency and quality of the US healthcare system through improved information sharing.;992275841864;ap-northeast-3;2026-08-18 15:47:07.870888;164_308_a_1_ii_a;Conduct an accurate and thorough assessment of the potential risks and vulnerabilities to the confidentiality, integrity, and availability of electronic protected health information held by the covered entity or business associate.;164.308 Administrative Safeguards;;;aws;;FAIL;AWS Config recorder 992275841864 is disabled.;arn:aws:config:ap-northeast-3:992275841864:recorder;config_recorder_all_regions_enabled;False;992275841864;HIPAA;HIPAA compliance framework;
aws;The Health Insurance Portability and Accountability Act of 1996 (HIPAA) is legislation that helps US workers to retain health insurance coverage when they change or lose jobs. The legislation also seeks to encourage electronic health records to improve the efficiency and quality of the US healthcare system through improved information sharing.;992275841864;ap-south-1;2026-08-18 15:47:07.870888;164_308_a_1_ii_a;Conduct an accurate and thorough assessment of the potential risks and vulnerabilities to the confidentiality, integrity, and availability of electronic protected health information held by the covered entity or business associate.;164.308 Administrative Safeguards;;;aws;;FAIL;AWS Config recorder 992275841864 is disabled.;arn:aws:config:ap-south-1:992275841864:recorder;config_recorder_all_regions_enabled;False;992275841864;HIPAA;HIPAA compliance framework;
aws;The Health Insurance Portability and Accountability Act of 1996 (HIPAA) is legislation that helps US workers to retain health insurance coverage when they change or lose jobs. The legislation also seeks to encourage electronic health records to improve the efficiency and quality of the US healthcare system through improved information sharing.;992275841864;ap-southeast-1;2026-08-18 15:47:07.870888;164_308_a_1_ii_a;Conduct an accurate and thorough assessment of the potential risks and vulnerabilities to the confidentiality, integrity, and availability of electronic protected health information held by the covered entity or business associate.;164.308 Administrative Safeguards;;;aws;;FAIL;AWS Config recorder 992275841864 is disabled.;arn:aws:config:ap-southeast-1:992275841864:recorder;config_recorder_all_regions_enabled;False;992275841864;HIPAA;HIPAA compliance framework;
aws;The Health Insurance Portability and Accountability Act of 1996 (HIPAA) is legislation that helps US workers to retain health insurance coverage when they change or lose jobs. The legislation also seeks to encourage electronic health records to improve the efficiency and quality of the US healthcare system through improved information sharing.;992275841864;ap-southeast-2;2026-08-18 15:47:07.870888;164_308_a_1_ii_a;Conduct an accurate and thorough assessment of the potential risks and vulnerabilities to the confidentiality, integrity, and availability of electronic protected health information held by the covered entity or business associate.;164.308 Administrative Safeguards;;;aws;;FAIL;AWS Config recorder 992275841864 is disabled.;arn:aws:config:ap-southeast-2:992275841864:recorder;config_recorder_all_regions_enabled;False;992275841864;HIPAA;HIPAA compliance framework;
aws;The Health Insurance Portability and Accountability Act of 1996 (HIPAA) is legislation that helps US workers to retain health insurance coverage when they change or lose jobs. The legislation also seeks to encourage electronic health records to improve the efficiency and quality of the US healthcare system through improved information sharing.;992275841864;ca-central-1;2026-08-18 15:47:07.870888;164_308_a_1_ii_a;Conduct an accurate and thorough assessment of the potential risks and vulnerabilities to the confidentiality, integrity, and availability of electronic protected health information held by the covered entity or business associate.;164.308 Administrative Safeguards;;;aws;;FAIL;AWS Config recorder 992275841864 is disabled.;arn:aws:config:ca-central-1:992275841864:recorder;config_recorder_all_regions_enabled;False;992275841864;HIPAA;HIPAA compliance framework;
aws;The Health Insurance Portability and Accountability Act of 1996 (HIPAA) is legislation that helps US workers to retain health insurance coverage when they change or lose jobs. The legislation also seeks to encourage electronic health records to improve the efficiency and quality of the US healthcare system through improved information sharing.;992275841864;eu-central-1;2026-08-18 15:47:07.870888;164_308_a_1_ii_a;Conduct an accurate and thorough assessment of the potential risks and vulnerabilities to the confidentiality, integrity, and availability of electronic protected health information held by the covered entity or business associate.;164.308 Administrative Safeguards;;;aws;;FAIL;AWS Config recorder 992275841864 is disabled.;arn:aws:config:eu-central-1:992275841864:recorder;config_recorder_all_regions_enabled;False;992275841864;HIPAA;HIPAA compliance framework;
aws;The Health Insurance Portability and Accountability Act of 1996 (HIPAA) is legislation that helps US workers to retain health insurance coverage when they change or lose jobs. The legislation also seeks to encourage electronic health records to improve the efficiency and quality of the US healthcare system through improved information sharing.;992275841864;eu-north-1;2026-08-18 15:47:07.870888;164_308_a_1_ii_a;Conduct an accurate and thorough assessment of the potential risks and vulnerabilities to the confidentiality, integrity, and availability of electronic protected health information held by the covered entity or business associate.;164.308 Administrative Safeguards;;;aws;;FAIL;AWS Config recorder 992275841864 is disabled.;arn:aws:config:eu-north-1:992275841864:recorder;config_recorder_all_regions_enabled;False;992275841864;HIPAA;HIPAA compliance framework;
aws;The Health Insurance Portability and Accountability Act of 1996 (HIPAA) is legislation that helps US workers to retain health insurance coverage when they change or lose jobs. The legislation also seeks to encourage electronic health records to improve the efficiency and quality of the US healthcare system through improved information sharing.;992275841864;eu-west-1;2026-08-18 15:47:07.870888;164_308_a_1_ii_a;Conduct an accurate and thorough assessment of the potential risks and vulnerabilities to the confidentiality, integrity, and availability of electronic protected health information held by the covered entity or business associate.;164.308 Administrative Safeguards;;;aws;;FAIL;AWS Config recorder 992275841864 is disabled.;arn:aws:config:eu-west-1:992275841864:recorder;config_recorder_all_regions_enabled;False;992275841864;HIPAA;HIPAA compliance framework;
aws;The Health Insurance Portability and Accountability Act of 1996 (HIPAA) is legislation that helps US workers to retain health insurance coverage when they change or lose jobs. The legislation also seeks to encourage electronic health records to improve the efficiency and quality of the US healthcare system through improved information sharing.;992275841864;eu-west-2;2026-08-18 15:47:07.870888;164_308_a_1_ii_a;Conduct an accurate and thorough assessment of the potential risks and vulnerabilities to the confidentiality, integrity, and availability of electronic protected health information held by the covered entity or business associate.;164.308 Administrative Safeguards;;;aws;;FAIL;AWS Config recorder 992275841864 is disabled.;arn:aws:config:eu-west-2:992275841864:recorder;config_recorder_all_regions_enabled;False;992275841864;HIPAA;HIPAA compliance framework;
aws;The Health Insurance Portability and Accountability Act of 1996 (HIPAA) is legislation that helps US workers to retain health insurance coverage when they change or lose jobs. The legislation also seeks to encourage electronic health records to improve the efficiency and quality of the US healthcare system through improved information sharing.;992275841864;eu-west-3;2026-08-18 15:47:07.870888;164_308_a_1_ii_a;Conduct an accurate and thorough assessment of the potential risks and vulnerabilities to the confidentiality, integrity, and availability of electronic protected health information held by the covered entity or business associate.;164.308 Administrative Safeguards;;;aws;;FAIL;AWS Config recorder 992275841864 is disabled.;arn:aws:config:eu-west-3:992275841864:recorder;config_recorder_all_regions_enabled;False;992275841864;HIPAA;HIPAA compliance framework;
aws;The Health Insurance Portability and Accountability Act of 1996 (HIPAA) is legislation that helps US workers to retain health insurance coverage when they change or lose jobs. The legislation also seeks to encourage electronic health records to improve the efficiency and quality of the US healthcare system through improved information sharing.;992275841864;sa-east-1;2026-08-18 15:47:07.870888;164_308_a_1_ii_a;Conduct an accurate and thorough assessment of the potential risks and vulnerabilities to the confidentiality, integrity, and availability of electronic protected health information held by the covered entity or business associate.;164.308 Administrative Safeguards;;;aws;;FAIL;AWS Config recorder 992275841864 is disabled.;arn:aws:config:sa-east-1:992275841864:recorder;config_recorder_all_regions_enabled;False;992275841864;HIPAA;HIPAA compliance framework;
aws;The Health Insurance Portability and Accountability Act of 1996 (HIPAA) is legislation that helps US workers to retain health insurance coverage when they change or lose jobs. The legislation also seeks to encourage electronic health records to improve the efficiency and quality of the US healthcare system through improved information sharing.;992275841864;us-east-1;2026-08-18 15:47:07.870888;164_308_a_1_ii_a;Conduct an accurate and thorough assessment of the potential risks and vulnerabilities to the confidentiality, integrity, and availability of electronic protected health information held by the covered entity or business associate.;164.308 Administrative Safeguards;;;aws;;FAIL;AWS Config recorder 992275841864 is disabled.;arn:aws:config:us-east-1:992275841864:recorder;config_recorder_all_regions_enabled;False;992275841864;HIPAA;HIPAA compliance framework;
aws;The Health Insurance Portability and Accountability Act of 1996 (HIPAA) is legislation that helps US workers to retain health insurance coverage when they change or lose jobs. The legislation also seeks to encourage electronic health records to improve the efficiency and quality of the US healthcare system through improved information sharing.;992275841864;us-east-2;2026-08-18 15:47:07.870888;164_308_a_1_ii_a;Conduct an accurate and thorough assessment of the potential risks and vulnerabilities to the confidentiality, integrity, and availability of electronic protected health information held by the covered entity or business associate.;164.308 Administrative Safeguards;;;aws;;FAIL;AWS Config recorder 992275841864 is disabled.;arn:aws:config:us-east-2:992275841864:recorder;config_recorder_all_regions_enabled;False;992275841864;HIPAA;HIPAA compliance framework;
aws;The Health Insurance Portability and Accountability Act of 1996 (HIPAA) is legislation that helps US workers to retain health insurance coverage when they change or lose jobs. The legislation also seeks to encourage electronic health records to improve the efficiency and quality of the US healthcare system through improved information sharing.;992275841864;us-west-1;2026-08-18 15:47:07.870888;164_308_a_1_ii_a;Conduct an accurate and thorough assessment of the potential risks and vulnerabilities to the confidentiality, integrity, and availability of electronic protected health information held by the covered entity or business associate.;164.308 Administrative Safeguards;;;aws;;FAIL;AWS Config recorder 992275841864 is disabled.;arn:aws:config:us-west-1:992275841864:recorder;config_recorder_all_regions_enabled;False;992275841864;HIPAA;HIPAA compliance framework;
aws;The Health Insurance Portability and Accountability Act of 1996 (HIPAA) is legislation that helps US workers to retain health insurance coverage when they change or lose jobs. The legislation also seeks to encourage electronic health records to improve the efficiency and quality of the US healthcare system through improved information sharing.;992275841864;us-west-2;2026-08-18 15:47:07.870888;164_308_a_1_ii_a;Conduct an accurate and thorough assessment of the potential risks and vulnerabilities to the confidentiality, integrity, and availability of electronic protected health information held by the covered entity or business associate.;164.308 Administrative Safeguards;;;aws;;FAIL;AWS Config recorder 992275841864 is disabled.;arn:aws:config:us-west-2:992275841864:recorder;config_recorder_all_regions_enabled;False;992275841864;HIPAA;HIPAA compliance framework;
aws;The Health Insurance Portability and Accountability Act of 1996 (HIPAA) is legislation that helps US workers to retain health insurance coverage when they change or lose jobs. The legislation also seeks to encourage electronic health records to improve the efficiency and quality of the US healthcare system through improved information sharing.;992275841864;us-west-2;2026-08-18 15:47:07.870888;164_308_a_1_ii_b;Implement security measures sufficient to reduce risks and vulnerabilities to a reasonable and appropriate level to comply with 164.306(a): Ensure the confidentiality, integrity, and availability of all electronic protected health information the covered entity or business associate creates, receives, maintains, or transmits.;164.308 Administrative Safeguards;;;aws;;FAIL;EBS Default Encryption is not activated.;arn:aws:ec2:us-west-2:992275841864:volume;ec2_ebs_default_encryption;False;992275841864;HIPAA;HIPAA compliance framework;
aws;The Health Insurance Portability and Accountability Act of 1996 (HIPAA) is legislation that helps US workers to retain health insurance coverage when they change or lose jobs. The legislation also seeks to encourage electronic health records to improve the efficiency and quality of the US healthcare system through improved information sharing.;992275841864;us-west-2;2026-08-18 15:47:07.870888;164_308_a_4_ii_a;If a health care clearinghouse is part of a larger organization, the clearinghouse must implement policies and procedures that protect the electronic protected health information of the clearinghouse from unauthorized access by the larger organization.;164.308 Administrative Safeguards;;;aws;;FAIL;EBS Default Encryption is not activated.;arn:aws:ec2:us-west-2:992275841864:volume;ec2_ebs_default_encryption;False;992275841864;HIPAA;HIPAA compliance framework;
aws;The Health Insurance Portability and Accountability Act of 1996 (HIPAA) is legislation that helps US workers to retain health insurance coverage when they change or lose jobs. The legislation also seeks to encourage electronic health records to improve the efficiency and quality of the US healthcare system through improved information sharing.;992275841864;us-west-2;2026-08-18 15:47:07.870888;164_312_a_2_iv;Implement a mechanism to encrypt and decrypt electronic protected health information.;164.312 Technical Safeguards;;;aws;;FAIL;EBS Default Encryption is not activated.;arn:aws:ec2:us-west-2:992275841864:volume;ec2_ebs_default_encryption;False;992275841864;HIPAA;HIPAA compliance framework;
aws;The Health Insurance Portability and Accountability Act of 1996 (HIPAA) is legislation that helps US workers to retain health insurance coverage when they change or lose jobs. The legislation also seeks to encourage electronic health records to improve the efficiency and quality of the US healthcare system through improved information sharing.;992275841864;us-west-2;2026-08-18 15:47:07.870888;164_312_e_2_ii;Implement a mechanism to encrypt electronic protected health information whenever deemed appropriate.;164.312 Technical Safeguards;;;aws;;FAIL;EBS Default Encryption is not activated.;arn:aws:ec2:us-west-2:992275841864:volume;ec2_ebs_default_encryption;False;992275841864;HIPAA;HIPAA compliance framework;
aws;The Health Insurance Portability and Accountability Act of 1996 (HIPAA) is legislation that helps US workers to retain health insurance coverage when they change or lose jobs. The legislation also seeks to encourage electronic health records to improve the efficiency and quality of the US healthcare system through improved information sharing.;992275841864;us-west-2;2026-08-18 15:47:07.870888;164_308_a_1_ii_b;Implement security measures sufficient to reduce risks and vulnerabilities to a reasonable and appropriate level to comply with 164.306(a): Ensure the confidentiality, integrity, and availability of all electronic protected health information the covered entity or business associate creates, receives, maintains, or transmits.;164.308 Administrative Safeguards;;;aws;;FAIL;EBS Snapshot vol-0a713fa09f0b9c9b5 is unencrypted.;arn:aws:ec2:us-west-2:992275841864:volume/vol-0a713fa09f0b9c9b5;ec2_ebs_volume_encryption;False;vol-0a713fa09f0b9c9b5;HIPAA;HIPAA compliance framework;
aws;The Health Insurance Portability and Accountability Act of 1996 (HIPAA) is legislation that helps US workers to retain health insurance coverage when they change or lose jobs. The legislation also seeks to encourage electronic health records to improve the efficiency and quality of the US healthcare system through improved information sharing.;992275841864;us-west-2;2026-08-18 15:47:07.870888;164_308_a_4_ii_a;If a health care clearinghouse is part of a larger organization, the clearinghouse must implement policies and procedures that protect the electronic protected health information of the clearinghouse from unauthorized access by the larger organization.;164.308 Administrative Safeguards;;;aws;;FAIL;EBS Snapshot vol-0a713fa09f0b9c9b5 is unencrypted.;arn:aws:ec2:us-west-2:992275841864:volume/vol-0a713fa09f0b9c9b5;ec2_ebs_volume_encryption;False;vol-0a713fa09f0b9c9b5;HIPAA;HIPAA compliance framework;
aws;The Health Insurance Portability and Accountability Act of 1996 (HIPAA) is legislation that helps US workers to retain health insurance coverage when they change or lose jobs. The legislation also seeks to encourage electronic health records to improve the efficiency and quality of the US healthcare system through improved information sharing.;992275841864;us-west-2;2026-08-18 15:47:07.870888;164_312_a_2_iv;Implement a mechanism to encrypt and decrypt electronic protected health information.;164.312 Technical Safeguards;;;aws;;FAIL;EBS Snapshot vol-0a713fa09f0b9c9b5 is unencrypted.;arn:aws:ec2:us-west-2:992275841864:volume/vol-0a713fa09f0b9c9b5;ec2_ebs_volume_encryption;False;vol-0a713fa09f0b9c9b5;HIPAA;HIPAA compliance framework;
aws;The Health Insurance Portability and Accountability Act of 1996 (HIPAA) is legislation that helps US workers to retain health insurance coverage when they change or lose jobs. The legislation also seeks to encourage electronic health records to improve the efficiency and quality of the US healthcare system through improved information sharing.;992275841864;us-west-2;2026-08-18 15:47:07.870888;164_312_c_1;Implement policies and procedures to protect electronic protected health information from improper alteration or destruction.;164.312 Technical Safeguards;;;aws;;FAIL;EBS Snapshot vol-0a713fa09f0b9c9b5 is unencrypted.;arn:aws:ec2:us-west-2:992275841864:volume/vol-0a713fa09f0b9c9b5;ec2_ebs_volume_encryption;False;vol-0a713fa09f0b9c9b5;HIPAA;HIPAA compliance framework;
aws;The Health Insurance Portability and Accountability Act of 1996 (HIPAA) is legislation that helps US workers to retain health insurance coverage when they change or lose jobs. The legislation also seeks to encourage electronic health records to improve the efficiency and quality of the US healthcare system through improved information sharing.;992275841864;us-west-2;2026-08-18 15:47:07.870888;164_312_c_2;Implement electronic mechanisms to corroborate that electronic protected health information has not been altered or destroyed in an unauthorized manner.;164.312 Technical Safeguards;;;aws;;FAIL;EBS Snapshot vol-0a713fa09f0b9c9b5 is unencrypted.;arn:aws:ec2:us-west-2:992275841864:volume/vol-0a713fa09f0b9c9b5;ec2_ebs_volume_encryption;False;vol-0a713fa09f0b9c9b5;HIPAA;HIPAA compliance framework;
aws;The Health Insurance Portability and Accountability Act of 1996 (HIPAA) is legislation that helps US workers to retain health insurance coverage when they change or lose jobs. The legislation also seeks to encourage electronic health records to improve the efficiency and quality of the US healthcare system through improved information sharing.;992275841864;us-west-2;2026-08-18 15:47:07.870888;164_312_e_2_ii;Implement a mechanism to encrypt electronic protected health information whenever deemed appropriate.;164.312 Technical Safeguards;;;aws;;FAIL;EBS Snapshot vol-0a713fa09f0b9c9b5 is unencrypted.;arn:aws:ec2:us-west-2:992275841864:volume/vol-0a713fa09f0b9c9b5;ec2_ebs_volume_encryption;False;vol-0a713fa09f0b9c9b5;HIPAA;HIPAA compliance framework;
aws;The Health Insurance Portability and Accountability Act of 1996 (HIPAA) is legislation that helps US workers to retain health insurance coverage when they change or lose jobs. The legislation also seeks to encourage electronic health records to improve the efficiency and quality of the US healthcare system through improved information sharing.;992275841864;us-west-2;2026-08-18 15:47:07.870888;164_308_a_5_ii_b;Procedures for guarding against, detecting, and reporting malicious software.;164.308 Administrative Safeguards;;;aws;;FAIL;EC2 Instance i-0958fb219162a44d1 is not managed by Systems Manager.;arn:aws:ec2:us-west-2:992275841864:instance/i-0958fb219162a44d1;ec2_instance_managed_by_ssm;False;i-0958fb219162a44d1;HIPAA;HIPAA compliance framework;
aws;The Health Insurance Portability and Accountability Act of 1996 (HIPAA) is legislation that helps US workers to retain health insurance coverage when they change or lose jobs. The legislation also seeks to encourage electronic health records to improve the efficiency and quality of the US healthcare system through improved information sharing.;992275841864;us-west-2;2026-08-18 15:47:07.870888;164_308_a_1_ii_b;Implement security measures sufficient to reduce risks and vulnerabilities to a reasonable and appropriate level to comply with 164.306(a): Ensure the confidentiality, integrity, and availability of all electronic protected health information the covered entity or business associate creates, receives, maintains, or transmits.;164.308 Administrative Safeguards;;;aws;;PASS;EC2 Instance i-0958fb219162a44d1 is not older than 180 days (-1 days).;arn:aws:ec2:us-west-2:992275841864:instance/i-0958fb219162a44d1;ec2_instance_older_than_specific_days;False;i-0958fb219162a44d1;HIPAA;HIPAA compliance framework;
aws;The Health Insurance Portability and Accountability Act of 1996 (HIPAA) is legislation that helps US workers to retain health insurance coverage when they change or lose jobs. The legislation also seeks to encourage electronic health records to improve the efficiency and quality of the US healthcare system through improved information sharing.;992275841864;us-west-2;2026-08-18 15:47:07.870888;164_308_a_1_ii_b;Implement security measures sufficient to reduce risks and vulnerabilities to a reasonable and appropriate level to comply with 164.306(a): Ensure the confidentiality, integrity, and availability of all electronic protected health information the covered entity or business associate creates, receives, maintains, or transmits.;164.308 Administrative Safeguards;;;aws;;FAIL;EC2 Instance i-0958fb219162a44d1 has a Public IP: 54.200.178.186 (ec2-54-200-178-186.us-west-2.compute.amazonaws.com).;arn:aws:ec2:us-west-2:992275841864:instance/i-0958fb219162a44d1;ec2_instance_public_ip;False;i-0958fb219162a44d1;HIPAA;HIPAA compliance framework;
aws;The Health Insurance Portability and Accountability Act of 1996 (HIPAA) is legislation that helps US workers to retain health insurance coverage when they change or lose jobs. The legislation also seeks to encourage electronic health records to improve the efficiency and quality of the US healthcare system through improved information sharing.;992275841864;us-west-2;2026-08-18 15:47:07.870888;164_308_a_3_i;Implement policies and procedures to ensure that all members of its workforce have appropriate access to electronic protected health information, as provided under paragraph (a)(4) of this section, and to prevent those workforce members who do not have access under paragraph (a)(4) of this section from obtaining access to electronic protected health information.;164.308 Administrative Safeguards;;;aws;;FAIL;EC2 Instance i-0958fb219162a44d1 has a Public IP: 54.200.178.186 (ec2-54-200-178-186.us-west-2.compute.amazonaws.com).;arn:aws:ec2:us-west-2:992275841864:instance/i-0958fb219162a44d1;ec2_instance_public_ip;False;i-0958fb219162a44d1;HIPAA;HIPAA compliance framework;
aws;The Health Insurance Portability and Accountability Act of 1996 (HIPAA) is legislation that helps US workers to retain health insurance coverage when they change or lose jobs. The legislation also seeks to encourage electronic health records to improve the efficiency and quality of the US healthcare system through improved information sharing.;992275841864;us-west-2;2026-08-18 15:47:07.870888;164_312_a_1;Implement technical policies and procedures for electronic information systems that maintain electronic protected health information to allow access only to those persons or software programs that have been granted access rights as specified in 164.308(a)(4).;164.312 Technical Safeguards;;;aws;;FAIL;EC2 Instance i-0958fb219162a44d1 has a Public IP: 54.200.178.186 (ec2-54-200-178-186.us-west-2.compute.amazonaws.com).;arn:aws:ec2:us-west-2:992275841864:instance/i-0958fb219162a44d1;ec2_instance_public_ip;False;i-0958fb219162a44d1;HIPAA;HIPAA compliance framework;
aws;The Health Insurance Portability and Accountability Act of 1996 (HIPAA) is legislation that helps US workers to retain health insurance coverage when they change or lose jobs. The legislation also seeks to encourage electronic health records to improve the efficiency and quality of the US healthcare system through improved information sharing.;992275841864;us-west-2;2026-08-18 15:47:07.870888;164_308_a_1_ii_b;Implement security measures sufficient to reduce risks and vulnerabilities to a reasonable and appropriate level to comply with 164.306(a): Ensure the confidentiality, integrity, and availability of all electronic protected health information the covered entity or business associate creates, receives, maintains, or transmits.;164.308 Administrative Safeguards;;;aws;;FAIL;Network ACL acl-0dfdb51f94f1455f7 has every port open to the Internet.;arn:aws:ec2:us-west-2:992275841864:network-acl/acl-0dfdb51f94f1455f7;ec2_networkacl_allow_ingress_any_port;False;acl-0dfdb51f94f1455f7;HIPAA;HIPAA compliance framework;
aws;The Health Insurance Portability and Accountability Act of 1996 (HIPAA) is legislation that helps US workers to retain health insurance coverage when they change or lose jobs. The legislation also seeks to encourage electronic health records to improve the efficiency and quality of the US healthcare system through improved information sharing.;992275841864;us-west-2;2026-08-18 15:47:07.870888;164_312_e_1;Implement technical security measures to guard against unauthorized access to electronic protected health information that is being transmitted over an electronic communications network.;164.312 Technical Safeguards;;;aws;;FAIL;Network ACL acl-0dfdb51f94f1455f7 has every port open to the Internet.;arn:aws:ec2:us-west-2:992275841864:network-acl/acl-0dfdb51f94f1455f7;ec2_networkacl_allow_ingress_any_port;False;acl-0dfdb51f94f1455f7;HIPAA;HIPAA compliance framework;
aws;The Health Insurance Portability and Accountability Act of 1996 (HIPAA) is legislation that helps US workers to retain health insurance coverage when they change or lose jobs. The legislation also seeks to encourage electronic health records to improve the efficiency and quality of the US healthcare system through improved information sharing.;992275841864;us-west-2;2026-08-18 15:47:07.870888;164_308_a_1_ii_b;Implement security measures sufficient to reduce risks and vulnerabilities to a reasonable and appropriate level to comply with 164.306(a): Ensure the confidentiality, integrity, and availability of all electronic protected health information the covered entity or business associate creates, receives, maintains, or transmits.;164.308 Administrative Safeguards;;;aws;;FAIL;Security group prowler-demo-no-ssh20260818223457969500000001 (sg-07f0313c121d1138a) has SSH port 22 open to the Internet.;arn:aws:ec2:us-west-2:992275841864:security-group/sg-07f0313c121d1138a;ec2_securitygroup_allow_ingress_from_internet_to_tcp_port_22;False;sg-07f0313c121d1138a;HIPAA;HIPAA compliance framework;
aws;The Health Insurance Portability and Accountability Act of 1996 (HIPAA) is legislation that helps US workers to retain health insurance coverage when they change or lose jobs. The legislation also seeks to encourage electronic health records to improve the efficiency and quality of the US healthcare system through improved information sharing.;992275841864;us-west-2;2026-08-18 15:47:07.870888;164_312_e_1;Implement technical security measures to guard against unauthorized access to electronic protected health information that is being transmitted over an electronic communications network.;164.312 Technical Safeguards;;;aws;;FAIL;Security group prowler-demo-no-ssh20260818223457969500000001 (sg-07f0313c121d1138a) has SSH port 22 open to the Internet.;arn:aws:ec2:us-west-2:992275841864:security-group/sg-07f0313c121d1138a;ec2_securitygroup_allow_ingress_from_internet_to_tcp_port_22;False;sg-07f0313c121d1138a;HIPAA;HIPAA compliance framework;
aws;The Health Insurance Portability and Accountability Act of 1996 (HIPAA) is legislation that helps US workers to retain health insurance coverage when they change or lose jobs. The legislation also seeks to encourage electronic health records to improve the efficiency and quality of the US healthcare system through improved information sharing.;992275841864;us-west-2;2026-08-18 15:47:07.870888;164_308_a_1_ii_a;Conduct an accurate and thorough assessment of the potential risks and vulnerabilities to the confidentiality, integrity, and availability of electronic protected health information held by the covered entity or business associate.;164.308 Administrative Safeguards;;;aws;;FAIL;GuardDuty is not enabled.;arn:aws:guardduty:us-west-2:992275841864:detector/unknown;guardduty_is_enabled;False;detector/unknown;HIPAA;HIPAA compliance framework;
aws;The Health Insurance Portability and Accountability Act of 1996 (HIPAA) is legislation that helps US workers to retain health insurance coverage when they change or lose jobs. The legislation also seeks to encourage electronic health records to improve the efficiency and quality of the US healthcare system through improved information sharing.;992275841864;us-west-2;2026-08-18 15:47:07.870888;164_308_a_1_ii_d;Implement procedures to regularly review records of information system activity, such as audit logs, access reports, and security incident tracking reports.;164.308 Administrative Safeguards;;;aws;;FAIL;GuardDuty is not enabled.;arn:aws:guardduty:us-west-2:992275841864:detector/unknown;guardduty_is_enabled;False;detector/unknown;HIPAA;HIPAA compliance framework;
aws;The Health Insurance Portability and Accountability Act of 1996 (HIPAA) is legislation that helps US workers to retain health insurance coverage when they change or lose jobs. The legislation also seeks to encourage electronic health records to improve the efficiency and quality of the US healthcare system through improved information sharing.;992275841864;us-west-2;2026-08-18 15:47:07.870888;164_308_a_3_ii_a;Implement procedures for the authorization and/or supervision of workforce members who work with electronic protected health information or in locations where it might be accessed.;164.308 Administrative Safeguards;;;aws;;FAIL;GuardDuty is not enabled.;arn:aws:guardduty:us-west-2:992275841864:detector/unknown;guardduty_is_enabled;False;detector/unknown;HIPAA;HIPAA compliance framework;
aws;The Health Insurance Portability and Accountability Act of 1996 (HIPAA) is legislation that helps US workers to retain health insurance coverage when they change or lose jobs. The legislation also seeks to encourage electronic health records to improve the efficiency and quality of the US healthcare system through improved information sharing.;992275841864;us-west-2;2026-08-18 15:47:07.870888;164_308_a_5_ii_c;Procedures for monitoring log-in attempts and reporting discrepancies.;164.308 Administrative Safeguards;;;aws;;FAIL;GuardDuty is not enabled.;arn:aws:guardduty:us-west-2:992275841864:detector/unknown;guardduty_is_enabled;False;detector/unknown;HIPAA;HIPAA compliance framework;
aws;The Health Insurance Portability and Accountability Act of 1996 (HIPAA) is legislation that helps US workers to retain health insurance coverage when they change or lose jobs. The legislation also seeks to encourage electronic health records to improve the efficiency and quality of the US healthcare system through improved information sharing.;992275841864;us-west-2;2026-08-18 15:47:07.870888;164_308_a_6_i;Implement policies and procedures to address security incidents.;164.308 Administrative Safeguards;;;aws;;FAIL;GuardDuty is not enabled.;arn:aws:guardduty:us-west-2:992275841864:detector/unknown;guardduty_is_enabled;False;detector/unknown;HIPAA;HIPAA compliance framework;
aws;The Health Insurance Portability and Accountability Act of 1996 (HIPAA) is legislation that helps US workers to retain health insurance coverage when they change or lose jobs. The legislation also seeks to encourage electronic health records to improve the efficiency and quality of the US healthcare system through improved information sharing.;992275841864;us-west-2;2026-08-18 15:47:07.870888;164_308_a_6_ii;"Identify and respond to suspected or known security incidents; mitigate, to the extent practicable, harmful effects of security incidents that are known to the covered entity or business associate; and document security incidents and their outcomes.";164.308 Administrative Safeguards;;;aws;;FAIL;GuardDuty is not enabled.;arn:aws:guardduty:us-west-2:992275841864:detector/unknown;guardduty_is_enabled;False;detector/unknown;HIPAA;HIPAA compliance framework;
aws;The Health Insurance Portability and Accountability Act of 1996 (HIPAA) is legislation that helps US workers to retain health insurance coverage when they change or lose jobs. The legislation also seeks to encourage electronic health records to improve the efficiency and quality of the US healthcare system through improved information sharing.;992275841864;us-west-2;2026-08-18 15:47:07.870888;164_308_a_8;Perform a periodic technical and nontechnical evaluation, based initially upon the standards implemented under this rule and subsequently, in response to environmental or operational changes affecting the security of electronic protected health information, that establishes the extent to which an entity's security policies and procedures meet the requirements of this subpart.;164.308 Administrative Safeguards;;;aws;;FAIL;GuardDuty is not enabled.;arn:aws:guardduty:us-west-2:992275841864:detector/unknown;guardduty_is_enabled;False;detector/unknown;HIPAA;HIPAA compliance framework;
aws;The Health Insurance Portability and Accountability Act of 1996 (HIPAA) is legislation that helps US workers to retain health insurance coverage when they change or lose jobs. The legislation also seeks to encourage electronic health records to improve the efficiency and quality of the US healthcare system through improved information sharing.;992275841864;us-west-2;2026-08-18 15:47:07.870888;164_312_b;Implement hardware, software, and/or procedural mechanisms that record and examine activity in information systems that contain or use electronic protected health information.;164.312 Technical Safeguards;;;aws;;FAIL;GuardDuty is not enabled.;arn:aws:guardduty:us-west-2:992275841864:detector/unknown;guardduty_is_enabled;False;detector/unknown;HIPAA;HIPAA compliance framework;
aws;The Health Insurance Portability and Accountability Act of 1996 (HIPAA) is legislation that helps US workers to retain health insurance coverage when they change or lose jobs. The legislation also seeks to encourage electronic health records to improve the efficiency and quality of the US healthcare system through improved information sharing.;992275841864;us-west-2;2026-08-18 15:47:07.870888;164_312_e_2_i;Implement security measures to ensure that electronically transmitted electronic protected health information is not improperly modified without detection until disposed of.;164.312 Technical Safeguards;;;aws;;FAIL;GuardDuty is not enabled.;arn:aws:guardduty:us-west-2:992275841864:detector/unknown;guardduty_is_enabled;False;detector/unknown;HIPAA;HIPAA compliance framework;
aws;The Health Insurance Portability and Accountability Act of 1996 (HIPAA) is legislation that helps US workers to retain health insurance coverage when they change or lose jobs. The legislation also seeks to encourage electronic health records to improve the efficiency and quality of the US healthcare system through improved information sharing.;992275841864;us-west-2;2026-08-18 15:47:07.870888;164_308_a_1_ii_b;Implement security measures sufficient to reduce risks and vulnerabilities to a reasonable and appropriate level to comply with 164.306(a): Ensure the confidentiality, integrity, and availability of all electronic protected health information the covered entity or business associate creates, receives, maintains, or transmits.;164.308 Administrative Safeguards;;;aws;;PASS;AWS policy AWSSSOServiceRolePolicy is attached but does not allow '*:*' administrative privileges.;arn:aws:iam::aws:policy/aws-service-role/AWSSSOServiceRolePolicy;iam_aws_attached_policy_no_administrative_privileges;False;AWSSSOServiceRolePolicy;HIPAA;HIPAA compliance framework;
aws;The Health Insurance Portability and Accountability Act of 1996 (HIPAA) is legislation that helps US workers to retain health insurance coverage when they change or lose jobs. The legislation also seeks to encourage electronic health records to improve the efficiency and quality of the US healthcare system through improved information sharing.;992275841864;us-west-2;2026-08-18 15:47:07.870888;164_308_a_3_i;Implement policies and procedures to ensure that all members of its workforce have appropriate access to electronic protected health information, as provided under paragraph (a)(4) of this section, and to prevent those workforce members who do not have access under paragraph (a)(4) of this section from obtaining access to electronic protected health information.;164.308 Administrative Safeguards;;;aws;;PASS;AWS policy AWSSSOServiceRolePolicy is attached but does not allow '*:*' administrative privileges.;arn:aws:iam::aws:policy/aws-service-role/AWSSSOServiceRolePolicy;iam_aws_attached_policy_no_administrative_privileges;False;AWSSSOServiceRolePolicy;HIPAA;HIPAA compliance framework;
aws;The Health Insurance Portability and Accountability Act of 1996 (HIPAA) is legislation that helps US workers to retain health insurance coverage when they change or lose jobs. The legislation also seeks to encourage electronic health records to improve the efficiency and quality of the US healthcare system through improved information sharing.;992275841864;us-west-2;2026-08-18 15:47:07.870888;164_308_a_3_ii_b;Implement procedures to determine that the access of a workforce member to electronic protected health information is appropriate.;164.308 Administrative Safeguards;;;iam;;PASS;AWS policy AWSSSOServiceRolePolicy is attached but does not allow '*:*' administrative privileges.;arn:aws:iam::aws:policy/aws-service-role/AWSSSOServiceRolePolicy;iam_aws_attached_policy_no_administrative_privileges;False;AWSSSOServiceRolePolicy;HIPAA;HIPAA compliance framework;
aws;The Health Insurance Portability and Accountability Act of 1996 (HIPAA) is legislation that helps US workers to retain health insurance coverage when they change or lose jobs. The legislation also seeks to encourage electronic health records to improve the efficiency and quality of the US healthcare system through improved information sharing.;992275841864;us-west-2;2026-08-18 15:47:07.870888;164_308_a_4_i;Implement policies and procedures for authorizing access to electronic protected health information that are consistent with the applicable requirements of subpart E of this part.;164.308 Administrative Safeguards;;;iam;;PASS;AWS policy AWSSSOServiceRolePolicy is attached but does not allow '*:*' administrative privileges.;arn:aws:iam::aws:policy/aws-service-role/AWSSSOServiceRolePolicy;iam_aws_attached_policy_no_administrative_privileges;False;AWSSSOServiceRolePolicy;HIPAA;HIPAA compliance framework;
aws;The Health Insurance Portability and Accountability Act of 1996 (HIPAA) is legislation that helps US workers to retain health insurance coverage when they change or lose jobs. The legislation also seeks to encourage electronic health records to improve the efficiency and quality of the US healthcare system through improved information sharing.;992275841864;us-west-2;2026-08-18 15:47:07.870888;164_308_a_4_ii_b;Implement policies and procedures for granting access to electronic protected health information, As one illustrative example, through access to a workstation, transaction, program, process, or other mechanism.;164.308 Administrative Safeguards;;;iam;;PASS;AWS policy AWSSSOServiceRolePolicy is attached but does not allow '*:*' administrative privileges.;arn:aws:iam::aws:policy/aws-service-role/AWSSSOServiceRolePolicy;iam_aws_attached_policy_no_administrative_privileges;False;AWSSSOServiceRolePolicy;HIPAA;HIPAA compliance framework;
aws;The Health Insurance Portability and Accountability Act of 1996 (HIPAA) is legislation that helps US workers to retain health insurance coverage when they change or lose jobs. The legislation also seeks to encourage electronic health records to improve the efficiency and quality of the US healthcare system through improved information sharing.;992275841864;us-west-2;2026-08-18 15:47:07.870888;164_308_a_4_ii_c;Implement policies and procedures that, based upon the covered entity's or the business associate's access authorization policies, establish, document, review, and modify a user's right of access to a workstation, transaction, program, or process.;164.308 Administrative Safeguards;;;aws;;PASS;AWS policy AWSSSOServiceRolePolicy is attached but does not allow '*:*' administrative privileges.;arn:aws:iam::aws:policy/aws-service-role/AWSSSOServiceRolePolicy;iam_aws_attached_policy_no_administrative_privileges;False;AWSSSOServiceRolePolicy;HIPAA;HIPAA compliance framework;
aws;The Health Insurance Portability and Accountability Act of 1996 (HIPAA) is legislation that helps US workers to retain health insurance coverage when they change or lose jobs. The legislation also seeks to encourage electronic health records to improve the efficiency and quality of the US healthcare system through improved information sharing.;992275841864;us-west-2;2026-08-18 15:47:07.870888;164_312_a_1;Implement technical policies and procedures for electronic information systems that maintain electronic protected health information to allow access only to those persons or software programs that have been granted access rights as specified in 164.308(a)(4).;164.312 Technical Safeguards;;;aws;;PASS;AWS policy AWSSSOServiceRolePolicy is attached but does not allow '*:*' administrative privileges.;arn:aws:iam::aws:policy/aws-service-role/AWSSSOServiceRolePolicy;iam_aws_attached_policy_no_administrative_privileges;False;AWSSSOServiceRolePolicy;HIPAA;HIPAA compliance framework;
aws;The Health Insurance Portability and Accountability Act of 1996 (HIPAA) is legislation that helps US workers to retain health insurance coverage when they change or lose jobs. The legislation also seeks to encourage electronic health records to improve the efficiency and quality of the US healthcare system through improved information sharing.;992275841864;us-west-2;2026-08-18 15:47:07.870888;164_308_a_1_ii_b;Implement security measures sufficient to reduce risks and vulnerabilities to a reasonable and appropriate level to comply with 164.306(a): Ensure the confidentiality, integrity, and availability of all electronic protected health information the covered entity or business associate creates, receives, maintains, or transmits.;164.308 Administrative Safeguards;;;aws;;PASS;AWS policy AWSOrganizationsServiceTrustPolicy is attached but does not allow '*:*' administrative privileges.;arn:aws:iam::aws:policy/aws-service-role/AWSOrganizationsServiceTrustPolicy;iam_aws_attached_policy_no_administrative_privileges;False;AWSOrganizationsServiceTrustPolicy;HIPAA;HIPAA compliance framework;
aws;The Health Insurance Portability and Accountability Act of 1996 (HIPAA) is legislation that helps US workers to retain health insurance coverage when they change or lose jobs. The legislation also seeks to encourage electronic health records to improve the efficiency and quality of the US healthcare system through improved information sharing.;992275841864;us-west-2;2026-08-18 15:47:07.870888;164_308_a_3_i;Implement policies and procedures to ensure that all members of its workforce have appropriate access to electronic protected health information, as provided under paragraph (a)(4) of this section, and to prevent those workforce members who do not have access under paragraph (a)(4) of this section from obtaining access to electronic protected health information.;164.308 Administrative Safeguards;;;aws;;PASS;AWS policy AWSOrganizationsServiceTrustPolicy is attached but does not allow '*:*' administrative privileges.;arn:aws:iam::aws:policy/aws-service-role/AWSOrganizationsServiceTrustPolicy;iam_aws_attached_policy_no_administrative_privileges;False;AWSOrganizationsServiceTrustPolicy;HIPAA;HIPAA compliance framework;
aws;The Health Insurance Portability and Accountability Act of 1996 (HIPAA) is legislation that helps US workers to retain health insurance coverage when they change or lose jobs. The legislation also seeks to encourage electronic health records to improve the efficiency and quality of the US healthcare system through improved information sharing.;992275841864;us-west-2;2026-08-18 15:47:07.870888;164_308_a_3_ii_b;Implement procedures to determine that the access of a workforce member to electronic protected health information is appropriate.;164.308 Administrative Safeguards;;;iam;;PASS;AWS policy AWSOrganizationsServiceTrustPolicy is attached but does not allow '*:*' administrative privileges.;arn:aws:iam::aws:policy/aws-service-role/AWSOrganizationsServiceTrustPolicy;iam_aws_attached_policy_no_administrative_privileges;False;AWSOrganizationsServiceTrustPolicy;HIPAA;HIPAA compliance framework;
aws;The Health Insurance Portability and Accountability Act of 1996 (HIPAA) is legislation that helps US workers to retain health insurance coverage when they change or lose jobs. The legislation also seeks to encourage electronic health records to improve the efficiency and quality of the US healthcare system through improved information sharing.;992275841864;us-west-2;2026-08-18 15:47:07.870888;164_308_a_4_i;Implement policies and procedures for authorizing access to electronic protected health information that are consistent with the applicable requirements of subpart E of this part.;164.308 Administrative Safeguards;;;iam;;PASS;AWS policy AWSOrganizationsServiceTrustPolicy is attached but does not allow '*:*' administrative privileges.;arn:aws:iam::aws:policy/aws-service-role/AWSOrganizationsServiceTrustPolicy;iam_aws_attached_policy_no_administrative_privileges;False;AWSOrganizationsServiceTrustPolicy;HIPAA;HIPAA compliance framework;
aws;The Health Insurance Portability and Accountability Act of 1996 (HIPAA) is legislation that helps US workers to retain health insurance coverage when they change or lose jobs. The legislation also seeks to encourage electronic health records to improve the efficiency and quality of the US healthcare system through improved information sharing.;992275841864;us-west-2;2026-08-18 15:47:07.870888;164_308_a_4_ii_b;Implement policies and procedures for granting access to electronic protected health information, As one illustrative example, through access to a workstation, transaction, program, process, or other mechanism.;164.308 Administrative Safeguards;;;iam;;PASS;AWS policy AWSOrganizationsServiceTrustPolicy is attached but does not allow '*:*' administrative privileges.;arn:aws:iam::aws:policy/aws-service-role/AWSOrganizationsServiceTrustPolicy;iam_aws_attached_policy_no_administrative_privileges;False;AWSOrganizationsServiceTrustPolicy;HIPAA;HIPAA compliance framework;
aws;The Health Insurance Portability and Accountability Act of 1996 (HIPAA) is legislation that helps US workers to retain health insurance coverage when they change or lose jobs. The legislation also seeks to encourage electronic health records to improve the efficiency and quality of the US healthcare system through improved information sharing.;992275841864;us-west-2;2026-08-18 15:47:07.870888;164_308_a_4_ii_c;Implement policies and procedures that, based upon the covered entity's or the business associate's access authorization policies, establish, document, review, and modify a user's right of access to a workstation, transaction, program, or process.;164.308 Administrative Safeguards;;;aws;;PASS;AWS policy AWSOrganizationsServiceTrustPolicy is attached but does not allow '*:*' administrative privileges.;arn:aws:iam::aws:policy/aws-service-role/AWSOrganizationsServiceTrustPolicy;iam_aws_attached_policy_no_administrative_privileges;False;AWSOrganizationsServiceTrustPolicy;HIPAA;HIPAA compliance framework;
aws;The Health Insurance Portability and Accountability Act of 1996 (HIPAA) is legislation that helps US workers to retain health insurance coverage when they change or lose jobs. The legislation also seeks to encourage electronic health records to improve the efficiency and quality of the US healthcare system through improved information sharing.;992275841864;us-west-2;2026-08-18 15:47:07.870888;164_312_a_1;Implement technical policies and procedures for electronic information systems that maintain electronic protected health information to allow access only to those persons or software programs that have been granted access rights as specified in 164.308(a)(4).;164.312 Technical Safeguards;;;aws;;PASS;AWS policy AWSOrganizationsServiceTrustPolicy is attached but does not allow '*:*' administrative privileges.;arn:aws:iam::aws:policy/aws-service-role/AWSOrganizationsServiceTrustPolicy;iam_aws_attached_policy_no_administrative_privileges;False;AWSOrganizationsServiceTrustPolicy;HIPAA;HIPAA compliance framework;
aws;The Health Insurance Portability and Accountability Act of 1996 (HIPAA) is legislation that helps US workers to retain health insurance coverage when they change or lose jobs. The legislation also seeks to encourage electronic health records to improve the efficiency and quality of the US healthcare system through improved information sharing.;992275841864;us-west-2;2026-08-18 15:47:07.870888;164_308_a_1_ii_b;Implement security measures sufficient to reduce risks and vulnerabilities to a reasonable and appropriate level to comply with 164.306(a): Ensure the confidentiality, integrity, and availability of all electronic protected health information the covered entity or business associate creates, receives, maintains, or transmits.;164.308 Administrative Safeguards;;;aws;;PASS;AWS policy AWSTrustedAdvisorServiceRolePolicy is attached but does not allow '*:*' administrative privileges.;arn:aws:iam::aws:policy/aws-service-role/AWSTrustedAdvisorServiceRolePolicy;iam_aws_attached_policy_no_administrative_privileges;False;AWSTrustedAdvisorServiceRolePolicy;HIPAA;HIPAA compliance framework;
aws;The Health Insurance Portability and Accountability Act of 1996 (HIPAA) is legislation that helps US workers to retain health insurance coverage when they change or lose jobs. The legislation also seeks to encourage electronic health records to improve the efficiency and quality of the US healthcare system through improved information sharing.;992275841864;us-west-2;2026-08-18 15:47:07.870888;164_308_a_3_i;Implement policies and procedures to ensure that all members of its workforce have appropriate access to electronic protected health information, as provided under paragraph (a)(4) of this section, and to prevent those workforce members who do not have access under paragraph (a)(4) of this section from obtaining access to electronic protected health information.;164.308 Administrative Safeguards;;;aws;;PASS;AWS policy AWSTrustedAdvisorServiceRolePolicy is attached but does not allow '*:*' administrative privileges.;arn:aws:iam::aws:policy/aws-service-role/AWSTrustedAdvisorServiceRolePolicy;iam_aws_attached_policy_no_administrative_privileges;False;AWSTrustedAdvisorServiceRolePolicy;HIPAA;HIPAA compliance framework;
aws;The Health Insurance Portability and Accountability Act of 1996 (HIPAA) is legislation that helps US workers to retain health insurance coverage when they change or lose jobs. The legislation also seeks to encourage electronic health records to improve the efficiency and quality of the US healthcare system through improved information sharing.;992275841864;us-west-2;2026-08-18 15:47:07.870888;164_308_a_3_ii_b;Implement procedures to determine that the access of a workforce member to electronic protected health information is appropriate.;164.308 Administrative Safeguards;;;iam;;PASS;AWS policy AWSTrustedAdvisorServiceRolePolicy is attached but does not allow '*:*' administrative privileges.;arn:aws:iam::aws:policy/aws-service-role/AWSTrustedAdvisorServiceRolePolicy;iam_aws_attached_policy_no_administrative_privileges;False;AWSTrustedAdvisorServiceRolePolicy;HIPAA;HIPAA compliance framework;
aws;The Health Insurance Portability and Accountability Act of 1996 (HIPAA) is legislation that helps US workers to retain health insurance coverage when they change or lose jobs. The legislation also seeks to encourage electronic health records to improve the efficiency and quality of the US healthcare system through improved information sharing.;992275841864;us-west-2;2026-08-18 15:47:07.870888;164_308_a_4_i;Implement policies and procedures for authorizing access to electronic protected health information that are consistent with the applicable requirements of subpart E of this part.;164.308 Administrative Safeguards;;;iam;;PASS;AWS policy AWSTrustedAdvisorServiceRolePolicy is attached but does not allow '*:*' administrative privileges.;arn:aws:iam::aws:policy/aws-service-role/AWSTrustedAdvisorServiceRolePolicy;iam_aws_attached_policy_no_administrative_privileges;False;AWSTrustedAdvisorServiceRolePolicy;HIPAA;HIPAA compliance framework;
aws;The Health Insurance Portability and Accountability Act of 1996 (HIPAA) is legislation that helps US workers to retain health insurance coverage when they change or lose jobs. The legislation also seeks to encourage electronic health records to improve the efficiency and quality of the US healthcare system through improved information sharing.;992275841864;us-west-2;2026-08-18 15:47:07.870888;164_308_a_4_ii_b;Implement policies and procedures for granting access to electronic protected health information, As one illustrative example, through access to a workstation, transaction, program, process, or other mechanism.;164.308 Administrative Safeguards;;;iam;;PASS;AWS policy AWSTrustedAdvisorServiceRolePolicy is attached but does not allow '*:*' administrative privileges.;arn:aws:iam::aws:policy/aws-service-role/AWSTrustedAdvisorServiceRolePolicy;iam_aws_attached_policy_no_administrative_privileges;False;AWSTrustedAdvisorServiceRolePolicy;HIPAA;HIPAA compliance framework;
aws;The Health Insurance Portability and Accountability Act of 1996 (HIPAA) is legislation that helps US workers to retain health insurance coverage when they change or lose jobs. The legislation also seeks to encourage electronic health records to improve the efficiency and quality of the US healthcare system through improved information sharing.;992275841864;us-west-2;2026-08-18 15:47:07.870888;164_308_a_4_ii_c;Implement policies and procedures that, based upon the covered entity's or the business associate's access authorization policies, establish, document, review, and modify a user's right of access to a workstation, transaction, program, or process.;164.308 Administrative Safeguards;;;aws;;PASS;AWS policy AWSTrustedAdvisorServiceRolePolicy is attached but does not allow '*:*' administrative privileges.;arn:aws:iam::aws:policy/aws-service-role/AWSTrustedAdvisorServiceRolePolicy;iam_aws_attached_policy_no_administrative_privileges;False;AWSTrustedAdvisorServiceRolePolicy;HIPAA;HIPAA compliance framework;
aws;The Health Insurance Portability and Accountability Act of 1996 (HIPAA) is legislation that helps US workers to retain health insurance coverage when they change or lose jobs. The legislation also seeks to encourage electronic health records to improve the efficiency and quality of the US healthcare system through improved information sharing.;992275841864;us-west-2;2026-08-18 15:47:07.870888;164_312_a_1;Implement technical policies and procedures for electronic information systems that maintain electronic protected health information to allow access only to those persons or software programs that have been granted access rights as specified in 164.308(a)(4).;164.312 Technical Safeguards;;;aws;;PASS;AWS policy AWSTrustedAdvisorServiceRolePolicy is attached but does not allow '*:*' administrative privileges.;arn:aws:iam::aws:policy/aws-service-role/AWSTrustedAdvisorServiceRolePolicy;iam_aws_attached_policy_no_administrative_privileges;False;AWSTrustedAdvisorServiceRolePolicy;HIPAA;HIPAA compliance framework;
aws;The Health Insurance Portability and Accountability Act of 1996 (HIPAA) is legislation that helps US workers to retain health insurance coverage when they change or lose jobs. The legislation also seeks to encourage electronic health records to improve the efficiency and quality of the US healthcare system through improved information sharing.;992275841864;us-west-2;2026-08-18 15:47:07.870888;164_308_a_1_ii_b;Implement security measures sufficient to reduce risks and vulnerabilities to a reasonable and appropriate level to comply with 164.306(a): Ensure the confidentiality, integrity, and availability of all electronic protected health information the covered entity or business associate creates, receives, maintains, or transmits.;164.308 Administrative Safeguards;;;aws;;FAIL;AWS policy AdministratorAccess is attached and allows '*:*' administrative privileges.;arn:aws:iam::aws:policy/AdministratorAccess;iam_aws_attached_policy_no_administrative_privileges;False;AdministratorAccess;HIPAA;HIPAA compliance framework;
aws;The Health Insurance Portability and Accountability Act of 1996 (HIPAA) is legislation that helps US workers to retain health insurance coverage when they change or lose jobs. The legislation also seeks to encourage electronic health records to improve the efficiency and quality of the US healthcare system through improved information sharing.;992275841864;us-west-2;2026-08-18 15:47:07.870888;164_308_a_3_i;Implement policies and procedures to ensure that all members of its workforce have appropriate access to electronic protected health information, as provided under paragraph (a)(4) of this section, and to prevent those workforce members who do not have access under paragraph (a)(4) of this section from obtaining access to electronic protected health information.;164.308 Administrative Safeguards;;;aws;;FAIL;AWS policy AdministratorAccess is attached and allows '*:*' administrative privileges.;arn:aws:iam::aws:policy/AdministratorAccess;iam_aws_attached_policy_no_administrative_privileges;False;AdministratorAccess;HIPAA;HIPAA compliance framework;
aws;The Health Insurance Portability and Accountability Act of 1996 (HIPAA) is legislation that helps US workers to retain health insurance coverage when they change or lose jobs. The legislation also seeks to encourage electronic health records to improve the efficiency and quality of the US healthcare system through improved information sharing.;992275841864;us-west-2;2026-08-18 15:47:07.870888;164_308_a_3_ii_b;Implement procedures to determine that the access of a workforce member to electronic protected health information is appropriate.;164.308 Administrative Safeguards;;;iam;;FAIL;AWS policy AdministratorAccess is attached and allows '*:*' administrative privileges.;arn:aws:iam::aws:policy/AdministratorAccess;iam_aws_attached_policy_no_administrative_privileges;False;AdministratorAccess;HIPAA;HIPAA compliance framework;
aws;The Health Insurance Portability and Accountability Act of 1996 (HIPAA) is legislation that helps US workers to retain health insurance coverage when they change or lose jobs. The legislation also seeks to encourage electronic health records to improve the efficiency and quality of the US healthcare system through improved information sharing.;992275841864;us-west-2;2026-08-18 15:47:07.870888;164_308_a_4_i;Implement policies and procedures for authorizing access to electronic protected health information that are consistent with the applicable requirements of subpart E of this part.;164.308 Administrative Safeguards;;;iam;;FAIL;AWS policy AdministratorAccess is attached and allows '*:*' administrative privileges.;arn:aws:iam::aws:policy/AdministratorAccess;iam_aws_attached_policy_no_administrative_privileges;False;AdministratorAccess;HIPAA;HIPAA compliance framework;
aws;The Health Insurance Portability and Accountability Act of 1996 (HIPAA) is legislation that helps US workers to retain health insurance coverage when they change or lose jobs. The legislation also seeks to encourage electronic health records to improve the efficiency and quality of the US healthcare system through improved information sharing.;992275841864;us-west-2;2026-08-18 15:47:07.870888;164_308_a_4_ii_b;Implement policies and procedures for granting access to electronic protected health information, As one illustrative example, through access to a workstation, transaction, program, process, or other mechanism.;164.308 Administrative Safeguards;;;iam;;FAIL;AWS policy AdministratorAccess is attached and allows '*:*' administrative privileges.;arn:aws:iam::aws:policy/AdministratorAccess;iam_aws_attached_policy_no_administrative_privileges;False;AdministratorAccess;HIPAA;HIPAA compliance framework;
aws;The Health Insurance Portability and Accountability Act of 1996 (HIPAA) is legislation that helps US workers to retain health insurance coverage when they change or lose jobs. The legislation also seeks to encourage electronic health records to improve the efficiency and quality of the US healthcare system through improved information sharing.;992275841864;us-west-2;2026-08-18 15:47:07.870888;164_308_a_4_ii_c;Implement policies and procedures that, based upon the covered entity's or the business associate's access authorization policies, establish, document, review, and modify a user's right of access to a workstation, transaction, program, or process.;164.308 Administrative Safeguards;;;aws;;FAIL;AWS policy AdministratorAccess is attached and allows '*:*' administrative privileges.;arn:aws:iam::aws:policy/AdministratorAccess;iam_aws_attached_policy_no_administrative_privileges;False;AdministratorAccess;HIPAA;HIPAA compliance framework;
aws;The Health Insurance Portability and Accountability Act of 1996 (HIPAA) is legislation that helps US workers to retain health insurance coverage when they change or lose jobs. The legislation also seeks to encourage electronic health records to improve the efficiency and quality of the US healthcare system through improved information sharing.;992275841864;us-west-2;2026-08-18 15:47:07.870888;164_312_a_1;Implement technical policies and procedures for electronic information systems that maintain electronic protected health information to allow access only to those persons or software programs that have been granted access rights as specified in 164.308(a)(4).;164.312 Technical Safeguards;;;aws;;FAIL;AWS policy AdministratorAccess is attached and allows '*:*' administrative privileges.;arn:aws:iam::aws:policy/AdministratorAccess;iam_aws_attached_policy_no_administrative_privileges;False;AdministratorAccess;HIPAA;HIPAA compliance framework;
aws;The Health Insurance Portability and Accountability Act of 1996 (HIPAA) is legislation that helps US workers to retain health insurance coverage when they change or lose jobs. The legislation also seeks to encourage electronic health records to improve the efficiency and quality of the US healthcare system through improved information sharing.;992275841864;us-west-2;2026-08-18 15:47:07.870888;164_308_a_1_ii_b;Implement security measures sufficient to reduce risks and vulnerabilities to a reasonable and appropriate level to comply with 164.306(a): Ensure the confidentiality, integrity, and availability of all electronic protected health information the covered entity or business associate creates, receives, maintains, or transmits.;164.308 Administrative Safeguards;;;aws;;PASS;AWS policy AWSSupportServiceRolePolicy is attached but does not allow '*:*' administrative privileges.;arn:aws:iam::aws:policy/aws-service-role/AWSSupportServiceRolePolicy;iam_aws_attached_policy_no_administrative_privileges;False;AWSSupportServiceRolePolicy;HIPAA;HIPAA compliance framework;
aws;The Health Insurance Portability and Accountability Act of 1996 (HIPAA) is legislation that helps US workers to retain health insurance coverage when they change or lose jobs. The legislation also seeks to encourage electronic health records to improve the efficiency and quality of the US healthcare system through improved information sharing.;992275841864;us-west-2;2026-08-18 15:47:07.870888;164_308_a_3_i;Implement policies and procedures to ensure that all members of its workforce have appropriate access to electronic protected health information, as provided under paragraph (a)(4) of this section, and to prevent those workforce members who do not have access under paragraph (a)(4) of this section from obtaining access to electronic protected health information.;164.308 Administrative Safeguards;;;aws;;PASS;AWS policy AWSSupportServiceRolePolicy is attached but does not allow '*:*' administrative privileges.;arn:aws:iam::aws:policy/aws-service-role/AWSSupportServiceRolePolicy;iam_aws_attached_policy_no_administrative_privileges;False;AWSSupportServiceRolePolicy;HIPAA;HIPAA compliance framework;
aws;The Health Insurance Portability and Accountability Act of 1996 (HIPAA) is legislation that helps US workers to retain health insurance coverage when they change or lose jobs. The legislation also seeks to encourage electronic health records to improve the efficiency and quality of the US healthcare system through improved information sharing.;992275841864;us-west-2;2026-08-18 15:47:07.870888;164_308_a_3_ii_b;Implement procedures to determine that the access of a workforce member to electronic protected health information is appropriate.;164.308 Administrative Safeguards;;;iam;;PASS;AWS policy AWSSupportServiceRolePolicy is attached but does not allow '*:*' administrative privileges.;arn:aws:iam::aws:policy/aws-service-role/AWSSupportServiceRolePolicy;iam_aws_attached_policy_no_administrative_privileges;False;AWSSupportServiceRolePolicy;HIPAA;HIPAA compliance framework;
aws;The Health Insurance Portability and Accountability Act of 1996 (HIPAA) is legislation that helps US workers to retain health insurance coverage when they change or lose jobs. The legislation also seeks to encourage electronic health records to improve the efficiency and quality of the US healthcare system through improved information sharing.;992275841864;us-west-2;2026-08-18 15:47:07.870888;164_308_a_4_i;Implement policies and procedures for authorizing access to electronic protected health information that are consistent with the applicable requirements of subpart E of this part.;164.308 Administrative Safeguards;;;iam;;PASS;AWS policy AWSSupportServiceRolePolicy is attached but does not allow '*:*' administrative privileges.;arn:aws:iam::aws:policy/aws-service-role/AWSSupportServiceRolePolicy;iam_aws_attached_policy_no_administrative_privileges;False;AWSSupportServiceRolePolicy;HIPAA;HIPAA compliance framework;
aws;The Health Insurance Portability and Accountability Act of 1996 (HIPAA) is legislation that helps US workers to retain health insurance coverage when they change or lose jobs. The legislation also seeks to encourage electronic health records to improve the efficiency and quality of the US healthcare system through improved information sharing.;992275841864;us-west-2;2026-08-18 15:47:07.870888;164_308_a_4_ii_b;Implement policies and procedures for granting access to electronic protected health information, As one illustrative example, through access to a workstation, transaction, program, process, or other mechanism.;164.308 Administrative Safeguards;;;iam;;PASS;AWS policy AWSSupportServiceRolePolicy is attached but does not allow '*:*' administrative privileges.;arn:aws:iam::aws:policy/aws-service-role/AWSSupportServiceRolePolicy;iam_aws_attached_policy_no_administrative_privileges;False;AWSSupportServiceRolePolicy;HIPAA;HIPAA compliance framework;
aws;The Health Insurance Portability and Accountability Act of 1996 (HIPAA) is legislation that helps US workers to retain health insurance coverage when they change or lose jobs. The legislation also seeks to encourage electronic health records to improve the efficiency and quality of the US healthcare system through improved information sharing.;992275841864;us-west-2;2026-08-18 15:47:07.870888;164_308_a_4_ii_c;Implement policies and procedures that, based upon the covered entity's or the business associate's access authorization policies, establish, document, review, and modify a user's right of access to a workstation, transaction, program, or process.;164.308 Administrative Safeguards;;;aws;;PASS;AWS policy AWSSupportServiceRolePolicy is attached but does not allow '*:*' administrative privileges.;arn:aws:iam::aws:policy/aws-service-role/AWSSupportServiceRolePolicy;iam_aws_attached_policy_no_administrative_privileges;False;AWSSupportServiceRolePolicy;HIPAA;HIPAA compliance framework;
aws;The Health Insurance Portability and Accountability Act of 1996 (HIPAA) is legislation that helps US workers to retain health insurance coverage when they change or lose jobs. The legislation also seeks to encourage electronic health records to improve the efficiency and quality of the US healthcare system through improved information sharing.;992275841864;us-west-2;2026-08-18 15:47:07.870888;164_312_a_1;Implement technical policies and procedures for electronic information systems that maintain electronic protected health information to allow access only to those persons or software programs that have been granted access rights as specified in 164.308(a)(4).;164.312 Technical Safeguards;;;aws;;PASS;AWS policy AWSSupportServiceRolePolicy is attached but does not allow '*:*' administrative privileges.;arn:aws:iam::aws:policy/aws-service-role/AWSSupportServiceRolePolicy;iam_aws_attached_policy_no_administrative_privileges;False;AWSSupportServiceRolePolicy;HIPAA;HIPAA compliance framework;
aws;The Health Insurance Portability and Accountability Act of 1996 (HIPAA) is legislation that helps US workers to retain health insurance coverage when they change or lose jobs. The legislation also seeks to encourage electronic health records to improve the efficiency and quality of the US healthcare system through improved information sharing.;992275841864;us-west-2;2026-08-18 15:47:07.870888;164_308_a_1_ii_b;Implement security measures sufficient to reduce risks and vulnerabilities to a reasonable and appropriate level to comply with 164.306(a): Ensure the confidentiality, integrity, and availability of all electronic protected health information the covered entity or business associate creates, receives, maintains, or transmits.;164.308 Administrative Safeguards;;;aws;;PASS;AWS policy ViewOnlyAccess is attached but does not allow '*:*' administrative privileges.;arn:aws:iam::aws:policy/job-function/ViewOnlyAccess;iam_aws_attached_policy_no_administrative_privileges;False;ViewOnlyAccess;HIPAA;HIPAA compliance framework;
aws;The Health Insurance Portability and Accountability Act of 1996 (HIPAA) is legislation that helps US workers to retain health insurance coverage when they change or lose jobs. The legislation also seeks to encourage electronic health records to improve the efficiency and quality of the US healthcare system through improved information sharing.;992275841864;us-west-2;2026-08-18 15:47:07.870888;164_308_a_3_i;Implement policies and procedures to ensure that all members of its workforce have appropriate access to electronic protected health information, as provided under paragraph (a)(4) of this section, and to prevent those workforce members who do not have access under paragraph (a)(4) of this section from obtaining access to electronic protected health information.;164.308 Administrative Safeguards;;;aws;;PASS;AWS policy ViewOnlyAccess is attached but does not allow '*:*' administrative privileges.;arn:aws:iam::aws:policy/job-function/ViewOnlyAccess;iam_aws_attached_policy_no_administrative_privileges;False;ViewOnlyAccess;HIPAA;HIPAA compliance framework;
aws;The Health Insurance Portability and Accountability Act of 1996 (HIPAA) is legislation that helps US workers to retain health insurance coverage when they change or lose jobs. The legislation also seeks to encourage electronic health records to improve the efficiency and quality of the US healthcare system through improved information sharing.;992275841864;us-west-2;2026-08-18 15:47:07.870888;164_308_a_3_ii_b;Implement procedures to determine that the access of a workforce member to electronic protected health information is appropriate.;164.308 Administrative Safeguards;;;iam;;PASS;AWS policy ViewOnlyAccess is attached but does not allow '*:*' administrative privileges.;arn:aws:iam::aws:policy/job-function/ViewOnlyAccess;iam_aws_attached_policy_no_administrative_privileges;False;ViewOnlyAccess;HIPAA;HIPAA compliance framework;
aws;The Health Insurance Portability and Accountability Act of 1996 (HIPAA) is legislation that helps US workers to retain health insurance coverage when they change or lose jobs. The legislation also seeks to encourage electronic health records to improve the efficiency and quality of the US healthcare system through improved information sharing.;992275841864;us-west-2;2026-08-18 15:47:07.870888;164_308_a_4_i;Implement policies and procedures for authorizing access to electronic protected health information that are consistent with the applicable requirements of subpart E of this part.;164.308 Administrative Safeguards;;;iam;;PASS;AWS policy ViewOnlyAccess is attached but does not allow '*:*' administrative privileges.;arn:aws:iam::aws:policy/job-function/ViewOnlyAccess;iam_aws_attached_policy_no_administrative_privileges;False;ViewOnlyAccess;HIPAA;HIPAA compliance framework;
aws;The Health Insurance Portability and Accountability Act of 1996 (HIPAA) is legislation that helps US workers to retain health insurance coverage when they change or lose jobs. The legislation also seeks to encourage electronic health records to improve the efficiency and quality of the US healthcare system through improved information sharing.;992275841864;us-west-2;2026-08-18 15:47:07.870888;164_308_a_4_ii_b;Implement policies and procedures for granting access to electronic protected health information, As one illustrative example, through access to a workstation, transaction, program, process, or other mechanism.;164.308 Administrative Safeguards;;;iam;;PASS;AWS policy ViewOnlyAccess is attached but does not allow '*:*' administrative privileges.;arn:aws:iam::aws:policy/job-function/ViewOnlyAccess;iam_aws_attached_policy_no_administrative_privileges;False;ViewOnlyAccess;HIPAA;HIPAA compliance framework;
aws;The Health Insurance Portability and Accountability Act of 1996 (HIPAA) is legislation that helps US workers to retain health insurance coverage when they change or lose jobs. The legislation also seeks to encourage electronic health records to improve the efficiency and quality of the US healthcare system through improved information sharing.;992275841864;us-west-2;2026-08-18 15:47:07.870888;164_308_a_4_ii_c;Implement policies and procedures that, based upon the covered entity's or the business associate's access authorization policies, establish, document, review, and modify a user's right of access to a workstation, transaction, program, or process.;164.308 Administrative Safeguards;;;aws;;PASS;AWS policy ViewOnlyAccess is attached but does not allow '*:*' administrative privileges.;arn:aws:iam::aws:policy/job-function/ViewOnlyAccess;iam_aws_attached_policy_no_administrative_privileges;False;ViewOnlyAccess;HIPAA;HIPAA compliance framework;
aws;The Health Insurance Portability and Accountability Act of 1996 (HIPAA) is legislation that helps US workers to retain health insurance coverage when they change or lose jobs. The legislation also seeks to encourage electronic health records to improve the efficiency and quality of the US healthcare system through improved information sharing.;992275841864;us-west-2;2026-08-18 15:47:07.870888;164_312_a_1;Implement technical policies and procedures for electronic information systems that maintain electronic protected health information to allow access only to those persons or software programs that have been granted access rights as specified in 164.308(a)(4).;164.312 Technical Safeguards;;;aws;;PASS;AWS policy ViewOnlyAccess is attached but does not allow '*:*' administrative privileges.;arn:aws:iam::aws:policy/job-function/ViewOnlyAccess;iam_aws_attached_policy_no_administrative_privileges;False;ViewOnlyAccess;HIPAA;HIPAA compliance framework;
aws;The Health Insurance Portability and Accountability Act of 1996 (HIPAA) is legislation that helps US workers to retain health insurance coverage when they change or lose jobs. The legislation also seeks to encourage electronic health records to improve the efficiency and quality of the US healthcare system through improved information sharing.;992275841864;us-west-2;2026-08-18 15:47:07.870888;164_308_a_1_ii_b;Implement security measures sufficient to reduce risks and vulnerabilities to a reasonable and appropriate level to comply with 164.306(a): Ensure the confidentiality, integrity, and availability of all electronic protected health information the covered entity or business associate creates, receives, maintains, or transmits.;164.308 Administrative Safeguards;;;aws;;PASS;AWS policy SecurityAudit is attached but does not allow '*:*' administrative privileges.;arn:aws:iam::aws:policy/SecurityAudit;iam_aws_attached_policy_no_administrative_privileges;False;SecurityAudit;HIPAA;HIPAA compliance framework;
aws;The Health Insurance Portability and Accountability Act of 1996 (HIPAA) is legislation that helps US workers to retain health insurance coverage when they change or lose jobs. The legislation also seeks to encourage electronic health records to improve the efficiency and quality of the US healthcare system through improved information sharing.;992275841864;us-west-2;2026-08-18 15:47:07.870888;164_308_a_3_i;Implement policies and procedures to ensure that all members of its workforce have appropriate access to electronic protected health information, as provided under paragraph (a)(4) of this section, and to prevent those workforce members who do not have access under paragraph (a)(4) of this section from obtaining access to electronic protected health information.;164.308 Administrative Safeguards;;;aws;;PASS;AWS policy SecurityAudit is attached but does not allow '*:*' administrative privileges.;arn:aws:iam::aws:policy/SecurityAudit;iam_aws_attached_policy_no_administrative_privileges;False;SecurityAudit;HIPAA;HIPAA compliance framework;
aws;The Health Insurance Portability and Accountability Act of 1996 (HIPAA) is legislation that helps US workers to retain health insurance coverage when they change or lose jobs. The legislation also seeks to encourage electronic health records to improve the efficiency and quality of the US healthcare system through improved information sharing.;992275841864;us-west-2;2026-08-18 15:47:07.870888;164_308_a_3_ii_b;Implement procedures to determine that the access of a workforce member to electronic protected health information is appropriate.;164.308 Administrative Safeguards;;;iam;;PASS;AWS policy SecurityAudit is attached but does not allow '*:*' administrative privileges.;arn:aws:iam::aws:policy/SecurityAudit;iam_aws_attached_policy_no_administrative_privileges;False;SecurityAudit;HIPAA;HIPAA compliance framework;
aws;The Health Insurance Portability and Accountability Act of 1996 (HIPAA) is legislation that helps US workers to retain health insurance coverage when they change or lose jobs. The legislation also seeks to encourage electronic health records to improve the efficiency and quality of the US healthcare system through improved information sharing.;992275841864;us-west-2;2026-08-18 15:47:07.870888;164_308_a_4_i;Implement policies and procedures for authorizing access to electronic protected health information that are consistent with the applicable requirements of subpart E of this part.;164.308 Administrative Safeguards;;;iam;;PASS;AWS policy SecurityAudit is attached but does not allow '*:*' administrative privileges.;arn:aws:iam::aws:policy/SecurityAudit;iam_aws_attached_policy_no_administrative_privileges;False;SecurityAudit;HIPAA;HIPAA compliance framework;
aws;The Health Insurance Portability and Accountability Act of 1996 (HIPAA) is legislation that helps US workers to retain health insurance coverage when they change or lose jobs. The legislation also seeks to encourage electronic health records to improve the efficiency and quality of the US healthcare system through improved information sharing.;992275841864;us-west-2;2026-08-18 15:47:07.870888;164_308_a_4_ii_b;Implement policies and procedures for granting access to electronic protected health information, As one illustrative example, through access to a workstation, transaction, program, process, or other mechanism.;164.308 Administrative Safeguards;;;iam;;PASS;AWS policy SecurityAudit is attached but does not allow '*:*' administrative privileges.;arn:aws:iam::aws:policy/SecurityAudit;iam_aws_attached_policy_no_administrative_privileges;False;SecurityAudit;HIPAA;HIPAA compliance framework;
aws;The Health Insurance Portability and Accountability Act of 1996 (HIPAA) is legislation that helps US workers to retain health insurance coverage when they change or lose jobs. The legislation also seeks to encourage electronic health records to improve the efficiency and quality of the US healthcare system through improved information sharing.;992275841864;us-west-2;2026-08-18 15:47:07.870888;164_308_a_4_ii_c;Implement policies and procedures that, based upon the covered entity's or the business associate's access authorization policies, establish, document, review, and modify a user's right of access to a workstation, transaction, program, or process.;164.308 Administrative Safeguards;;;aws;;PASS;AWS policy SecurityAudit is attached but does not allow '*:*' administrative privileges.;arn:aws:iam::aws:policy/SecurityAudit;iam_aws_attached_policy_no_administrative_privileges;False;SecurityAudit;HIPAA;HIPAA compliance framework;
aws;The Health Insurance Portability and Accountability Act of 1996 (HIPAA) is legislation that helps US workers to retain health insurance coverage when they change or lose jobs. The legislation also seeks to encourage electronic health records to improve the efficiency and quality of the US healthcare system through improved information sharing.;992275841864;us-west-2;2026-08-18 15:47:07.870888;164_312_a_1;Implement technical policies and procedures for electronic information systems that maintain electronic protected health information to allow access only to those persons or software programs that have been granted access rights as specified in 164.308(a)(4).;164.312 Technical Safeguards;;;aws;;PASS;AWS policy SecurityAudit is attached but does not allow '*:*' administrative privileges.;arn:aws:iam::aws:policy/SecurityAudit;iam_aws_attached_policy_no_administrative_privileges;False;SecurityAudit;HIPAA;HIPAA compliance framework;
aws;The Health Insurance Portability and Accountability Act of 1996 (HIPAA) is legislation that helps US workers to retain health insurance coverage when they change or lose jobs. The legislation also seeks to encourage electronic health records to improve the efficiency and quality of the US healthcare system through improved information sharing.;992275841864;us-west-2;2026-08-18 15:47:07.870888;164_308_a_1_ii_b;Implement security measures sufficient to reduce risks and vulnerabilities to a reasonable and appropriate level to comply with 164.306(a): Ensure the confidentiality, integrity, and availability of all electronic protected health information the covered entity or business associate creates, receives, maintains, or transmits.;164.308 Administrative Safeguards;;;aws;;PASS;AWS policy AWSResourceExplorerServiceRolePolicy is attached but does not allow '*:*' administrative privileges.;arn:aws:iam::aws:policy/aws-service-role/AWSResourceExplorerServiceRolePolicy;iam_aws_attached_policy_no_administrative_privileges;False;AWSResourceExplorerServiceRolePolicy;HIPAA;HIPAA compliance framework;
aws;The Health Insurance Portability and Accountability Act of 1996 (HIPAA) is legislation that helps US workers to retain health insurance coverage when they change or lose jobs. The legislation also seeks to encourage electronic health records to improve the efficiency and quality of the US healthcare system through improved information sharing.;992275841864;us-west-2;2026-08-18 15:47:07.870888;164_308_a_3_i;Implement policies and procedures to ensure that all members of its workforce have appropriate access to electronic protected health information, as provided under paragraph (a)(4) of this section, and to prevent those workforce members who do not have access under paragraph (a)(4) of this section from obtaining access to electronic protected health information.;164.308 Administrative Safeguards;;;aws;;PASS;AWS policy AWSResourceExplorerServiceRolePolicy is attached but does not allow '*:*' administrative privileges.;arn:aws:iam::aws:policy/aws-service-role/AWSResourceExplorerServiceRolePolicy;iam_aws_attached_policy_no_administrative_privileges;False;AWSResourceExplorerServiceRolePolicy;HIPAA;HIPAA compliance framework;
aws;The Health Insurance Portability and Accountability Act of 1996 (HIPAA) is legislation that helps US workers to retain health insurance coverage when they change or lose jobs. The legislation also seeks to encourage electronic health records to improve the efficiency and quality of the US healthcare system through improved information sharing.;992275841864;us-west-2;2026-08-18 15:47:07.870888;164_308_a_3_ii_b;Implement procedures to determine that the access of a workforce member to electronic protected health information is appropriate.;164.308 Administrative Safeguards;;;iam;;PASS;AWS policy AWSResourceExplorerServiceRolePolicy is attached but does not allow '*:*' administrative privileges.;arn:aws:iam::aws:policy/aws-service-role/AWSResourceExplorerServiceRolePolicy;iam_aws_attached_policy_no_administrative_privileges;False;AWSResourceExplorerServiceRolePolicy;HIPAA;HIPAA compliance framework;
aws;The Health Insurance Portability and Accountability Act of 1996 (HIPAA) is legislation that helps US workers to retain health insurance coverage when they change or lose jobs. The legislation also seeks to encourage electronic health records to improve the efficiency and quality of the US healthcare system through improved information sharing.;992275841864;us-west-2;2026-08-18 15:47:07.870888;164_308_a_4_i;Implement policies and procedures for authorizing access to electronic protected health information that are consistent with the applicable requirements of subpart E of this part.;164.308 Administrative Safeguards;;;iam;;PASS;AWS policy AWSResourceExplorerServiceRolePolicy is attached but does not allow '*:*' administrative privileges.;arn:aws:iam::aws:policy/aws-service-role/AWSResourceExplorerServiceRolePolicy;iam_aws_attached_policy_no_administrative_privileges;False;AWSResourceExplorerServiceRolePolicy;HIPAA;HIPAA compliance framework;
aws;The Health Insurance Portability and Accountability Act of 1996 (HIPAA) is legislation that helps US workers to retain health insurance coverage when they change or lose jobs. The legislation also seeks to encourage electronic health records to improve the efficiency and quality of the US healthcare system through improved information sharing.;992275841864;us-west-2;2026-08-18 15:47:07.870888;164_308_a_4_ii_b;Implement policies and procedures for granting access to electronic protected health information, As one illustrative example, through access to a workstation, transaction, program, process, or other mechanism.;164.308 Administrative Safeguards;;;iam;;PASS;AWS policy AWSResourceExplorerServiceRolePolicy is attached but does not allow '*:*' administrative privileges.;arn:aws:iam::aws:policy/aws-service-role/AWSResourceExplorerServiceRolePolicy;iam_aws_attached_policy_no_administrative_privileges;False;AWSResourceExplorerServiceRolePolicy;HIPAA;HIPAA compliance framework;
aws;The Health Insurance Portability and Accountability Act of 1996 (HIPAA) is legislation that helps US workers to retain health insurance coverage when they change or lose jobs. The legislation also seeks to encourage electronic health records to improve the efficiency and quality of the US healthcare system through improved information sharing.;992275841864;us-west-2;2026-08-18 15:47:07.870888;164_308_a_4_ii_c;Implement policies and procedures that, based upon the covered entity's or the business associate's access authorization policies, establish, document, review, and modify a user's right of access to a workstation, transaction, program, or process.;164.308 Administrative Safeguards;;;aws;;PASS;AWS policy AWSResourceExplorerServiceRolePolicy is attached but does not allow '*:*' administrative privileges.;arn:aws:iam::aws:policy/aws-service-role/AWSResourceExplorerServiceRolePolicy;iam_aws_attached_policy_no_administrative_privileges;False;AWSResourceExplorerServiceRolePolicy;HIPAA;HIPAA compliance framework;
aws;The Health Insurance Portability and Accountability Act of 1996 (HIPAA) is legislation that helps US workers to retain health insurance coverage when they change or lose jobs. The legislation also seeks to encourage electronic health records to improve the efficiency and quality of the US healthcare system through improved information sharing.;992275841864;us-west-2;2026-08-18 15:47:07.870888;164_312_a_1;Implement technical policies and procedures for electronic information systems that maintain electronic protected health information to allow access only to those persons or software programs that have been granted access rights as specified in 164.308(a)(4).;164.312 Technical Safeguards;;;aws;;PASS;AWS policy AWSResourceExplorerServiceRolePolicy is attached but does not allow '*:*' administrative privileges.;arn:aws:iam::aws:policy/aws-service-role/AWSResourceExplorerServiceRolePolicy;iam_aws_attached_policy_no_administrative_privileges;False;AWSResourceExplorerServiceRolePolicy;HIPAA;HIPAA compliance framework;
aws;The Health Insurance Portability and Accountability Act of 1996 (HIPAA) is legislation that helps US workers to retain health insurance coverage when they change or lose jobs. The legislation also seeks to encourage electronic health records to improve the efficiency and quality of the US healthcare system through improved information sharing.;992275841864;us-west-2;2026-08-18 15:47:07.870888;164_308_a_1_ii_b;Implement security measures sufficient to reduce risks and vulnerabilities to a reasonable and appropriate level to comply with 164.306(a): Ensure the confidentiality, integrity, and availability of all electronic protected health information the covered entity or business associate creates, receives, maintains, or transmits.;164.308 Administrative Safeguards;;;aws;;PASS;Inline policy auto-shutdown-permissions attached to role auto-shutdown-lambda-role does not allow '*:*' administrative privileges.;arn:aws:iam::992275841864:role/auto-shutdown-lambda-role;iam_inline_policy_no_administrative_privileges;False;auto-shutdown-lambda-role/auto-shutdown-permissions;HIPAA;HIPAA compliance framework;
aws;The Health Insurance Portability and Accountability Act of 1996 (HIPAA) is legislation that helps US workers to retain health insurance coverage when they change or lose jobs. The legislation also seeks to encourage electronic health records to improve the efficiency and quality of the US healthcare system through improved information sharing.;992275841864;us-west-2;2026-08-18 15:47:07.870888;164_308_a_3_i;Implement policies and procedures to ensure that all members of its workforce have appropriate access to electronic protected health information, as provided under paragraph (a)(4) of this section, and to prevent those workforce members who do not have access under paragraph (a)(4) of this section from obtaining access to electronic protected health information.;164.308 Administrative Safeguards;;;aws;;PASS;Inline policy auto-shutdown-permissions attached to role auto-shutdown-lambda-role does not allow '*:*' administrative privileges.;arn:aws:iam::992275841864:role/auto-shutdown-lambda-role;iam_inline_policy_no_administrative_privileges;False;auto-shutdown-lambda-role/auto-shutdown-permissions;HIPAA;HIPAA compliance framework;
aws;The Health Insurance Portability and Accountability Act of 1996 (HIPAA) is legislation that helps US workers to retain health insurance coverage when they change or lose jobs. The legislation also seeks to encourage electronic health records to improve the efficiency and quality of the US healthcare system through improved information sharing.;992275841864;us-west-2;2026-08-18 15:47:07.870888;164_308_a_3_ii_b;Implement procedures to determine that the access of a workforce member to electronic protected health information is appropriate.;164.308 Administrative Safeguards;;;iam;;PASS;Inline policy auto-shutdown-permissions attached to role auto-shutdown-lambda-role does not allow '*:*' administrative privileges.;arn:aws:iam::992275841864:role/auto-shutdown-lambda-role;iam_inline_policy_no_administrative_privileges;False;auto-shutdown-lambda-role/auto-shutdown-permissions;HIPAA;HIPAA compliance framework;
aws;The Health Insurance Portability and Accountability Act of 1996 (HIPAA) is legislation that helps US workers to retain health insurance coverage when they change or lose jobs. The legislation also seeks to encourage electronic health records to improve the efficiency and quality of the US healthcare system through improved information sharing.;992275841864;us-west-2;2026-08-18 15:47:07.870888;164_308_a_4_i;Implement policies and procedures for authorizing access to electronic protected health information that are consistent with the applicable requirements of subpart E of this part.;164.308 Administrative Safeguards;;;iam;;PASS;Inline policy auto-shutdown-permissions attached to role auto-shutdown-lambda-role does not allow '*:*' administrative privileges.;arn:aws:iam::992275841864:role/auto-shutdown-lambda-role;iam_inline_policy_no_administrative_privileges;False;auto-shutdown-lambda-role/auto-shutdown-permissions;HIPAA;HIPAA compliance framework;
aws;The Health Insurance Portability and Accountability Act of 1996 (HIPAA) is legislation that helps US workers to retain health insurance coverage when they change or lose jobs. The legislation also seeks to encourage electronic health records to improve the efficiency and quality of the US healthcare system through improved information sharing.;992275841864;us-west-2;2026-08-18 15:47:07.870888;164_308_a_4_ii_b;Implement policies and procedures for granting access to electronic protected health information, As one illustrative example, through access to a workstation, transaction, program, process, or other mechanism.;164.308 Administrative Safeguards;;;iam;;PASS;Inline policy auto-shutdown-permissions attached to role auto-shutdown-lambda-role does not allow '*:*' administrative privileges.;arn:aws:iam::992275841864:role/auto-shutdown-lambda-role;iam_inline_policy_no_administrative_privileges;False;auto-shutdown-lambda-role/auto-shutdown-permissions;HIPAA;HIPAA compliance framework;
aws;The Health Insurance Portability and Accountability Act of 1996 (HIPAA) is legislation that helps US workers to retain health insurance coverage when they change or lose jobs. The legislation also seeks to encourage electronic health records to improve the efficiency and quality of the US healthcare system through improved information sharing.;992275841864;us-west-2;2026-08-18 15:47:07.870888;164_308_a_4_ii_c;Implement policies and procedures that, based upon the covered entity's or the business associate's access authorization policies, establish, document, review, and modify a user's right of access to a workstation, transaction, program, or process.;164.308 Administrative Safeguards;;;aws;;PASS;Inline policy auto-shutdown-permissions attached to role auto-shutdown-lambda-role does not allow '*:*' administrative privileges.;arn:aws:iam::992275841864:role/auto-shutdown-lambda-role;iam_inline_policy_no_administrative_privileges;False;auto-shutdown-lambda-role/auto-shutdown-permissions;HIPAA;HIPAA compliance framework;
aws;The Health Insurance Portability and Accountability Act of 1996 (HIPAA) is legislation that helps US workers to retain health insurance coverage when they change or lose jobs. The legislation also seeks to encourage electronic health records to improve the efficiency and quality of the US healthcare system through improved information sharing.;992275841864;us-west-2;2026-08-18 15:47:07.870888;164_312_a_1;Implement technical policies and procedures for electronic information systems that maintain electronic protected health information to allow access only to those persons or software programs that have been granted access rights as specified in 164.308(a)(4).;164.312 Technical Safeguards;;;aws;;PASS;Inline policy auto-shutdown-permissions attached to role auto-shutdown-lambda-role does not allow '*:*' administrative privileges.;arn:aws:iam::992275841864:role/auto-shutdown-lambda-role;iam_inline_policy_no_administrative_privileges;False;auto-shutdown-lambda-role/auto-shutdown-permissions;HIPAA;HIPAA compliance framework;
aws;The Health Insurance Portability and Accountability Act of 1996 (HIPAA) is legislation that helps US workers to retain health insurance coverage when they change or lose jobs. The legislation also seeks to encourage electronic health records to improve the efficiency and quality of the US healthcare system through improved information sharing.;992275841864;us-west-2;2026-08-18 15:47:07.870888;164_308_a_4_ii_b;Implement policies and procedures for granting access to electronic protected health information, As one illustrative example, through access to a workstation, transaction, program, process, or other mechanism.;164.308 Administrative Safeguards;;;iam;;PASS;Inline policy auto-shutdown-permissions attached to role auto-shutdown-lambda-role does not allow 'aws-marketplace:Subscribe' on all resources.;arn:aws:iam::992275841864:role/auto-shutdown-lambda-role;iam_inline_policy_no_wildcard_marketplace_subscribe;False;auto-shutdown-lambda-role/auto-shutdown-permissions;HIPAA;HIPAA compliance framework;
aws;The Health Insurance Portability and Accountability Act of 1996 (HIPAA) is legislation that helps US workers to retain health insurance coverage when they change or lose jobs. The legislation also seeks to encourage electronic health records to improve the efficiency and quality of the US healthcare system through improved information sharing.;992275841864;us-west-2;2026-08-18 15:47:07.870888;164_308_a_5_ii_d;Procedures for creating, changing, and safeguarding passwords.;164.308 Administrative Safeguards;;;iam;;FAIL;IAM password policy does not require at least one lowercase letter.;arn:aws:iam:us-west-2:992275841864:password-policy;iam_password_policy_lowercase;False;992275841864;HIPAA;HIPAA compliance framework;
aws;The Health Insurance Portability and Accountability Act of 1996 (HIPAA) is legislation that helps US workers to retain health insurance coverage when they change or lose jobs. The legislation also seeks to encourage electronic health records to improve the efficiency and quality of the US healthcare system through improved information sharing.;992275841864;us-west-2;2026-08-18 15:47:07.870888;164_308_a_5_ii_d;Procedures for creating, changing, and safeguarding passwords.;164.308 Administrative Safeguards;;;iam;;FAIL;IAM password policy does not require minimum length of 14 characters.;arn:aws:iam:us-west-2:992275841864:password-policy;iam_password_policy_minimum_length_14;False;992275841864;HIPAA;HIPAA compliance framework;
aws;The Health Insurance Portability and Accountability Act of 1996 (HIPAA) is legislation that helps US workers to retain health insurance coverage when they change or lose jobs. The legislation also seeks to encourage electronic health records to improve the efficiency and quality of the US healthcare system through improved information sharing.;992275841864;us-west-2;2026-08-18 15:47:07.870888;164_308_a_5_ii_d;Procedures for creating, changing, and safeguarding passwords.;164.308 Administrative Safeguards;;;iam;;FAIL;IAM password policy does not require at least one number.;arn:aws:iam:us-west-2:992275841864:password-policy;iam_password_policy_number;False;992275841864;HIPAA;HIPAA compliance framework;
aws;The Health Insurance Portability and Accountability Act of 1996 (HIPAA) is legislation that helps US workers to retain health insurance coverage when they change or lose jobs. The legislation also seeks to encourage electronic health records to improve the efficiency and quality of the US healthcare system through improved information sharing.;992275841864;us-west-2;2026-08-18 15:47:07.870888;164_308_a_4_ii_c;Implement policies and procedures that, based upon the covered entity's or the business associate's access authorization policies, establish, document, review, and modify a user's right of access to a workstation, transaction, program, or process.;164.308 Administrative Safeguards;;;aws;;FAIL;IAM password policy reuse prevention is less than 24 or not set.;arn:aws:iam:us-west-2:992275841864:password-policy;iam_password_policy_reuse_24;False;992275841864;HIPAA;HIPAA compliance framework;
aws;The Health Insurance Portability and Accountability Act of 1996 (HIPAA) is legislation that helps US workers to retain health insurance coverage when they change or lose jobs. The legislation also seeks to encourage electronic health records to improve the efficiency and quality of the US healthcare system through improved information sharing.;992275841864;us-west-2;2026-08-18 15:47:07.870888;164_308_a_5_ii_d;Procedures for creating, changing, and safeguarding passwords.;164.308 Administrative Safeguards;;;iam;;FAIL;IAM password policy reuse prevention is less than 24 or not set.;arn:aws:iam:us-west-2:992275841864:password-policy;iam_password_policy_reuse_24;False;992275841864;HIPAA;HIPAA compliance framework;
aws;The Health Insurance Portability and Accountability Act of 1996 (HIPAA) is legislation that helps US workers to retain health insurance coverage when they change or lose jobs. The legislation also seeks to encourage electronic health records to improve the efficiency and quality of the US healthcare system through improved information sharing.;992275841864;us-west-2;2026-08-18 15:47:07.870888;164_312_d;Implement procedures to verify that a person or entity seeking access to electronic protected health information is the one claimed.;164.312 Technical Safeguards;;;iam;;FAIL;IAM password policy reuse prevention is less than 24 or not set.;arn:aws:iam:us-west-2:992275841864:password-policy;iam_password_policy_reuse_24;False;992275841864;HIPAA;HIPAA compliance framework;
aws;The Health Insurance Portability and Accountability Act of 1996 (HIPAA) is legislation that helps US workers to retain health insurance coverage when they change or lose jobs. The legislation also seeks to encourage electronic health records to improve the efficiency and quality of the US healthcare system through improved information sharing.;992275841864;us-west-2;2026-08-18 15:47:07.870888;164_308_a_5_ii_d;Procedures for creating, changing, and safeguarding passwords.;164.308 Administrative Safeguards;;;iam;;FAIL;IAM password policy does not require at least one symbol.;arn:aws:iam:us-west-2:992275841864:password-policy;iam_password_policy_symbol;False;992275841864;HIPAA;HIPAA compliance framework;
aws;The Health Insurance Portability and Accountability Act of 1996 (HIPAA) is legislation that helps US workers to retain health insurance coverage when they change or lose jobs. The legislation also seeks to encourage electronic health records to improve the efficiency and quality of the US healthcare system through improved information sharing.;992275841864;us-west-2;2026-08-18 15:47:07.870888;164_308_a_5_ii_d;Procedures for creating, changing, and safeguarding passwords.;164.308 Administrative Safeguards;;;iam;;FAIL;IAM password policy does not require at least one uppercase letter.;arn:aws:iam:us-west-2:992275841864:password-policy;iam_password_policy_uppercase;False;992275841864;HIPAA;HIPAA compliance framework;
aws;The Health Insurance Portability and Accountability Act of 1996 (HIPAA) is legislation that helps US workers to retain health insurance coverage when they change or lose jobs. The legislation also seeks to encourage electronic health records to improve the efficiency and quality of the US healthcare system through improved information sharing.;992275841864;us-west-2;2026-08-18 15:47:07.870888;164_308_a_3_ii_c;Implement procedures for terminating access to electronic protected health information when the employment of, or other arrangement with, a workforce member ends or as required by determinations made as specified in paragraph (a)(3)(ii)(b).;164.308 Administrative Safeguards;;;iam;;PASS;User <root_account> does not have access keys.;arn:aws:iam::992275841864:root;iam_rotate_access_key_90_days;False;<root_account>;HIPAA;HIPAA compliance framework;
aws;The Health Insurance Portability and Accountability Act of 1996 (HIPAA) is legislation that helps US workers to retain health insurance coverage when they change or lose jobs. The legislation also seeks to encourage electronic health records to improve the efficiency and quality of the US healthcare system through improved information sharing.;992275841864;us-west-2;2026-08-18 15:47:07.870888;164_308_a_4_ii_c;Implement policies and procedures that, based upon the covered entity's or the business associate's access authorization policies, establish, document, review, and modify a user's right of access to a workstation, transaction, program, or process.;164.308 Administrative Safeguards;;;aws;;PASS;User <root_account> does not have access keys.;arn:aws:iam::992275841864:root;iam_rotate_access_key_90_days;False;<root_account>;HIPAA;HIPAA compliance framework;
aws;The Health Insurance Portability and Accountability Act of 1996 (HIPAA) is legislation that helps US workers to retain health insurance coverage when they change or lose jobs. The legislation also seeks to encourage electronic health records to improve the efficiency and quality of the US healthcare system through improved information sharing.;992275841864;us-west-2;2026-08-18 15:47:07.870888;164_308_a_5_ii_d;Procedures for creating, changing, and safeguarding passwords.;164.308 Administrative Safeguards;;;iam;;PASS;User <root_account> does not have access keys.;arn:aws:iam::992275841864:root;iam_rotate_access_key_90_days;False;<root_account>;HIPAA;HIPAA compliance framework;
aws;The Health Insurance Portability and Accountability Act of 1996 (HIPAA) is legislation that helps US workers to retain health insurance coverage when they change or lose jobs. The legislation also seeks to encourage electronic health records to improve the efficiency and quality of the US healthcare system through improved information sharing.;992275841864;us-west-2;2026-08-18 15:47:07.870888;164_308_a_3_ii_c;Implement procedures for terminating access to electronic protected health information when the employment of, or other arrangement with, a workforce member ends or as required by determinations made as specified in paragraph (a)(3)(ii)(b).;164.308 Administrative Safeguards;;;iam;;PASS;User demo-no-mfa-user does not have access keys older than 90 days.;arn:aws:iam::992275841864:user/demo-no-mfa-user;iam_rotate_access_key_90_days;False;demo-no-mfa-user;HIPAA;HIPAA compliance framework;
aws;The Health Insurance Portability and Accountability Act of 1996 (HIPAA) is legislation that helps US workers to retain health insurance coverage when they change or lose jobs. The legislation also seeks to encourage electronic health records to improve the efficiency and quality of the US healthcare system through improved information sharing.;992275841864;us-west-2;2026-08-18 15:47:07.870888;164_308_a_4_ii_c;Implement policies and procedures that, based upon the covered entity's or the business associate's access authorization policies, establish, document, review, and modify a user's right of access to a workstation, transaction, program, or process.;164.308 Administrative Safeguards;;;aws;;PASS;User demo-no-mfa-user does not have access keys older than 90 days.;arn:aws:iam::992275841864:user/demo-no-mfa-user;iam_rotate_access_key_90_days;False;demo-no-mfa-user;HIPAA;HIPAA compliance framework;
aws;The Health Insurance Portability and Accountability Act of 1996 (HIPAA) is legislation that helps US workers to retain health insurance coverage when they change or lose jobs. The legislation also seeks to encourage electronic health records to improve the efficiency and quality of the US healthcare system through improved information sharing.;992275841864;us-west-2;2026-08-18 15:47:07.870888;164_308_a_5_ii_d;Procedures for creating, changing, and safeguarding passwords.;164.308 Administrative Safeguards;;;iam;;PASS;User demo-no-mfa-user does not have access keys older than 90 days.;arn:aws:iam::992275841864:user/demo-no-mfa-user;iam_rotate_access_key_90_days;False;demo-no-mfa-user;HIPAA;HIPAA compliance framework;
aws;The Health Insurance Portability and Accountability Act of 1996 (HIPAA) is legislation that helps US workers to retain health insurance coverage when they change or lose jobs. The legislation also seeks to encourage electronic health records to improve the efficiency and quality of the US healthcare system through improved information sharing.;992275841864;us-west-2;2026-08-18 15:47:07.870888;164_308_a_3_ii_c;Implement procedures for terminating access to electronic protected health information when the employment of, or other arrangement with, a workforce member ends or as required by determinations made as specified in paragraph (a)(3)(ii)(b).;164.308 Administrative Safeguards;;;iam;;PASS;User prowler-readonly does not have access keys older than 90 days.;arn:aws:iam::992275841864:user/prowler-readonly;iam_rotate_access_key_90_days;False;prowler-readonly;HIPAA;HIPAA compliance framework;
aws;The Health Insurance Portability and Accountability Act of 1996 (HIPAA) is legislation that helps US workers to retain health insurance coverage when they change or lose jobs. The legislation also seeks to encourage electronic health records to improve the efficiency and quality of the US healthcare system through improved information sharing.;992275841864;us-west-2;2026-08-18 15:47:07.870888;164_308_a_4_ii_c;Implement policies and procedures that, based upon the covered entity's or the business associate's access authorization policies, establish, document, review, and modify a user's right of access to a workstation, transaction, program, or process.;164.308 Administrative Safeguards;;;aws;;PASS;User prowler-readonly does not have access keys older than 90 days.;arn:aws:iam::992275841864:user/prowler-readonly;iam_rotate_access_key_90_days;False;prowler-readonly;HIPAA;HIPAA compliance framework;
aws;The Health Insurance Portability and Accountability Act of 1996 (HIPAA) is legislation that helps US workers to retain health insurance coverage when they change or lose jobs. The legislation also seeks to encourage electronic health records to improve the efficiency and quality of the US healthcare system through improved information sharing.;992275841864;us-west-2;2026-08-18 15:47:07.870888;164_308_a_5_ii_d;Procedures for creating, changing, and safeguarding passwords.;164.308 Administrative Safeguards;;;iam;;PASS;User prowler-readonly does not have access keys older than 90 days.;arn:aws:iam::992275841864:user/prowler-readonly;iam_rotate_access_key_90_days;False;prowler-readonly;HIPAA;HIPAA compliance framework;
aws;The Health Insurance Portability and Accountability Act of 1996 (HIPAA) is legislation that helps US workers to retain health insurance coverage when they change or lose jobs. The legislation also seeks to encourage electronic health records to improve the efficiency and quality of the US healthcare system through improved information sharing.;992275841864;us-west-2;2026-08-18 15:47:07.870888;164_308_a_3_ii_b;Implement procedures to determine that the access of a workforce member to electronic protected health information is appropriate.;164.308 Administrative Safeguards;;;iam;;PASS;User <root_account> does not have access keys.;arn:aws:iam::992275841864:root;iam_user_accesskey_unused;False;<root_account>;HIPAA;HIPAA compliance framework;
aws;The Health Insurance Portability and Accountability Act of 1996 (HIPAA) is legislation that helps US workers to retain health insurance coverage when they change or lose jobs. The legislation also seeks to encourage electronic health records to improve the efficiency and quality of the US healthcare system through improved information sharing.;992275841864;us-west-2;2026-08-18 15:47:07.870888;164_308_a_4_ii_c;Implement policies and procedures that, based upon the covered entity's or the business associate's access authorization policies, establish, document, review, and modify a user's right of access to a workstation, transaction, program, or process.;164.308 Administrative Safeguards;;;aws;;PASS;User <root_account> does not have access keys.;arn:aws:iam::992275841864:root;iam_user_accesskey_unused;False;<root_account>;HIPAA;HIPAA compliance framework;
aws;The Health Insurance Portability and Accountability Act of 1996 (HIPAA) is legislation that helps US workers to retain health insurance coverage when they change or lose jobs. The legislation also seeks to encourage electronic health records to improve the efficiency and quality of the US healthcare system through improved information sharing.;992275841864;us-west-2;2026-08-18 15:47:07.870888;164_308_a_5_ii_d;Procedures for creating, changing, and safeguarding passwords.;164.308 Administrative Safeguards;;;iam;;PASS;User <root_account> does not have access keys.;arn:aws:iam::992275841864:root;iam_user_accesskey_unused;False;<root_account>;HIPAA;HIPAA compliance framework;
aws;The Health Insurance Portability and Accountability Act of 1996 (HIPAA) is legislation that helps US workers to retain health insurance coverage when they change or lose jobs. The legislation also seeks to encourage electronic health records to improve the efficiency and quality of the US healthcare system through improved information sharing.;992275841864;us-west-2;2026-08-18 15:47:07.870888;164_308_a_3_ii_b;Implement procedures to determine that the access of a workforce member to electronic protected health information is appropriate.;164.308 Administrative Safeguards;;;iam;;PASS;User demo-no-mfa-user does not have unused access keys for 45 days.;arn:aws:iam::992275841864:user/demo-no-mfa-user;iam_user_accesskey_unused;False;demo-no-mfa-user;HIPAA;HIPAA compliance framework;
aws;The Health Insurance Portability and Accountability Act of 1996 (HIPAA) is legislation that helps US workers to retain health insurance coverage when they change or lose jobs. The legislation also seeks to encourage electronic health records to improve the efficiency and quality of the US healthcare system through improved information sharing.;992275841864;us-west-2;2026-08-18 15:47:07.870888;164_308_a_4_ii_c;Implement policies and procedures that, based upon the covered entity's or the business associate's access authorization policies, establish, document, review, and modify a user's right of access to a workstation, transaction, program, or process.;164.308 Administrative Safeguards;;;aws;;PASS;User demo-no-mfa-user does not have unused access keys for 45 days.;arn:aws:iam::992275841864:user/demo-no-mfa-user;iam_user_accesskey_unused;False;demo-no-mfa-user;HIPAA;HIPAA compliance framework;
aws;The Health Insurance Portability and Accountability Act of 1996 (HIPAA) is legislation that helps US workers to retain health insurance coverage when they change or lose jobs. The legislation also seeks to encourage electronic health records to improve the efficiency and quality of the US healthcare system through improved information sharing.;992275841864;us-west-2;2026-08-18 15:47:07.870888;164_308_a_5_ii_d;Procedures for creating, changing, and safeguarding passwords.;164.308 Administrative Safeguards;;;iam;;PASS;User demo-no-mfa-user does not have unused access keys for 45 days.;arn:aws:iam::992275841864:user/demo-no-mfa-user;iam_user_accesskey_unused;False;demo-no-mfa-user;HIPAA;HIPAA compliance framework;
aws;The Health Insurance Portability and Accountability Act of 1996 (HIPAA) is legislation that helps US workers to retain health insurance coverage when they change or lose jobs. The legislation also seeks to encourage electronic health records to improve the efficiency and quality of the US healthcare system through improved information sharing.;992275841864;us-west-2;2026-08-18 15:47:07.870888;164_308_a_3_ii_b;Implement procedures to determine that the access of a workforce member to electronic protected health information is appropriate.;164.308 Administrative Safeguards;;;iam;;PASS;User prowler-readonly does not have unused access keys for 45 days.;arn:aws:iam::992275841864:user/prowler-readonly;iam_user_accesskey_unused;False;prowler-readonly;HIPAA;HIPAA compliance framework;
aws;The Health Insurance Portability and Accountability Act of 1996 (HIPAA) is legislation that helps US workers to retain health insurance coverage when they change or lose jobs. The legislation also seeks to encourage electronic health records to improve the efficiency and quality of the US healthcare system through improved information sharing.;992275841864;us-west-2;2026-08-18 15:47:07.870888;164_308_a_4_ii_c;Implement policies and procedures that, based upon the covered entity's or the business associate's access authorization policies, establish, document, review, and modify a user's right of access to a workstation, transaction, program, or process.;164.308 Administrative Safeguards;;;aws;;PASS;User prowler-readonly does not have unused access keys for 45 days.;arn:aws:iam::992275841864:user/prowler-readonly;iam_user_accesskey_unused;False;prowler-readonly;HIPAA;HIPAA compliance framework;
aws;The Health Insurance Portability and Accountability Act of 1996 (HIPAA) is legislation that helps US workers to retain health insurance coverage when they change or lose jobs. The legislation also seeks to encourage electronic health records to improve the efficiency and quality of the US healthcare system through improved information sharing.;992275841864;us-west-2;2026-08-18 15:47:07.870888;164_308_a_5_ii_d;Procedures for creating, changing, and safeguarding passwords.;164.308 Administrative Safeguards;;;iam;;PASS;User prowler-readonly does not have unused access keys for 45 days.;arn:aws:iam::992275841864:user/prowler-readonly;iam_user_accesskey_unused;False;prowler-readonly;HIPAA;HIPAA compliance framework;
aws;The Health Insurance Portability and Accountability Act of 1996 (HIPAA) is legislation that helps US workers to retain health insurance coverage when they change or lose jobs. The legislation also seeks to encourage electronic health records to improve the efficiency and quality of the US healthcare system through improved information sharing.;992275841864;us-west-2;2026-08-18 15:47:07.870888;164_308_a_3_ii_b;Implement procedures to determine that the access of a workforce member to electronic protected health information is appropriate.;164.308 Administrative Safeguards;;;iam;;PASS;User demo-no-mfa-user does not have console access enabled or is unused.;arn:aws:iam::992275841864:user/demo-no-mfa-user;iam_user_console_access_unused;False;demo-no-mfa-user;HIPAA;HIPAA compliance framework;
aws;The Health Insurance Portability and Accountability Act of 1996 (HIPAA) is legislation that helps US workers to retain health insurance coverage when they change or lose jobs. The legislation also seeks to encourage electronic health records to improve the efficiency and quality of the US healthcare system through improved information sharing.;992275841864;us-west-2;2026-08-18 15:47:07.870888;164_308_a_4_ii_c;Implement policies and procedures that, based upon the covered entity's or the business associate's access authorization policies, establish, document, review, and modify a user's right of access to a workstation, transaction, program, or process.;164.308 Administrative Safeguards;;;aws;;PASS;User demo-no-mfa-user does not have console access enabled or is unused.;arn:aws:iam::992275841864:user/demo-no-mfa-user;iam_user_console_access_unused;False;demo-no-mfa-user;HIPAA;HIPAA compliance framework;
aws;The Health Insurance Portability and Accountability Act of 1996 (HIPAA) is legislation that helps US workers to retain health insurance coverage when they change or lose jobs. The legislation also seeks to encourage electronic health records to improve the efficiency and quality of the US healthcare system through improved information sharing.;992275841864;us-west-2;2026-08-18 15:47:07.870888;164_308_a_5_ii_d;Procedures for creating, changing, and safeguarding passwords.;164.308 Administrative Safeguards;;;iam;;PASS;User demo-no-mfa-user does not have console access enabled or is unused.;arn:aws:iam::992275841864:user/demo-no-mfa-user;iam_user_console_access_unused;False;demo-no-mfa-user;HIPAA;HIPAA compliance framework;
aws;The Health Insurance Portability and Accountability Act of 1996 (HIPAA) is legislation that helps US workers to retain health insurance coverage when they change or lose jobs. The legislation also seeks to encourage electronic health records to improve the efficiency and quality of the US healthcare system through improved information sharing.;992275841864;us-west-2;2026-08-18 15:47:07.870888;164_308_a_3_ii_b;Implement procedures to determine that the access of a workforce member to electronic protected health information is appropriate.;164.308 Administrative Safeguards;;;iam;;PASS;User prowler-readonly does not have console access enabled or is unused.;arn:aws:iam::992275841864:user/prowler-readonly;iam_user_console_access_unused;False;prowler-readonly;HIPAA;HIPAA compliance framework;
aws;The Health Insurance Portability and Accountability Act of 1996 (HIPAA) is legislation that helps US workers to retain health insurance coverage when they change or lose jobs. The legislation also seeks to encourage electronic health records to improve the efficiency and quality of the US healthcare system through improved information sharing.;992275841864;us-west-2;2026-08-18 15:47:07.870888;164_308_a_4_ii_c;Implement policies and procedures that, based upon the covered entity's or the business associate's access authorization policies, establish, document, review, and modify a user's right of access to a workstation, transaction, program, or process.;164.308 Administrative Safeguards;;;aws;;PASS;User prowler-readonly does not have console access enabled or is unused.;arn:aws:iam::992275841864:user/prowler-readonly;iam_user_console_access_unused;False;prowler-readonly;HIPAA;HIPAA compliance framework;
aws;The Health Insurance Portability and Accountability Act of 1996 (HIPAA) is legislation that helps US workers to retain health insurance coverage when they change or lose jobs. The legislation also seeks to encourage electronic health records to improve the efficiency and quality of the US healthcare system through improved information sharing.;992275841864;us-west-2;2026-08-18 15:47:07.870888;164_308_a_5_ii_d;Procedures for creating, changing, and safeguarding passwords.;164.308 Administrative Safeguards;;;iam;;PASS;User prowler-readonly does not have console access enabled or is unused.;arn:aws:iam::992275841864:user/prowler-readonly;iam_user_console_access_unused;False;prowler-readonly;HIPAA;HIPAA compliance framework;
aws;The Health Insurance Portability and Accountability Act of 1996 (HIPAA) is legislation that helps US workers to retain health insurance coverage when they change or lose jobs. The legislation also seeks to encourage electronic health records to improve the efficiency and quality of the US healthcare system through improved information sharing.;992275841864;us-west-2;2026-08-18 15:47:07.870888;164_308_a_3_ii_a;Implement procedures for the authorization and/or supervision of workforce members who work with electronic protected health information or in locations where it might be accessed.;164.308 Administrative Safeguards;;;aws;;PASS;User demo-no-mfa-user does not have Console Password enabled.;arn:aws:iam::992275841864:user/demo-no-mfa-user;iam_user_mfa_enabled_console_access;False;demo-no-mfa-user;HIPAA;HIPAA compliance framework;
aws;The Health Insurance Portability and Accountability Act of 1996 (HIPAA) is legislation that helps US workers to retain health insurance coverage when they change or lose jobs. The legislation also seeks to encourage electronic health records to improve the efficiency and quality of the US healthcare system through improved information sharing.;992275841864;us-west-2;2026-08-18 15:47:07.870888;164_312_a_1;Implement technical policies and procedures for electronic information systems that maintain electronic protected health information to allow access only to those persons or software programs that have been granted access rights as specified in 164.308(a)(4).;164.312 Technical Safeguards;;;aws;;PASS;User demo-no-mfa-user does not have Console Password enabled.;arn:aws:iam::992275841864:user/demo-no-mfa-user;iam_user_mfa_enabled_console_access;False;demo-no-mfa-user;HIPAA;HIPAA compliance framework;
aws;The Health Insurance Portability and Accountability Act of 1996 (HIPAA) is legislation that helps US workers to retain health insurance coverage when they change or lose jobs. The legislation also seeks to encourage electronic health records to improve the efficiency and quality of the US healthcare system through improved information sharing.;992275841864;us-west-2;2026-08-18 15:47:07.870888;164_312_d;Implement procedures to verify that a person or entity seeking access to electronic protected health information is the one claimed.;164.312 Technical Safeguards;;;iam;;PASS;User demo-no-mfa-user does not have Console Password enabled.;arn:aws:iam::992275841864:user/demo-no-mfa-user;iam_user_mfa_enabled_console_access;False;demo-no-mfa-user;HIPAA;HIPAA compliance framework;
aws;The Health Insurance Portability and Accountability Act of 1996 (HIPAA) is legislation that helps US workers to retain health insurance coverage when they change or lose jobs. The legislation also seeks to encourage electronic health records to improve the efficiency and quality of the US healthcare system through improved information sharing.;992275841864;us-west-2;2026-08-18 15:47:07.870888;164_308_a_3_ii_a;Implement procedures for the authorization and/or supervision of workforce members who work with electronic protected health information or in locations where it might be accessed.;164.308 Administrative Safeguards;;;aws;;PASS;User prowler-readonly does not have Console Password enabled.;arn:aws:iam::992275841864:user/prowler-readonly;iam_user_mfa_enabled_console_access;False;prowler-readonly;HIPAA;HIPAA compliance framework;
aws;The Health Insurance Portability and Accountability Act of 1996 (HIPAA) is legislation that helps US workers to retain health insurance coverage when they change or lose jobs. The legislation also seeks to encourage electronic health records to improve the efficiency and quality of the US healthcare system through improved information sharing.;992275841864;us-west-2;2026-08-18 15:47:07.870888;164_312_a_1;Implement technical policies and procedures for electronic information systems that maintain electronic protected health information to allow access only to those persons or software programs that have been granted access rights as specified in 164.308(a)(4).;164.312 Technical Safeguards;;;aws;;PASS;User prowler-readonly does not have Console Password enabled.;arn:aws:iam::992275841864:user/prowler-readonly;iam_user_mfa_enabled_console_access;False;prowler-readonly;HIPAA;HIPAA compliance framework;
aws;The Health Insurance Portability and Accountability Act of 1996 (HIPAA) is legislation that helps US workers to retain health insurance coverage when they change or lose jobs. The legislation also seeks to encourage electronic health records to improve the efficiency and quality of the US healthcare system through improved information sharing.;992275841864;us-west-2;2026-08-18 15:47:07.870888;164_312_d;Implement procedures to verify that a person or entity seeking access to electronic protected health information is the one claimed.;164.312 Technical Safeguards;;;iam;;PASS;User prowler-readonly does not have Console Password enabled.;arn:aws:iam::992275841864:user/prowler-readonly;iam_user_mfa_enabled_console_access;False;prowler-readonly;HIPAA;HIPAA compliance framework;
aws;The Health Insurance Portability and Accountability Act of 1996 (HIPAA) is legislation that helps US workers to retain health insurance coverage when they change or lose jobs. The legislation also seeks to encourage electronic health records to improve the efficiency and quality of the US healthcare system through improved information sharing.;992275841864;us-west-2;2026-08-18 15:47:07.870888;164_312_c_2;Implement electronic mechanisms to corroborate that electronic protected health information has not been altered or destroyed in an unauthorized manner.;164.312 Technical Safeguards;;;aws;;MANUAL;Cannot verify unknown-image attestation activity: no 'enclave_golden_pcr_values' configured. Set a golden PCR list in audit_config and re-run this check.;arn:aws:kms:us-west-2:992275841864:enclave-debug-attestation;kms_key_enclave_attestation_unknown_image;False;arn:aws:kms:us-west-2:992275841864:enclave-debug-attestation;HIPAA;HIPAA compliance framework;
aws;The Health Insurance Portability and Accountability Act of 1996 (HIPAA) is legislation that helps US workers to retain health insurance coverage when they change or lose jobs. The legislation also seeks to encourage electronic health records to improve the efficiency and quality of the US healthcare system through improved information sharing.;992275841864;us-west-2;2026-08-18 15:47:07.870888;164_308_a_1_ii_d;Implement procedures to regularly review records of information system activity, such as audit logs, access reports, and security incident tracking reports.;164.308 Administrative Safeguards;;;aws;;MANUAL;"No KMS-from-enclave attestation events found in the last 2160h. Debug-mode status cannot be determined from available data; enclaves that never call KMS in the window are not observable via this check. Additionally, CloudTrail lookup failed for 80 region/event pair(s): ap-northeast-1:Decrypt (AccessDeniedException), ap-northeast-1:DeriveSharedSecret (AccessDeniedException), ap-northeast-1:GenerateDataKey (AccessDeniedException), ap-northeast-1:GenerateDataKeyPair (AccessDeniedException), ap-northeast-1:GenerateRandom (AccessDeniedException).... Coverage is incomplete.";arn:aws:kms:us-west-2:992275841864:enclave-debug-attestation;kms_key_enclave_debug_attestation_detected;False;arn:aws:kms:us-west-2:992275841864:enclave-debug-attestation;HIPAA;HIPAA compliance framework;
aws;The Health Insurance Portability and Accountability Act of 1996 (HIPAA) is legislation that helps US workers to retain health insurance coverage when they change or lose jobs. The legislation also seeks to encourage electronic health records to improve the efficiency and quality of the US healthcare system through improved information sharing.;992275841864;us-west-2;2026-08-18 15:47:07.870888;164_312_b;Implement hardware, software, and/or procedural mechanisms that record and examine activity in information systems that contain or use electronic protected health information.;164.312 Technical Safeguards;;;aws;;MANUAL;"No KMS-from-enclave attestation events found in the last 2160h. Debug-mode status cannot be determined from available data; enclaves that never call KMS in the window are not observable via this check. Additionally, CloudTrail lookup failed for 80 region/event pair(s): ap-northeast-1:Decrypt (AccessDeniedException), ap-northeast-1:DeriveSharedSecret (AccessDeniedException), ap-northeast-1:GenerateDataKey (AccessDeniedException), ap-northeast-1:GenerateDataKeyPair (AccessDeniedException), ap-northeast-1:GenerateRandom (AccessDeniedException).... Coverage is incomplete.";arn:aws:kms:us-west-2:992275841864:enclave-debug-attestation;kms_key_enclave_debug_attestation_detected;False;arn:aws:kms:us-west-2:992275841864:enclave-debug-attestation;HIPAA;HIPAA compliance framework;
aws;The Health Insurance Portability and Accountability Act of 1996 (HIPAA) is legislation that helps US workers to retain health insurance coverage when they change or lose jobs. The legislation also seeks to encourage electronic health records to improve the efficiency and quality of the US healthcare system through improved information sharing.;992275841864;us-west-2;2026-08-18 15:47:07.870888;164_308_a_1_ii_b;Implement security measures sufficient to reduce risks and vulnerabilities to a reasonable and appropriate level to comply with 164.306(a): Ensure the confidentiality, integrity, and availability of all electronic protected health information the covered entity or business associate creates, receives, maintains, or transmits.;164.308 Administrative Safeguards;;;aws;;FAIL;Block Public Access is not configured for the account 992275841864.;arn:aws:s3:us-west-2:992275841864:account;s3_account_level_public_access_blocks;False;992275841864;HIPAA;HIPAA compliance framework;
aws;The Health Insurance Portability and Accountability Act of 1996 (HIPAA) is legislation that helps US workers to retain health insurance coverage when they change or lose jobs. The legislation also seeks to encourage electronic health records to improve the efficiency and quality of the US healthcare system through improved information sharing.;992275841864;us-west-2;2026-08-18 15:47:07.870888;164_308_a_3_i;Implement policies and procedures to ensure that all members of its workforce have appropriate access to electronic protected health information, as provided under paragraph (a)(4) of this section, and to prevent those workforce members who do not have access under paragraph (a)(4) of this section from obtaining access to electronic protected health information.;164.308 Administrative Safeguards;;;aws;;FAIL;Block Public Access is not configured for the account 992275841864.;arn:aws:s3:us-west-2:992275841864:account;s3_account_level_public_access_blocks;False;992275841864;HIPAA;HIPAA compliance framework;
aws;The Health Insurance Portability and Accountability Act of 1996 (HIPAA) is legislation that helps US workers to retain health insurance coverage when they change or lose jobs. The legislation also seeks to encourage electronic health records to improve the efficiency and quality of the US healthcare system through improved information sharing.;992275841864;us-west-2;2026-08-18 15:47:07.870888;164_308_a_1_ii_b;Implement security measures sufficient to reduce risks and vulnerabilities to a reasonable and appropriate level to comply with 164.306(a): Ensure the confidentiality, integrity, and availability of all electronic protected health information the covered entity or business associate creates, receives, maintains, or transmits.;164.308 Administrative Safeguards;;;aws;;PASS;S3 Bucket eg-prowler-demo-intentionally-vulnerable has Server Side Encryption with AES256.;arn:aws:s3:::eg-prowler-demo-intentionally-vulnerable;s3_bucket_default_encryption;False;eg-prowler-demo-intentionally-vulnerable;HIPAA;HIPAA compliance framework;
aws;The Health Insurance Portability and Accountability Act of 1996 (HIPAA) is legislation that helps US workers to retain health insurance coverage when they change or lose jobs. The legislation also seeks to encourage electronic health records to improve the efficiency and quality of the US healthcare system through improved information sharing.;992275841864;us-west-2;2026-08-18 15:47:07.870888;164_308_a_4_ii_a;If a health care clearinghouse is part of a larger organization, the clearinghouse must implement policies and procedures that protect the electronic protected health information of the clearinghouse from unauthorized access by the larger organization.;164.308 Administrative Safeguards;;;aws;;PASS;S3 Bucket eg-prowler-demo-intentionally-vulnerable has Server Side Encryption with AES256.;arn:aws:s3:::eg-prowler-demo-intentionally-vulnerable;s3_bucket_default_encryption;False;eg-prowler-demo-intentionally-vulnerable;HIPAA;HIPAA compliance framework;
aws;The Health Insurance Portability and Accountability Act of 1996 (HIPAA) is legislation that helps US workers to retain health insurance coverage when they change or lose jobs. The legislation also seeks to encourage electronic health records to improve the efficiency and quality of the US healthcare system through improved information sharing.;992275841864;us-west-2;2026-08-18 15:47:07.870888;164_312_a_2_iv;Implement a mechanism to encrypt and decrypt electronic protected health information.;164.312 Technical Safeguards;;;aws;;PASS;S3 Bucket eg-prowler-demo-intentionally-vulnerable has Server Side Encryption with AES256.;arn:aws:s3:::eg-prowler-demo-intentionally-vulnerable;s3_bucket_default_encryption;False;eg-prowler-demo-intentionally-vulnerable;HIPAA;HIPAA compliance framework;
aws;The Health Insurance Portability and Accountability Act of 1996 (HIPAA) is legislation that helps US workers to retain health insurance coverage when they change or lose jobs. The legislation also seeks to encourage electronic health records to improve the efficiency and quality of the US healthcare system through improved information sharing.;992275841864;us-west-2;2026-08-18 15:47:07.870888;164_312_c_1;Implement policies and procedures to protect electronic protected health information from improper alteration or destruction.;164.312 Technical Safeguards;;;aws;;PASS;S3 Bucket eg-prowler-demo-intentionally-vulnerable has Server Side Encryption with AES256.;arn:aws:s3:::eg-prowler-demo-intentionally-vulnerable;s3_bucket_default_encryption;False;eg-prowler-demo-intentionally-vulnerable;HIPAA;HIPAA compliance framework;
aws;The Health Insurance Portability and Accountability Act of 1996 (HIPAA) is legislation that helps US workers to retain health insurance coverage when they change or lose jobs. The legislation also seeks to encourage electronic health records to improve the efficiency and quality of the US healthcare system through improved information sharing.;992275841864;us-west-2;2026-08-18 15:47:07.870888;164_312_c_2;Implement electronic mechanisms to corroborate that electronic protected health information has not been altered or destroyed in an unauthorized manner.;164.312 Technical Safeguards;;;aws;;PASS;S3 Bucket eg-prowler-demo-intentionally-vulnerable has Server Side Encryption with AES256.;arn:aws:s3:::eg-prowler-demo-intentionally-vulnerable;s3_bucket_default_encryption;False;eg-prowler-demo-intentionally-vulnerable;HIPAA;HIPAA compliance framework;
aws;The Health Insurance Portability and Accountability Act of 1996 (HIPAA) is legislation that helps US workers to retain health insurance coverage when they change or lose jobs. The legislation also seeks to encourage electronic health records to improve the efficiency and quality of the US healthcare system through improved information sharing.;992275841864;us-west-2;2026-08-18 15:47:07.870888;164_312_e_2_ii;Implement a mechanism to encrypt electronic protected health information whenever deemed appropriate.;164.312 Technical Safeguards;;;aws;;PASS;S3 Bucket eg-prowler-demo-intentionally-vulnerable has Server Side Encryption with AES256.;arn:aws:s3:::eg-prowler-demo-intentionally-vulnerable;s3_bucket_default_encryption;False;eg-prowler-demo-intentionally-vulnerable;HIPAA;HIPAA compliance framework;
aws;The Health Insurance Portability and Accountability Act of 1996 (HIPAA) is legislation that helps US workers to retain health insurance coverage when they change or lose jobs. The legislation also seeks to encourage electronic health records to improve the efficiency and quality of the US healthcare system through improved information sharing.;992275841864;us-west-2;2026-08-18 15:47:07.870888;164_308_a_1_ii_b;Implement security measures sufficient to reduce risks and vulnerabilities to a reasonable and appropriate level to comply with 164.306(a): Ensure the confidentiality, integrity, and availability of all electronic protected health information the covered entity or business associate creates, receives, maintains, or transmits.;164.308 Administrative Safeguards;;;aws;;FAIL;S3 Bucket eg-prowler-demo-intentionally-vulnerable has versioning disabled.;arn:aws:s3:::eg-prowler-demo-intentionally-vulnerable;s3_bucket_object_versioning;False;eg-prowler-demo-intentionally-vulnerable;HIPAA;HIPAA compliance framework;
aws;The Health Insurance Portability and Accountability Act of 1996 (HIPAA) is legislation that helps US workers to retain health insurance coverage when they change or lose jobs. The legislation also seeks to encourage electronic health records to improve the efficiency and quality of the US healthcare system through improved information sharing.;992275841864;us-west-2;2026-08-18 15:47:07.870888;164_308_a_7_i;Establish (and implement as needed) policies and procedures for responding to an emergency or other occurrence (for example, fire, vandalism, system failure, and natural disaster) that damages systems that contain electronic protected health information.;164.308 Administrative Safeguards;;;aws;;FAIL;S3 Bucket eg-prowler-demo-intentionally-vulnerable has versioning disabled.;arn:aws:s3:::eg-prowler-demo-intentionally-vulnerable;s3_bucket_object_versioning;False;eg-prowler-demo-intentionally-vulnerable;HIPAA;HIPAA compliance framework;
aws;The Health Insurance Portability and Accountability Act of 1996 (HIPAA) is legislation that helps US workers to retain health insurance coverage when they change or lose jobs. The legislation also seeks to encourage electronic health records to improve the efficiency and quality of the US healthcare system through improved information sharing.;992275841864;us-west-2;2026-08-18 15:47:07.870888;164_308_a_7_ii_a;Establish and implement procedures to create and maintain retrievable exact copies of electronic protected health information.;164.308 Administrative Safeguards;;;aws;;FAIL;S3 Bucket eg-prowler-demo-intentionally-vulnerable has versioning disabled.;arn:aws:s3:::eg-prowler-demo-intentionally-vulnerable;s3_bucket_object_versioning;False;eg-prowler-demo-intentionally-vulnerable;HIPAA;HIPAA compliance framework;
aws;The Health Insurance Portability and Accountability Act of 1996 (HIPAA) is legislation that helps US workers to retain health insurance coverage when they change or lose jobs. The legislation also seeks to encourage electronic health records to improve the efficiency and quality of the US healthcare system through improved information sharing.;992275841864;us-west-2;2026-08-18 15:47:07.870888;164_308_a_7_ii_b;Establish (and implement as needed) procedures to restore any loss of data.;164.308 Administrative Safeguards;;;aws;;FAIL;S3 Bucket eg-prowler-demo-intentionally-vulnerable has versioning disabled.;arn:aws:s3:::eg-prowler-demo-intentionally-vulnerable;s3_bucket_object_versioning;False;eg-prowler-demo-intentionally-vulnerable;HIPAA;HIPAA compliance framework;
aws;The Health Insurance Portability and Accountability Act of 1996 (HIPAA) is legislation that helps US workers to retain health insurance coverage when they change or lose jobs. The legislation also seeks to encourage electronic health records to improve the efficiency and quality of the US healthcare system through improved information sharing.;992275841864;us-west-2;2026-08-18 15:47:07.870888;164_308_a_7_ii_c;Establish (and implement as needed) procedures to enable continuation of critical business processes for protection of the security of electronic protected health information while operating in emergency mode.;164.308 Administrative Safeguards;;;aws;;FAIL;S3 Bucket eg-prowler-demo-intentionally-vulnerable has versioning disabled.;arn:aws:s3:::eg-prowler-demo-intentionally-vulnerable;s3_bucket_object_versioning;False;eg-prowler-demo-intentionally-vulnerable;HIPAA;HIPAA compliance framework;
aws;The Health Insurance Portability and Accountability Act of 1996 (HIPAA) is legislation that helps US workers to retain health insurance coverage when they change or lose jobs. The legislation also seeks to encourage electronic health records to improve the efficiency and quality of the US healthcare system through improved information sharing.;992275841864;us-west-2;2026-08-18 15:47:07.870888;164_312_a_2_ii;Establish (and implement as needed) procedures for obtaining necessary electronic protected health information during an emergency.;164.312 Technical Safeguards;;;aws;;FAIL;S3 Bucket eg-prowler-demo-intentionally-vulnerable has versioning disabled.;arn:aws:s3:::eg-prowler-demo-intentionally-vulnerable;s3_bucket_object_versioning;False;eg-prowler-demo-intentionally-vulnerable;HIPAA;HIPAA compliance framework;
aws;The Health Insurance Portability and Accountability Act of 1996 (HIPAA) is legislation that helps US workers to retain health insurance coverage when they change or lose jobs. The legislation also seeks to encourage electronic health records to improve the efficiency and quality of the US healthcare system through improved information sharing.;992275841864;us-west-2;2026-08-18 15:47:07.870888;164_312_c_1;Implement policies and procedures to protect electronic protected health information from improper alteration or destruction.;164.312 Technical Safeguards;;;aws;;FAIL;S3 Bucket eg-prowler-demo-intentionally-vulnerable has versioning disabled.;arn:aws:s3:::eg-prowler-demo-intentionally-vulnerable;s3_bucket_object_versioning;False;eg-prowler-demo-intentionally-vulnerable;HIPAA;HIPAA compliance framework;
aws;The Health Insurance Portability and Accountability Act of 1996 (HIPAA) is legislation that helps US workers to retain health insurance coverage when they change or lose jobs. The legislation also seeks to encourage electronic health records to improve the efficiency and quality of the US healthcare system through improved information sharing.;992275841864;us-west-2;2026-08-18 15:47:07.870888;164_312_c_2;Implement electronic mechanisms to corroborate that electronic protected health information has not been altered or destroyed in an unauthorized manner.;164.312 Technical Safeguards;;;aws;;FAIL;S3 Bucket eg-prowler-demo-intentionally-vulnerable has versioning disabled.;arn:aws:s3:::eg-prowler-demo-intentionally-vulnerable;s3_bucket_object_versioning;False;eg-prowler-demo-intentionally-vulnerable;HIPAA;HIPAA compliance framework;
aws;The Health Insurance Portability and Accountability Act of 1996 (HIPAA) is legislation that helps US workers to retain health insurance coverage when they change or lose jobs. The legislation also seeks to encourage electronic health records to improve the efficiency and quality of the US healthcare system through improved information sharing.;992275841864;us-west-2;2026-08-18 15:47:07.870888;164_308_a_1_ii_b;Implement security measures sufficient to reduce risks and vulnerabilities to a reasonable and appropriate level to comply with 164.306(a): Ensure the confidentiality, integrity, and availability of all electronic protected health information the covered entity or business associate creates, receives, maintains, or transmits.;164.308 Administrative Safeguards;;;aws;;PASS;S3 Bucket eg-prowler-demo-intentionally-vulnerable does not have a bucket policy.;arn:aws:s3:::eg-prowler-demo-intentionally-vulnerable;s3_bucket_policy_public_write_access;False;eg-prowler-demo-intentionally-vulnerable;HIPAA;HIPAA compliance framework;
aws;The Health Insurance Portability and Accountability Act of 1996 (HIPAA) is legislation that helps US workers to retain health insurance coverage when they change or lose jobs. The legislation also seeks to encourage electronic health records to improve the efficiency and quality of the US healthcare system through improved information sharing.;992275841864;us-west-2;2026-08-18 15:47:07.870888;164_308_a_3_i;Implement policies and procedures to ensure that all members of its workforce have appropriate access to electronic protected health information, as provided under paragraph (a)(4) of this section, and to prevent those workforce members who do not have access under paragraph (a)(4) of this section from obtaining access to electronic protected health information.;164.308 Administrative Safeguards;;;aws;;PASS;S3 Bucket eg-prowler-demo-intentionally-vulnerable does not have a bucket policy.;arn:aws:s3:::eg-prowler-demo-intentionally-vulnerable;s3_bucket_policy_public_write_access;False;eg-prowler-demo-intentionally-vulnerable;HIPAA;HIPAA compliance framework;
aws;The Health Insurance Portability and Accountability Act of 1996 (HIPAA) is legislation that helps US workers to retain health insurance coverage when they change or lose jobs. The legislation also seeks to encourage electronic health records to improve the efficiency and quality of the US healthcare system through improved information sharing.;992275841864;us-west-2;2026-08-18 15:47:07.870888;164_312_a_1;Implement technical policies and procedures for electronic information systems that maintain electronic protected health information to allow access only to those persons or software programs that have been granted access rights as specified in 164.308(a)(4).;164.312 Technical Safeguards;;;aws;;PASS;S3 Bucket eg-prowler-demo-intentionally-vulnerable does not have a bucket policy.;arn:aws:s3:::eg-prowler-demo-intentionally-vulnerable;s3_bucket_policy_public_write_access;False;eg-prowler-demo-intentionally-vulnerable;HIPAA;HIPAA compliance framework;
aws;The Health Insurance Portability and Accountability Act of 1996 (HIPAA) is legislation that helps US workers to retain health insurance coverage when they change or lose jobs. The legislation also seeks to encourage electronic health records to improve the efficiency and quality of the US healthcare system through improved information sharing.;992275841864;us-west-2;2026-08-18 15:47:07.870888;164_308_a_1_ii_b;Implement security measures sufficient to reduce risks and vulnerabilities to a reasonable and appropriate level to comply with 164.306(a): Ensure the confidentiality, integrity, and availability of all electronic protected health information the covered entity or business associate creates, receives, maintains, or transmits.;164.308 Administrative Safeguards;;;aws;;PASS;S3 Bucket eg-prowler-demo-intentionally-vulnerable is not public.;arn:aws:s3:::eg-prowler-demo-intentionally-vulnerable;s3_bucket_public_access;False;eg-prowler-demo-intentionally-vulnerable;HIPAA;HIPAA compliance framework;
aws;The Health Insurance Portability and Accountability Act of 1996 (HIPAA) is legislation that helps US workers to retain health insurance coverage when they change or lose jobs. The legislation also seeks to encourage electronic health records to improve the efficiency and quality of the US healthcare system through improved information sharing.;992275841864;us-west-2;2026-08-18 15:47:07.870888;164_308_a_3_i;Implement policies and procedures to ensure that all members of its workforce have appropriate access to electronic protected health information, as provided under paragraph (a)(4) of this section, and to prevent those workforce members who do not have access under paragraph (a)(4) of this section from obtaining access to electronic protected health information.;164.308 Administrative Safeguards;;;aws;;PASS;S3 Bucket eg-prowler-demo-intentionally-vulnerable is not public.;arn:aws:s3:::eg-prowler-demo-intentionally-vulnerable;s3_bucket_public_access;False;eg-prowler-demo-intentionally-vulnerable;HIPAA;HIPAA compliance framework;
aws;The Health Insurance Portability and Accountability Act of 1996 (HIPAA) is legislation that helps US workers to retain health insurance coverage when they change or lose jobs. The legislation also seeks to encourage electronic health records to improve the efficiency and quality of the US healthcare system through improved information sharing.;992275841864;us-west-2;2026-08-18 15:47:07.870888;164_312_a_1;Implement technical policies and procedures for electronic information systems that maintain electronic protected health information to allow access only to those persons or software programs that have been granted access rights as specified in 164.308(a)(4).;164.312 Technical Safeguards;;;aws;;PASS;S3 Bucket eg-prowler-demo-intentionally-vulnerable is not public.;arn:aws:s3:::eg-prowler-demo-intentionally-vulnerable;s3_bucket_public_access;False;eg-prowler-demo-intentionally-vulnerable;HIPAA;HIPAA compliance framework;
aws;The Health Insurance Portability and Accountability Act of 1996 (HIPAA) is legislation that helps US workers to retain health insurance coverage when they change or lose jobs. The legislation also seeks to encourage electronic health records to improve the efficiency and quality of the US healthcare system through improved information sharing.;992275841864;us-west-2;2026-08-18 15:47:07.870888;164_312_a_2_i;Assign a unique name and/or number for identifying and tracking user identity.;164.312 Technical Safeguards;;;aws;;PASS;S3 Bucket eg-prowler-demo-intentionally-vulnerable is not public.;arn:aws:s3:::eg-prowler-demo-intentionally-vulnerable;s3_bucket_public_access;False;eg-prowler-demo-intentionally-vulnerable;HIPAA;HIPAA compliance framework;
aws;The Health Insurance Portability and Accountability Act of 1996 (HIPAA) is legislation that helps US workers to retain health insurance coverage when they change or lose jobs. The legislation also seeks to encourage electronic health records to improve the efficiency and quality of the US healthcare system through improved information sharing.;992275841864;us-west-2;2026-08-18 15:47:07.870888;164_308_a_1_ii_b;Implement security measures sufficient to reduce risks and vulnerabilities to a reasonable and appropriate level to comply with 164.306(a): Ensure the confidentiality, integrity, and availability of all electronic protected health information the covered entity or business associate creates, receives, maintains, or transmits.;164.308 Administrative Safeguards;;;aws;;FAIL;S3 Bucket eg-prowler-demo-intentionally-vulnerable does not have a bucket policy, thus it allows HTTP requests.;arn:aws:s3:::eg-prowler-demo-intentionally-vulnerable;s3_bucket_secure_transport_policy;False;eg-prowler-demo-intentionally-vulnerable;HIPAA;HIPAA compliance framework;
aws;The Health Insurance Portability and Accountability Act of 1996 (HIPAA) is legislation that helps US workers to retain health insurance coverage when they change or lose jobs. The legislation also seeks to encourage electronic health records to improve the efficiency and quality of the US healthcare system through improved information sharing.;992275841864;us-west-2;2026-08-18 15:47:07.870888;164_312_a_2_iv;Implement a mechanism to encrypt and decrypt electronic protected health information.;164.312 Technical Safeguards;;;aws;;FAIL;S3 Bucket eg-prowler-demo-intentionally-vulnerable does not have a bucket policy, thus it allows HTTP requests.;arn:aws:s3:::eg-prowler-demo-intentionally-vulnerable;s3_bucket_secure_transport_policy;False;eg-prowler-demo-intentionally-vulnerable;HIPAA;HIPAA compliance framework;
aws;The Health Insurance Portability and Accountability Act of 1996 (HIPAA) is legislation that helps US workers to retain health insurance coverage when they change or lose jobs. The legislation also seeks to encourage electronic health records to improve the efficiency and quality of the US healthcare system through improved information sharing.;992275841864;us-west-2;2026-08-18 15:47:07.870888;164_312_c_1;Implement policies and procedures to protect electronic protected health information from improper alteration or destruction.;164.312 Technical Safeguards;;;aws;;FAIL;S3 Bucket eg-prowler-demo-intentionally-vulnerable does not have a bucket policy, thus it allows HTTP requests.;arn:aws:s3:::eg-prowler-demo-intentionally-vulnerable;s3_bucket_secure_transport_policy;False;eg-prowler-demo-intentionally-vulnerable;HIPAA;HIPAA compliance framework;
aws;The Health Insurance Portability and Accountability Act of 1996 (HIPAA) is legislation that helps US workers to retain health insurance coverage when they change or lose jobs. The legislation also seeks to encourage electronic health records to improve the efficiency and quality of the US healthcare system through improved information sharing.;992275841864;us-west-2;2026-08-18 15:47:07.870888;164_312_c_2;Implement electronic mechanisms to corroborate that electronic protected health information has not been altered or destroyed in an unauthorized manner.;164.312 Technical Safeguards;;;aws;;FAIL;S3 Bucket eg-prowler-demo-intentionally-vulnerable does not have a bucket policy, thus it allows HTTP requests.;arn:aws:s3:::eg-prowler-demo-intentionally-vulnerable;s3_bucket_secure_transport_policy;False;eg-prowler-demo-intentionally-vulnerable;HIPAA;HIPAA compliance framework;
aws;The Health Insurance Portability and Accountability Act of 1996 (HIPAA) is legislation that helps US workers to retain health insurance coverage when they change or lose jobs. The legislation also seeks to encourage electronic health records to improve the efficiency and quality of the US healthcare system through improved information sharing.;992275841864;us-west-2;2026-08-18 15:47:07.870888;164_312_e_1;Implement technical security measures to guard against unauthorized access to electronic protected health information that is being transmitted over an electronic communications network.;164.312 Technical Safeguards;;;aws;;FAIL;S3 Bucket eg-prowler-demo-intentionally-vulnerable does not have a bucket policy, thus it allows HTTP requests.;arn:aws:s3:::eg-prowler-demo-intentionally-vulnerable;s3_bucket_secure_transport_policy;False;eg-prowler-demo-intentionally-vulnerable;HIPAA;HIPAA compliance framework;
aws;The Health Insurance Portability and Accountability Act of 1996 (HIPAA) is legislation that helps US workers to retain health insurance coverage when they change or lose jobs. The legislation also seeks to encourage electronic health records to improve the efficiency and quality of the US healthcare system through improved information sharing.;992275841864;us-west-2;2026-08-18 15:47:07.870888;164_312_e_2_i;Implement security measures to ensure that electronically transmitted electronic protected health information is not improperly modified without detection until disposed of.;164.312 Technical Safeguards;;;aws;;FAIL;S3 Bucket eg-prowler-demo-intentionally-vulnerable does not have a bucket policy, thus it allows HTTP requests.;arn:aws:s3:::eg-prowler-demo-intentionally-vulnerable;s3_bucket_secure_transport_policy;False;eg-prowler-demo-intentionally-vulnerable;HIPAA;HIPAA compliance framework;
aws;The Health Insurance Portability and Accountability Act of 1996 (HIPAA) is legislation that helps US workers to retain health insurance coverage when they change or lose jobs. The legislation also seeks to encourage electronic health records to improve the efficiency and quality of the US healthcare system through improved information sharing.;992275841864;us-west-2;2026-08-18 15:47:07.870888;164_312_e_2_ii;Implement a mechanism to encrypt electronic protected health information whenever deemed appropriate.;164.312 Technical Safeguards;;;aws;;FAIL;S3 Bucket eg-prowler-demo-intentionally-vulnerable does not have a bucket policy, thus it allows HTTP requests.;arn:aws:s3:::eg-prowler-demo-intentionally-vulnerable;s3_bucket_secure_transport_policy;False;eg-prowler-demo-intentionally-vulnerable;HIPAA;HIPAA compliance framework;
aws;The Health Insurance Portability and Accountability Act of 1996 (HIPAA) is legislation that helps US workers to retain health insurance coverage when they change or lose jobs. The legislation also seeks to encourage electronic health records to improve the efficiency and quality of the US healthcare system through improved information sharing.;992275841864;us-west-2;2026-08-18 15:47:07.870888;164_308_a_1_ii_d;Implement procedures to regularly review records of information system activity, such as audit logs, access reports, and security incident tracking reports.;164.308 Administrative Safeguards;;;aws;;FAIL;S3 Bucket eg-prowler-demo-intentionally-vulnerable has server access logging disabled.;arn:aws:s3:::eg-prowler-demo-intentionally-vulnerable;s3_bucket_server_access_logging_enabled;False;eg-prowler-demo-intentionally-vulnerable;HIPAA;HIPAA compliance framework;
aws;The Health Insurance Portability and Accountability Act of 1996 (HIPAA) is legislation that helps US workers to retain health insurance coverage when they change or lose jobs. The legislation also seeks to encourage electronic health records to improve the efficiency and quality of the US healthcare system through improved information sharing.;992275841864;us-west-2;2026-08-18 15:47:07.870888;164_308_a_3_ii_a;Implement procedures for the authorization and/or supervision of workforce members who work with electronic protected health information or in locations where it might be accessed.;164.308 Administrative Safeguards;;;aws;;FAIL;S3 Bucket eg-prowler-demo-intentionally-vulnerable has server access logging disabled.;arn:aws:s3:::eg-prowler-demo-intentionally-vulnerable;s3_bucket_server_access_logging_enabled;False;eg-prowler-demo-intentionally-vulnerable;HIPAA;HIPAA compliance framework;
aws;The Health Insurance Portability and Accountability Act of 1996 (HIPAA) is legislation that helps US workers to retain health insurance coverage when they change or lose jobs. The legislation also seeks to encourage electronic health records to improve the efficiency and quality of the US healthcare system through improved information sharing.;992275841864;us-west-2;2026-08-18 15:47:07.870888;164_308_a_6_ii;"Identify and respond to suspected or known security incidents; mitigate, to the extent practicable, harmful effects of security incidents that are known to the covered entity or business associate; and document security incidents and their outcomes.";164.308 Administrative Safeguards;;;aws;;FAIL;S3 Bucket eg-prowler-demo-intentionally-vulnerable has server access logging disabled.;arn:aws:s3:::eg-prowler-demo-intentionally-vulnerable;s3_bucket_server_access_logging_enabled;False;eg-prowler-demo-intentionally-vulnerable;HIPAA;HIPAA compliance framework;
aws;The Health Insurance Portability and Accountability Act of 1996 (HIPAA) is legislation that helps US workers to retain health insurance coverage when they change or lose jobs. The legislation also seeks to encourage electronic health records to improve the efficiency and quality of the US healthcare system through improved information sharing.;992275841864;us-west-2;2026-08-18 15:47:07.870888;164_312_b;Implement hardware, software, and/or procedural mechanisms that record and examine activity in information systems that contain or use electronic protected health information.;164.312 Technical Safeguards;;;aws;;FAIL;S3 Bucket eg-prowler-demo-intentionally-vulnerable has server access logging disabled.;arn:aws:s3:::eg-prowler-demo-intentionally-vulnerable;s3_bucket_server_access_logging_enabled;False;eg-prowler-demo-intentionally-vulnerable;HIPAA;HIPAA compliance framework;
aws;The Health Insurance Portability and Accountability Act of 1996 (HIPAA) is legislation that helps US workers to retain health insurance coverage when they change or lose jobs. The legislation also seeks to encourage electronic health records to improve the efficiency and quality of the US healthcare system through improved information sharing.;992275841864;us-west-2;2026-08-18 15:47:07.870888;164_312_e_2_i;Implement security measures to ensure that electronically transmitted electronic protected health information is not improperly modified without detection until disposed of.;164.312 Technical Safeguards;;;aws;;FAIL;S3 Bucket eg-prowler-demo-intentionally-vulnerable has server access logging disabled.;arn:aws:s3:::eg-prowler-demo-intentionally-vulnerable;s3_bucket_server_access_logging_enabled;False;eg-prowler-demo-intentionally-vulnerable;HIPAA;HIPAA compliance framework;
aws;The Health Insurance Portability and Accountability Act of 1996 (HIPAA) is legislation that helps US workers to retain health insurance coverage when they change or lose jobs. The legislation also seeks to encourage electronic health records to improve the efficiency and quality of the US healthcare system through improved information sharing.;992275841864;us-west-2;2026-08-18 15:47:07.870888;164_308_a_1_ii_d;Implement procedures to regularly review records of information system activity, such as audit logs, access reports, and security incident tracking reports.;164.308 Administrative Safeguards;;;aws;;FAIL;Security Hub is not enabled.;arn:aws:securityhub:us-west-2:992275841864:hub/unknown;securityhub_enabled;False;hub/unknown;HIPAA;HIPAA compliance framework;
aws;The Health Insurance Portability and Accountability Act of 1996 (HIPAA) is legislation that helps US workers to retain health insurance coverage when they change or lose jobs. The legislation also seeks to encourage electronic health records to improve the efficiency and quality of the US healthcare system through improved information sharing.;992275841864;us-west-2;2026-08-18 15:47:07.870888;164_308_a_3_ii_a;Implement procedures for the authorization and/or supervision of workforce members who work with electronic protected health information or in locations where it might be accessed.;164.308 Administrative Safeguards;;;aws;;FAIL;Security Hub is not enabled.;arn:aws:securityhub:us-west-2:992275841864:hub/unknown;securityhub_enabled;False;hub/unknown;HIPAA;HIPAA compliance framework;
aws;The Health Insurance Portability and Accountability Act of 1996 (HIPAA) is legislation that helps US workers to retain health insurance coverage when they change or lose jobs. The legislation also seeks to encourage electronic health records to improve the efficiency and quality of the US healthcare system through improved information sharing.;992275841864;us-west-2;2026-08-18 15:47:07.870888;164_308_a_5_ii_c;Procedures for monitoring log-in attempts and reporting discrepancies.;164.308 Administrative Safeguards;;;aws;;FAIL;Security Hub is not enabled.;arn:aws:securityhub:us-west-2:992275841864:hub/unknown;securityhub_enabled;False;hub/unknown;HIPAA;HIPAA compliance framework;
aws;The Health Insurance Portability and Accountability Act of 1996 (HIPAA) is legislation that helps US workers to retain health insurance coverage when they change or lose jobs. The legislation also seeks to encourage electronic health records to improve the efficiency and quality of the US healthcare system through improved information sharing.;992275841864;us-west-2;2026-08-18 15:47:07.870888;164_308_a_6_i;Implement policies and procedures to address security incidents.;164.308 Administrative Safeguards;;;aws;;FAIL;Security Hub is not enabled.;arn:aws:securityhub:us-west-2:992275841864:hub/unknown;securityhub_enabled;False;hub/unknown;HIPAA;HIPAA compliance framework;
aws;The Health Insurance Portability and Accountability Act of 1996 (HIPAA) is legislation that helps US workers to retain health insurance coverage when they change or lose jobs. The legislation also seeks to encourage electronic health records to improve the efficiency and quality of the US healthcare system through improved information sharing.;992275841864;us-west-2;2026-08-18 15:47:07.870888;164_308_a_6_ii;"Identify and respond to suspected or known security incidents; mitigate, to the extent practicable, harmful effects of security incidents that are known to the covered entity or business associate; and document security incidents and their outcomes.";164.308 Administrative Safeguards;;;aws;;FAIL;Security Hub is not enabled.;arn:aws:securityhub:us-west-2:992275841864:hub/unknown;securityhub_enabled;False;hub/unknown;HIPAA;HIPAA compliance framework;
aws;The Health Insurance Portability and Accountability Act of 1996 (HIPAA) is legislation that helps US workers to retain health insurance coverage when they change or lose jobs. The legislation also seeks to encourage electronic health records to improve the efficiency and quality of the US healthcare system through improved information sharing.;992275841864;us-west-2;2026-08-18 15:47:07.870888;164_308_a_8;Perform a periodic technical and nontechnical evaluation, based initially upon the standards implemented under this rule and subsequently, in response to environmental or operational changes affecting the security of electronic protected health information, that establishes the extent to which an entity's security policies and procedures meet the requirements of this subpart.;164.308 Administrative Safeguards;;;aws;;FAIL;Security Hub is not enabled.;arn:aws:securityhub:us-west-2:992275841864:hub/unknown;securityhub_enabled;False;hub/unknown;HIPAA;HIPAA compliance framework;
aws;The Health Insurance Portability and Accountability Act of 1996 (HIPAA) is legislation that helps US workers to retain health insurance coverage when they change or lose jobs. The legislation also seeks to encourage electronic health records to improve the efficiency and quality of the US healthcare system through improved information sharing.;992275841864;us-west-2;2026-08-18 15:47:07.870888;164_312_b;Implement hardware, software, and/or procedural mechanisms that record and examine activity in information systems that contain or use electronic protected health information.;164.312 Technical Safeguards;;;aws;;FAIL;Security Hub is not enabled.;arn:aws:securityhub:us-west-2:992275841864:hub/unknown;securityhub_enabled;False;hub/unknown;HIPAA;HIPAA compliance framework;
aws;The Health Insurance Portability and Accountability Act of 1996 (HIPAA) is legislation that helps US workers to retain health insurance coverage when they change or lose jobs. The legislation also seeks to encourage electronic health records to improve the efficiency and quality of the US healthcare system through improved information sharing.;992275841864;us-west-2;2026-08-18 15:47:07.870888;164_312_e_2_i;Implement security measures to ensure that electronically transmitted electronic protected health information is not improperly modified without detection until disposed of.;164.312 Technical Safeguards;;;aws;;FAIL;Security Hub is not enabled.;arn:aws:securityhub:us-west-2:992275841864:hub/unknown;securityhub_enabled;False;hub/unknown;HIPAA;HIPAA compliance framework;
aws;The Health Insurance Portability and Accountability Act of 1996 (HIPAA) is legislation that helps US workers to retain health insurance coverage when they change or lose jobs. The legislation also seeks to encourage electronic health records to improve the efficiency and quality of the US healthcare system through improved information sharing.;992275841864;us-west-2;2026-08-18 15:47:07.870888;164_308_a_1_ii_d;Implement procedures to regularly review records of information system activity, such as audit logs, access reports, and security incident tracking reports.;164.308 Administrative Safeguards;;;aws;;FAIL;VPC vpc-0866e7410e62ffd29 Flow logs are disabled.;arn:aws:ec2:us-west-2:992275841864:vpc/vpc-0866e7410e62ffd29;vpc_flow_logs_enabled;False;vpc-0866e7410e62ffd29;HIPAA;HIPAA compliance framework;
aws;The Health Insurance Portability and Accountability Act of 1996 (HIPAA) is legislation that helps US workers to retain health insurance coverage when they change or lose jobs. The legislation also seeks to encourage electronic health records to improve the efficiency and quality of the US healthcare system through improved information sharing.;992275841864;us-west-2;2026-08-18 15:47:07.870888;164_308_a_3_ii_a;Implement procedures for the authorization and/or supervision of workforce members who work with electronic protected health information or in locations where it might be accessed.;164.308 Administrative Safeguards;;;aws;;FAIL;VPC vpc-0866e7410e62ffd29 Flow logs are disabled.;arn:aws:ec2:us-west-2:992275841864:vpc/vpc-0866e7410e62ffd29;vpc_flow_logs_enabled;False;vpc-0866e7410e62ffd29;HIPAA;HIPAA compliance framework;
aws;The Health Insurance Portability and Accountability Act of 1996 (HIPAA) is legislation that helps US workers to retain health insurance coverage when they change or lose jobs. The legislation also seeks to encourage electronic health records to improve the efficiency and quality of the US healthcare system through improved information sharing.;992275841864;us-west-2;2026-08-18 15:47:07.870888;164_308_a_6_ii;"Identify and respond to suspected or known security incidents; mitigate, to the extent practicable, harmful effects of security incidents that are known to the covered entity or business associate; and document security incidents and their outcomes.";164.308 Administrative Safeguards;;;aws;;FAIL;VPC vpc-0866e7410e62ffd29 Flow logs are disabled.;arn:aws:ec2:us-west-2:992275841864:vpc/vpc-0866e7410e62ffd29;vpc_flow_logs_enabled;False;vpc-0866e7410e62ffd29;HIPAA;HIPAA compliance framework;
aws;The Health Insurance Portability and Accountability Act of 1996 (HIPAA) is legislation that helps US workers to retain health insurance coverage when they change or lose jobs. The legislation also seeks to encourage electronic health records to improve the efficiency and quality of the US healthcare system through improved information sharing.;992275841864;us-west-2;2026-08-18 15:47:07.870888;164_312_b;Implement hardware, software, and/or procedural mechanisms that record and examine activity in information systems that contain or use electronic protected health information.;164.312 Technical Safeguards;;;aws;;FAIL;VPC vpc-0866e7410e62ffd29 Flow logs are disabled.;arn:aws:ec2:us-west-2:992275841864:vpc/vpc-0866e7410e62ffd29;vpc_flow_logs_enabled;False;vpc-0866e7410e62ffd29;HIPAA;HIPAA compliance framework;
aws;The Health Insurance Portability and Accountability Act of 1996 (HIPAA) is legislation that helps US workers to retain health insurance coverage when they change or lose jobs. The legislation also seeks to encourage electronic health records to improve the efficiency and quality of the US healthcare system through improved information sharing.;992275841864;us-west-2;2026-08-18 15:47:07.870888;164_312_c_2;Implement electronic mechanisms to corroborate that electronic protected health information has not been altered or destroyed in an unauthorized manner.;164.312 Technical Safeguards;;;aws;;FAIL;VPC vpc-0866e7410e62ffd29 Flow logs are disabled.;arn:aws:ec2:us-west-2:992275841864:vpc/vpc-0866e7410e62ffd29;vpc_flow_logs_enabled;False;vpc-0866e7410e62ffd29;HIPAA;HIPAA compliance framework;
