PROVIDER;DESCRIPTION;ACCOUNTID;REGION;ASSESSMENTDATE;REQUIREMENTS_ID;REQUIREMENTS_DESCRIPTION;REQUIREMENTS_ATTRIBUTES_SECTION;REQUIREMENTS_ATTRIBUTES_SUBSECTION;REQUIREMENTS_ATTRIBUTES_SUBGROUP;REQUIREMENTS_ATTRIBUTES_SERVICE;REQUIREMENTS_ATTRIBUTES_TYPE;STATUS;STATUSEXTENDED;RESOURCEID;CHECKID;MUTED;RESOURCENAME;FRAMEWORK;NAME;REQUIREMENTS_ATTRIBUTES_COMMENT
aws;Security compliance framework based on the AWS AI Security Framework blog post (2025). Organizes controls across three security layers (Infrastructure, Identity & Data, AI Application), three deployment phases (Foundational, Enhanced, Advanced), and three AI use cases (AI that Answers, AI that Connects, AI that Acts). Maps existing Prowler checks to AI workload security requirements and identifies gaps requiring new checks.;992275841864;us-west-2;2026-08-18 15:47:07.870888;AISF-DATA-02;Ensure IAM Access Analyzer is enabled to validate access policies and identify unintended access to resources used by AI workloads.;Identity and Data Security;Access Analysis;;accessanalyzer;Automated;FAIL;IAM Access Analyzer in account 992275841864 is not enabled.;arn:aws:accessanalyzer:us-west-2:992275841864:analyzer/unknown;accessanalyzer_enabled;False;analyzer/unknown;AWS-AI-Security-Framework;AWS AI Security Framework;
aws;Security compliance framework based on the AWS AI Security Framework blog post (2025). Organizes controls across three security layers (Infrastructure, Identity & Data, AI Application), three deployment phases (Foundational, Enhanced, Advanced), and three AI use cases (AI that Answers, AI that Connects, AI that Acts). Maps existing Prowler checks to AI workload security requirements and identifies gaps requiring new checks.;992275841864;us-west-2;2026-08-18 15:47:07.870888;AISF-GOV-03;Ensure security contact information is registered and current for AI workload incident response communication.;Governance and Compliance;Incident Response;;account;Automated;MANUAL;Login to the AWS Console. Choose your account name on the top right of the window -> My Account -> Contact Information.;arn:aws:iam::992275841864:root;account_maintain_current_contact_details;False;992275841864;AWS-AI-Security-Framework;AWS AI Security Framework;
aws;Security compliance framework based on the AWS AI Security Framework blog post (2025). Organizes controls across three security layers (Infrastructure, Identity & Data, AI Application), three deployment phases (Foundational, Enhanced, Advanced), and three AI use cases (AI that Answers, AI that Connects, AI that Acts). Maps existing Prowler checks to AI workload security requirements and identifies gaps requiring new checks.;992275841864;us-west-2;2026-08-18 15:47:07.870888;AISF-GOV-03;Ensure security contact information is registered and current for AI workload incident response communication.;Governance and Compliance;Incident Response;;account;Automated;MANUAL;Login to the AWS Console. Choose your account name on the top right of the window -> My Account -> Alternate Contacts -> Security Section.;arn:aws:iam::992275841864:root;account_security_contact_information_is_registered;False;992275841864;AWS-AI-Security-Framework;AWS AI Security Framework;
aws;Security compliance framework based on the AWS AI Security Framework blog post (2025). Organizes controls across three security layers (Infrastructure, Identity & Data, AI Application), three deployment phases (Foundational, Enhanced, Advanced), and three AI use cases (AI that Answers, AI that Connects, AI that Acts). Maps existing Prowler checks to AI workload security requirements and identifies gaps requiring new checks.;992275841864;us-west-2;2026-08-18 15:47:07.870888;AISF-RUNTIME-03;Ensure Lambda functions used in AI architectures are deployed in VPCs, not publicly accessible, use supported runtimes, have no secrets in code or variables, and use CMK-encrypted environment variables.;Infrastructure Security;Serverless Runtime Security;;awslambda;Automated;PASS;Lambda function auto-shutdown-untagged-instances has no environment variables.;arn:aws:lambda:us-west-2:992275841864:function:auto-shutdown-untagged-instances;awslambda_function_env_vars_not_encrypted_with_cmk;False;auto-shutdown-untagged-instances;AWS-AI-Security-Framework;AWS AI Security Framework;
aws;Security compliance framework based on the AWS AI Security Framework blog post (2025). Organizes controls across three security layers (Infrastructure, Identity & Data, AI Application), three deployment phases (Foundational, Enhanced, Advanced), and three AI use cases (AI that Answers, AI that Connects, AI that Acts). Maps existing Prowler checks to AI workload security requirements and identifies gaps requiring new checks.;992275841864;us-west-2;2026-08-18 15:47:07.870888;AISF-RUNTIME-03;Ensure Lambda functions used in AI architectures are deployed in VPCs, not publicly accessible, use supported runtimes, have no secrets in code or variables, and use CMK-encrypted environment variables.;Infrastructure Security;Serverless Runtime Security;;awslambda;Automated;FAIL;Lambda function auto-shutdown-untagged-instances is not inside a VPC;arn:aws:lambda:us-west-2:992275841864:function:auto-shutdown-untagged-instances;awslambda_function_inside_vpc;False;auto-shutdown-untagged-instances;AWS-AI-Security-Framework;AWS AI Security Framework;
aws;Security compliance framework based on the AWS AI Security Framework blog post (2025). Organizes controls across three security layers (Infrastructure, Identity & Data, AI Application), three deployment phases (Foundational, Enhanced, Advanced), and three AI use cases (AI that Answers, AI that Connects, AI that Acts). Maps existing Prowler checks to AI workload security requirements and identifies gaps requiring new checks.;992275841864;us-west-2;2026-08-18 15:47:07.870888;AISF-RUNTIME-03;Ensure Lambda functions used in AI architectures are deployed in VPCs, not publicly accessible, use supported runtimes, have no secrets in code or variables, and use CMK-encrypted environment variables.;Infrastructure Security;Serverless Runtime Security;;awslambda;Automated;FAIL;Lambda function auto-shutdown-untagged-instances is not recorded by CloudTrail.;arn:aws:lambda:us-west-2:992275841864:function:auto-shutdown-untagged-instances;awslambda_function_invoke_api_operations_cloudtrail_logging_enabled;False;auto-shutdown-untagged-instances;AWS-AI-Security-Framework;AWS AI Security Framework;
aws;Security compliance framework based on the AWS AI Security Framework blog post (2025). Organizes controls across three security layers (Infrastructure, Identity & Data, AI Application), three deployment phases (Foundational, Enhanced, Advanced), and three AI use cases (AI that Answers, AI that Connects, AI that Acts). Maps existing Prowler checks to AI workload security requirements and identifies gaps requiring new checks.;992275841864;us-west-2;2026-08-18 15:47:07.870888;AISF-DATA-05;Ensure no secrets or credentials are hardcoded in Lambda functions, ECS task definitions, or EC2 instances used as part of AI application architectures.;Identity and Data Security;Secret Hygiene;;multiple;Automated;PASS;No secrets found in Lambda function auto-shutdown-untagged-instances variables.;arn:aws:lambda:us-west-2:992275841864:function:auto-shutdown-untagged-instances;awslambda_function_no_secrets_in_variables;False;auto-shutdown-untagged-instances;AWS-AI-Security-Framework;AWS AI Security Framework;
aws;Security compliance framework based on the AWS AI Security Framework blog post (2025). Organizes controls across three security layers (Infrastructure, Identity & Data, AI Application), three deployment phases (Foundational, Enhanced, Advanced), and three AI use cases (AI that Answers, AI that Connects, AI that Acts). Maps existing Prowler checks to AI workload security requirements and identifies gaps requiring new checks.;992275841864;us-west-2;2026-08-18 15:47:07.870888;AISF-RUNTIME-03;Ensure Lambda functions used in AI architectures are deployed in VPCs, not publicly accessible, use supported runtimes, have no secrets in code or variables, and use CMK-encrypted environment variables.;Infrastructure Security;Serverless Runtime Security;;awslambda;Automated;PASS;No secrets found in Lambda function auto-shutdown-untagged-instances variables.;arn:aws:lambda:us-west-2:992275841864:function:auto-shutdown-untagged-instances;awslambda_function_no_secrets_in_variables;False;auto-shutdown-untagged-instances;AWS-AI-Security-Framework;AWS AI Security Framework;
aws;Security compliance framework based on the AWS AI Security Framework blog post (2025). Organizes controls across three security layers (Infrastructure, Identity & Data, AI Application), three deployment phases (Foundational, Enhanced, Advanced), and three AI use cases (AI that Answers, AI that Connects, AI that Acts). Maps existing Prowler checks to AI workload security requirements and identifies gaps requiring new checks.;992275841864;us-west-2;2026-08-18 15:47:07.870888;AISF-RUNTIME-03;Ensure Lambda functions used in AI architectures are deployed in VPCs, not publicly accessible, use supported runtimes, have no secrets in code or variables, and use CMK-encrypted environment variables.;Infrastructure Security;Serverless Runtime Security;;awslambda;Automated;PASS;Lambda function auto-shutdown-untagged-instances has a resource-based policy without public access.;arn:aws:lambda:us-west-2:992275841864:function:auto-shutdown-untagged-instances;awslambda_function_not_publicly_accessible;False;auto-shutdown-untagged-instances;AWS-AI-Security-Framework;AWS AI Security Framework;
aws;Security compliance framework based on the AWS AI Security Framework blog post (2025). Organizes controls across three security layers (Infrastructure, Identity & Data, AI Application), three deployment phases (Foundational, Enhanced, Advanced), and three AI use cases (AI that Answers, AI that Connects, AI that Acts). Maps existing Prowler checks to AI workload security requirements and identifies gaps requiring new checks.;992275841864;us-west-2;2026-08-18 15:47:07.870888;AISF-RUNTIME-03;Ensure Lambda functions used in AI architectures are deployed in VPCs, not publicly accessible, use supported runtimes, have no secrets in code or variables, and use CMK-encrypted environment variables.;Infrastructure Security;Serverless Runtime Security;;awslambda;Automated;PASS;Lambda function auto-shutdown-untagged-instances is using python3.12 which is supported.;arn:aws:lambda:us-west-2:992275841864:function:auto-shutdown-untagged-instances;awslambda_function_using_supported_runtimes;False;auto-shutdown-untagged-instances;AWS-AI-Security-Framework;AWS AI Security Framework;
aws;Security compliance framework based on the AWS AI Security Framework blog post (2025). Organizes controls across three security layers (Infrastructure, Identity & Data, AI Application), three deployment phases (Foundational, Enhanced, Advanced), and three AI use cases (AI that Answers, AI that Connects, AI that Acts). Maps existing Prowler checks to AI workload security requirements and identifies gaps requiring new checks.;992275841864;us-west-2;2026-08-18 15:47:07.870888;AISF-IAM-02;Ensure least-privilege access is enforced for all AI service identities. No administrative privileges should be attached to IAM entities that interact with Bedrock, SageMaker, or other AI services.;Identity and Data Security;Authorization;;iam;Automated;PASS;IAM Role AWSReservedSSO_AdministratorAccess_fe6ebb675b6c22d2 does not have AmazonBedrockFullAccess policy attached.;arn:aws:iam::992275841864:role/aws-reserved/sso.amazonaws.com/us-west-2/AWSReservedSSO_AdministratorAccess_fe6ebb675b6c22d2;bedrock_full_access_policy_attached;False;AWSReservedSSO_AdministratorAccess_fe6ebb675b6c22d2;AWS-AI-Security-Framework;AWS AI Security Framework;
aws;Security compliance framework based on the AWS AI Security Framework blog post (2025). Organizes controls across three security layers (Infrastructure, Identity & Data, AI Application), three deployment phases (Foundational, Enhanced, Advanced), and three AI use cases (AI that Answers, AI that Connects, AI that Acts). Maps existing Prowler checks to AI workload security requirements and identifies gaps requiring new checks.;992275841864;us-west-2;2026-08-18 15:47:07.870888;AISF-IAM-02;Ensure least-privilege access is enforced for all AI service identities. No administrative privileges should be attached to IAM entities that interact with Bedrock, SageMaker, or other AI services.;Identity and Data Security;Authorization;;iam;Automated;PASS;IAM Role OrganizationAccountAccessRole does not have AmazonBedrockFullAccess policy attached.;arn:aws:iam::992275841864:role/OrganizationAccountAccessRole;bedrock_full_access_policy_attached;False;OrganizationAccountAccessRole;AWS-AI-Security-Framework;AWS AI Security Framework;
aws;Security compliance framework based on the AWS AI Security Framework blog post (2025). Organizes controls across three security layers (Infrastructure, Identity & Data, AI Application), three deployment phases (Foundational, Enhanced, Advanced), and three AI use cases (AI that Answers, AI that Connects, AI that Acts). Maps existing Prowler checks to AI workload security requirements and identifies gaps requiring new checks.;992275841864;us-west-2;2026-08-18 15:47:07.870888;AISF-AI-01;Ensure Amazon Bedrock has at least one guardrail configured to provide content filtering, prompt injection defense, PII filtering, and topic restrictions for foundation model interactions.;AI Application Security;Content Filtering;;bedrock;Automated;FAIL;Bedrock has no guardrails configured in region us-west-2.;arn:aws:bedrock:us-west-2:992275841864:guardrails;bedrock_guardrails_configured;False;bedrock-guardrails;AWS-AI-Security-Framework;AWS AI Security Framework;
aws;Security compliance framework based on the AWS AI Security Framework blog post (2025). Organizes controls across three security layers (Infrastructure, Identity & Data, AI Application), three deployment phases (Foundational, Enhanced, Advanced), and three AI use cases (AI that Answers, AI that Connects, AI that Acts). Maps existing Prowler checks to AI workload security requirements and identifies gaps requiring new checks.;992275841864;us-west-2;2026-08-18 15:47:07.870888;AISF-AI-05;Ensure Bedrock model invocation logging is enabled to maintain an immutable audit trail of all model interactions, enabling incident investigation and behavioral analysis.;AI Application Security;AI Audit Logging;;bedrock;Automated;FAIL;Bedrock Model Invocation Logging is disabled.;arn:aws:bedrock:us-west-2:992275841864:model-invocation-logging;bedrock_model_invocation_logging_enabled;False;model-invocation-logging;AWS-AI-Security-Framework;AWS AI Security Framework;
aws;Security compliance framework based on the AWS AI Security Framework blog post (2025). Organizes controls across three security layers (Infrastructure, Identity & Data, AI Application), three deployment phases (Foundational, Enhanced, Advanced), and three AI use cases (AI that Answers, AI that Connects, AI that Acts). Maps existing Prowler checks to AI workload security requirements and identifies gaps requiring new checks.;992275841864;us-west-2;2026-08-18 15:47:07.870888;AISF-AI-07;Ensure Bedrock prompts are encrypted at rest with customer-managed KMS keys and Prompt Management is used for centralized prompt governance.;AI Application Security;Prompt Management;;bedrock;Automated;FAIL;No Bedrock Prompt Management prompts exist in region us-west-2.;arn:aws:bedrock:us-west-2:992275841864:prompt-management;bedrock_prompt_management_exists;False;prompt-management;AWS-AI-Security-Framework;AWS AI Security Framework;
aws;Security compliance framework based on the AWS AI Security Framework blog post (2025). Organizes controls across three security layers (Infrastructure, Identity & Data, AI Application), three deployment phases (Foundational, Enhanced, Advanced), and three AI use cases (AI that Answers, AI that Connects, AI that Acts). Maps existing Prowler checks to AI workload security requirements and identifies gaps requiring new checks.;992275841864;ap-northeast-1;2026-08-18 15:47:07.870888;AISF-DETECT-01;Ensure CloudTrail is enabled in all regions with multi-region logging, management event recording, log file validation, and CloudWatch integration for comprehensive AI workload audit trails.;Threat Detection and Monitoring;Audit Logging;;cloudtrail;Automated;FAIL;No CloudTrail trails enabled with logging were found.;arn:aws:cloudtrail:ap-northeast-1:992275841864:trail;cloudtrail_multi_region_enabled;False;992275841864;AWS-AI-Security-Framework;AWS AI Security Framework;
aws;Security compliance framework based on the AWS AI Security Framework blog post (2025). Organizes controls across three security layers (Infrastructure, Identity & Data, AI Application), three deployment phases (Foundational, Enhanced, Advanced), and three AI use cases (AI that Answers, AI that Connects, AI that Acts). Maps existing Prowler checks to AI workload security requirements and identifies gaps requiring new checks.;992275841864;ap-northeast-2;2026-08-18 15:47:07.870888;AISF-DETECT-01;Ensure CloudTrail is enabled in all regions with multi-region logging, management event recording, log file validation, and CloudWatch integration for comprehensive AI workload audit trails.;Threat Detection and Monitoring;Audit Logging;;cloudtrail;Automated;FAIL;No CloudTrail trails enabled with logging were found.;arn:aws:cloudtrail:ap-northeast-2:992275841864:trail;cloudtrail_multi_region_enabled;False;992275841864;AWS-AI-Security-Framework;AWS AI Security Framework;
aws;Security compliance framework based on the AWS AI Security Framework blog post (2025). Organizes controls across three security layers (Infrastructure, Identity & Data, AI Application), three deployment phases (Foundational, Enhanced, Advanced), and three AI use cases (AI that Answers, AI that Connects, AI that Acts). Maps existing Prowler checks to AI workload security requirements and identifies gaps requiring new checks.;992275841864;ap-northeast-3;2026-08-18 15:47:07.870888;AISF-DETECT-01;Ensure CloudTrail is enabled in all regions with multi-region logging, management event recording, log file validation, and CloudWatch integration for comprehensive AI workload audit trails.;Threat Detection and Monitoring;Audit Logging;;cloudtrail;Automated;FAIL;No CloudTrail trails enabled with logging were found.;arn:aws:cloudtrail:ap-northeast-3:992275841864:trail;cloudtrail_multi_region_enabled;False;992275841864;AWS-AI-Security-Framework;AWS AI Security Framework;
aws;Security compliance framework based on the AWS AI Security Framework blog post (2025). Organizes controls across three security layers (Infrastructure, Identity & Data, AI Application), three deployment phases (Foundational, Enhanced, Advanced), and three AI use cases (AI that Answers, AI that Connects, AI that Acts). Maps existing Prowler checks to AI workload security requirements and identifies gaps requiring new checks.;992275841864;ap-south-1;2026-08-18 15:47:07.870888;AISF-DETECT-01;Ensure CloudTrail is enabled in all regions with multi-region logging, management event recording, log file validation, and CloudWatch integration for comprehensive AI workload audit trails.;Threat Detection and Monitoring;Audit Logging;;cloudtrail;Automated;FAIL;No CloudTrail trails enabled with logging were found.;arn:aws:cloudtrail:ap-south-1:992275841864:trail;cloudtrail_multi_region_enabled;False;992275841864;AWS-AI-Security-Framework;AWS AI Security Framework;
aws;Security compliance framework based on the AWS AI Security Framework blog post (2025). Organizes controls across three security layers (Infrastructure, Identity & Data, AI Application), three deployment phases (Foundational, Enhanced, Advanced), and three AI use cases (AI that Answers, AI that Connects, AI that Acts). Maps existing Prowler checks to AI workload security requirements and identifies gaps requiring new checks.;992275841864;ap-southeast-1;2026-08-18 15:47:07.870888;AISF-DETECT-01;Ensure CloudTrail is enabled in all regions with multi-region logging, management event recording, log file validation, and CloudWatch integration for comprehensive AI workload audit trails.;Threat Detection and Monitoring;Audit Logging;;cloudtrail;Automated;FAIL;No CloudTrail trails enabled with logging were found.;arn:aws:cloudtrail:ap-southeast-1:992275841864:trail;cloudtrail_multi_region_enabled;False;992275841864;AWS-AI-Security-Framework;AWS AI Security Framework;
aws;Security compliance framework based on the AWS AI Security Framework blog post (2025). Organizes controls across three security layers (Infrastructure, Identity & Data, AI Application), three deployment phases (Foundational, Enhanced, Advanced), and three AI use cases (AI that Answers, AI that Connects, AI that Acts). Maps existing Prowler checks to AI workload security requirements and identifies gaps requiring new checks.;992275841864;ap-southeast-2;2026-08-18 15:47:07.870888;AISF-DETECT-01;Ensure CloudTrail is enabled in all regions with multi-region logging, management event recording, log file validation, and CloudWatch integration for comprehensive AI workload audit trails.;Threat Detection and Monitoring;Audit Logging;;cloudtrail;Automated;FAIL;No CloudTrail trails enabled with logging were found.;arn:aws:cloudtrail:ap-southeast-2:992275841864:trail;cloudtrail_multi_region_enabled;False;992275841864;AWS-AI-Security-Framework;AWS AI Security Framework;
aws;Security compliance framework based on the AWS AI Security Framework blog post (2025). Organizes controls across three security layers (Infrastructure, Identity & Data, AI Application), three deployment phases (Foundational, Enhanced, Advanced), and three AI use cases (AI that Answers, AI that Connects, AI that Acts). Maps existing Prowler checks to AI workload security requirements and identifies gaps requiring new checks.;992275841864;ca-central-1;2026-08-18 15:47:07.870888;AISF-DETECT-01;Ensure CloudTrail is enabled in all regions with multi-region logging, management event recording, log file validation, and CloudWatch integration for comprehensive AI workload audit trails.;Threat Detection and Monitoring;Audit Logging;;cloudtrail;Automated;FAIL;No CloudTrail trails enabled with logging were found.;arn:aws:cloudtrail:ca-central-1:992275841864:trail;cloudtrail_multi_region_enabled;False;992275841864;AWS-AI-Security-Framework;AWS AI Security Framework;
aws;Security compliance framework based on the AWS AI Security Framework blog post (2025). Organizes controls across three security layers (Infrastructure, Identity & Data, AI Application), three deployment phases (Foundational, Enhanced, Advanced), and three AI use cases (AI that Answers, AI that Connects, AI that Acts). Maps existing Prowler checks to AI workload security requirements and identifies gaps requiring new checks.;992275841864;eu-central-1;2026-08-18 15:47:07.870888;AISF-DETECT-01;Ensure CloudTrail is enabled in all regions with multi-region logging, management event recording, log file validation, and CloudWatch integration for comprehensive AI workload audit trails.;Threat Detection and Monitoring;Audit Logging;;cloudtrail;Automated;FAIL;No CloudTrail trails enabled with logging were found.;arn:aws:cloudtrail:eu-central-1:992275841864:trail;cloudtrail_multi_region_enabled;False;992275841864;AWS-AI-Security-Framework;AWS AI Security Framework;
aws;Security compliance framework based on the AWS AI Security Framework blog post (2025). Organizes controls across three security layers (Infrastructure, Identity & Data, AI Application), three deployment phases (Foundational, Enhanced, Advanced), and three AI use cases (AI that Answers, AI that Connects, AI that Acts). Maps existing Prowler checks to AI workload security requirements and identifies gaps requiring new checks.;992275841864;eu-north-1;2026-08-18 15:47:07.870888;AISF-DETECT-01;Ensure CloudTrail is enabled in all regions with multi-region logging, management event recording, log file validation, and CloudWatch integration for comprehensive AI workload audit trails.;Threat Detection and Monitoring;Audit Logging;;cloudtrail;Automated;FAIL;No CloudTrail trails enabled with logging were found.;arn:aws:cloudtrail:eu-north-1:992275841864:trail;cloudtrail_multi_region_enabled;False;992275841864;AWS-AI-Security-Framework;AWS AI Security Framework;
aws;Security compliance framework based on the AWS AI Security Framework blog post (2025). Organizes controls across three security layers (Infrastructure, Identity & Data, AI Application), three deployment phases (Foundational, Enhanced, Advanced), and three AI use cases (AI that Answers, AI that Connects, AI that Acts). Maps existing Prowler checks to AI workload security requirements and identifies gaps requiring new checks.;992275841864;eu-west-1;2026-08-18 15:47:07.870888;AISF-DETECT-01;Ensure CloudTrail is enabled in all regions with multi-region logging, management event recording, log file validation, and CloudWatch integration for comprehensive AI workload audit trails.;Threat Detection and Monitoring;Audit Logging;;cloudtrail;Automated;FAIL;No CloudTrail trails enabled with logging were found.;arn:aws:cloudtrail:eu-west-1:992275841864:trail;cloudtrail_multi_region_enabled;False;992275841864;AWS-AI-Security-Framework;AWS AI Security Framework;
aws;Security compliance framework based on the AWS AI Security Framework blog post (2025). Organizes controls across three security layers (Infrastructure, Identity & Data, AI Application), three deployment phases (Foundational, Enhanced, Advanced), and three AI use cases (AI that Answers, AI that Connects, AI that Acts). Maps existing Prowler checks to AI workload security requirements and identifies gaps requiring new checks.;992275841864;eu-west-2;2026-08-18 15:47:07.870888;AISF-DETECT-01;Ensure CloudTrail is enabled in all regions with multi-region logging, management event recording, log file validation, and CloudWatch integration for comprehensive AI workload audit trails.;Threat Detection and Monitoring;Audit Logging;;cloudtrail;Automated;FAIL;No CloudTrail trails enabled with logging were found.;arn:aws:cloudtrail:eu-west-2:992275841864:trail;cloudtrail_multi_region_enabled;False;992275841864;AWS-AI-Security-Framework;AWS AI Security Framework;
aws;Security compliance framework based on the AWS AI Security Framework blog post (2025). Organizes controls across three security layers (Infrastructure, Identity & Data, AI Application), three deployment phases (Foundational, Enhanced, Advanced), and three AI use cases (AI that Answers, AI that Connects, AI that Acts). Maps existing Prowler checks to AI workload security requirements and identifies gaps requiring new checks.;992275841864;eu-west-3;2026-08-18 15:47:07.870888;AISF-DETECT-01;Ensure CloudTrail is enabled in all regions with multi-region logging, management event recording, log file validation, and CloudWatch integration for comprehensive AI workload audit trails.;Threat Detection and Monitoring;Audit Logging;;cloudtrail;Automated;FAIL;No CloudTrail trails enabled with logging were found.;arn:aws:cloudtrail:eu-west-3:992275841864:trail;cloudtrail_multi_region_enabled;False;992275841864;AWS-AI-Security-Framework;AWS AI Security Framework;
aws;Security compliance framework based on the AWS AI Security Framework blog post (2025). Organizes controls across three security layers (Infrastructure, Identity & Data, AI Application), three deployment phases (Foundational, Enhanced, Advanced), and three AI use cases (AI that Answers, AI that Connects, AI that Acts). Maps existing Prowler checks to AI workload security requirements and identifies gaps requiring new checks.;992275841864;sa-east-1;2026-08-18 15:47:07.870888;AISF-DETECT-01;Ensure CloudTrail is enabled in all regions with multi-region logging, management event recording, log file validation, and CloudWatch integration for comprehensive AI workload audit trails.;Threat Detection and Monitoring;Audit Logging;;cloudtrail;Automated;FAIL;No CloudTrail trails enabled with logging were found.;arn:aws:cloudtrail:sa-east-1:992275841864:trail;cloudtrail_multi_region_enabled;False;992275841864;AWS-AI-Security-Framework;AWS AI Security Framework;
aws;Security compliance framework based on the AWS AI Security Framework blog post (2025). Organizes controls across three security layers (Infrastructure, Identity & Data, AI Application), three deployment phases (Foundational, Enhanced, Advanced), and three AI use cases (AI that Answers, AI that Connects, AI that Acts). Maps existing Prowler checks to AI workload security requirements and identifies gaps requiring new checks.;992275841864;us-east-1;2026-08-18 15:47:07.870888;AISF-DETECT-01;Ensure CloudTrail is enabled in all regions with multi-region logging, management event recording, log file validation, and CloudWatch integration for comprehensive AI workload audit trails.;Threat Detection and Monitoring;Audit Logging;;cloudtrail;Automated;FAIL;No CloudTrail trails enabled with logging were found.;arn:aws:cloudtrail:us-east-1:992275841864:trail;cloudtrail_multi_region_enabled;False;992275841864;AWS-AI-Security-Framework;AWS AI Security Framework;
aws;Security compliance framework based on the AWS AI Security Framework blog post (2025). Organizes controls across three security layers (Infrastructure, Identity & Data, AI Application), three deployment phases (Foundational, Enhanced, Advanced), and three AI use cases (AI that Answers, AI that Connects, AI that Acts). Maps existing Prowler checks to AI workload security requirements and identifies gaps requiring new checks.;992275841864;us-east-2;2026-08-18 15:47:07.870888;AISF-DETECT-01;Ensure CloudTrail is enabled in all regions with multi-region logging, management event recording, log file validation, and CloudWatch integration for comprehensive AI workload audit trails.;Threat Detection and Monitoring;Audit Logging;;cloudtrail;Automated;FAIL;No CloudTrail trails enabled with logging were found.;arn:aws:cloudtrail:us-east-2:992275841864:trail;cloudtrail_multi_region_enabled;False;992275841864;AWS-AI-Security-Framework;AWS AI Security Framework;
aws;Security compliance framework based on the AWS AI Security Framework blog post (2025). Organizes controls across three security layers (Infrastructure, Identity & Data, AI Application), three deployment phases (Foundational, Enhanced, Advanced), and three AI use cases (AI that Answers, AI that Connects, AI that Acts). Maps existing Prowler checks to AI workload security requirements and identifies gaps requiring new checks.;992275841864;us-west-1;2026-08-18 15:47:07.870888;AISF-DETECT-01;Ensure CloudTrail is enabled in all regions with multi-region logging, management event recording, log file validation, and CloudWatch integration for comprehensive AI workload audit trails.;Threat Detection and Monitoring;Audit Logging;;cloudtrail;Automated;FAIL;No CloudTrail trails enabled with logging were found.;arn:aws:cloudtrail:us-west-1:992275841864:trail;cloudtrail_multi_region_enabled;False;992275841864;AWS-AI-Security-Framework;AWS AI Security Framework;
aws;Security compliance framework based on the AWS AI Security Framework blog post (2025). Organizes controls across three security layers (Infrastructure, Identity & Data, AI Application), three deployment phases (Foundational, Enhanced, Advanced), and three AI use cases (AI that Answers, AI that Connects, AI that Acts). Maps existing Prowler checks to AI workload security requirements and identifies gaps requiring new checks.;992275841864;us-west-2;2026-08-18 15:47:07.870888;AISF-DETECT-01;Ensure CloudTrail is enabled in all regions with multi-region logging, management event recording, log file validation, and CloudWatch integration for comprehensive AI workload audit trails.;Threat Detection and Monitoring;Audit Logging;;cloudtrail;Automated;FAIL;No CloudTrail trails enabled with logging were found.;arn:aws:cloudtrail:us-west-2:992275841864:trail;cloudtrail_multi_region_enabled;False;992275841864;AWS-AI-Security-Framework;AWS AI Security Framework;
aws;Security compliance framework based on the AWS AI Security Framework blog post (2025). Organizes controls across three security layers (Infrastructure, Identity & Data, AI Application), three deployment phases (Foundational, Enhanced, Advanced), and three AI use cases (AI that Answers, AI that Connects, AI that Acts). Maps existing Prowler checks to AI workload security requirements and identifies gaps requiring new checks.;992275841864;ap-northeast-1;2026-08-18 15:47:07.870888;AISF-DETECT-01;Ensure CloudTrail is enabled in all regions with multi-region logging, management event recording, log file validation, and CloudWatch integration for comprehensive AI workload audit trails.;Threat Detection and Monitoring;Audit Logging;;cloudtrail;Automated;FAIL;No CloudTrail trails enabled and logging management events were found.;arn:aws:cloudtrail:ap-northeast-1:992275841864:trail;cloudtrail_multi_region_enabled_logging_management_events;False;992275841864;AWS-AI-Security-Framework;AWS AI Security Framework;
aws;Security compliance framework based on the AWS AI Security Framework blog post (2025). Organizes controls across three security layers (Infrastructure, Identity & Data, AI Application), three deployment phases (Foundational, Enhanced, Advanced), and three AI use cases (AI that Answers, AI that Connects, AI that Acts). Maps existing Prowler checks to AI workload security requirements and identifies gaps requiring new checks.;992275841864;ap-northeast-2;2026-08-18 15:47:07.870888;AISF-DETECT-01;Ensure CloudTrail is enabled in all regions with multi-region logging, management event recording, log file validation, and CloudWatch integration for comprehensive AI workload audit trails.;Threat Detection and Monitoring;Audit Logging;;cloudtrail;Automated;FAIL;No CloudTrail trails enabled and logging management events were found.;arn:aws:cloudtrail:ap-northeast-2:992275841864:trail;cloudtrail_multi_region_enabled_logging_management_events;False;992275841864;AWS-AI-Security-Framework;AWS AI Security Framework;
aws;Security compliance framework based on the AWS AI Security Framework blog post (2025). Organizes controls across three security layers (Infrastructure, Identity & Data, AI Application), three deployment phases (Foundational, Enhanced, Advanced), and three AI use cases (AI that Answers, AI that Connects, AI that Acts). Maps existing Prowler checks to AI workload security requirements and identifies gaps requiring new checks.;992275841864;ap-northeast-3;2026-08-18 15:47:07.870888;AISF-DETECT-01;Ensure CloudTrail is enabled in all regions with multi-region logging, management event recording, log file validation, and CloudWatch integration for comprehensive AI workload audit trails.;Threat Detection and Monitoring;Audit Logging;;cloudtrail;Automated;FAIL;No CloudTrail trails enabled and logging management events were found.;arn:aws:cloudtrail:ap-northeast-3:992275841864:trail;cloudtrail_multi_region_enabled_logging_management_events;False;992275841864;AWS-AI-Security-Framework;AWS AI Security Framework;
aws;Security compliance framework based on the AWS AI Security Framework blog post (2025). Organizes controls across three security layers (Infrastructure, Identity & Data, AI Application), three deployment phases (Foundational, Enhanced, Advanced), and three AI use cases (AI that Answers, AI that Connects, AI that Acts). Maps existing Prowler checks to AI workload security requirements and identifies gaps requiring new checks.;992275841864;ap-south-1;2026-08-18 15:47:07.870888;AISF-DETECT-01;Ensure CloudTrail is enabled in all regions with multi-region logging, management event recording, log file validation, and CloudWatch integration for comprehensive AI workload audit trails.;Threat Detection and Monitoring;Audit Logging;;cloudtrail;Automated;FAIL;No CloudTrail trails enabled and logging management events were found.;arn:aws:cloudtrail:ap-south-1:992275841864:trail;cloudtrail_multi_region_enabled_logging_management_events;False;992275841864;AWS-AI-Security-Framework;AWS AI Security Framework;
aws;Security compliance framework based on the AWS AI Security Framework blog post (2025). Organizes controls across three security layers (Infrastructure, Identity & Data, AI Application), three deployment phases (Foundational, Enhanced, Advanced), and three AI use cases (AI that Answers, AI that Connects, AI that Acts). Maps existing Prowler checks to AI workload security requirements and identifies gaps requiring new checks.;992275841864;ap-southeast-1;2026-08-18 15:47:07.870888;AISF-DETECT-01;Ensure CloudTrail is enabled in all regions with multi-region logging, management event recording, log file validation, and CloudWatch integration for comprehensive AI workload audit trails.;Threat Detection and Monitoring;Audit Logging;;cloudtrail;Automated;FAIL;No CloudTrail trails enabled and logging management events were found.;arn:aws:cloudtrail:ap-southeast-1:992275841864:trail;cloudtrail_multi_region_enabled_logging_management_events;False;992275841864;AWS-AI-Security-Framework;AWS AI Security Framework;
aws;Security compliance framework based on the AWS AI Security Framework blog post (2025). Organizes controls across three security layers (Infrastructure, Identity & Data, AI Application), three deployment phases (Foundational, Enhanced, Advanced), and three AI use cases (AI that Answers, AI that Connects, AI that Acts). Maps existing Prowler checks to AI workload security requirements and identifies gaps requiring new checks.;992275841864;ap-southeast-2;2026-08-18 15:47:07.870888;AISF-DETECT-01;Ensure CloudTrail is enabled in all regions with multi-region logging, management event recording, log file validation, and CloudWatch integration for comprehensive AI workload audit trails.;Threat Detection and Monitoring;Audit Logging;;cloudtrail;Automated;FAIL;No CloudTrail trails enabled and logging management events were found.;arn:aws:cloudtrail:ap-southeast-2:992275841864:trail;cloudtrail_multi_region_enabled_logging_management_events;False;992275841864;AWS-AI-Security-Framework;AWS AI Security Framework;
aws;Security compliance framework based on the AWS AI Security Framework blog post (2025). Organizes controls across three security layers (Infrastructure, Identity & Data, AI Application), three deployment phases (Foundational, Enhanced, Advanced), and three AI use cases (AI that Answers, AI that Connects, AI that Acts). Maps existing Prowler checks to AI workload security requirements and identifies gaps requiring new checks.;992275841864;ca-central-1;2026-08-18 15:47:07.870888;AISF-DETECT-01;Ensure CloudTrail is enabled in all regions with multi-region logging, management event recording, log file validation, and CloudWatch integration for comprehensive AI workload audit trails.;Threat Detection and Monitoring;Audit Logging;;cloudtrail;Automated;FAIL;No CloudTrail trails enabled and logging management events were found.;arn:aws:cloudtrail:ca-central-1:992275841864:trail;cloudtrail_multi_region_enabled_logging_management_events;False;992275841864;AWS-AI-Security-Framework;AWS AI Security Framework;
aws;Security compliance framework based on the AWS AI Security Framework blog post (2025). Organizes controls across three security layers (Infrastructure, Identity & Data, AI Application), three deployment phases (Foundational, Enhanced, Advanced), and three AI use cases (AI that Answers, AI that Connects, AI that Acts). Maps existing Prowler checks to AI workload security requirements and identifies gaps requiring new checks.;992275841864;eu-central-1;2026-08-18 15:47:07.870888;AISF-DETECT-01;Ensure CloudTrail is enabled in all regions with multi-region logging, management event recording, log file validation, and CloudWatch integration for comprehensive AI workload audit trails.;Threat Detection and Monitoring;Audit Logging;;cloudtrail;Automated;FAIL;No CloudTrail trails enabled and logging management events were found.;arn:aws:cloudtrail:eu-central-1:992275841864:trail;cloudtrail_multi_region_enabled_logging_management_events;False;992275841864;AWS-AI-Security-Framework;AWS AI Security Framework;
aws;Security compliance framework based on the AWS AI Security Framework blog post (2025). Organizes controls across three security layers (Infrastructure, Identity & Data, AI Application), three deployment phases (Foundational, Enhanced, Advanced), and three AI use cases (AI that Answers, AI that Connects, AI that Acts). Maps existing Prowler checks to AI workload security requirements and identifies gaps requiring new checks.;992275841864;eu-north-1;2026-08-18 15:47:07.870888;AISF-DETECT-01;Ensure CloudTrail is enabled in all regions with multi-region logging, management event recording, log file validation, and CloudWatch integration for comprehensive AI workload audit trails.;Threat Detection and Monitoring;Audit Logging;;cloudtrail;Automated;FAIL;No CloudTrail trails enabled and logging management events were found.;arn:aws:cloudtrail:eu-north-1:992275841864:trail;cloudtrail_multi_region_enabled_logging_management_events;False;992275841864;AWS-AI-Security-Framework;AWS AI Security Framework;
aws;Security compliance framework based on the AWS AI Security Framework blog post (2025). Organizes controls across three security layers (Infrastructure, Identity & Data, AI Application), three deployment phases (Foundational, Enhanced, Advanced), and three AI use cases (AI that Answers, AI that Connects, AI that Acts). Maps existing Prowler checks to AI workload security requirements and identifies gaps requiring new checks.;992275841864;eu-west-1;2026-08-18 15:47:07.870888;AISF-DETECT-01;Ensure CloudTrail is enabled in all regions with multi-region logging, management event recording, log file validation, and CloudWatch integration for comprehensive AI workload audit trails.;Threat Detection and Monitoring;Audit Logging;;cloudtrail;Automated;FAIL;No CloudTrail trails enabled and logging management events were found.;arn:aws:cloudtrail:eu-west-1:992275841864:trail;cloudtrail_multi_region_enabled_logging_management_events;False;992275841864;AWS-AI-Security-Framework;AWS AI Security Framework;
aws;Security compliance framework based on the AWS AI Security Framework blog post (2025). Organizes controls across three security layers (Infrastructure, Identity & Data, AI Application), three deployment phases (Foundational, Enhanced, Advanced), and three AI use cases (AI that Answers, AI that Connects, AI that Acts). Maps existing Prowler checks to AI workload security requirements and identifies gaps requiring new checks.;992275841864;eu-west-2;2026-08-18 15:47:07.870888;AISF-DETECT-01;Ensure CloudTrail is enabled in all regions with multi-region logging, management event recording, log file validation, and CloudWatch integration for comprehensive AI workload audit trails.;Threat Detection and Monitoring;Audit Logging;;cloudtrail;Automated;FAIL;No CloudTrail trails enabled and logging management events were found.;arn:aws:cloudtrail:eu-west-2:992275841864:trail;cloudtrail_multi_region_enabled_logging_management_events;False;992275841864;AWS-AI-Security-Framework;AWS AI Security Framework;
aws;Security compliance framework based on the AWS AI Security Framework blog post (2025). Organizes controls across three security layers (Infrastructure, Identity & Data, AI Application), three deployment phases (Foundational, Enhanced, Advanced), and three AI use cases (AI that Answers, AI that Connects, AI that Acts). Maps existing Prowler checks to AI workload security requirements and identifies gaps requiring new checks.;992275841864;eu-west-3;2026-08-18 15:47:07.870888;AISF-DETECT-01;Ensure CloudTrail is enabled in all regions with multi-region logging, management event recording, log file validation, and CloudWatch integration for comprehensive AI workload audit trails.;Threat Detection and Monitoring;Audit Logging;;cloudtrail;Automated;FAIL;No CloudTrail trails enabled and logging management events were found.;arn:aws:cloudtrail:eu-west-3:992275841864:trail;cloudtrail_multi_region_enabled_logging_management_events;False;992275841864;AWS-AI-Security-Framework;AWS AI Security Framework;
aws;Security compliance framework based on the AWS AI Security Framework blog post (2025). Organizes controls across three security layers (Infrastructure, Identity & Data, AI Application), three deployment phases (Foundational, Enhanced, Advanced), and three AI use cases (AI that Answers, AI that Connects, AI that Acts). Maps existing Prowler checks to AI workload security requirements and identifies gaps requiring new checks.;992275841864;sa-east-1;2026-08-18 15:47:07.870888;AISF-DETECT-01;Ensure CloudTrail is enabled in all regions with multi-region logging, management event recording, log file validation, and CloudWatch integration for comprehensive AI workload audit trails.;Threat Detection and Monitoring;Audit Logging;;cloudtrail;Automated;FAIL;No CloudTrail trails enabled and logging management events were found.;arn:aws:cloudtrail:sa-east-1:992275841864:trail;cloudtrail_multi_region_enabled_logging_management_events;False;992275841864;AWS-AI-Security-Framework;AWS AI Security Framework;
aws;Security compliance framework based on the AWS AI Security Framework blog post (2025). Organizes controls across three security layers (Infrastructure, Identity & Data, AI Application), three deployment phases (Foundational, Enhanced, Advanced), and three AI use cases (AI that Answers, AI that Connects, AI that Acts). Maps existing Prowler checks to AI workload security requirements and identifies gaps requiring new checks.;992275841864;us-east-1;2026-08-18 15:47:07.870888;AISF-DETECT-01;Ensure CloudTrail is enabled in all regions with multi-region logging, management event recording, log file validation, and CloudWatch integration for comprehensive AI workload audit trails.;Threat Detection and Monitoring;Audit Logging;;cloudtrail;Automated;FAIL;No CloudTrail trails enabled and logging management events were found.;arn:aws:cloudtrail:us-east-1:992275841864:trail;cloudtrail_multi_region_enabled_logging_management_events;False;992275841864;AWS-AI-Security-Framework;AWS AI Security Framework;
aws;Security compliance framework based on the AWS AI Security Framework blog post (2025). Organizes controls across three security layers (Infrastructure, Identity & Data, AI Application), three deployment phases (Foundational, Enhanced, Advanced), and three AI use cases (AI that Answers, AI that Connects, AI that Acts). Maps existing Prowler checks to AI workload security requirements and identifies gaps requiring new checks.;992275841864;us-east-2;2026-08-18 15:47:07.870888;AISF-DETECT-01;Ensure CloudTrail is enabled in all regions with multi-region logging, management event recording, log file validation, and CloudWatch integration for comprehensive AI workload audit trails.;Threat Detection and Monitoring;Audit Logging;;cloudtrail;Automated;FAIL;No CloudTrail trails enabled and logging management events were found.;arn:aws:cloudtrail:us-east-2:992275841864:trail;cloudtrail_multi_region_enabled_logging_management_events;False;992275841864;AWS-AI-Security-Framework;AWS AI Security Framework;
aws;Security compliance framework based on the AWS AI Security Framework blog post (2025). Organizes controls across three security layers (Infrastructure, Identity & Data, AI Application), three deployment phases (Foundational, Enhanced, Advanced), and three AI use cases (AI that Answers, AI that Connects, AI that Acts). Maps existing Prowler checks to AI workload security requirements and identifies gaps requiring new checks.;992275841864;us-west-1;2026-08-18 15:47:07.870888;AISF-DETECT-01;Ensure CloudTrail is enabled in all regions with multi-region logging, management event recording, log file validation, and CloudWatch integration for comprehensive AI workload audit trails.;Threat Detection and Monitoring;Audit Logging;;cloudtrail;Automated;FAIL;No CloudTrail trails enabled and logging management events were found.;arn:aws:cloudtrail:us-west-1:992275841864:trail;cloudtrail_multi_region_enabled_logging_management_events;False;992275841864;AWS-AI-Security-Framework;AWS AI Security Framework;
aws;Security compliance framework based on the AWS AI Security Framework blog post (2025). Organizes controls across three security layers (Infrastructure, Identity & Data, AI Application), three deployment phases (Foundational, Enhanced, Advanced), and three AI use cases (AI that Answers, AI that Connects, AI that Acts). Maps existing Prowler checks to AI workload security requirements and identifies gaps requiring new checks.;992275841864;us-west-2;2026-08-18 15:47:07.870888;AISF-DETECT-01;Ensure CloudTrail is enabled in all regions with multi-region logging, management event recording, log file validation, and CloudWatch integration for comprehensive AI workload audit trails.;Threat Detection and Monitoring;Audit Logging;;cloudtrail;Automated;FAIL;No CloudTrail trails enabled and logging management events were found.;arn:aws:cloudtrail:us-west-2:992275841864:trail;cloudtrail_multi_region_enabled_logging_management_events;False;992275841864;AWS-AI-Security-Framework;AWS AI Security Framework;
aws;Security compliance framework based on the AWS AI Security Framework blog post (2025). Organizes controls across three security layers (Infrastructure, Identity & Data, AI Application), three deployment phases (Foundational, Enhanced, Advanced), and three AI use cases (AI that Answers, AI that Connects, AI that Acts). Maps existing Prowler checks to AI workload security requirements and identifies gaps requiring new checks.;992275841864;us-west-2;2026-08-18 15:47:07.870888;AISF-DETECT-05;Ensure CloudWatch metric filters and alarms are configured for critical security events including IAM policy changes, unauthorized API calls, console sign-in without MFA, KMS key deletion, and network changes.;Threat Detection and Monitoring;Security Alerting;;cloudwatch;Automated;FAIL;No CloudWatch log groups found with metric filters or alarms associated.;arn:aws:logs:us-west-2:992275841864:log-group;cloudwatch_changes_to_network_acls_alarm_configured;False;992275841864;AWS-AI-Security-Framework;AWS AI Security Framework;
aws;Security compliance framework based on the AWS AI Security Framework blog post (2025). Organizes controls across three security layers (Infrastructure, Identity & Data, AI Application), three deployment phases (Foundational, Enhanced, Advanced), and three AI use cases (AI that Answers, AI that Connects, AI that Acts). Maps existing Prowler checks to AI workload security requirements and identifies gaps requiring new checks.;992275841864;us-west-2;2026-08-18 15:47:07.870888;AISF-DETECT-05;Ensure CloudWatch metric filters and alarms are configured for critical security events including IAM policy changes, unauthorized API calls, console sign-in without MFA, KMS key deletion, and network changes.;Threat Detection and Monitoring;Security Alerting;;cloudwatch;Automated;FAIL;No CloudWatch log groups found with metric filters or alarms associated.;arn:aws:logs:us-west-2:992275841864:log-group;cloudwatch_changes_to_vpcs_alarm_configured;False;992275841864;AWS-AI-Security-Framework;AWS AI Security Framework;
aws;Security compliance framework based on the AWS AI Security Framework blog post (2025). Organizes controls across three security layers (Infrastructure, Identity & Data, AI Application), three deployment phases (Foundational, Enhanced, Advanced), and three AI use cases (AI that Answers, AI that Connects, AI that Acts). Maps existing Prowler checks to AI workload security requirements and identifies gaps requiring new checks.;992275841864;us-west-2;2026-08-18 15:47:07.870888;AISF-INFRA-05;Ensure all data at rest is encrypted with AES-256 across AI workload storage including S3 buckets, EBS volumes, RDS instances, SageMaker notebooks, and Bedrock prompts using customer-managed KMS keys where possible.;Infrastructure Security;Encryption at Rest;;kms;Automated;FAIL;Log Group /aws/lambda/auto-shutdown-untagged-instances does not have AWS KMS keys associated.;arn:aws:logs:us-west-2:992275841864:log-group:/aws/lambda/auto-shutdown-untagged-instances:*;cloudwatch_log_group_kms_encryption_enabled;False;/aws/lambda/auto-shutdown-untagged-instances;AWS-AI-Security-Framework;AWS AI Security Framework;
aws;Security compliance framework based on the AWS AI Security Framework blog post (2025). Organizes controls across three security layers (Infrastructure, Identity & Data, AI Application), three deployment phases (Foundational, Enhanced, Advanced), and three AI use cases (AI that Answers, AI that Connects, AI that Acts). Maps existing Prowler checks to AI workload security requirements and identifies gaps requiring new checks.;992275841864;us-west-2;2026-08-18 15:47:07.870888;AISF-DATA-05;Ensure no secrets or credentials are hardcoded in Lambda functions, ECS task definitions, or EC2 instances used as part of AI application architectures.;Identity and Data Security;Secret Hygiene;;multiple;Automated;PASS;No secrets found in /aws/lambda/auto-shutdown-untagged-instances log group.;arn:aws:logs:us-west-2:992275841864:log-group:/aws/lambda/auto-shutdown-untagged-instances:*;cloudwatch_log_group_no_secrets_in_logs;False;/aws/lambda/auto-shutdown-untagged-instances;AWS-AI-Security-Framework;AWS AI Security Framework;
aws;Security compliance framework based on the AWS AI Security Framework blog post (2025). Organizes controls across three security layers (Infrastructure, Identity & Data, AI Application), three deployment phases (Foundational, Enhanced, Advanced), and three AI use cases (AI that Answers, AI that Connects, AI that Acts). Maps existing Prowler checks to AI workload security requirements and identifies gaps requiring new checks.;992275841864;us-west-2;2026-08-18 15:47:07.870888;AISF-DETECT-05;Ensure CloudWatch metric filters and alarms are configured for critical security events including IAM policy changes, unauthorized API calls, console sign-in without MFA, KMS key deletion, and network changes.;Threat Detection and Monitoring;Security Alerting;;cloudwatch;Automated;FAIL;No CloudWatch log groups found with metric filters or alarms associated.;arn:aws:logs:us-west-2:992275841864:log-group;cloudwatch_log_metric_filter_authentication_failures;False;992275841864;AWS-AI-Security-Framework;AWS AI Security Framework;
aws;Security compliance framework based on the AWS AI Security Framework blog post (2025). Organizes controls across three security layers (Infrastructure, Identity & Data, AI Application), three deployment phases (Foundational, Enhanced, Advanced), and three AI use cases (AI that Answers, AI that Connects, AI that Acts). Maps existing Prowler checks to AI workload security requirements and identifies gaps requiring new checks.;992275841864;us-west-2;2026-08-18 15:47:07.870888;AISF-DETECT-05;Ensure CloudWatch metric filters and alarms are configured for critical security events including IAM policy changes, unauthorized API calls, console sign-in without MFA, KMS key deletion, and network changes.;Threat Detection and Monitoring;Security Alerting;;cloudwatch;Automated;FAIL;No CloudWatch log groups found with metric filters or alarms associated.;arn:aws:logs:us-west-2:992275841864:log-group;cloudwatch_log_metric_filter_aws_organizations_changes;False;992275841864;AWS-AI-Security-Framework;AWS AI Security Framework;
aws;Security compliance framework based on the AWS AI Security Framework blog post (2025). Organizes controls across three security layers (Infrastructure, Identity & Data, AI Application), three deployment phases (Foundational, Enhanced, Advanced), and three AI use cases (AI that Answers, AI that Connects, AI that Acts). Maps existing Prowler checks to AI workload security requirements and identifies gaps requiring new checks.;992275841864;us-west-2;2026-08-18 15:47:07.870888;AISF-DETECT-05;Ensure CloudWatch metric filters and alarms are configured for critical security events including IAM policy changes, unauthorized API calls, console sign-in without MFA, KMS key deletion, and network changes.;Threat Detection and Monitoring;Security Alerting;;cloudwatch;Automated;FAIL;No CloudWatch log groups found with metric filters or alarms associated.;arn:aws:logs:us-west-2:992275841864:log-group;cloudwatch_log_metric_filter_disable_or_scheduled_deletion_of_kms_cmk;False;992275841864;AWS-AI-Security-Framework;AWS AI Security Framework;
aws;Security compliance framework based on the AWS AI Security Framework blog post (2025). Organizes controls across three security layers (Infrastructure, Identity & Data, AI Application), three deployment phases (Foundational, Enhanced, Advanced), and three AI use cases (AI that Answers, AI that Connects, AI that Acts). Maps existing Prowler checks to AI workload security requirements and identifies gaps requiring new checks.;992275841864;us-west-2;2026-08-18 15:47:07.870888;AISF-DETECT-05;Ensure CloudWatch metric filters and alarms are configured for critical security events including IAM policy changes, unauthorized API calls, console sign-in without MFA, KMS key deletion, and network changes.;Threat Detection and Monitoring;Security Alerting;;cloudwatch;Automated;FAIL;No CloudWatch log groups found with metric filters or alarms associated.;arn:aws:logs:us-west-2:992275841864:log-group;cloudwatch_log_metric_filter_policy_changes;False;992275841864;AWS-AI-Security-Framework;AWS AI Security Framework;
aws;Security compliance framework based on the AWS AI Security Framework blog post (2025). Organizes controls across three security layers (Infrastructure, Identity & Data, AI Application), three deployment phases (Foundational, Enhanced, Advanced), and three AI use cases (AI that Answers, AI that Connects, AI that Acts). Maps existing Prowler checks to AI workload security requirements and identifies gaps requiring new checks.;992275841864;us-west-2;2026-08-18 15:47:07.870888;AISF-IAM-04;Ensure root account is properly secured with no active access keys and minimal usage, as root credentials in AI environments could grant unrestricted access to all AI models, data, and agent configurations.;Identity and Data Security;Root Account;;iam;Automated;FAIL;No CloudWatch log groups found with metric filters or alarms associated.;arn:aws:logs:us-west-2:992275841864:log-group;cloudwatch_log_metric_filter_root_usage;False;992275841864;AWS-AI-Security-Framework;AWS AI Security Framework;
aws;Security compliance framework based on the AWS AI Security Framework blog post (2025). Organizes controls across three security layers (Infrastructure, Identity & Data, AI Application), three deployment phases (Foundational, Enhanced, Advanced), and three AI use cases (AI that Answers, AI that Connects, AI that Acts). Maps existing Prowler checks to AI workload security requirements and identifies gaps requiring new checks.;992275841864;us-west-2;2026-08-18 15:47:07.870888;AISF-DETECT-05;Ensure CloudWatch metric filters and alarms are configured for critical security events including IAM policy changes, unauthorized API calls, console sign-in without MFA, KMS key deletion, and network changes.;Threat Detection and Monitoring;Security Alerting;;cloudwatch;Automated;FAIL;No CloudWatch log groups found with metric filters or alarms associated.;arn:aws:logs:us-west-2:992275841864:log-group;cloudwatch_log_metric_filter_root_usage;False;992275841864;AWS-AI-Security-Framework;AWS AI Security Framework;
aws;Security compliance framework based on the AWS AI Security Framework blog post (2025). Organizes controls across three security layers (Infrastructure, Identity & Data, AI Application), three deployment phases (Foundational, Enhanced, Advanced), and three AI use cases (AI that Answers, AI that Connects, AI that Acts). Maps existing Prowler checks to AI workload security requirements and identifies gaps requiring new checks.;992275841864;us-west-2;2026-08-18 15:47:07.870888;AISF-DETECT-05;Ensure CloudWatch metric filters and alarms are configured for critical security events including IAM policy changes, unauthorized API calls, console sign-in without MFA, KMS key deletion, and network changes.;Threat Detection and Monitoring;Security Alerting;;cloudwatch;Automated;FAIL;No CloudWatch log groups found with metric filters or alarms associated.;arn:aws:logs:us-west-2:992275841864:log-group;cloudwatch_log_metric_filter_security_group_changes;False;992275841864;AWS-AI-Security-Framework;AWS AI Security Framework;
aws;Security compliance framework based on the AWS AI Security Framework blog post (2025). Organizes controls across three security layers (Infrastructure, Identity & Data, AI Application), three deployment phases (Foundational, Enhanced, Advanced), and three AI use cases (AI that Answers, AI that Connects, AI that Acts). Maps existing Prowler checks to AI workload security requirements and identifies gaps requiring new checks.;992275841864;us-west-2;2026-08-18 15:47:07.870888;AISF-DETECT-05;Ensure CloudWatch metric filters and alarms are configured for critical security events including IAM policy changes, unauthorized API calls, console sign-in without MFA, KMS key deletion, and network changes.;Threat Detection and Monitoring;Security Alerting;;cloudwatch;Automated;FAIL;No CloudWatch log groups found with metric filters or alarms associated.;arn:aws:logs:us-west-2:992275841864:log-group;cloudwatch_log_metric_filter_sign_in_without_mfa;False;992275841864;AWS-AI-Security-Framework;AWS AI Security Framework;
aws;Security compliance framework based on the AWS AI Security Framework blog post (2025). Organizes controls across three security layers (Infrastructure, Identity & Data, AI Application), three deployment phases (Foundational, Enhanced, Advanced), and three AI use cases (AI that Answers, AI that Connects, AI that Acts). Maps existing Prowler checks to AI workload security requirements and identifies gaps requiring new checks.;992275841864;us-west-2;2026-08-18 15:47:07.870888;AISF-DETECT-05;Ensure CloudWatch metric filters and alarms are configured for critical security events including IAM policy changes, unauthorized API calls, console sign-in without MFA, KMS key deletion, and network changes.;Threat Detection and Monitoring;Security Alerting;;cloudwatch;Automated;FAIL;No CloudWatch log groups found with metric filters or alarms associated.;arn:aws:logs:us-west-2:992275841864:log-group;cloudwatch_log_metric_filter_unauthorized_api_calls;False;992275841864;AWS-AI-Security-Framework;AWS AI Security Framework;
aws;Security compliance framework based on the AWS AI Security Framework blog post (2025). Organizes controls across three security layers (Infrastructure, Identity & Data, AI Application), three deployment phases (Foundational, Enhanced, Advanced), and three AI use cases (AI that Answers, AI that Connects, AI that Acts). Maps existing Prowler checks to AI workload security requirements and identifies gaps requiring new checks.;992275841864;ap-northeast-1;2026-08-18 15:47:07.870888;AISF-GOV-01;Ensure AWS Config recorder is enabled in all regions to continuously monitor and record AI resource configurations, detect drift, and enforce compliance rules.;Governance and Compliance;Configuration Management;;config;Automated;FAIL;AWS Config recorder 992275841864 is disabled.;arn:aws:config:ap-northeast-1:992275841864:recorder;config_recorder_all_regions_enabled;False;992275841864;AWS-AI-Security-Framework;AWS AI Security Framework;
aws;Security compliance framework based on the AWS AI Security Framework blog post (2025). Organizes controls across three security layers (Infrastructure, Identity & Data, AI Application), three deployment phases (Foundational, Enhanced, Advanced), and three AI use cases (AI that Answers, AI that Connects, AI that Acts). Maps existing Prowler checks to AI workload security requirements and identifies gaps requiring new checks.;992275841864;ap-northeast-2;2026-08-18 15:47:07.870888;AISF-GOV-01;Ensure AWS Config recorder is enabled in all regions to continuously monitor and record AI resource configurations, detect drift, and enforce compliance rules.;Governance and Compliance;Configuration Management;;config;Automated;FAIL;AWS Config recorder 992275841864 is disabled.;arn:aws:config:ap-northeast-2:992275841864:recorder;config_recorder_all_regions_enabled;False;992275841864;AWS-AI-Security-Framework;AWS AI Security Framework;
aws;Security compliance framework based on the AWS AI Security Framework blog post (2025). Organizes controls across three security layers (Infrastructure, Identity & Data, AI Application), three deployment phases (Foundational, Enhanced, Advanced), and three AI use cases (AI that Answers, AI that Connects, AI that Acts). Maps existing Prowler checks to AI workload security requirements and identifies gaps requiring new checks.;992275841864;ap-northeast-3;2026-08-18 15:47:07.870888;AISF-GOV-01;Ensure AWS Config recorder is enabled in all regions to continuously monitor and record AI resource configurations, detect drift, and enforce compliance rules.;Governance and Compliance;Configuration Management;;config;Automated;FAIL;AWS Config recorder 992275841864 is disabled.;arn:aws:config:ap-northeast-3:992275841864:recorder;config_recorder_all_regions_enabled;False;992275841864;AWS-AI-Security-Framework;AWS AI Security Framework;
aws;Security compliance framework based on the AWS AI Security Framework blog post (2025). Organizes controls across three security layers (Infrastructure, Identity & Data, AI Application), three deployment phases (Foundational, Enhanced, Advanced), and three AI use cases (AI that Answers, AI that Connects, AI that Acts). Maps existing Prowler checks to AI workload security requirements and identifies gaps requiring new checks.;992275841864;ap-south-1;2026-08-18 15:47:07.870888;AISF-GOV-01;Ensure AWS Config recorder is enabled in all regions to continuously monitor and record AI resource configurations, detect drift, and enforce compliance rules.;Governance and Compliance;Configuration Management;;config;Automated;FAIL;AWS Config recorder 992275841864 is disabled.;arn:aws:config:ap-south-1:992275841864:recorder;config_recorder_all_regions_enabled;False;992275841864;AWS-AI-Security-Framework;AWS AI Security Framework;
aws;Security compliance framework based on the AWS AI Security Framework blog post (2025). Organizes controls across three security layers (Infrastructure, Identity & Data, AI Application), three deployment phases (Foundational, Enhanced, Advanced), and three AI use cases (AI that Answers, AI that Connects, AI that Acts). Maps existing Prowler checks to AI workload security requirements and identifies gaps requiring new checks.;992275841864;ap-southeast-1;2026-08-18 15:47:07.870888;AISF-GOV-01;Ensure AWS Config recorder is enabled in all regions to continuously monitor and record AI resource configurations, detect drift, and enforce compliance rules.;Governance and Compliance;Configuration Management;;config;Automated;FAIL;AWS Config recorder 992275841864 is disabled.;arn:aws:config:ap-southeast-1:992275841864:recorder;config_recorder_all_regions_enabled;False;992275841864;AWS-AI-Security-Framework;AWS AI Security Framework;
aws;Security compliance framework based on the AWS AI Security Framework blog post (2025). Organizes controls across three security layers (Infrastructure, Identity & Data, AI Application), three deployment phases (Foundational, Enhanced, Advanced), and three AI use cases (AI that Answers, AI that Connects, AI that Acts). Maps existing Prowler checks to AI workload security requirements and identifies gaps requiring new checks.;992275841864;ap-southeast-2;2026-08-18 15:47:07.870888;AISF-GOV-01;Ensure AWS Config recorder is enabled in all regions to continuously monitor and record AI resource configurations, detect drift, and enforce compliance rules.;Governance and Compliance;Configuration Management;;config;Automated;FAIL;AWS Config recorder 992275841864 is disabled.;arn:aws:config:ap-southeast-2:992275841864:recorder;config_recorder_all_regions_enabled;False;992275841864;AWS-AI-Security-Framework;AWS AI Security Framework;
aws;Security compliance framework based on the AWS AI Security Framework blog post (2025). Organizes controls across three security layers (Infrastructure, Identity & Data, AI Application), three deployment phases (Foundational, Enhanced, Advanced), and three AI use cases (AI that Answers, AI that Connects, AI that Acts). Maps existing Prowler checks to AI workload security requirements and identifies gaps requiring new checks.;992275841864;ca-central-1;2026-08-18 15:47:07.870888;AISF-GOV-01;Ensure AWS Config recorder is enabled in all regions to continuously monitor and record AI resource configurations, detect drift, and enforce compliance rules.;Governance and Compliance;Configuration Management;;config;Automated;FAIL;AWS Config recorder 992275841864 is disabled.;arn:aws:config:ca-central-1:992275841864:recorder;config_recorder_all_regions_enabled;False;992275841864;AWS-AI-Security-Framework;AWS AI Security Framework;
aws;Security compliance framework based on the AWS AI Security Framework blog post (2025). Organizes controls across three security layers (Infrastructure, Identity & Data, AI Application), three deployment phases (Foundational, Enhanced, Advanced), and three AI use cases (AI that Answers, AI that Connects, AI that Acts). Maps existing Prowler checks to AI workload security requirements and identifies gaps requiring new checks.;992275841864;eu-central-1;2026-08-18 15:47:07.870888;AISF-GOV-01;Ensure AWS Config recorder is enabled in all regions to continuously monitor and record AI resource configurations, detect drift, and enforce compliance rules.;Governance and Compliance;Configuration Management;;config;Automated;FAIL;AWS Config recorder 992275841864 is disabled.;arn:aws:config:eu-central-1:992275841864:recorder;config_recorder_all_regions_enabled;False;992275841864;AWS-AI-Security-Framework;AWS AI Security Framework;
aws;Security compliance framework based on the AWS AI Security Framework blog post (2025). Organizes controls across three security layers (Infrastructure, Identity & Data, AI Application), three deployment phases (Foundational, Enhanced, Advanced), and three AI use cases (AI that Answers, AI that Connects, AI that Acts). Maps existing Prowler checks to AI workload security requirements and identifies gaps requiring new checks.;992275841864;eu-north-1;2026-08-18 15:47:07.870888;AISF-GOV-01;Ensure AWS Config recorder is enabled in all regions to continuously monitor and record AI resource configurations, detect drift, and enforce compliance rules.;Governance and Compliance;Configuration Management;;config;Automated;FAIL;AWS Config recorder 992275841864 is disabled.;arn:aws:config:eu-north-1:992275841864:recorder;config_recorder_all_regions_enabled;False;992275841864;AWS-AI-Security-Framework;AWS AI Security Framework;
aws;Security compliance framework based on the AWS AI Security Framework blog post (2025). Organizes controls across three security layers (Infrastructure, Identity & Data, AI Application), three deployment phases (Foundational, Enhanced, Advanced), and three AI use cases (AI that Answers, AI that Connects, AI that Acts). Maps existing Prowler checks to AI workload security requirements and identifies gaps requiring new checks.;992275841864;eu-west-1;2026-08-18 15:47:07.870888;AISF-GOV-01;Ensure AWS Config recorder is enabled in all regions to continuously monitor and record AI resource configurations, detect drift, and enforce compliance rules.;Governance and Compliance;Configuration Management;;config;Automated;FAIL;AWS Config recorder 992275841864 is disabled.;arn:aws:config:eu-west-1:992275841864:recorder;config_recorder_all_regions_enabled;False;992275841864;AWS-AI-Security-Framework;AWS AI Security Framework;
aws;Security compliance framework based on the AWS AI Security Framework blog post (2025). Organizes controls across three security layers (Infrastructure, Identity & Data, AI Application), three deployment phases (Foundational, Enhanced, Advanced), and three AI use cases (AI that Answers, AI that Connects, AI that Acts). Maps existing Prowler checks to AI workload security requirements and identifies gaps requiring new checks.;992275841864;eu-west-2;2026-08-18 15:47:07.870888;AISF-GOV-01;Ensure AWS Config recorder is enabled in all regions to continuously monitor and record AI resource configurations, detect drift, and enforce compliance rules.;Governance and Compliance;Configuration Management;;config;Automated;FAIL;AWS Config recorder 992275841864 is disabled.;arn:aws:config:eu-west-2:992275841864:recorder;config_recorder_all_regions_enabled;False;992275841864;AWS-AI-Security-Framework;AWS AI Security Framework;
aws;Security compliance framework based on the AWS AI Security Framework blog post (2025). Organizes controls across three security layers (Infrastructure, Identity & Data, AI Application), three deployment phases (Foundational, Enhanced, Advanced), and three AI use cases (AI that Answers, AI that Connects, AI that Acts). Maps existing Prowler checks to AI workload security requirements and identifies gaps requiring new checks.;992275841864;eu-west-3;2026-08-18 15:47:07.870888;AISF-GOV-01;Ensure AWS Config recorder is enabled in all regions to continuously monitor and record AI resource configurations, detect drift, and enforce compliance rules.;Governance and Compliance;Configuration Management;;config;Automated;FAIL;AWS Config recorder 992275841864 is disabled.;arn:aws:config:eu-west-3:992275841864:recorder;config_recorder_all_regions_enabled;False;992275841864;AWS-AI-Security-Framework;AWS AI Security Framework;
aws;Security compliance framework based on the AWS AI Security Framework blog post (2025). Organizes controls across three security layers (Infrastructure, Identity & Data, AI Application), three deployment phases (Foundational, Enhanced, Advanced), and three AI use cases (AI that Answers, AI that Connects, AI that Acts). Maps existing Prowler checks to AI workload security requirements and identifies gaps requiring new checks.;992275841864;sa-east-1;2026-08-18 15:47:07.870888;AISF-GOV-01;Ensure AWS Config recorder is enabled in all regions to continuously monitor and record AI resource configurations, detect drift, and enforce compliance rules.;Governance and Compliance;Configuration Management;;config;Automated;FAIL;AWS Config recorder 992275841864 is disabled.;arn:aws:config:sa-east-1:992275841864:recorder;config_recorder_all_regions_enabled;False;992275841864;AWS-AI-Security-Framework;AWS AI Security Framework;
aws;Security compliance framework based on the AWS AI Security Framework blog post (2025). Organizes controls across three security layers (Infrastructure, Identity & Data, AI Application), three deployment phases (Foundational, Enhanced, Advanced), and three AI use cases (AI that Answers, AI that Connects, AI that Acts). Maps existing Prowler checks to AI workload security requirements and identifies gaps requiring new checks.;992275841864;us-east-1;2026-08-18 15:47:07.870888;AISF-GOV-01;Ensure AWS Config recorder is enabled in all regions to continuously monitor and record AI resource configurations, detect drift, and enforce compliance rules.;Governance and Compliance;Configuration Management;;config;Automated;FAIL;AWS Config recorder 992275841864 is disabled.;arn:aws:config:us-east-1:992275841864:recorder;config_recorder_all_regions_enabled;False;992275841864;AWS-AI-Security-Framework;AWS AI Security Framework;
aws;Security compliance framework based on the AWS AI Security Framework blog post (2025). Organizes controls across three security layers (Infrastructure, Identity & Data, AI Application), three deployment phases (Foundational, Enhanced, Advanced), and three AI use cases (AI that Answers, AI that Connects, AI that Acts). Maps existing Prowler checks to AI workload security requirements and identifies gaps requiring new checks.;992275841864;us-east-2;2026-08-18 15:47:07.870888;AISF-GOV-01;Ensure AWS Config recorder is enabled in all regions to continuously monitor and record AI resource configurations, detect drift, and enforce compliance rules.;Governance and Compliance;Configuration Management;;config;Automated;FAIL;AWS Config recorder 992275841864 is disabled.;arn:aws:config:us-east-2:992275841864:recorder;config_recorder_all_regions_enabled;False;992275841864;AWS-AI-Security-Framework;AWS AI Security Framework;
aws;Security compliance framework based on the AWS AI Security Framework blog post (2025). Organizes controls across three security layers (Infrastructure, Identity & Data, AI Application), three deployment phases (Foundational, Enhanced, Advanced), and three AI use cases (AI that Answers, AI that Connects, AI that Acts). Maps existing Prowler checks to AI workload security requirements and identifies gaps requiring new checks.;992275841864;us-west-1;2026-08-18 15:47:07.870888;AISF-GOV-01;Ensure AWS Config recorder is enabled in all regions to continuously monitor and record AI resource configurations, detect drift, and enforce compliance rules.;Governance and Compliance;Configuration Management;;config;Automated;FAIL;AWS Config recorder 992275841864 is disabled.;arn:aws:config:us-west-1:992275841864:recorder;config_recorder_all_regions_enabled;False;992275841864;AWS-AI-Security-Framework;AWS AI Security Framework;
aws;Security compliance framework based on the AWS AI Security Framework blog post (2025). Organizes controls across three security layers (Infrastructure, Identity & Data, AI Application), three deployment phases (Foundational, Enhanced, Advanced), and three AI use cases (AI that Answers, AI that Connects, AI that Acts). Maps existing Prowler checks to AI workload security requirements and identifies gaps requiring new checks.;992275841864;us-west-2;2026-08-18 15:47:07.870888;AISF-GOV-01;Ensure AWS Config recorder is enabled in all regions to continuously monitor and record AI resource configurations, detect drift, and enforce compliance rules.;Governance and Compliance;Configuration Management;;config;Automated;FAIL;AWS Config recorder 992275841864 is disabled.;arn:aws:config:us-west-2:992275841864:recorder;config_recorder_all_regions_enabled;False;992275841864;AWS-AI-Security-Framework;AWS AI Security Framework;
aws;Security compliance framework based on the AWS AI Security Framework blog post (2025). Organizes controls across three security layers (Infrastructure, Identity & Data, AI Application), three deployment phases (Foundational, Enhanced, Advanced), and three AI use cases (AI that Answers, AI that Connects, AI that Acts). Maps existing Prowler checks to AI workload security requirements and identifies gaps requiring new checks.;992275841864;us-west-2;2026-08-18 15:47:07.870888;AISF-INFRA-05;Ensure all data at rest is encrypted with AES-256 across AI workload storage including S3 buckets, EBS volumes, RDS instances, SageMaker notebooks, and Bedrock prompts using customer-managed KMS keys where possible.;Infrastructure Security;Encryption at Rest;;kms;Automated;FAIL;EBS Default Encryption is not activated.;arn:aws:ec2:us-west-2:992275841864:volume;ec2_ebs_default_encryption;False;992275841864;AWS-AI-Security-Framework;AWS AI Security Framework;
aws;Security compliance framework based on the AWS AI Security Framework blog post (2025). Organizes controls across three security layers (Infrastructure, Identity & Data, AI Application), three deployment phases (Foundational, Enhanced, Advanced), and three AI use cases (AI that Answers, AI that Connects, AI that Acts). Maps existing Prowler checks to AI workload security requirements and identifies gaps requiring new checks.;992275841864;us-west-2;2026-08-18 15:47:07.870888;AISF-INFRA-05;Ensure all data at rest is encrypted with AES-256 across AI workload storage including S3 buckets, EBS volumes, RDS instances, SageMaker notebooks, and Bedrock prompts using customer-managed KMS keys where possible.;Infrastructure Security;Encryption at Rest;;kms;Automated;FAIL;EBS Snapshot vol-0a713fa09f0b9c9b5 is unencrypted.;arn:aws:ec2:us-west-2:992275841864:volume/vol-0a713fa09f0b9c9b5;ec2_ebs_volume_encryption;False;vol-0a713fa09f0b9c9b5;AWS-AI-Security-Framework;AWS AI Security Framework;
aws;Security compliance framework based on the AWS AI Security Framework blog post (2025). Organizes controls across three security layers (Infrastructure, Identity & Data, AI Application), three deployment phases (Foundational, Enhanced, Advanced), and three AI use cases (AI that Answers, AI that Connects, AI that Acts). Maps existing Prowler checks to AI workload security requirements and identifies gaps requiring new checks.;992275841864;us-west-2;2026-08-18 15:47:07.870888;AISF-DATA-05;Ensure no secrets or credentials are hardcoded in Lambda functions, ECS task definitions, or EC2 instances used as part of AI application architectures.;Identity and Data Security;Secret Hygiene;;multiple;Automated;PASS;No secrets found in EC2 instance i-0958fb219162a44d1 since User Data is empty.;arn:aws:ec2:us-west-2:992275841864:instance/i-0958fb219162a44d1;ec2_instance_secrets_user_data;False;i-0958fb219162a44d1;AWS-AI-Security-Framework;AWS AI Security Framework;
aws;Security compliance framework based on the AWS AI Security Framework blog post (2025). Organizes controls across three security layers (Infrastructure, Identity & Data, AI Application), three deployment phases (Foundational, Enhanced, Advanced), and three AI use cases (AI that Answers, AI that Connects, AI that Acts). Maps existing Prowler checks to AI workload security requirements and identifies gaps requiring new checks.;992275841864;us-west-2;2026-08-18 15:47:07.870888;AISF-DETECT-02;Ensure GuardDuty is enabled across all regions with delegated admin, S3 protection, EKS monitoring, Lambda protection, and malware protection to detect AI-specific threat patterns.;Threat Detection and Monitoring;Threat Detection;;guardduty;Automated;FAIL;GuardDuty in region us-west-2 has issues: no delegated administrator configured, detector not enabled.;arn:aws:guardduty:us-west-2:992275841864:detector/unknown;guardduty_delegated_admin_enabled_all_regions;False;detector/unknown;AWS-AI-Security-Framework;AWS AI Security Framework;
aws;Security compliance framework based on the AWS AI Security Framework blog post (2025). Organizes controls across three security layers (Infrastructure, Identity & Data, AI Application), three deployment phases (Foundational, Enhanced, Advanced), and three AI use cases (AI that Answers, AI that Connects, AI that Acts). Maps existing Prowler checks to AI workload security requirements and identifies gaps requiring new checks.;992275841864;us-west-2;2026-08-18 15:47:07.870888;AISF-DETECT-02;Ensure GuardDuty is enabled across all regions with delegated admin, S3 protection, EKS monitoring, Lambda protection, and malware protection to detect AI-specific threat patterns.;Threat Detection and Monitoring;Threat Detection;;guardduty;Automated;FAIL;GuardDuty is not enabled.;arn:aws:guardduty:us-west-2:992275841864:detector/unknown;guardduty_is_enabled;False;detector/unknown;AWS-AI-Security-Framework;AWS AI Security Framework;
aws;Security compliance framework based on the AWS AI Security Framework blog post (2025). Organizes controls across three security layers (Infrastructure, Identity & Data, AI Application), three deployment phases (Foundational, Enhanced, Advanced), and three AI use cases (AI that Answers, AI that Connects, AI that Acts). Maps existing Prowler checks to AI workload security requirements and identifies gaps requiring new checks.;992275841864;us-west-2;2026-08-18 15:47:07.870888;AISF-IAM-04;Ensure root account is properly secured with no active access keys and minimal usage, as root credentials in AI environments could grant unrestricted access to all AI models, data, and agent configurations.;Identity and Data Security;Root Account;;iam;Automated;PASS;Root user in the account wasn't accessed in the last 1 days.;arn:aws:iam::992275841864:root;iam_avoid_root_usage;False;<root_account>;AWS-AI-Security-Framework;AWS AI Security Framework;
aws;Security compliance framework based on the AWS AI Security Framework blog post (2025). Organizes controls across three security layers (Infrastructure, Identity & Data, AI Application), three deployment phases (Foundational, Enhanced, Advanced), and three AI use cases (AI that Answers, AI that Connects, AI that Acts). Maps existing Prowler checks to AI workload security requirements and identifies gaps requiring new checks.;992275841864;us-west-2;2026-08-18 15:47:07.870888;AISF-IAM-02;Ensure least-privilege access is enforced for all AI service identities. No administrative privileges should be attached to IAM entities that interact with Bedrock, SageMaker, or other AI services.;Identity and Data Security;Authorization;;iam;Automated;PASS;AWS policy AWSSSOServiceRolePolicy is attached but does not allow '*:*' administrative privileges.;arn:aws:iam::aws:policy/aws-service-role/AWSSSOServiceRolePolicy;iam_aws_attached_policy_no_administrative_privileges;False;AWSSSOServiceRolePolicy;AWS-AI-Security-Framework;AWS AI Security Framework;
aws;Security compliance framework based on the AWS AI Security Framework blog post (2025). Organizes controls across three security layers (Infrastructure, Identity & Data, AI Application), three deployment phases (Foundational, Enhanced, Advanced), and three AI use cases (AI that Answers, AI that Connects, AI that Acts). Maps existing Prowler checks to AI workload security requirements and identifies gaps requiring new checks.;992275841864;us-west-2;2026-08-18 15:47:07.870888;AISF-IAM-02;Ensure least-privilege access is enforced for all AI service identities. No administrative privileges should be attached to IAM entities that interact with Bedrock, SageMaker, or other AI services.;Identity and Data Security;Authorization;;iam;Automated;PASS;AWS policy AWSOrganizationsServiceTrustPolicy is attached but does not allow '*:*' administrative privileges.;arn:aws:iam::aws:policy/aws-service-role/AWSOrganizationsServiceTrustPolicy;iam_aws_attached_policy_no_administrative_privileges;False;AWSOrganizationsServiceTrustPolicy;AWS-AI-Security-Framework;AWS AI Security Framework;
aws;Security compliance framework based on the AWS AI Security Framework blog post (2025). Organizes controls across three security layers (Infrastructure, Identity & Data, AI Application), three deployment phases (Foundational, Enhanced, Advanced), and three AI use cases (AI that Answers, AI that Connects, AI that Acts). Maps existing Prowler checks to AI workload security requirements and identifies gaps requiring new checks.;992275841864;us-west-2;2026-08-18 15:47:07.870888;AISF-IAM-02;Ensure least-privilege access is enforced for all AI service identities. No administrative privileges should be attached to IAM entities that interact with Bedrock, SageMaker, or other AI services.;Identity and Data Security;Authorization;;iam;Automated;PASS;AWS policy AWSTrustedAdvisorServiceRolePolicy is attached but does not allow '*:*' administrative privileges.;arn:aws:iam::aws:policy/aws-service-role/AWSTrustedAdvisorServiceRolePolicy;iam_aws_attached_policy_no_administrative_privileges;False;AWSTrustedAdvisorServiceRolePolicy;AWS-AI-Security-Framework;AWS AI Security Framework;
aws;Security compliance framework based on the AWS AI Security Framework blog post (2025). Organizes controls across three security layers (Infrastructure, Identity & Data, AI Application), three deployment phases (Foundational, Enhanced, Advanced), and three AI use cases (AI that Answers, AI that Connects, AI that Acts). Maps existing Prowler checks to AI workload security requirements and identifies gaps requiring new checks.;992275841864;us-west-2;2026-08-18 15:47:07.870888;AISF-IAM-02;Ensure least-privilege access is enforced for all AI service identities. No administrative privileges should be attached to IAM entities that interact with Bedrock, SageMaker, or other AI services.;Identity and Data Security;Authorization;;iam;Automated;FAIL;AWS policy AdministratorAccess is attached and allows '*:*' administrative privileges.;arn:aws:iam::aws:policy/AdministratorAccess;iam_aws_attached_policy_no_administrative_privileges;False;AdministratorAccess;AWS-AI-Security-Framework;AWS AI Security Framework;
aws;Security compliance framework based on the AWS AI Security Framework blog post (2025). Organizes controls across three security layers (Infrastructure, Identity & Data, AI Application), three deployment phases (Foundational, Enhanced, Advanced), and three AI use cases (AI that Answers, AI that Connects, AI that Acts). Maps existing Prowler checks to AI workload security requirements and identifies gaps requiring new checks.;992275841864;us-west-2;2026-08-18 15:47:07.870888;AISF-IAM-02;Ensure least-privilege access is enforced for all AI service identities. No administrative privileges should be attached to IAM entities that interact with Bedrock, SageMaker, or other AI services.;Identity and Data Security;Authorization;;iam;Automated;PASS;AWS policy AWSSupportServiceRolePolicy is attached but does not allow '*:*' administrative privileges.;arn:aws:iam::aws:policy/aws-service-role/AWSSupportServiceRolePolicy;iam_aws_attached_policy_no_administrative_privileges;False;AWSSupportServiceRolePolicy;AWS-AI-Security-Framework;AWS AI Security Framework;
aws;Security compliance framework based on the AWS AI Security Framework blog post (2025). Organizes controls across three security layers (Infrastructure, Identity & Data, AI Application), three deployment phases (Foundational, Enhanced, Advanced), and three AI use cases (AI that Answers, AI that Connects, AI that Acts). Maps existing Prowler checks to AI workload security requirements and identifies gaps requiring new checks.;992275841864;us-west-2;2026-08-18 15:47:07.870888;AISF-IAM-02;Ensure least-privilege access is enforced for all AI service identities. No administrative privileges should be attached to IAM entities that interact with Bedrock, SageMaker, or other AI services.;Identity and Data Security;Authorization;;iam;Automated;PASS;AWS policy ViewOnlyAccess is attached but does not allow '*:*' administrative privileges.;arn:aws:iam::aws:policy/job-function/ViewOnlyAccess;iam_aws_attached_policy_no_administrative_privileges;False;ViewOnlyAccess;AWS-AI-Security-Framework;AWS AI Security Framework;
aws;Security compliance framework based on the AWS AI Security Framework blog post (2025). Organizes controls across three security layers (Infrastructure, Identity & Data, AI Application), three deployment phases (Foundational, Enhanced, Advanced), and three AI use cases (AI that Answers, AI that Connects, AI that Acts). Maps existing Prowler checks to AI workload security requirements and identifies gaps requiring new checks.;992275841864;us-west-2;2026-08-18 15:47:07.870888;AISF-IAM-02;Ensure least-privilege access is enforced for all AI service identities. No administrative privileges should be attached to IAM entities that interact with Bedrock, SageMaker, or other AI services.;Identity and Data Security;Authorization;;iam;Automated;PASS;AWS policy SecurityAudit is attached but does not allow '*:*' administrative privileges.;arn:aws:iam::aws:policy/SecurityAudit;iam_aws_attached_policy_no_administrative_privileges;False;SecurityAudit;AWS-AI-Security-Framework;AWS AI Security Framework;
aws;Security compliance framework based on the AWS AI Security Framework blog post (2025). Organizes controls across three security layers (Infrastructure, Identity & Data, AI Application), three deployment phases (Foundational, Enhanced, Advanced), and three AI use cases (AI that Answers, AI that Connects, AI that Acts). Maps existing Prowler checks to AI workload security requirements and identifies gaps requiring new checks.;992275841864;us-west-2;2026-08-18 15:47:07.870888;AISF-IAM-02;Ensure least-privilege access is enforced for all AI service identities. No administrative privileges should be attached to IAM entities that interact with Bedrock, SageMaker, or other AI services.;Identity and Data Security;Authorization;;iam;Automated;PASS;AWS policy AWSResourceExplorerServiceRolePolicy is attached but does not allow '*:*' administrative privileges.;arn:aws:iam::aws:policy/aws-service-role/AWSResourceExplorerServiceRolePolicy;iam_aws_attached_policy_no_administrative_privileges;False;AWSResourceExplorerServiceRolePolicy;AWS-AI-Security-Framework;AWS AI Security Framework;
aws;Security compliance framework based on the AWS AI Security Framework blog post (2025). Organizes controls across three security layers (Infrastructure, Identity & Data, AI Application), three deployment phases (Foundational, Enhanced, Advanced), and three AI use cases (AI that Answers, AI that Connects, AI that Acts). Maps existing Prowler checks to AI workload security requirements and identifies gaps requiring new checks.;992275841864;us-west-2;2026-08-18 15:47:07.870888;AISF-IAM-02;Ensure least-privilege access is enforced for all AI service identities. No administrative privileges should be attached to IAM entities that interact with Bedrock, SageMaker, or other AI services.;Identity and Data Security;Authorization;;iam;Automated;PASS;Inline policy auto-shutdown-permissions attached to role auto-shutdown-lambda-role does not allow privilege escalation.;arn:aws:iam::992275841864:role/auto-shutdown-lambda-role;iam_inline_policy_allows_privilege_escalation;False;auto-shutdown-lambda-role/auto-shutdown-permissions;AWS-AI-Security-Framework;AWS AI Security Framework;
aws;Security compliance framework based on the AWS AI Security Framework blog post (2025). Organizes controls across three security layers (Infrastructure, Identity & Data, AI Application), three deployment phases (Foundational, Enhanced, Advanced), and three AI use cases (AI that Answers, AI that Connects, AI that Acts). Maps existing Prowler checks to AI workload security requirements and identifies gaps requiring new checks.;992275841864;us-west-2;2026-08-18 15:47:07.870888;AISF-IAM-02;Ensure least-privilege access is enforced for all AI service identities. No administrative privileges should be attached to IAM entities that interact with Bedrock, SageMaker, or other AI services.;Identity and Data Security;Authorization;;iam;Automated;PASS;Inline policy auto-shutdown-permissions attached to role auto-shutdown-lambda-role does not allow '*:*' administrative privileges.;arn:aws:iam::992275841864:role/auto-shutdown-lambda-role;iam_inline_policy_no_administrative_privileges;False;auto-shutdown-lambda-role/auto-shutdown-permissions;AWS-AI-Security-Framework;AWS AI Security Framework;
aws;Security compliance framework based on the AWS AI Security Framework blog post (2025). Organizes controls across three security layers (Infrastructure, Identity & Data, AI Application), three deployment phases (Foundational, Enhanced, Advanced), and three AI use cases (AI that Answers, AI that Connects, AI that Acts). Maps existing Prowler checks to AI workload security requirements and identifies gaps requiring new checks.;992275841864;us-west-2;2026-08-18 15:47:07.870888;AISF-IAM-06;Ensure strong password policies are enforced with minimum length, complexity requirements, expiration, and reuse prevention for all human identities accessing AI services.;Identity and Data Security;Password Policy;;iam;Automated;FAIL;Password expiration is not set.;arn:aws:iam:us-west-2:992275841864:password-policy;iam_password_policy_expires_passwords_within_90_days_or_less;False;992275841864;AWS-AI-Security-Framework;AWS AI Security Framework;
aws;Security compliance framework based on the AWS AI Security Framework blog post (2025). Organizes controls across three security layers (Infrastructure, Identity & Data, AI Application), three deployment phases (Foundational, Enhanced, Advanced), and three AI use cases (AI that Answers, AI that Connects, AI that Acts). Maps existing Prowler checks to AI workload security requirements and identifies gaps requiring new checks.;992275841864;us-west-2;2026-08-18 15:47:07.870888;AISF-IAM-06;Ensure strong password policies are enforced with minimum length, complexity requirements, expiration, and reuse prevention for all human identities accessing AI services.;Identity and Data Security;Password Policy;;iam;Automated;FAIL;IAM password policy does not require at least one lowercase letter.;arn:aws:iam:us-west-2:992275841864:password-policy;iam_password_policy_lowercase;False;992275841864;AWS-AI-Security-Framework;AWS AI Security Framework;
aws;Security compliance framework based on the AWS AI Security Framework blog post (2025). Organizes controls across three security layers (Infrastructure, Identity & Data, AI Application), three deployment phases (Foundational, Enhanced, Advanced), and three AI use cases (AI that Answers, AI that Connects, AI that Acts). Maps existing Prowler checks to AI workload security requirements and identifies gaps requiring new checks.;992275841864;us-west-2;2026-08-18 15:47:07.870888;AISF-IAM-06;Ensure strong password policies are enforced with minimum length, complexity requirements, expiration, and reuse prevention for all human identities accessing AI services.;Identity and Data Security;Password Policy;;iam;Automated;FAIL;IAM password policy does not require minimum length of 14 characters.;arn:aws:iam:us-west-2:992275841864:password-policy;iam_password_policy_minimum_length_14;False;992275841864;AWS-AI-Security-Framework;AWS AI Security Framework;
aws;Security compliance framework based on the AWS AI Security Framework blog post (2025). Organizes controls across three security layers (Infrastructure, Identity & Data, AI Application), three deployment phases (Foundational, Enhanced, Advanced), and three AI use cases (AI that Answers, AI that Connects, AI that Acts). Maps existing Prowler checks to AI workload security requirements and identifies gaps requiring new checks.;992275841864;us-west-2;2026-08-18 15:47:07.870888;AISF-IAM-06;Ensure strong password policies are enforced with minimum length, complexity requirements, expiration, and reuse prevention for all human identities accessing AI services.;Identity and Data Security;Password Policy;;iam;Automated;FAIL;IAM password policy does not require at least one number.;arn:aws:iam:us-west-2:992275841864:password-policy;iam_password_policy_number;False;992275841864;AWS-AI-Security-Framework;AWS AI Security Framework;
aws;Security compliance framework based on the AWS AI Security Framework blog post (2025). Organizes controls across three security layers (Infrastructure, Identity & Data, AI Application), three deployment phases (Foundational, Enhanced, Advanced), and three AI use cases (AI that Answers, AI that Connects, AI that Acts). Maps existing Prowler checks to AI workload security requirements and identifies gaps requiring new checks.;992275841864;us-west-2;2026-08-18 15:47:07.870888;AISF-IAM-06;Ensure strong password policies are enforced with minimum length, complexity requirements, expiration, and reuse prevention for all human identities accessing AI services.;Identity and Data Security;Password Policy;;iam;Automated;FAIL;IAM password policy reuse prevention is less than 24 or not set.;arn:aws:iam:us-west-2:992275841864:password-policy;iam_password_policy_reuse_24;False;992275841864;AWS-AI-Security-Framework;AWS AI Security Framework;
aws;Security compliance framework based on the AWS AI Security Framework blog post (2025). Organizes controls across three security layers (Infrastructure, Identity & Data, AI Application), three deployment phases (Foundational, Enhanced, Advanced), and three AI use cases (AI that Answers, AI that Connects, AI that Acts). Maps existing Prowler checks to AI workload security requirements and identifies gaps requiring new checks.;992275841864;us-west-2;2026-08-18 15:47:07.870888;AISF-IAM-06;Ensure strong password policies are enforced with minimum length, complexity requirements, expiration, and reuse prevention for all human identities accessing AI services.;Identity and Data Security;Password Policy;;iam;Automated;FAIL;IAM password policy does not require at least one symbol.;arn:aws:iam:us-west-2:992275841864:password-policy;iam_password_policy_symbol;False;992275841864;AWS-AI-Security-Framework;AWS AI Security Framework;
aws;Security compliance framework based on the AWS AI Security Framework blog post (2025). Organizes controls across three security layers (Infrastructure, Identity & Data, AI Application), three deployment phases (Foundational, Enhanced, Advanced), and three AI use cases (AI that Answers, AI that Connects, AI that Acts). Maps existing Prowler checks to AI workload security requirements and identifies gaps requiring new checks.;992275841864;us-west-2;2026-08-18 15:47:07.870888;AISF-IAM-06;Ensure strong password policies are enforced with minimum length, complexity requirements, expiration, and reuse prevention for all human identities accessing AI services.;Identity and Data Security;Password Policy;;iam;Automated;FAIL;IAM password policy does not require at least one uppercase letter.;arn:aws:iam:us-west-2:992275841864:password-policy;iam_password_policy_uppercase;False;992275841864;AWS-AI-Security-Framework;AWS AI Security Framework;
aws;Security compliance framework based on the AWS AI Security Framework blog post (2025). Organizes controls across three security layers (Infrastructure, Identity & Data, AI Application), three deployment phases (Foundational, Enhanced, Advanced), and three AI use cases (AI that Answers, AI that Connects, AI that Acts). Maps existing Prowler checks to AI workload security requirements and identifies gaps requiring new checks.;992275841864;us-west-2;2026-08-18 15:47:07.870888;AISF-IAM-02;Ensure least-privilege access is enforced for all AI service identities. No administrative privileges should be attached to IAM entities that interact with Bedrock, SageMaker, or other AI services.;Identity and Data Security;Authorization;;iam;Automated;PASS;User demo-no-mfa-user has no inline or attached policies.;arn:aws:iam::992275841864:user/demo-no-mfa-user;iam_policy_attached_only_to_group_or_roles;False;demo-no-mfa-user;AWS-AI-Security-Framework;AWS AI Security Framework;
aws;Security compliance framework based on the AWS AI Security Framework blog post (2025). Organizes controls across three security layers (Infrastructure, Identity & Data, AI Application), three deployment phases (Foundational, Enhanced, Advanced), and three AI use cases (AI that Answers, AI that Connects, AI that Acts). Maps existing Prowler checks to AI workload security requirements and identifies gaps requiring new checks.;992275841864;us-west-2;2026-08-18 15:47:07.870888;AISF-IAM-02;Ensure least-privilege access is enforced for all AI service identities. No administrative privileges should be attached to IAM entities that interact with Bedrock, SageMaker, or other AI services.;Identity and Data Security;Authorization;;iam;Automated;FAIL;User prowler-readonly has the policy ViewOnlyAccess attached.;arn:aws:iam::992275841864:user/prowler-readonly;iam_policy_attached_only_to_group_or_roles;False;prowler-readonly/ViewOnlyAccess;AWS-AI-Security-Framework;AWS AI Security Framework;
aws;Security compliance framework based on the AWS AI Security Framework blog post (2025). Organizes controls across three security layers (Infrastructure, Identity & Data, AI Application), three deployment phases (Foundational, Enhanced, Advanced), and three AI use cases (AI that Answers, AI that Connects, AI that Acts). Maps existing Prowler checks to AI workload security requirements and identifies gaps requiring new checks.;992275841864;us-west-2;2026-08-18 15:47:07.870888;AISF-IAM-02;Ensure least-privilege access is enforced for all AI service identities. No administrative privileges should be attached to IAM entities that interact with Bedrock, SageMaker, or other AI services.;Identity and Data Security;Authorization;;iam;Automated;FAIL;User prowler-readonly has the policy SecurityAudit attached.;arn:aws:iam::992275841864:user/prowler-readonly;iam_policy_attached_only_to_group_or_roles;False;prowler-readonly/SecurityAudit;AWS-AI-Security-Framework;AWS AI Security Framework;
aws;Security compliance framework based on the AWS AI Security Framework blog post (2025). Organizes controls across three security layers (Infrastructure, Identity & Data, AI Application), three deployment phases (Foundational, Enhanced, Advanced), and three AI use cases (AI that Answers, AI that Connects, AI that Acts). Maps existing Prowler checks to AI workload security requirements and identifies gaps requiring new checks.;992275841864;us-west-2;2026-08-18 15:47:07.870888;AISF-IAM-05;Ensure IAM roles used for AI services prevent cross-service confused deputy attacks and stale access to Bedrock and SageMaker is reviewed regularly.;Identity and Data Security;Service Roles;;iam;Automated;FAIL;IAM Role AWSReservedSSO_AdministratorAccess_fe6ebb675b6c22d2 has Bedrock permissions but has never used them.;arn:aws:iam::992275841864:role/aws-reserved/sso.amazonaws.com/us-west-2/AWSReservedSSO_AdministratorAccess_fe6ebb675b6c22d2;iam_role_access_not_stale_to_bedrock;False;AWSReservedSSO_AdministratorAccess_fe6ebb675b6c22d2;AWS-AI-Security-Framework;AWS AI Security Framework;
aws;Security compliance framework based on the AWS AI Security Framework blog post (2025). Organizes controls across three security layers (Infrastructure, Identity & Data, AI Application), three deployment phases (Foundational, Enhanced, Advanced), and three AI use cases (AI that Answers, AI that Connects, AI that Acts). Maps existing Prowler checks to AI workload security requirements and identifies gaps requiring new checks.;992275841864;us-west-2;2026-08-18 15:47:07.870888;AISF-IAM-05;Ensure IAM roles used for AI services prevent cross-service confused deputy attacks and stale access to Bedrock and SageMaker is reviewed regularly.;Identity and Data Security;Service Roles;;iam;Automated;PASS;IAM Role AWSServiceRoleForResourceExplorer accessed Bedrock 0 days ago (threshold: 60 days).;arn:aws:iam::992275841864:role/aws-service-role/resource-explorer-2.amazonaws.com/AWSServiceRoleForResourceExplorer;iam_role_access_not_stale_to_bedrock;False;AWSServiceRoleForResourceExplorer;AWS-AI-Security-Framework;AWS AI Security Framework;
aws;Security compliance framework based on the AWS AI Security Framework blog post (2025). Organizes controls across three security layers (Infrastructure, Identity & Data, AI Application), three deployment phases (Foundational, Enhanced, Advanced), and three AI use cases (AI that Answers, AI that Connects, AI that Acts). Maps existing Prowler checks to AI workload security requirements and identifies gaps requiring new checks.;992275841864;us-west-2;2026-08-18 15:47:07.870888;AISF-IAM-05;Ensure IAM roles used for AI services prevent cross-service confused deputy attacks and stale access to Bedrock and SageMaker is reviewed regularly.;Identity and Data Security;Service Roles;;iam;Automated;FAIL;IAM Role AWSServiceRoleForSupport has Bedrock permissions but has never used them.;arn:aws:iam::992275841864:role/aws-service-role/support.amazonaws.com/AWSServiceRoleForSupport;iam_role_access_not_stale_to_bedrock;False;AWSServiceRoleForSupport;AWS-AI-Security-Framework;AWS AI Security Framework;
aws;Security compliance framework based on the AWS AI Security Framework blog post (2025). Organizes controls across three security layers (Infrastructure, Identity & Data, AI Application), three deployment phases (Foundational, Enhanced, Advanced), and three AI use cases (AI that Answers, AI that Connects, AI that Acts). Maps existing Prowler checks to AI workload security requirements and identifies gaps requiring new checks.;992275841864;us-west-2;2026-08-18 15:47:07.870888;AISF-IAM-05;Ensure IAM roles used for AI services prevent cross-service confused deputy attacks and stale access to Bedrock and SageMaker is reviewed regularly.;Identity and Data Security;Service Roles;;iam;Automated;FAIL;IAM Role OrganizationAccountAccessRole has Bedrock permissions but has never used them.;arn:aws:iam::992275841864:role/OrganizationAccountAccessRole;iam_role_access_not_stale_to_bedrock;False;OrganizationAccountAccessRole;AWS-AI-Security-Framework;AWS AI Security Framework;
aws;Security compliance framework based on the AWS AI Security Framework blog post (2025). Organizes controls across three security layers (Infrastructure, Identity & Data, AI Application), three deployment phases (Foundational, Enhanced, Advanced), and three AI use cases (AI that Answers, AI that Connects, AI that Acts). Maps existing Prowler checks to AI workload security requirements and identifies gaps requiring new checks.;992275841864;us-west-2;2026-08-18 15:47:07.870888;AISF-IAM-02;Ensure least-privilege access is enforced for all AI service identities. No administrative privileges should be attached to IAM entities that interact with Bedrock, SageMaker, or other AI services.;Identity and Data Security;Authorization;;iam;Automated;FAIL;IAM Role AWSReservedSSO_AdministratorAccess_fe6ebb675b6c22d2 has AdministratorAccess policy attached.;arn:aws:iam::992275841864:role/aws-reserved/sso.amazonaws.com/us-west-2/AWSReservedSSO_AdministratorAccess_fe6ebb675b6c22d2;iam_role_administratoraccess_policy;False;AWSReservedSSO_AdministratorAccess_fe6ebb675b6c22d2;AWS-AI-Security-Framework;AWS AI Security Framework;
aws;Security compliance framework based on the AWS AI Security Framework blog post (2025). Organizes controls across three security layers (Infrastructure, Identity & Data, AI Application), three deployment phases (Foundational, Enhanced, Advanced), and three AI use cases (AI that Answers, AI that Connects, AI that Acts). Maps existing Prowler checks to AI workload security requirements and identifies gaps requiring new checks.;992275841864;us-west-2;2026-08-18 15:47:07.870888;AISF-IAM-02;Ensure least-privilege access is enforced for all AI service identities. No administrative privileges should be attached to IAM entities that interact with Bedrock, SageMaker, or other AI services.;Identity and Data Security;Authorization;;iam;Automated;FAIL;IAM Role OrganizationAccountAccessRole has AdministratorAccess policy attached.;arn:aws:iam::992275841864:role/OrganizationAccountAccessRole;iam_role_administratoraccess_policy;False;OrganizationAccountAccessRole;AWS-AI-Security-Framework;AWS AI Security Framework;
aws;Security compliance framework based on the AWS AI Security Framework blog post (2025). Organizes controls across three security layers (Infrastructure, Identity & Data, AI Application), three deployment phases (Foundational, Enhanced, Advanced), and three AI use cases (AI that Answers, AI that Connects, AI that Acts). Maps existing Prowler checks to AI workload security requirements and identifies gaps requiring new checks.;992275841864;us-west-2;2026-08-18 15:47:07.870888;AISF-IAM-05;Ensure IAM roles used for AI services prevent cross-service confused deputy attacks and stale access to Bedrock and SageMaker is reviewed regularly.;Identity and Data Security;Service Roles;;iam;Automated;PASS;IAM Role AWSReservedSSO_AdministratorAccess_fe6ebb675b6c22d2 does not have ReadOnlyAccess policy.;arn:aws:iam::992275841864:role/aws-reserved/sso.amazonaws.com/us-west-2/AWSReservedSSO_AdministratorAccess_fe6ebb675b6c22d2;iam_role_cross_account_readonlyaccess_policy;False;AWSReservedSSO_AdministratorAccess_fe6ebb675b6c22d2;AWS-AI-Security-Framework;AWS AI Security Framework;
aws;Security compliance framework based on the AWS AI Security Framework blog post (2025). Organizes controls across three security layers (Infrastructure, Identity & Data, AI Application), three deployment phases (Foundational, Enhanced, Advanced), and three AI use cases (AI that Answers, AI that Connects, AI that Acts). Maps existing Prowler checks to AI workload security requirements and identifies gaps requiring new checks.;992275841864;us-west-2;2026-08-18 15:47:07.870888;AISF-IAM-05;Ensure IAM roles used for AI services prevent cross-service confused deputy attacks and stale access to Bedrock and SageMaker is reviewed regularly.;Identity and Data Security;Service Roles;;iam;Automated;PASS;IAM Role OrganizationAccountAccessRole does not have ReadOnlyAccess policy.;arn:aws:iam::992275841864:role/OrganizationAccountAccessRole;iam_role_cross_account_readonlyaccess_policy;False;OrganizationAccountAccessRole;AWS-AI-Security-Framework;AWS AI Security Framework;
aws;Security compliance framework based on the AWS AI Security Framework blog post (2025). Organizes controls across three security layers (Infrastructure, Identity & Data, AI Application), three deployment phases (Foundational, Enhanced, Advanced), and three AI use cases (AI that Answers, AI that Connects, AI that Acts). Maps existing Prowler checks to AI workload security requirements and identifies gaps requiring new checks.;992275841864;us-west-2;2026-08-18 15:47:07.870888;AISF-IAM-05;Ensure IAM roles used for AI services prevent cross-service confused deputy attacks and stale access to Bedrock and SageMaker is reviewed regularly.;Identity and Data Security;Service Roles;;iam;Automated;FAIL;IAM Service Role auto-shutdown-lambda-role does not prevent against a cross-service confused deputy attack.;arn:aws:iam::992275841864:role/auto-shutdown-lambda-role;iam_role_cross_service_confused_deputy_prevention;False;auto-shutdown-lambda-role;AWS-AI-Security-Framework;AWS AI Security Framework;
aws;Security compliance framework based on the AWS AI Security Framework blog post (2025). Organizes controls across three security layers (Infrastructure, Identity & Data, AI Application), three deployment phases (Foundational, Enhanced, Advanced), and three AI use cases (AI that Answers, AI that Connects, AI that Acts). Maps existing Prowler checks to AI workload security requirements and identifies gaps requiring new checks.;992275841864;us-west-2;2026-08-18 15:47:07.870888;AISF-IAM-04;Ensure root account is properly secured with no active access keys and minimal usage, as root credentials in AI environments could grant unrestricted access to all AI models, data, and agent configurations.;Identity and Data Security;Root Account;;iam;Automated;FAIL;Root credentials management is not enabled.;arn:aws:iam::992275841864:root;iam_root_credentials_management_enabled;False;992275841864;AWS-AI-Security-Framework;AWS AI Security Framework;
aws;Security compliance framework based on the AWS AI Security Framework blog post (2025). Organizes controls across three security layers (Infrastructure, Identity & Data, AI Application), three deployment phases (Foundational, Enhanced, Advanced), and three AI use cases (AI that Answers, AI that Connects, AI that Acts). Maps existing Prowler checks to AI workload security requirements and identifies gaps requiring new checks.;992275841864;us-west-2;2026-08-18 15:47:07.870888;AISF-IAM-03;Ensure temporary and scoped credentials are used for AI service access. Long-term access keys should be avoided, rotated within 90 days when necessary, and unused keys should be disabled.;Identity and Data Security;Credential Management;;iam;Automated;PASS;User <root_account> does not have access keys.;arn:aws:iam::992275841864:root;iam_rotate_access_key_90_days;False;<root_account>;AWS-AI-Security-Framework;AWS AI Security Framework;
aws;Security compliance framework based on the AWS AI Security Framework blog post (2025). Organizes controls across three security layers (Infrastructure, Identity & Data, AI Application), three deployment phases (Foundational, Enhanced, Advanced), and three AI use cases (AI that Answers, AI that Connects, AI that Acts). Maps existing Prowler checks to AI workload security requirements and identifies gaps requiring new checks.;992275841864;us-west-2;2026-08-18 15:47:07.870888;AISF-IAM-03;Ensure temporary and scoped credentials are used for AI service access. Long-term access keys should be avoided, rotated within 90 days when necessary, and unused keys should be disabled.;Identity and Data Security;Credential Management;;iam;Automated;PASS;User demo-no-mfa-user does not have access keys older than 90 days.;arn:aws:iam::992275841864:user/demo-no-mfa-user;iam_rotate_access_key_90_days;False;demo-no-mfa-user;AWS-AI-Security-Framework;AWS AI Security Framework;
aws;Security compliance framework based on the AWS AI Security Framework blog post (2025). Organizes controls across three security layers (Infrastructure, Identity & Data, AI Application), three deployment phases (Foundational, Enhanced, Advanced), and three AI use cases (AI that Answers, AI that Connects, AI that Acts). Maps existing Prowler checks to AI workload security requirements and identifies gaps requiring new checks.;992275841864;us-west-2;2026-08-18 15:47:07.870888;AISF-IAM-03;Ensure temporary and scoped credentials are used for AI service access. Long-term access keys should be avoided, rotated within 90 days when necessary, and unused keys should be disabled.;Identity and Data Security;Credential Management;;iam;Automated;PASS;User prowler-readonly does not have access keys older than 90 days.;arn:aws:iam::992275841864:user/prowler-readonly;iam_rotate_access_key_90_days;False;prowler-readonly;AWS-AI-Security-Framework;AWS AI Security Framework;
aws;Security compliance framework based on the AWS AI Security Framework blog post (2025). Organizes controls across three security layers (Infrastructure, Identity & Data, AI Application), three deployment phases (Foundational, Enhanced, Advanced), and three AI use cases (AI that Answers, AI that Connects, AI that Acts). Maps existing Prowler checks to AI workload security requirements and identifies gaps requiring new checks.;992275841864;us-west-2;2026-08-18 15:47:07.870888;AISF-IAM-05;Ensure IAM roles used for AI services prevent cross-service confused deputy attacks and stale access to Bedrock and SageMaker is reviewed regularly.;Identity and Data Security;Service Roles;;iam;Automated;FAIL;IAM User prowler-readonly has Bedrock permissions but has never used them.;arn:aws:iam::992275841864:user/prowler-readonly;iam_user_access_not_stale_to_bedrock;False;prowler-readonly;AWS-AI-Security-Framework;AWS AI Security Framework;
aws;Security compliance framework based on the AWS AI Security Framework blog post (2025). Organizes controls across three security layers (Infrastructure, Identity & Data, AI Application), three deployment phases (Foundational, Enhanced, Advanced), and three AI use cases (AI that Answers, AI that Connects, AI that Acts). Maps existing Prowler checks to AI workload security requirements and identifies gaps requiring new checks.;992275841864;us-west-2;2026-08-18 15:47:07.870888;AISF-IAM-03;Ensure temporary and scoped credentials are used for AI service access. Long-term access keys should be avoided, rotated within 90 days when necessary, and unused keys should be disabled.;Identity and Data Security;Credential Management;;iam;Automated;PASS;User <root_account> does not have access keys.;arn:aws:iam::992275841864:root;iam_user_accesskey_unused;False;<root_account>;AWS-AI-Security-Framework;AWS AI Security Framework;
aws;Security compliance framework based on the AWS AI Security Framework blog post (2025). Organizes controls across three security layers (Infrastructure, Identity & Data, AI Application), three deployment phases (Foundational, Enhanced, Advanced), and three AI use cases (AI that Answers, AI that Connects, AI that Acts). Maps existing Prowler checks to AI workload security requirements and identifies gaps requiring new checks.;992275841864;us-west-2;2026-08-18 15:47:07.870888;AISF-IAM-03;Ensure temporary and scoped credentials are used for AI service access. Long-term access keys should be avoided, rotated within 90 days when necessary, and unused keys should be disabled.;Identity and Data Security;Credential Management;;iam;Automated;PASS;User demo-no-mfa-user does not have unused access keys for 45 days.;arn:aws:iam::992275841864:user/demo-no-mfa-user;iam_user_accesskey_unused;False;demo-no-mfa-user;AWS-AI-Security-Framework;AWS AI Security Framework;
aws;Security compliance framework based on the AWS AI Security Framework blog post (2025). Organizes controls across three security layers (Infrastructure, Identity & Data, AI Application), three deployment phases (Foundational, Enhanced, Advanced), and three AI use cases (AI that Answers, AI that Connects, AI that Acts). Maps existing Prowler checks to AI workload security requirements and identifies gaps requiring new checks.;992275841864;us-west-2;2026-08-18 15:47:07.870888;AISF-IAM-03;Ensure temporary and scoped credentials are used for AI service access. Long-term access keys should be avoided, rotated within 90 days when necessary, and unused keys should be disabled.;Identity and Data Security;Credential Management;;iam;Automated;PASS;User prowler-readonly does not have unused access keys for 45 days.;arn:aws:iam::992275841864:user/prowler-readonly;iam_user_accesskey_unused;False;prowler-readonly;AWS-AI-Security-Framework;AWS AI Security Framework;
aws;Security compliance framework based on the AWS AI Security Framework blog post (2025). Organizes controls across three security layers (Infrastructure, Identity & Data, AI Application), three deployment phases (Foundational, Enhanced, Advanced), and three AI use cases (AI that Answers, AI that Connects, AI that Acts). Maps existing Prowler checks to AI workload security requirements and identifies gaps requiring new checks.;992275841864;us-west-2;2026-08-18 15:47:07.870888;AISF-IAM-02;Ensure least-privilege access is enforced for all AI service identities. No administrative privileges should be attached to IAM entities that interact with Bedrock, SageMaker, or other AI services.;Identity and Data Security;Authorization;;iam;Automated;PASS;IAM User demo-no-mfa-user does not have AdministratorAccess policy.;arn:aws:iam::992275841864:user/demo-no-mfa-user;iam_user_administrator_access_policy;False;demo-no-mfa-user;AWS-AI-Security-Framework;AWS AI Security Framework;
aws;Security compliance framework based on the AWS AI Security Framework blog post (2025). Organizes controls across three security layers (Infrastructure, Identity & Data, AI Application), three deployment phases (Foundational, Enhanced, Advanced), and three AI use cases (AI that Answers, AI that Connects, AI that Acts). Maps existing Prowler checks to AI workload security requirements and identifies gaps requiring new checks.;992275841864;us-west-2;2026-08-18 15:47:07.870888;AISF-IAM-02;Ensure least-privilege access is enforced for all AI service identities. No administrative privileges should be attached to IAM entities that interact with Bedrock, SageMaker, or other AI services.;Identity and Data Security;Authorization;;iam;Automated;PASS;IAM User prowler-readonly does not have AdministratorAccess policy.;arn:aws:iam::992275841864:user/prowler-readonly;iam_user_administrator_access_policy;False;prowler-readonly;AWS-AI-Security-Framework;AWS AI Security Framework;
aws;Security compliance framework based on the AWS AI Security Framework blog post (2025). Organizes controls across three security layers (Infrastructure, Identity & Data, AI Application), three deployment phases (Foundational, Enhanced, Advanced), and three AI use cases (AI that Answers, AI that Connects, AI that Acts). Maps existing Prowler checks to AI workload security requirements and identifies gaps requiring new checks.;992275841864;us-west-2;2026-08-18 15:47:07.870888;AISF-IAM-03;Ensure temporary and scoped credentials are used for AI service access. Long-term access keys should be avoided, rotated within 90 days when necessary, and unused keys should be disabled.;Identity and Data Security;Credential Management;;iam;Automated;PASS;User demo-no-mfa-user does not have console access enabled or is unused.;arn:aws:iam::992275841864:user/demo-no-mfa-user;iam_user_console_access_unused;False;demo-no-mfa-user;AWS-AI-Security-Framework;AWS AI Security Framework;
aws;Security compliance framework based on the AWS AI Security Framework blog post (2025). Organizes controls across three security layers (Infrastructure, Identity & Data, AI Application), three deployment phases (Foundational, Enhanced, Advanced), and three AI use cases (AI that Answers, AI that Connects, AI that Acts). Maps existing Prowler checks to AI workload security requirements and identifies gaps requiring new checks.;992275841864;us-west-2;2026-08-18 15:47:07.870888;AISF-IAM-03;Ensure temporary and scoped credentials are used for AI service access. Long-term access keys should be avoided, rotated within 90 days when necessary, and unused keys should be disabled.;Identity and Data Security;Credential Management;;iam;Automated;PASS;User prowler-readonly does not have console access enabled or is unused.;arn:aws:iam::992275841864:user/prowler-readonly;iam_user_console_access_unused;False;prowler-readonly;AWS-AI-Security-Framework;AWS AI Security Framework;
aws;Security compliance framework based on the AWS AI Security Framework blog post (2025). Organizes controls across three security layers (Infrastructure, Identity & Data, AI Application), three deployment phases (Foundational, Enhanced, Advanced), and three AI use cases (AI that Answers, AI that Connects, AI that Acts). Maps existing Prowler checks to AI workload security requirements and identifies gaps requiring new checks.;992275841864;us-west-2;2026-08-18 15:47:07.870888;AISF-IAM-01;Ensure MFA is enforced for all users accessing AI services, including root account hardware MFA, IAM user MFA for console access, and Cognito user pool MFA for AI application end users.;Identity and Data Security;Authentication;;iam;Automated;FAIL;User demo-no-mfa-user does not have any type of MFA enabled.;arn:aws:iam::992275841864:user/demo-no-mfa-user;iam_user_hardware_mfa_enabled;False;demo-no-mfa-user;AWS-AI-Security-Framework;AWS AI Security Framework;
aws;Security compliance framework based on the AWS AI Security Framework blog post (2025). Organizes controls across three security layers (Infrastructure, Identity & Data, AI Application), three deployment phases (Foundational, Enhanced, Advanced), and three AI use cases (AI that Answers, AI that Connects, AI that Acts). Maps existing Prowler checks to AI workload security requirements and identifies gaps requiring new checks.;992275841864;us-west-2;2026-08-18 15:47:07.870888;AISF-IAM-01;Ensure MFA is enforced for all users accessing AI services, including root account hardware MFA, IAM user MFA for console access, and Cognito user pool MFA for AI application end users.;Identity and Data Security;Authentication;;iam;Automated;FAIL;User prowler-readonly does not have any type of MFA enabled.;arn:aws:iam::992275841864:user/prowler-readonly;iam_user_hardware_mfa_enabled;False;prowler-readonly;AWS-AI-Security-Framework;AWS AI Security Framework;
aws;Security compliance framework based on the AWS AI Security Framework blog post (2025). Organizes controls across three security layers (Infrastructure, Identity & Data, AI Application), three deployment phases (Foundational, Enhanced, Advanced), and three AI use cases (AI that Answers, AI that Connects, AI that Acts). Maps existing Prowler checks to AI workload security requirements and identifies gaps requiring new checks.;992275841864;us-west-2;2026-08-18 15:47:07.870888;AISF-IAM-01;Ensure MFA is enforced for all users accessing AI services, including root account hardware MFA, IAM user MFA for console access, and Cognito user pool MFA for AI application end users.;Identity and Data Security;Authentication;;iam;Automated;PASS;User demo-no-mfa-user does not have Console Password enabled.;arn:aws:iam::992275841864:user/demo-no-mfa-user;iam_user_mfa_enabled_console_access;False;demo-no-mfa-user;AWS-AI-Security-Framework;AWS AI Security Framework;
aws;Security compliance framework based on the AWS AI Security Framework blog post (2025). Organizes controls across three security layers (Infrastructure, Identity & Data, AI Application), three deployment phases (Foundational, Enhanced, Advanced), and three AI use cases (AI that Answers, AI that Connects, AI that Acts). Maps existing Prowler checks to AI workload security requirements and identifies gaps requiring new checks.;992275841864;us-west-2;2026-08-18 15:47:07.870888;AISF-IAM-01;Ensure MFA is enforced for all users accessing AI services, including root account hardware MFA, IAM user MFA for console access, and Cognito user pool MFA for AI application end users.;Identity and Data Security;Authentication;;iam;Automated;PASS;User prowler-readonly does not have Console Password enabled.;arn:aws:iam::992275841864:user/prowler-readonly;iam_user_mfa_enabled_console_access;False;prowler-readonly;AWS-AI-Security-Framework;AWS AI Security Framework;
aws;Security compliance framework based on the AWS AI Security Framework blog post (2025). Organizes controls across three security layers (Infrastructure, Identity & Data, AI Application), three deployment phases (Foundational, Enhanced, Advanced), and three AI use cases (AI that Answers, AI that Connects, AI that Acts). Maps existing Prowler checks to AI workload security requirements and identifies gaps requiring new checks.;992275841864;us-west-2;2026-08-18 15:47:07.870888;AISF-IAM-03;Ensure temporary and scoped credentials are used for AI service access. Long-term access keys should be avoided, rotated within 90 days when necessary, and unused keys should be disabled.;Identity and Data Security;Credential Management;;iam;Automated;PASS;User <root_account> does not have access keys or uses the access keys configured.;arn:aws:iam::992275841864:root;iam_user_no_setup_initial_access_key;False;<root_account>;AWS-AI-Security-Framework;AWS AI Security Framework;
aws;Security compliance framework based on the AWS AI Security Framework blog post (2025). Organizes controls across three security layers (Infrastructure, Identity & Data, AI Application), three deployment phases (Foundational, Enhanced, Advanced), and three AI use cases (AI that Answers, AI that Connects, AI that Acts). Maps existing Prowler checks to AI workload security requirements and identifies gaps requiring new checks.;992275841864;us-west-2;2026-08-18 15:47:07.870888;AISF-IAM-03;Ensure temporary and scoped credentials are used for AI service access. Long-term access keys should be avoided, rotated within 90 days when necessary, and unused keys should be disabled.;Identity and Data Security;Credential Management;;iam;Automated;PASS;User demo-no-mfa-user does not have access keys or uses the access keys configured.;arn:aws:iam::992275841864:user/demo-no-mfa-user;iam_user_no_setup_initial_access_key;False;demo-no-mfa-user;AWS-AI-Security-Framework;AWS AI Security Framework;
aws;Security compliance framework based on the AWS AI Security Framework blog post (2025). Organizes controls across three security layers (Infrastructure, Identity & Data, AI Application), three deployment phases (Foundational, Enhanced, Advanced), and three AI use cases (AI that Answers, AI that Connects, AI that Acts). Maps existing Prowler checks to AI workload security requirements and identifies gaps requiring new checks.;992275841864;us-west-2;2026-08-18 15:47:07.870888;AISF-IAM-03;Ensure temporary and scoped credentials are used for AI service access. Long-term access keys should be avoided, rotated within 90 days when necessary, and unused keys should be disabled.;Identity and Data Security;Credential Management;;iam;Automated;PASS;User prowler-readonly does not have access keys or uses the access keys configured.;arn:aws:iam::992275841864:user/prowler-readonly;iam_user_no_setup_initial_access_key;False;prowler-readonly;AWS-AI-Security-Framework;AWS AI Security Framework;
aws;Security compliance framework based on the AWS AI Security Framework blog post (2025). Organizes controls across three security layers (Infrastructure, Identity & Data, AI Application), three deployment phases (Foundational, Enhanced, Advanced), and three AI use cases (AI that Answers, AI that Connects, AI that Acts). Maps existing Prowler checks to AI workload security requirements and identifies gaps requiring new checks.;992275841864;us-west-2;2026-08-18 15:47:07.870888;AISF-IAM-03;Ensure temporary and scoped credentials are used for AI service access. Long-term access keys should be avoided, rotated within 90 days when necessary, and unused keys should be disabled.;Identity and Data Security;Credential Management;;iam;Automated;PASS;User <root_account> does not have 2 active access keys.;arn:aws:iam::992275841864:root;iam_user_two_active_access_key;False;<root_account>;AWS-AI-Security-Framework;AWS AI Security Framework;
aws;Security compliance framework based on the AWS AI Security Framework blog post (2025). Organizes controls across three security layers (Infrastructure, Identity & Data, AI Application), three deployment phases (Foundational, Enhanced, Advanced), and three AI use cases (AI that Answers, AI that Connects, AI that Acts). Maps existing Prowler checks to AI workload security requirements and identifies gaps requiring new checks.;992275841864;us-west-2;2026-08-18 15:47:07.870888;AISF-IAM-03;Ensure temporary and scoped credentials are used for AI service access. Long-term access keys should be avoided, rotated within 90 days when necessary, and unused keys should be disabled.;Identity and Data Security;Credential Management;;iam;Automated;PASS;User demo-no-mfa-user does not have 2 active access keys.;arn:aws:iam::992275841864:user/demo-no-mfa-user;iam_user_two_active_access_key;False;demo-no-mfa-user;AWS-AI-Security-Framework;AWS AI Security Framework;
aws;Security compliance framework based on the AWS AI Security Framework blog post (2025). Organizes controls across three security layers (Infrastructure, Identity & Data, AI Application), three deployment phases (Foundational, Enhanced, Advanced), and three AI use cases (AI that Answers, AI that Connects, AI that Acts). Maps existing Prowler checks to AI workload security requirements and identifies gaps requiring new checks.;992275841864;us-west-2;2026-08-18 15:47:07.870888;AISF-IAM-03;Ensure temporary and scoped credentials are used for AI service access. Long-term access keys should be avoided, rotated within 90 days when necessary, and unused keys should be disabled.;Identity and Data Security;Credential Management;;iam;Automated;PASS;User prowler-readonly does not have 2 active access keys.;arn:aws:iam::992275841864:user/prowler-readonly;iam_user_two_active_access_key;False;prowler-readonly;AWS-AI-Security-Framework;AWS AI Security Framework;
aws;Security compliance framework based on the AWS AI Security Framework blog post (2025). Organizes controls across three security layers (Infrastructure, Identity & Data, AI Application), three deployment phases (Foundational, Enhanced, Advanced), and three AI use cases (AI that Answers, AI that Connects, AI that Acts). Maps existing Prowler checks to AI workload security requirements and identifies gaps requiring new checks.;992275841864;us-west-2;2026-08-18 15:47:07.870888;AISF-IAM-03;Ensure temporary and scoped credentials are used for AI service access. Long-term access keys should be avoided, rotated within 90 days when necessary, and unused keys should be disabled.;Identity and Data Security;Credential Management;;iam;Automated;PASS;User demo-no-mfa-user doesn't have long lived credentials with access to other services than IAM or STS.;arn:aws:iam::992275841864:user/demo-no-mfa-user;iam_user_with_temporary_credentials;False;demo-no-mfa-user;AWS-AI-Security-Framework;AWS AI Security Framework;
aws;Security compliance framework based on the AWS AI Security Framework blog post (2025). Organizes controls across three security layers (Infrastructure, Identity & Data, AI Application), three deployment phases (Foundational, Enhanced, Advanced), and three AI use cases (AI that Answers, AI that Connects, AI that Acts). Maps existing Prowler checks to AI workload security requirements and identifies gaps requiring new checks.;992275841864;us-west-2;2026-08-18 15:47:07.870888;AISF-IAM-03;Ensure temporary and scoped credentials are used for AI service access. Long-term access keys should be avoided, rotated within 90 days when necessary, and unused keys should be disabled.;Identity and Data Security;Credential Management;;iam;Automated;FAIL;User prowler-readonly has long lived credentials with access to other services than IAM or STS.;arn:aws:iam::992275841864:user/prowler-readonly;iam_user_with_temporary_credentials;False;prowler-readonly;AWS-AI-Security-Framework;AWS AI Security Framework;
aws;Security compliance framework based on the AWS AI Security Framework blog post (2025). Organizes controls across three security layers (Infrastructure, Identity & Data, AI Application), three deployment phases (Foundational, Enhanced, Advanced), and three AI use cases (AI that Answers, AI that Connects, AI that Acts). Maps existing Prowler checks to AI workload security requirements and identifies gaps requiring new checks.;992275841864;us-west-2;2026-08-18 15:47:07.870888;AISF-DETECT-03;Ensure CloudTrail-based threat detection is monitoring for LLM jacking, privilege escalation, and enumeration activity that could indicate attacks against AI infrastructure.;Threat Detection and Monitoring;AI Threat Detection;;cloudtrail;Automated;MANUAL;Cannot verify unknown-image attestation activity: no 'enclave_golden_pcr_values' configured. Set a golden PCR list in audit_config and re-run this check.;arn:aws:kms:us-west-2:992275841864:enclave-debug-attestation;kms_key_enclave_attestation_unknown_image;False;arn:aws:kms:us-west-2:992275841864:enclave-debug-attestation;AWS-AI-Security-Framework;AWS AI Security Framework;
aws;Security compliance framework based on the AWS AI Security Framework blog post (2025). Organizes controls across three security layers (Infrastructure, Identity & Data, AI Application), three deployment phases (Foundational, Enhanced, Advanced), and three AI use cases (AI that Answers, AI that Connects, AI that Acts). Maps existing Prowler checks to AI workload security requirements and identifies gaps requiring new checks.;992275841864;us-west-2;2026-08-18 15:47:07.870888;AISF-DETECT-03;Ensure CloudTrail-based threat detection is monitoring for LLM jacking, privilege escalation, and enumeration activity that could indicate attacks against AI infrastructure.;Threat Detection and Monitoring;AI Threat Detection;;cloudtrail;Automated;MANUAL;"No KMS-from-enclave attestation events found in the last 2160h. Debug-mode status cannot be determined from available data; enclaves that never call KMS in the window are not observable via this check. Additionally, CloudTrail lookup failed for 80 region/event pair(s): ap-northeast-1:Decrypt (AccessDeniedException), ap-northeast-1:DeriveSharedSecret (AccessDeniedException), ap-northeast-1:GenerateDataKey (AccessDeniedException), ap-northeast-1:GenerateDataKeyPair (AccessDeniedException), ap-northeast-1:GenerateRandom (AccessDeniedException).... Coverage is incomplete.";arn:aws:kms:us-west-2:992275841864:enclave-debug-attestation;kms_key_enclave_debug_attestation_detected;False;arn:aws:kms:us-west-2:992275841864:enclave-debug-attestation;AWS-AI-Security-Framework;AWS AI Security Framework;
aws;Security compliance framework based on the AWS AI Security Framework blog post (2025). Organizes controls across three security layers (Infrastructure, Identity & Data, AI Application), three deployment phases (Foundational, Enhanced, Advanced), and three AI use cases (AI that Answers, AI that Connects, AI that Acts). Maps existing Prowler checks to AI workload security requirements and identifies gaps requiring new checks.;992275841864;us-west-2;2026-08-18 15:47:07.870888;AISF-INFRA-02;Ensure VPCs have Network Firewall enabled to inspect and filter AI workload traffic, with logging, multi-AZ deployment, and proper default actions for both full and fragmented packets.;Infrastructure Security;Network Firewall;;networkfirewall;Automated;FAIL;VPC vpc-0866e7410e62ffd29 does not have Network Firewall enabled.;arn:aws:ec2:us-west-2:992275841864:vpc/vpc-0866e7410e62ffd29;networkfirewall_in_all_vpc;False;vpc-0866e7410e62ffd29;AWS-AI-Security-Framework;AWS AI Security Framework;
aws;Security compliance framework based on the AWS AI Security Framework blog post (2025). Organizes controls across three security layers (Infrastructure, Identity & Data, AI Application), three deployment phases (Foundational, Enhanced, Advanced), and three AI use cases (AI that Answers, AI that Connects, AI that Acts). Maps existing Prowler checks to AI workload security requirements and identifies gaps requiring new checks.;992275841864;us-west-2;2026-08-18 15:47:07.870888;AISF-GOV-02;Ensure the AWS account is part of an AWS Organization with proper governance controls including SCPs to restrict operations to approved regions and delegated administrators are trusted.;Governance and Compliance;Account Governance;;organizations;Automated;PASS;AWS Organization o-v8ge3sky7w contains this AWS account.;arn:aws:organizations::770708266211:organization/o-v8ge3sky7w;organizations_account_part_of_organizations;False;o-v8ge3sky7w;AWS-AI-Security-Framework;AWS AI Security Framework;
aws;Security compliance framework based on the AWS AI Security Framework blog post (2025). Organizes controls across three security layers (Infrastructure, Identity & Data, AI Application), three deployment phases (Foundational, Enhanced, Advanced), and three AI use cases (AI that Answers, AI that Connects, AI that Acts). Maps existing Prowler checks to AI workload security requirements and identifies gaps requiring new checks.;992275841864;us-west-2;2026-08-18 15:47:07.870888;AISF-DATA-04;Ensure S3 buckets used for AI training data, model artifacts, RAG knowledge bases, and inference logs have public access blocked, encryption enabled, secure transport enforced, and access logging configured.;Identity and Data Security;Storage Security;;s3;Automated;FAIL;Block Public Access is not configured for the account 992275841864.;arn:aws:s3:us-west-2:992275841864:account;s3_account_level_public_access_blocks;False;992275841864;AWS-AI-Security-Framework;AWS AI Security Framework;
aws;Security compliance framework based on the AWS AI Security Framework blog post (2025). Organizes controls across three security layers (Infrastructure, Identity & Data, AI Application), three deployment phases (Foundational, Enhanced, Advanced), and three AI use cases (AI that Answers, AI that Connects, AI that Acts). Maps existing Prowler checks to AI workload security requirements and identifies gaps requiring new checks.;992275841864;us-west-2;2026-08-18 15:47:07.870888;AISF-DATA-04;Ensure S3 buckets used for AI training data, model artifacts, RAG knowledge bases, and inference logs have public access blocked, encryption enabled, secure transport enforced, and access logging configured.;Identity and Data Security;Storage Security;;s3;Automated;PASS;S3 Bucket eg-prowler-demo-intentionally-vulnerable has bucket ACLs disabled.;arn:aws:s3:::eg-prowler-demo-intentionally-vulnerable;s3_bucket_acl_prohibited;False;eg-prowler-demo-intentionally-vulnerable;AWS-AI-Security-Framework;AWS AI Security Framework;
aws;Security compliance framework based on the AWS AI Security Framework blog post (2025). Organizes controls across three security layers (Infrastructure, Identity & Data, AI Application), three deployment phases (Foundational, Enhanced, Advanced), and three AI use cases (AI that Answers, AI that Connects, AI that Acts). Maps existing Prowler checks to AI workload security requirements and identifies gaps requiring new checks.;992275841864;us-west-2;2026-08-18 15:47:07.870888;AISF-DATA-04;Ensure S3 buckets used for AI training data, model artifacts, RAG knowledge bases, and inference logs have public access blocked, encryption enabled, secure transport enforced, and access logging configured.;Identity and Data Security;Storage Security;;s3;Automated;PASS;S3 Bucket eg-prowler-demo-intentionally-vulnerable does not have a bucket policy.;arn:aws:s3:::eg-prowler-demo-intentionally-vulnerable;s3_bucket_cross_account_access;False;eg-prowler-demo-intentionally-vulnerable;AWS-AI-Security-Framework;AWS AI Security Framework;
aws;Security compliance framework based on the AWS AI Security Framework blog post (2025). Organizes controls across three security layers (Infrastructure, Identity & Data, AI Application), three deployment phases (Foundational, Enhanced, Advanced), and three AI use cases (AI that Answers, AI that Connects, AI that Acts). Maps existing Prowler checks to AI workload security requirements and identifies gaps requiring new checks.;992275841864;us-west-2;2026-08-18 15:47:07.870888;AISF-INFRA-05;Ensure all data at rest is encrypted with AES-256 across AI workload storage including S3 buckets, EBS volumes, RDS instances, SageMaker notebooks, and Bedrock prompts using customer-managed KMS keys where possible.;Infrastructure Security;Encryption at Rest;;kms;Automated;PASS;S3 Bucket eg-prowler-demo-intentionally-vulnerable has Server Side Encryption with AES256.;arn:aws:s3:::eg-prowler-demo-intentionally-vulnerable;s3_bucket_default_encryption;False;eg-prowler-demo-intentionally-vulnerable;AWS-AI-Security-Framework;AWS AI Security Framework;
aws;Security compliance framework based on the AWS AI Security Framework blog post (2025). Organizes controls across three security layers (Infrastructure, Identity & Data, AI Application), three deployment phases (Foundational, Enhanced, Advanced), and three AI use cases (AI that Answers, AI that Connects, AI that Acts). Maps existing Prowler checks to AI workload security requirements and identifies gaps requiring new checks.;992275841864;us-west-2;2026-08-18 15:47:07.870888;AISF-DATA-04;Ensure S3 buckets used for AI training data, model artifacts, RAG knowledge bases, and inference logs have public access blocked, encryption enabled, secure transport enforced, and access logging configured.;Identity and Data Security;Storage Security;;s3;Automated;PASS;S3 Bucket eg-prowler-demo-intentionally-vulnerable has Server Side Encryption with AES256.;arn:aws:s3:::eg-prowler-demo-intentionally-vulnerable;s3_bucket_default_encryption;False;eg-prowler-demo-intentionally-vulnerable;AWS-AI-Security-Framework;AWS AI Security Framework;
aws;Security compliance framework based on the AWS AI Security Framework blog post (2025). Organizes controls across three security layers (Infrastructure, Identity & Data, AI Application), three deployment phases (Foundational, Enhanced, Advanced), and three AI use cases (AI that Answers, AI that Connects, AI that Acts). Maps existing Prowler checks to AI workload security requirements and identifies gaps requiring new checks.;992275841864;us-west-2;2026-08-18 15:47:07.870888;AISF-INFRA-05;Ensure all data at rest is encrypted with AES-256 across AI workload storage including S3 buckets, EBS volumes, RDS instances, SageMaker notebooks, and Bedrock prompts using customer-managed KMS keys where possible.;Infrastructure Security;Encryption at Rest;;kms;Automated;FAIL;Server Side Encryption is not configured with kms for S3 Bucket eg-prowler-demo-intentionally-vulnerable.;arn:aws:s3:::eg-prowler-demo-intentionally-vulnerable;s3_bucket_kms_encryption;False;eg-prowler-demo-intentionally-vulnerable;AWS-AI-Security-Framework;AWS AI Security Framework;
aws;Security compliance framework based on the AWS AI Security Framework blog post (2025). Organizes controls across three security layers (Infrastructure, Identity & Data, AI Application), three deployment phases (Foundational, Enhanced, Advanced), and three AI use cases (AI that Answers, AI that Connects, AI that Acts). Maps existing Prowler checks to AI workload security requirements and identifies gaps requiring new checks.;992275841864;us-west-2;2026-08-18 15:47:07.870888;AISF-DATA-04;Ensure S3 buckets used for AI training data, model artifacts, RAG knowledge bases, and inference logs have public access blocked, encryption enabled, secure transport enforced, and access logging configured.;Identity and Data Security;Storage Security;;s3;Automated;FAIL;Server Side Encryption is not configured with kms for S3 Bucket eg-prowler-demo-intentionally-vulnerable.;arn:aws:s3:::eg-prowler-demo-intentionally-vulnerable;s3_bucket_kms_encryption;False;eg-prowler-demo-intentionally-vulnerable;AWS-AI-Security-Framework;AWS AI Security Framework;
aws;Security compliance framework based on the AWS AI Security Framework blog post (2025). Organizes controls across three security layers (Infrastructure, Identity & Data, AI Application), three deployment phases (Foundational, Enhanced, Advanced), and three AI use cases (AI that Answers, AI that Connects, AI that Acts). Maps existing Prowler checks to AI workload security requirements and identifies gaps requiring new checks.;992275841864;us-west-2;2026-08-18 15:47:07.870888;AISF-DATA-04;Ensure S3 buckets used for AI training data, model artifacts, RAG knowledge bases, and inference logs have public access blocked, encryption enabled, secure transport enforced, and access logging configured.;Identity and Data Security;Storage Security;;s3;Automated;PASS;Block Public Access is configured for the S3 Bucket eg-prowler-demo-intentionally-vulnerable.;arn:aws:s3:::eg-prowler-demo-intentionally-vulnerable;s3_bucket_level_public_access_block;False;eg-prowler-demo-intentionally-vulnerable;AWS-AI-Security-Framework;AWS AI Security Framework;
aws;Security compliance framework based on the AWS AI Security Framework blog post (2025). Organizes controls across three security layers (Infrastructure, Identity & Data, AI Application), three deployment phases (Foundational, Enhanced, Advanced), and three AI use cases (AI that Answers, AI that Connects, AI that Acts). Maps existing Prowler checks to AI workload security requirements and identifies gaps requiring new checks.;992275841864;us-west-2;2026-08-18 15:47:07.870888;AISF-DATA-04;Ensure S3 buckets used for AI training data, model artifacts, RAG knowledge bases, and inference logs have public access blocked, encryption enabled, secure transport enforced, and access logging configured.;Identity and Data Security;Storage Security;;s3;Automated;FAIL;S3 Bucket eg-prowler-demo-intentionally-vulnerable has versioning disabled.;arn:aws:s3:::eg-prowler-demo-intentionally-vulnerable;s3_bucket_object_versioning;False;eg-prowler-demo-intentionally-vulnerable;AWS-AI-Security-Framework;AWS AI Security Framework;
aws;Security compliance framework based on the AWS AI Security Framework blog post (2025). Organizes controls across three security layers (Infrastructure, Identity & Data, AI Application), three deployment phases (Foundational, Enhanced, Advanced), and three AI use cases (AI that Answers, AI that Connects, AI that Acts). Maps existing Prowler checks to AI workload security requirements and identifies gaps requiring new checks.;992275841864;us-west-2;2026-08-18 15:47:07.870888;AISF-DATA-04;Ensure S3 buckets used for AI training data, model artifacts, RAG knowledge bases, and inference logs have public access blocked, encryption enabled, secure transport enforced, and access logging configured.;Identity and Data Security;Storage Security;;s3;Automated;PASS;S3 Bucket eg-prowler-demo-intentionally-vulnerable does not have a bucket policy.;arn:aws:s3:::eg-prowler-demo-intentionally-vulnerable;s3_bucket_policy_public_write_access;False;eg-prowler-demo-intentionally-vulnerable;AWS-AI-Security-Framework;AWS AI Security Framework;
aws;Security compliance framework based on the AWS AI Security Framework blog post (2025). Organizes controls across three security layers (Infrastructure, Identity & Data, AI Application), three deployment phases (Foundational, Enhanced, Advanced), and three AI use cases (AI that Answers, AI that Connects, AI that Acts). Maps existing Prowler checks to AI workload security requirements and identifies gaps requiring new checks.;992275841864;us-west-2;2026-08-18 15:47:07.870888;AISF-DATA-04;Ensure S3 buckets used for AI training data, model artifacts, RAG knowledge bases, and inference logs have public access blocked, encryption enabled, secure transport enforced, and access logging configured.;Identity and Data Security;Storage Security;;s3;Automated;PASS;S3 Bucket eg-prowler-demo-intentionally-vulnerable is not public.;arn:aws:s3:::eg-prowler-demo-intentionally-vulnerable;s3_bucket_public_access;False;eg-prowler-demo-intentionally-vulnerable;AWS-AI-Security-Framework;AWS AI Security Framework;
aws;Security compliance framework based on the AWS AI Security Framework blog post (2025). Organizes controls across three security layers (Infrastructure, Identity & Data, AI Application), three deployment phases (Foundational, Enhanced, Advanced), and three AI use cases (AI that Answers, AI that Connects, AI that Acts). Maps existing Prowler checks to AI workload security requirements and identifies gaps requiring new checks.;992275841864;us-west-2;2026-08-18 15:47:07.870888;AISF-INFRA-06;Ensure all data in transit uses TLS 1.2 or higher, including API communications, inter-container traffic for ML training, and connections between AI application components.;Infrastructure Security;Encryption in Transit;;multiple;Automated;FAIL;S3 Bucket eg-prowler-demo-intentionally-vulnerable does not have a bucket policy, thus it allows HTTP requests.;arn:aws:s3:::eg-prowler-demo-intentionally-vulnerable;s3_bucket_secure_transport_policy;False;eg-prowler-demo-intentionally-vulnerable;AWS-AI-Security-Framework;AWS AI Security Framework;
aws;Security compliance framework based on the AWS AI Security Framework blog post (2025). Organizes controls across three security layers (Infrastructure, Identity & Data, AI Application), three deployment phases (Foundational, Enhanced, Advanced), and three AI use cases (AI that Answers, AI that Connects, AI that Acts). Maps existing Prowler checks to AI workload security requirements and identifies gaps requiring new checks.;992275841864;us-west-2;2026-08-18 15:47:07.870888;AISF-DATA-04;Ensure S3 buckets used for AI training data, model artifacts, RAG knowledge bases, and inference logs have public access blocked, encryption enabled, secure transport enforced, and access logging configured.;Identity and Data Security;Storage Security;;s3;Automated;FAIL;S3 Bucket eg-prowler-demo-intentionally-vulnerable does not have a bucket policy, thus it allows HTTP requests.;arn:aws:s3:::eg-prowler-demo-intentionally-vulnerable;s3_bucket_secure_transport_policy;False;eg-prowler-demo-intentionally-vulnerable;AWS-AI-Security-Framework;AWS AI Security Framework;
aws;Security compliance framework based on the AWS AI Security Framework blog post (2025). Organizes controls across three security layers (Infrastructure, Identity & Data, AI Application), three deployment phases (Foundational, Enhanced, Advanced), and three AI use cases (AI that Answers, AI that Connects, AI that Acts). Maps existing Prowler checks to AI workload security requirements and identifies gaps requiring new checks.;992275841864;us-west-2;2026-08-18 15:47:07.870888;AISF-DATA-04;Ensure S3 buckets used for AI training data, model artifacts, RAG knowledge bases, and inference logs have public access blocked, encryption enabled, secure transport enforced, and access logging configured.;Identity and Data Security;Storage Security;;s3;Automated;FAIL;S3 Bucket eg-prowler-demo-intentionally-vulnerable has server access logging disabled.;arn:aws:s3:::eg-prowler-demo-intentionally-vulnerable;s3_bucket_server_access_logging_enabled;False;eg-prowler-demo-intentionally-vulnerable;AWS-AI-Security-Framework;AWS AI Security Framework;
aws;Security compliance framework based on the AWS AI Security Framework blog post (2025). Organizes controls across three security layers (Infrastructure, Identity & Data, AI Application), three deployment phases (Foundational, Enhanced, Advanced), and three AI use cases (AI that Answers, AI that Connects, AI that Acts). Maps existing Prowler checks to AI workload security requirements and identifies gaps requiring new checks.;992275841864;us-west-2;2026-08-18 15:47:07.870888;AISF-ML-04;Ensure SageMaker Model Registry is in use with approved model packages and SSO authentication is configured for SageMaker domains.;AI Application Security;ML Platform Security;;sagemaker;Automated;FAIL;SageMaker Model Registry in region us-west-2 has no Model Package Groups.;arn:aws:sagemaker:us-west-2:992275841864:model-registry/unknown;sagemaker_models_registry_in_use;False;SageMaker Model Registry;AWS-AI-Security-Framework;AWS AI Security Framework;
aws;Security compliance framework based on the AWS AI Security Framework blog post (2025). Organizes controls across three security layers (Infrastructure, Identity & Data, AI Application), three deployment phases (Foundational, Enhanced, Advanced), and three AI use cases (AI that Answers, AI that Connects, AI that Acts). Maps existing Prowler checks to AI workload security requirements and identifies gaps requiring new checks.;992275841864;us-west-2;2026-08-18 15:47:07.870888;AISF-DETECT-04;Ensure Security Hub is enabled with standards and integrations configured to aggregate and prioritize security findings across all AI workload services.;Threat Detection and Monitoring;Security Aggregation;;securityhub;Automated;FAIL;Security Hub is not enabled.;arn:aws:securityhub:us-west-2:992275841864:hub/unknown;securityhub_enabled;False;hub/unknown;AWS-AI-Security-Framework;AWS AI Security Framework;
aws;Security compliance framework based on the AWS AI Security Framework blog post (2025). Organizes controls across three security layers (Infrastructure, Identity & Data, AI Application), three deployment phases (Foundational, Enhanced, Advanced), and three AI use cases (AI that Answers, AI that Connects, AI that Acts). Maps existing Prowler checks to AI workload security requirements and identifies gaps requiring new checks.;992275841864;us-west-2;2026-08-18 15:47:07.870888;AISF-INFRA-08;Ensure VPC endpoints enforce trust boundaries, subnets do not assign public IPs by default, and flow logs are enabled for all VPCs hosting AI workloads.;Infrastructure Security;VPC Security;;vpc;Automated;FAIL;VPC vpc-0866e7410e62ffd29 has no EC2 endpoint.;arn:aws:ec2:us-west-2:992275841864:vpc/vpc-0866e7410e62ffd29;vpc_endpoint_for_ec2_enabled;False;vpc-0866e7410e62ffd29;AWS-AI-Security-Framework;AWS AI Security Framework;
aws;Security compliance framework based on the AWS AI Security Framework blog post (2025). Organizes controls across three security layers (Infrastructure, Identity & Data, AI Application), three deployment phases (Foundational, Enhanced, Advanced), and three AI use cases (AI that Answers, AI that Connects, AI that Acts). Maps existing Prowler checks to AI workload security requirements and identifies gaps requiring new checks.;992275841864;us-west-2;2026-08-18 15:47:07.870888;AISF-INFRA-08;Ensure VPC endpoints enforce trust boundaries, subnets do not assign public IPs by default, and flow logs are enabled for all VPCs hosting AI workloads.;Infrastructure Security;VPC Security;;vpc;Automated;FAIL;VPC vpc-0866e7410e62ffd29 Flow logs are disabled.;arn:aws:ec2:us-west-2:992275841864:vpc/vpc-0866e7410e62ffd29;vpc_flow_logs_enabled;False;vpc-0866e7410e62ffd29;AWS-AI-Security-Framework;AWS AI Security Framework;
aws;Security compliance framework based on the AWS AI Security Framework blog post (2025). Organizes controls across three security layers (Infrastructure, Identity & Data, AI Application), three deployment phases (Foundational, Enhanced, Advanced), and three AI use cases (AI that Answers, AI that Connects, AI that Acts). Maps existing Prowler checks to AI workload security requirements and identifies gaps requiring new checks.;992275841864;us-west-2;2026-08-18 15:47:07.870888;AISF-INFRA-08;Ensure VPC endpoints enforce trust boundaries, subnets do not assign public IPs by default, and flow logs are enabled for all VPCs hosting AI workloads.;Infrastructure Security;VPC Security;;vpc;Automated;FAIL;VPC subnet subnet-0e168d7c3f42445c9 assigns public IP by default.;arn:aws:ec2:us-west-2:992275841864:subnet/subnet-0e168d7c3f42445c9;vpc_subnet_no_public_ip_by_default;False;subnet-0e168d7c3f42445c9;AWS-AI-Security-Framework;AWS AI Security Framework;
aws;Security compliance framework based on the AWS AI Security Framework blog post (2025). Organizes controls across three security layers (Infrastructure, Identity & Data, AI Application), three deployment phases (Foundational, Enhanced, Advanced), and three AI use cases (AI that Answers, AI that Connects, AI that Acts). Maps existing Prowler checks to AI workload security requirements and identifies gaps requiring new checks.;992275841864;us-west-2;2026-08-18 15:47:07.870888;AISF-INFRA-08;Ensure VPC endpoints enforce trust boundaries, subnets do not assign public IPs by default, and flow logs are enabled for all VPCs hosting AI workloads.;Infrastructure Security;VPC Security;;vpc;Automated;FAIL;VPC vpc-0866e7410e62ffd29 has only public subnets.;arn:aws:ec2:us-west-2:992275841864:vpc/vpc-0866e7410e62ffd29;vpc_subnet_separate_private_public;False;vpc-0866e7410e62ffd29;AWS-AI-Security-Framework;AWS AI Security Framework;
aws;Security compliance framework based on the AWS AI Security Framework blog post (2025). Organizes controls across three security layers (Infrastructure, Identity & Data, AI Application), three deployment phases (Foundational, Enhanced, Advanced), and three AI use cases (AI that Answers, AI that Connects, AI that Acts). Maps existing Prowler checks to AI workload security requirements and identifies gaps requiring new checks.;;;2026-08-18 15:47:07.870888;AISF-AI-08;Ensure Bedrock Automated Reasoning Checks are configured to provide formal verification of model responses against source documents, achieving up to 99% verification accuracy against hallucinations.;AI Application Security;Output Validation;;bedrock;Manual;MANUAL;Manual check;manual_check;manual;False;Manual check;AWS-AI-Security-Framework;AWS AI Security Framework;
aws;Security compliance framework based on the AWS AI Security Framework blog post (2025). Organizes controls across three security layers (Infrastructure, Identity & Data, AI Application), three deployment phases (Foundational, Enhanced, Advanced), and three AI use cases (AI that Answers, AI that Connects, AI that Acts). Maps existing Prowler checks to AI workload security requirements and identifies gaps requiring new checks.;;;2026-08-18 15:47:07.870888;AISF-AI-09;Ensure Bedrock Contextual Grounding is configured to validate semantic consistency of model responses against sanctioned source documents, preventing hallucinated or fabricated outputs.;AI Application Security;Output Validation;;bedrock;Manual;MANUAL;Manual check;manual_check;manual;False;Manual check;AWS-AI-Security-Framework;AWS AI Security Framework;
aws;Security compliance framework based on the AWS AI Security Framework blog post (2025). Organizes controls across three security layers (Infrastructure, Identity & Data, AI Application), three deployment phases (Foundational, Enhanced, Advanced), and three AI use cases (AI that Answers, AI that Connects, AI that Acts). Maps existing Prowler checks to AI workload security requirements and identifies gaps requiring new checks.;;;2026-08-18 15:47:07.870888;AISF-AI-10;Ensure Bedrock Knowledge Bases used for RAG patterns have proper security controls including encryption with customer-managed keys and VPC configuration for private data access.;AI Application Security;RAG Security;;bedrock;Manual;MANUAL;Manual check;manual_check;manual;False;Manual check;AWS-AI-Security-Framework;AWS AI Security Framework;
aws;Security compliance framework based on the AWS AI Security Framework blog post (2025). Organizes controls across three security layers (Infrastructure, Identity & Data, AI Application), three deployment phases (Foundational, Enhanced, Advanced), and three AI use cases (AI that Answers, AI that Connects, AI that Acts). Maps existing Prowler checks to AI workload security requirements and identifies gaps requiring new checks.;;;2026-08-18 15:47:07.870888;AISF-AI-11;Ensure WAF AI Activity Dashboard is configured to monitor and analyze AI-specific traffic patterns, providing visibility into potential attacks targeting AI endpoints.;AI Application Security;AI Traffic Monitoring;;wafv2;Manual;MANUAL;Manual check;manual_check;manual;False;Manual check;AWS-AI-Security-Framework;AWS AI Security Framework;
aws;Security compliance framework based on the AWS AI Security Framework blog post (2025). Organizes controls across three security layers (Infrastructure, Identity & Data, AI Application), three deployment phases (Foundational, Enhanced, Advanced), and three AI use cases (AI that Answers, AI that Connects, AI that Acts). Maps existing Prowler checks to AI workload security requirements and identifies gaps requiring new checks.;;;2026-08-18 15:47:07.870888;AISF-AGENT-01;Ensure every AI agent has its own identity with scoped credentials and independent authorization per request, following zero-trust principles. Agent identities must be separate from human user identities.;AI Application Security;Agent Governance;;bedrock;Manual;MANUAL;Manual check;manual_check;manual;False;Manual check;AWS-AI-Security-Framework;AWS AI Security Framework;
aws;Security compliance framework based on the AWS AI Security Framework blog post (2025). Organizes controls across three security layers (Infrastructure, Identity & Data, AI Application), three deployment phases (Foundational, Enhanced, Advanced), and three AI use cases (AI that Answers, AI that Connects, AI that Acts). Maps existing Prowler checks to AI workload security requirements and identifies gaps requiring new checks.;;;2026-08-18 15:47:07.870888;AISF-AGENT-02;Ensure Bedrock AgentCore Cedar Policies enforce provable least-privilege authorization on every tool call and data access made by AI agents.;AI Application Security;Agent Governance;;bedrock;Manual;MANUAL;Manual check;manual_check;manual;False;Manual check;AWS-AI-Security-Framework;AWS AI Security Framework;
aws;Security compliance framework based on the AWS AI Security Framework blog post (2025). Organizes controls across three security layers (Infrastructure, Identity & Data, AI Application), three deployment phases (Foundational, Enhanced, Advanced), and three AI use cases (AI that Answers, AI that Connects, AI that Acts). Maps existing Prowler checks to AI workload security requirements and identifies gaps requiring new checks.;;;2026-08-18 15:47:07.870888;AISF-AGENT-03;Ensure AI agents have behavioral monitoring and observability configured to detect scope violations, anomalous actions, and drift from expected behavior patterns.;AI Application Security;Agent Governance;;bedrock;Manual;MANUAL;Manual check;manual_check;manual;False;Manual check;AWS-AI-Security-Framework;AWS AI Security Framework;
aws;Security compliance framework based on the AWS AI Security Framework blog post (2025). Organizes controls across three security layers (Infrastructure, Identity & Data, AI Application), three deployment phases (Foundational, Enhanced, Advanced), and three AI use cases (AI that Answers, AI that Connects, AI that Acts). Maps existing Prowler checks to AI workload security requirements and identifies gaps requiring new checks.;;;2026-08-18 15:47:07.870888;AISF-AGENT-04;Ensure a central agent registry exists to catalog all AI agents, their permissions, data access patterns, and operational boundaries for governance at scale.;AI Application Security;Agent Governance;;bedrock;Manual;MANUAL;Manual check;manual_check;manual;False;Manual check;AWS-AI-Security-Framework;AWS AI Security Framework;
aws;Security compliance framework based on the AWS AI Security Framework blog post (2025). Organizes controls across three security layers (Infrastructure, Identity & Data, AI Application), three deployment phases (Foundational, Enhanced, Advanced), and three AI use cases (AI that Answers, AI that Connects, AI that Acts). Maps existing Prowler checks to AI workload security requirements and identifies gaps requiring new checks.;;;2026-08-18 15:47:07.870888;AISF-AGENT-05;Ensure human-in-the-loop approval is required for high-consequence agent actions such as financial transactions, data deletion, or privilege changes.;AI Application Security;Agent Governance;;bedrock;Manual;MANUAL;Manual check;manual_check;manual;False;Manual check;AWS-AI-Security-Framework;AWS AI Security Framework;
aws;Security compliance framework based on the AWS AI Security Framework blog post (2025). Organizes controls across three security layers (Infrastructure, Identity & Data, AI Application), three deployment phases (Foundational, Enhanced, Advanced), and three AI use cases (AI that Answers, AI that Connects, AI that Acts). Maps existing Prowler checks to AI workload security requirements and identifies gaps requiring new checks.;;;2026-08-18 15:47:07.870888;AISF-ML-05;Ensure SageMaker Model Monitor is configured for continuous model quality and bias monitoring, and SageMaker Clarify is used for bias detection in AI/ML workloads.;AI Application Security;ML Platform Security;;sagemaker;Manual;MANUAL;Manual check;manual_check;manual;False;Manual check;AWS-AI-Security-Framework;AWS AI Security Framework;
aws;Security compliance framework based on the AWS AI Security Framework blog post (2025). Organizes controls across three security layers (Infrastructure, Identity & Data, AI Application), three deployment phases (Foundational, Enhanced, Advanced), and three AI use cases (AI that Answers, AI that Connects, AI that Acts). Maps existing Prowler checks to AI workload security requirements and identifies gaps requiring new checks.;;;2026-08-18 15:47:07.870888;AISF-DETECT-06;Ensure Amazon Detective is enabled for AI security incident investigation, providing full decision chain reconstruction from prompt to data access to action.;Threat Detection and Monitoring;Incident Investigation;;detective;Manual;MANUAL;Manual check;manual_check;manual;False;Manual check;AWS-AI-Security-Framework;AWS AI Security Framework;
aws;Security compliance framework based on the AWS AI Security Framework blog post (2025). Organizes controls across three security layers (Infrastructure, Identity & Data, AI Application), three deployment phases (Foundational, Enhanced, Advanced), and three AI use cases (AI that Answers, AI that Connects, AI that Acts). Maps existing Prowler checks to AI workload security requirements and identifies gaps requiring new checks.;;;2026-08-18 15:47:07.870888;AISF-DETECT-07;Ensure GuardDuty Extended Threat Detection is enabled for AI-specific patterns including anomalous Bedrock API usage, model access from unusual locations, and potential data exfiltration through AI channels.;Threat Detection and Monitoring;AI Threat Detection;;guardduty;Manual;MANUAL;Manual check;manual_check;manual;False;Manual check;AWS-AI-Security-Framework;AWS AI Security Framework;
aws;Security compliance framework based on the AWS AI Security Framework blog post (2025). Organizes controls across three security layers (Infrastructure, Identity & Data, AI Application), three deployment phases (Foundational, Enhanced, Advanced), and three AI use cases (AI that Answers, AI that Connects, AI that Acts). Maps existing Prowler checks to AI workload security requirements and identifies gaps requiring new checks.;;;2026-08-18 15:47:07.870888;AISF-GOV-04;Ensure AWS Control Tower is enabled with landing zone configured to automate account governance and enforce security baselines across all accounts hosting AI workloads.;Governance and Compliance;Automated Governance;;controltower;Manual;MANUAL;Manual check;manual_check;manual;False;Manual check;AWS-AI-Security-Framework;AWS AI Security Framework;
aws;Security compliance framework based on the AWS AI Security Framework blog post (2025). Organizes controls across three security layers (Infrastructure, Identity & Data, AI Application), three deployment phases (Foundational, Enhanced, Advanced), and three AI use cases (AI that Answers, AI that Connects, AI that Acts). Maps existing Prowler checks to AI workload security requirements and identifies gaps requiring new checks.;;;2026-08-18 15:47:07.870888;AISF-GOV-05;Maintain an inventory of all AI workloads including approved and shadow AI usage. Document model selections, their governance requirements, and security evaluations.;Governance and Compliance;AI Governance;;multiple;Manual;MANUAL;Manual check;manual_check;manual;False;Manual check;AWS-AI-Security-Framework;AWS AI Security Framework;
aws;Security compliance framework based on the AWS AI Security Framework blog post (2025). Organizes controls across three security layers (Infrastructure, Identity & Data, AI Application), three deployment phases (Foundational, Enhanced, Advanced), and three AI use cases (AI that Answers, AI that Connects, AI that Acts). Maps existing Prowler checks to AI workload security requirements and identifies gaps requiring new checks.;;;2026-08-18 15:47:07.870888;AISF-GOV-06;Ensure AI-specific threat models are developed before production deployment, covering prompt injection, jailbreaks, data exfiltration, model poisoning, and adversarial attacks.;Governance and Compliance;AI Governance;;multiple;Manual;MANUAL;Manual check;manual_check;manual;False;Manual check;AWS-AI-Security-Framework;AWS AI Security Framework;
aws;Security compliance framework based on the AWS AI Security Framework blog post (2025). Organizes controls across three security layers (Infrastructure, Identity & Data, AI Application), three deployment phases (Foundational, Enhanced, Advanced), and three AI use cases (AI that Answers, AI that Connects, AI that Acts). Maps existing Prowler checks to AI workload security requirements and identifies gaps requiring new checks.;;;2026-08-18 15:47:07.870888;AISF-GOV-07;Ensure incident response plans include AI-specific scenarios covering prompt injection, model manipulation, data exfiltration through AI, LLM jacking, and agent scope violations.;Governance and Compliance;Incident Response;;multiple;Manual;MANUAL;Manual check;manual_check;manual;False;Manual check;AWS-AI-Security-Framework;AWS AI Security Framework;
aws;Security compliance framework based on the AWS AI Security Framework blog post (2025). Organizes controls across three security layers (Infrastructure, Identity & Data, AI Application), three deployment phases (Foundational, Enhanced, Advanced), and three AI use cases (AI that Answers, AI that Connects, AI that Acts). Maps existing Prowler checks to AI workload security requirements and identifies gaps requiring new checks.;;;2026-08-18 15:47:07.870888;AISF-MODEL-01;Perform security evaluation of foundation models before deployment, including assessment of input sanitization, access controls, bias audits, privacy disclosure, data poisoning resilience, adversarial resilience, and prompt injection defenses.;AI Application Security;Model Governance;;bedrock;Manual;MANUAL;Manual check;manual_check;manual;False;Manual check;AWS-AI-Security-Framework;AWS AI Security Framework;
aws;Security compliance framework based on the AWS AI Security Framework blog post (2025). Organizes controls across three security layers (Infrastructure, Identity & Data, AI Application), three deployment phases (Foundational, Enhanced, Advanced), and three AI use cases (AI that Answers, AI that Connects, AI that Acts). Maps existing Prowler checks to AI workload security requirements and identifies gaps requiring new checks.;;;2026-08-18 15:47:07.870888;AISF-MODEL-02;Ensure model selection is appropriate for the use case with CISO involvement in evaluation. Customer-facing agents require different model security profiles than internal summarization tools.;AI Application Security;Model Governance;;bedrock;Manual;MANUAL;Manual check;manual_check;manual;False;Manual check;AWS-AI-Security-Framework;AWS AI Security Framework;
