PROVIDER;DESCRIPTION;ACCOUNTID;REGION;ASSESSMENTDATE;REQUIREMENTS_ID;REQUIREMENTS_DESCRIPTION;REQUIREMENTS_ATTRIBUTES_SECTION;REQUIREMENTS_ATTRIBUTES_SUBSECTION;REQUIREMENTS_ATTRIBUTES_SUBGROUP;REQUIREMENTS_ATTRIBUTES_SERVICE;REQUIREMENTS_ATTRIBUTES_TYPE;STATUS;STATUSEXTENDED;RESOURCEID;CHECKID;MUTED;RESOURCENAME;FRAMEWORK;NAME;REQUIREMENTS_ATTRIBUTES_COMMENT
aws;The Federal Risk and Authorization Management Program (FedRAMP) was established in 2011. It provides a cost-effective, risk-based approach for the adoption and use of cloud services by the U.S. federal government. FedRAMP empowers federal agencies to use modern cloud technologies, with an emphasis on the security and protection of federal information.;992275841864;us-west-2;2026-08-18 15:47:07.870888;ac-3;The information system enforces approved authorizations for logical access to information and system resources in accordance with applicable access control policies.;Access Control (AC);;;aws;;PASS;Lambda function auto-shutdown-untagged-instances has a resource-based policy without public access.;arn:aws:lambda:us-west-2:992275841864:function:auto-shutdown-untagged-instances;awslambda_function_not_publicly_accessible;False;auto-shutdown-untagged-instances;FedRAMP-Low-Revision-4;FedRAMP Low Revision 4;
aws;The Federal Risk and Authorization Management Program (FedRAMP) was established in 2011. It provides a cost-effective, risk-based approach for the adoption and use of cloud services by the U.S. federal government. FedRAMP empowers federal agencies to use modern cloud technologies, with an emphasis on the security and protection of federal information.;992275841864;us-west-2;2026-08-18 15:47:07.870888;ac-17;Authorize remote access systems prior to connection. Enforce remote connection requirements to information systems.;Access Control (AC);;;aws;;PASS;Lambda function auto-shutdown-untagged-instances has a resource-based policy without public access.;arn:aws:lambda:us-west-2:992275841864:function:auto-shutdown-untagged-instances;awslambda_function_not_publicly_accessible;False;auto-shutdown-untagged-instances;FedRAMP-Low-Revision-4;FedRAMP Low Revision 4;
aws;The Federal Risk and Authorization Management Program (FedRAMP) was established in 2011. It provides a cost-effective, risk-based approach for the adoption and use of cloud services by the U.S. federal government. FedRAMP empowers federal agencies to use modern cloud technologies, with an emphasis on the security and protection of federal information.;992275841864;us-west-2;2026-08-18 15:47:07.870888;cm-2;The organization develops, documents, and maintains under configuration control, a current baseline configuration of the information system.;Configuration Management (CM);;;aws;;PASS;Lambda function auto-shutdown-untagged-instances has a resource-based policy without public access.;arn:aws:lambda:us-west-2:992275841864:function:auto-shutdown-untagged-instances;awslambda_function_not_publicly_accessible;False;auto-shutdown-untagged-instances;FedRAMP-Low-Revision-4;FedRAMP Low Revision 4;
aws;The Federal Risk and Authorization Management Program (FedRAMP) was established in 2011. It provides a cost-effective, risk-based approach for the adoption and use of cloud services by the U.S. federal government. FedRAMP empowers federal agencies to use modern cloud technologies, with an emphasis on the security and protection of federal information.;992275841864;us-west-2;2026-08-18 15:47:07.870888;sc-7;"The information system: a. Monitors and controls communications at the external boundary of the system and at key internal boundaries within the system; b. Implements subnetworks for publicly accessible system components that are [Selection: physically; logically] separated from internal organizational networks; and c. Connects to external networks or information systems only through managed interfaces consisting of boundary protection devices arranged in accordance with an organizational security architecture.";System and Communications Protection (SC);;;aws;;PASS;Lambda function auto-shutdown-untagged-instances has a resource-based policy without public access.;arn:aws:lambda:us-west-2:992275841864:function:auto-shutdown-untagged-instances;awslambda_function_not_publicly_accessible;False;auto-shutdown-untagged-instances;FedRAMP-Low-Revision-4;FedRAMP Low Revision 4;
aws;The Federal Risk and Authorization Management Program (FedRAMP) was established in 2011. It provides a cost-effective, risk-based approach for the adoption and use of cloud services by the U.S. federal government. FedRAMP empowers federal agencies to use modern cloud technologies, with an emphasis on the security and protection of federal information.;992275841864;ap-northeast-1;2026-08-18 15:47:07.870888;ac-2;Manage system accounts, group memberships, privileges, workflow, notifications, deactivations, and authorizations.;Access Control (AC);;;aws;;FAIL;No CloudTrail trails enabled with logging were found.;arn:aws:cloudtrail:ap-northeast-1:992275841864:trail;cloudtrail_multi_region_enabled;False;992275841864;FedRAMP-Low-Revision-4;FedRAMP Low Revision 4;
aws;The Federal Risk and Authorization Management Program (FedRAMP) was established in 2011. It provides a cost-effective, risk-based approach for the adoption and use of cloud services by the U.S. federal government. FedRAMP empowers federal agencies to use modern cloud technologies, with an emphasis on the security and protection of federal information.;992275841864;ap-northeast-1;2026-08-18 15:47:07.870888;au-2;"The organization: a. Determines that the information system is capable of auditing the following events: [Assignment: organization-defined auditable events]; b. Coordinates the security audit function with other organizational entities requiring audit- related information to enhance mutual support and to help guide the selection of auditable events; c. Provides a rationale for why the auditable events are deemed to be adequate support after- the-fact investigations of security incidents";Audit and Accountability (AU);;;aws;;FAIL;No CloudTrail trails enabled with logging were found.;arn:aws:cloudtrail:ap-northeast-1:992275841864:trail;cloudtrail_multi_region_enabled;False;992275841864;FedRAMP-Low-Revision-4;FedRAMP Low Revision 4;
aws;The Federal Risk and Authorization Management Program (FedRAMP) was established in 2011. It provides a cost-effective, risk-based approach for the adoption and use of cloud services by the U.S. federal government. FedRAMP empowers federal agencies to use modern cloud technologies, with an emphasis on the security and protection of federal information.;992275841864;ap-northeast-1;2026-08-18 15:47:07.870888;ca-7;Continuously monitor configuration management processes. Determine security impact, environment and operational risks.;Security Assessment And Authorization (CA);;;aws;;FAIL;No CloudTrail trails enabled with logging were found.;arn:aws:cloudtrail:ap-northeast-1:992275841864:trail;cloudtrail_multi_region_enabled;False;992275841864;FedRAMP-Low-Revision-4;FedRAMP Low Revision 4;
aws;The Federal Risk and Authorization Management Program (FedRAMP) was established in 2011. It provides a cost-effective, risk-based approach for the adoption and use of cloud services by the U.S. federal government. FedRAMP empowers federal agencies to use modern cloud technologies, with an emphasis on the security and protection of federal information.;992275841864;ap-northeast-2;2026-08-18 15:47:07.870888;ac-2;Manage system accounts, group memberships, privileges, workflow, notifications, deactivations, and authorizations.;Access Control (AC);;;aws;;FAIL;No CloudTrail trails enabled with logging were found.;arn:aws:cloudtrail:ap-northeast-2:992275841864:trail;cloudtrail_multi_region_enabled;False;992275841864;FedRAMP-Low-Revision-4;FedRAMP Low Revision 4;
aws;The Federal Risk and Authorization Management Program (FedRAMP) was established in 2011. It provides a cost-effective, risk-based approach for the adoption and use of cloud services by the U.S. federal government. FedRAMP empowers federal agencies to use modern cloud technologies, with an emphasis on the security and protection of federal information.;992275841864;ap-northeast-2;2026-08-18 15:47:07.870888;au-2;"The organization: a. Determines that the information system is capable of auditing the following events: [Assignment: organization-defined auditable events]; b. Coordinates the security audit function with other organizational entities requiring audit- related information to enhance mutual support and to help guide the selection of auditable events; c. Provides a rationale for why the auditable events are deemed to be adequate support after- the-fact investigations of security incidents";Audit and Accountability (AU);;;aws;;FAIL;No CloudTrail trails enabled with logging were found.;arn:aws:cloudtrail:ap-northeast-2:992275841864:trail;cloudtrail_multi_region_enabled;False;992275841864;FedRAMP-Low-Revision-4;FedRAMP Low Revision 4;
aws;The Federal Risk and Authorization Management Program (FedRAMP) was established in 2011. It provides a cost-effective, risk-based approach for the adoption and use of cloud services by the U.S. federal government. FedRAMP empowers federal agencies to use modern cloud technologies, with an emphasis on the security and protection of federal information.;992275841864;ap-northeast-2;2026-08-18 15:47:07.870888;ca-7;Continuously monitor configuration management processes. Determine security impact, environment and operational risks.;Security Assessment And Authorization (CA);;;aws;;FAIL;No CloudTrail trails enabled with logging were found.;arn:aws:cloudtrail:ap-northeast-2:992275841864:trail;cloudtrail_multi_region_enabled;False;992275841864;FedRAMP-Low-Revision-4;FedRAMP Low Revision 4;
aws;The Federal Risk and Authorization Management Program (FedRAMP) was established in 2011. It provides a cost-effective, risk-based approach for the adoption and use of cloud services by the U.S. federal government. FedRAMP empowers federal agencies to use modern cloud technologies, with an emphasis on the security and protection of federal information.;992275841864;ap-northeast-3;2026-08-18 15:47:07.870888;ac-2;Manage system accounts, group memberships, privileges, workflow, notifications, deactivations, and authorizations.;Access Control (AC);;;aws;;FAIL;No CloudTrail trails enabled with logging were found.;arn:aws:cloudtrail:ap-northeast-3:992275841864:trail;cloudtrail_multi_region_enabled;False;992275841864;FedRAMP-Low-Revision-4;FedRAMP Low Revision 4;
aws;The Federal Risk and Authorization Management Program (FedRAMP) was established in 2011. It provides a cost-effective, risk-based approach for the adoption and use of cloud services by the U.S. federal government. FedRAMP empowers federal agencies to use modern cloud technologies, with an emphasis on the security and protection of federal information.;992275841864;ap-northeast-3;2026-08-18 15:47:07.870888;au-2;"The organization: a. Determines that the information system is capable of auditing the following events: [Assignment: organization-defined auditable events]; b. Coordinates the security audit function with other organizational entities requiring audit- related information to enhance mutual support and to help guide the selection of auditable events; c. Provides a rationale for why the auditable events are deemed to be adequate support after- the-fact investigations of security incidents";Audit and Accountability (AU);;;aws;;FAIL;No CloudTrail trails enabled with logging were found.;arn:aws:cloudtrail:ap-northeast-3:992275841864:trail;cloudtrail_multi_region_enabled;False;992275841864;FedRAMP-Low-Revision-4;FedRAMP Low Revision 4;
aws;The Federal Risk and Authorization Management Program (FedRAMP) was established in 2011. It provides a cost-effective, risk-based approach for the adoption and use of cloud services by the U.S. federal government. FedRAMP empowers federal agencies to use modern cloud technologies, with an emphasis on the security and protection of federal information.;992275841864;ap-northeast-3;2026-08-18 15:47:07.870888;ca-7;Continuously monitor configuration management processes. Determine security impact, environment and operational risks.;Security Assessment And Authorization (CA);;;aws;;FAIL;No CloudTrail trails enabled with logging were found.;arn:aws:cloudtrail:ap-northeast-3:992275841864:trail;cloudtrail_multi_region_enabled;False;992275841864;FedRAMP-Low-Revision-4;FedRAMP Low Revision 4;
aws;The Federal Risk and Authorization Management Program (FedRAMP) was established in 2011. It provides a cost-effective, risk-based approach for the adoption and use of cloud services by the U.S. federal government. FedRAMP empowers federal agencies to use modern cloud technologies, with an emphasis on the security and protection of federal information.;992275841864;ap-south-1;2026-08-18 15:47:07.870888;ac-2;Manage system accounts, group memberships, privileges, workflow, notifications, deactivations, and authorizations.;Access Control (AC);;;aws;;FAIL;No CloudTrail trails enabled with logging were found.;arn:aws:cloudtrail:ap-south-1:992275841864:trail;cloudtrail_multi_region_enabled;False;992275841864;FedRAMP-Low-Revision-4;FedRAMP Low Revision 4;
aws;The Federal Risk and Authorization Management Program (FedRAMP) was established in 2011. It provides a cost-effective, risk-based approach for the adoption and use of cloud services by the U.S. federal government. FedRAMP empowers federal agencies to use modern cloud technologies, with an emphasis on the security and protection of federal information.;992275841864;ap-south-1;2026-08-18 15:47:07.870888;au-2;"The organization: a. Determines that the information system is capable of auditing the following events: [Assignment: organization-defined auditable events]; b. Coordinates the security audit function with other organizational entities requiring audit- related information to enhance mutual support and to help guide the selection of auditable events; c. Provides a rationale for why the auditable events are deemed to be adequate support after- the-fact investigations of security incidents";Audit and Accountability (AU);;;aws;;FAIL;No CloudTrail trails enabled with logging were found.;arn:aws:cloudtrail:ap-south-1:992275841864:trail;cloudtrail_multi_region_enabled;False;992275841864;FedRAMP-Low-Revision-4;FedRAMP Low Revision 4;
aws;The Federal Risk and Authorization Management Program (FedRAMP) was established in 2011. It provides a cost-effective, risk-based approach for the adoption and use of cloud services by the U.S. federal government. FedRAMP empowers federal agencies to use modern cloud technologies, with an emphasis on the security and protection of federal information.;992275841864;ap-south-1;2026-08-18 15:47:07.870888;ca-7;Continuously monitor configuration management processes. Determine security impact, environment and operational risks.;Security Assessment And Authorization (CA);;;aws;;FAIL;No CloudTrail trails enabled with logging were found.;arn:aws:cloudtrail:ap-south-1:992275841864:trail;cloudtrail_multi_region_enabled;False;992275841864;FedRAMP-Low-Revision-4;FedRAMP Low Revision 4;
aws;The Federal Risk and Authorization Management Program (FedRAMP) was established in 2011. It provides a cost-effective, risk-based approach for the adoption and use of cloud services by the U.S. federal government. FedRAMP empowers federal agencies to use modern cloud technologies, with an emphasis on the security and protection of federal information.;992275841864;ap-southeast-1;2026-08-18 15:47:07.870888;ac-2;Manage system accounts, group memberships, privileges, workflow, notifications, deactivations, and authorizations.;Access Control (AC);;;aws;;FAIL;No CloudTrail trails enabled with logging were found.;arn:aws:cloudtrail:ap-southeast-1:992275841864:trail;cloudtrail_multi_region_enabled;False;992275841864;FedRAMP-Low-Revision-4;FedRAMP Low Revision 4;
aws;The Federal Risk and Authorization Management Program (FedRAMP) was established in 2011. It provides a cost-effective, risk-based approach for the adoption and use of cloud services by the U.S. federal government. FedRAMP empowers federal agencies to use modern cloud technologies, with an emphasis on the security and protection of federal information.;992275841864;ap-southeast-1;2026-08-18 15:47:07.870888;au-2;"The organization: a. Determines that the information system is capable of auditing the following events: [Assignment: organization-defined auditable events]; b. Coordinates the security audit function with other organizational entities requiring audit- related information to enhance mutual support and to help guide the selection of auditable events; c. Provides a rationale for why the auditable events are deemed to be adequate support after- the-fact investigations of security incidents";Audit and Accountability (AU);;;aws;;FAIL;No CloudTrail trails enabled with logging were found.;arn:aws:cloudtrail:ap-southeast-1:992275841864:trail;cloudtrail_multi_region_enabled;False;992275841864;FedRAMP-Low-Revision-4;FedRAMP Low Revision 4;
aws;The Federal Risk and Authorization Management Program (FedRAMP) was established in 2011. It provides a cost-effective, risk-based approach for the adoption and use of cloud services by the U.S. federal government. FedRAMP empowers federal agencies to use modern cloud technologies, with an emphasis on the security and protection of federal information.;992275841864;ap-southeast-1;2026-08-18 15:47:07.870888;ca-7;Continuously monitor configuration management processes. Determine security impact, environment and operational risks.;Security Assessment And Authorization (CA);;;aws;;FAIL;No CloudTrail trails enabled with logging were found.;arn:aws:cloudtrail:ap-southeast-1:992275841864:trail;cloudtrail_multi_region_enabled;False;992275841864;FedRAMP-Low-Revision-4;FedRAMP Low Revision 4;
aws;The Federal Risk and Authorization Management Program (FedRAMP) was established in 2011. It provides a cost-effective, risk-based approach for the adoption and use of cloud services by the U.S. federal government. FedRAMP empowers federal agencies to use modern cloud technologies, with an emphasis on the security and protection of federal information.;992275841864;ap-southeast-2;2026-08-18 15:47:07.870888;ac-2;Manage system accounts, group memberships, privileges, workflow, notifications, deactivations, and authorizations.;Access Control (AC);;;aws;;FAIL;No CloudTrail trails enabled with logging were found.;arn:aws:cloudtrail:ap-southeast-2:992275841864:trail;cloudtrail_multi_region_enabled;False;992275841864;FedRAMP-Low-Revision-4;FedRAMP Low Revision 4;
aws;The Federal Risk and Authorization Management Program (FedRAMP) was established in 2011. It provides a cost-effective, risk-based approach for the adoption and use of cloud services by the U.S. federal government. FedRAMP empowers federal agencies to use modern cloud technologies, with an emphasis on the security and protection of federal information.;992275841864;ap-southeast-2;2026-08-18 15:47:07.870888;au-2;"The organization: a. Determines that the information system is capable of auditing the following events: [Assignment: organization-defined auditable events]; b. Coordinates the security audit function with other organizational entities requiring audit- related information to enhance mutual support and to help guide the selection of auditable events; c. Provides a rationale for why the auditable events are deemed to be adequate support after- the-fact investigations of security incidents";Audit and Accountability (AU);;;aws;;FAIL;No CloudTrail trails enabled with logging were found.;arn:aws:cloudtrail:ap-southeast-2:992275841864:trail;cloudtrail_multi_region_enabled;False;992275841864;FedRAMP-Low-Revision-4;FedRAMP Low Revision 4;
aws;The Federal Risk and Authorization Management Program (FedRAMP) was established in 2011. It provides a cost-effective, risk-based approach for the adoption and use of cloud services by the U.S. federal government. FedRAMP empowers federal agencies to use modern cloud technologies, with an emphasis on the security and protection of federal information.;992275841864;ap-southeast-2;2026-08-18 15:47:07.870888;ca-7;Continuously monitor configuration management processes. Determine security impact, environment and operational risks.;Security Assessment And Authorization (CA);;;aws;;FAIL;No CloudTrail trails enabled with logging were found.;arn:aws:cloudtrail:ap-southeast-2:992275841864:trail;cloudtrail_multi_region_enabled;False;992275841864;FedRAMP-Low-Revision-4;FedRAMP Low Revision 4;
aws;The Federal Risk and Authorization Management Program (FedRAMP) was established in 2011. It provides a cost-effective, risk-based approach for the adoption and use of cloud services by the U.S. federal government. FedRAMP empowers federal agencies to use modern cloud technologies, with an emphasis on the security and protection of federal information.;992275841864;ca-central-1;2026-08-18 15:47:07.870888;ac-2;Manage system accounts, group memberships, privileges, workflow, notifications, deactivations, and authorizations.;Access Control (AC);;;aws;;FAIL;No CloudTrail trails enabled with logging were found.;arn:aws:cloudtrail:ca-central-1:992275841864:trail;cloudtrail_multi_region_enabled;False;992275841864;FedRAMP-Low-Revision-4;FedRAMP Low Revision 4;
aws;The Federal Risk and Authorization Management Program (FedRAMP) was established in 2011. It provides a cost-effective, risk-based approach for the adoption and use of cloud services by the U.S. federal government. FedRAMP empowers federal agencies to use modern cloud technologies, with an emphasis on the security and protection of federal information.;992275841864;ca-central-1;2026-08-18 15:47:07.870888;au-2;"The organization: a. Determines that the information system is capable of auditing the following events: [Assignment: organization-defined auditable events]; b. Coordinates the security audit function with other organizational entities requiring audit- related information to enhance mutual support and to help guide the selection of auditable events; c. Provides a rationale for why the auditable events are deemed to be adequate support after- the-fact investigations of security incidents";Audit and Accountability (AU);;;aws;;FAIL;No CloudTrail trails enabled with logging were found.;arn:aws:cloudtrail:ca-central-1:992275841864:trail;cloudtrail_multi_region_enabled;False;992275841864;FedRAMP-Low-Revision-4;FedRAMP Low Revision 4;
aws;The Federal Risk and Authorization Management Program (FedRAMP) was established in 2011. It provides a cost-effective, risk-based approach for the adoption and use of cloud services by the U.S. federal government. FedRAMP empowers federal agencies to use modern cloud technologies, with an emphasis on the security and protection of federal information.;992275841864;ca-central-1;2026-08-18 15:47:07.870888;ca-7;Continuously monitor configuration management processes. Determine security impact, environment and operational risks.;Security Assessment And Authorization (CA);;;aws;;FAIL;No CloudTrail trails enabled with logging were found.;arn:aws:cloudtrail:ca-central-1:992275841864:trail;cloudtrail_multi_region_enabled;False;992275841864;FedRAMP-Low-Revision-4;FedRAMP Low Revision 4;
aws;The Federal Risk and Authorization Management Program (FedRAMP) was established in 2011. It provides a cost-effective, risk-based approach for the adoption and use of cloud services by the U.S. federal government. FedRAMP empowers federal agencies to use modern cloud technologies, with an emphasis on the security and protection of federal information.;992275841864;eu-central-1;2026-08-18 15:47:07.870888;ac-2;Manage system accounts, group memberships, privileges, workflow, notifications, deactivations, and authorizations.;Access Control (AC);;;aws;;FAIL;No CloudTrail trails enabled with logging were found.;arn:aws:cloudtrail:eu-central-1:992275841864:trail;cloudtrail_multi_region_enabled;False;992275841864;FedRAMP-Low-Revision-4;FedRAMP Low Revision 4;
aws;The Federal Risk and Authorization Management Program (FedRAMP) was established in 2011. It provides a cost-effective, risk-based approach for the adoption and use of cloud services by the U.S. federal government. FedRAMP empowers federal agencies to use modern cloud technologies, with an emphasis on the security and protection of federal information.;992275841864;eu-central-1;2026-08-18 15:47:07.870888;au-2;"The organization: a. Determines that the information system is capable of auditing the following events: [Assignment: organization-defined auditable events]; b. Coordinates the security audit function with other organizational entities requiring audit- related information to enhance mutual support and to help guide the selection of auditable events; c. Provides a rationale for why the auditable events are deemed to be adequate support after- the-fact investigations of security incidents";Audit and Accountability (AU);;;aws;;FAIL;No CloudTrail trails enabled with logging were found.;arn:aws:cloudtrail:eu-central-1:992275841864:trail;cloudtrail_multi_region_enabled;False;992275841864;FedRAMP-Low-Revision-4;FedRAMP Low Revision 4;
aws;The Federal Risk and Authorization Management Program (FedRAMP) was established in 2011. It provides a cost-effective, risk-based approach for the adoption and use of cloud services by the U.S. federal government. FedRAMP empowers federal agencies to use modern cloud technologies, with an emphasis on the security and protection of federal information.;992275841864;eu-central-1;2026-08-18 15:47:07.870888;ca-7;Continuously monitor configuration management processes. Determine security impact, environment and operational risks.;Security Assessment And Authorization (CA);;;aws;;FAIL;No CloudTrail trails enabled with logging were found.;arn:aws:cloudtrail:eu-central-1:992275841864:trail;cloudtrail_multi_region_enabled;False;992275841864;FedRAMP-Low-Revision-4;FedRAMP Low Revision 4;
aws;The Federal Risk and Authorization Management Program (FedRAMP) was established in 2011. It provides a cost-effective, risk-based approach for the adoption and use of cloud services by the U.S. federal government. FedRAMP empowers federal agencies to use modern cloud technologies, with an emphasis on the security and protection of federal information.;992275841864;eu-north-1;2026-08-18 15:47:07.870888;ac-2;Manage system accounts, group memberships, privileges, workflow, notifications, deactivations, and authorizations.;Access Control (AC);;;aws;;FAIL;No CloudTrail trails enabled with logging were found.;arn:aws:cloudtrail:eu-north-1:992275841864:trail;cloudtrail_multi_region_enabled;False;992275841864;FedRAMP-Low-Revision-4;FedRAMP Low Revision 4;
aws;The Federal Risk and Authorization Management Program (FedRAMP) was established in 2011. It provides a cost-effective, risk-based approach for the adoption and use of cloud services by the U.S. federal government. FedRAMP empowers federal agencies to use modern cloud technologies, with an emphasis on the security and protection of federal information.;992275841864;eu-north-1;2026-08-18 15:47:07.870888;au-2;"The organization: a. Determines that the information system is capable of auditing the following events: [Assignment: organization-defined auditable events]; b. Coordinates the security audit function with other organizational entities requiring audit- related information to enhance mutual support and to help guide the selection of auditable events; c. Provides a rationale for why the auditable events are deemed to be adequate support after- the-fact investigations of security incidents";Audit and Accountability (AU);;;aws;;FAIL;No CloudTrail trails enabled with logging were found.;arn:aws:cloudtrail:eu-north-1:992275841864:trail;cloudtrail_multi_region_enabled;False;992275841864;FedRAMP-Low-Revision-4;FedRAMP Low Revision 4;
aws;The Federal Risk and Authorization Management Program (FedRAMP) was established in 2011. It provides a cost-effective, risk-based approach for the adoption and use of cloud services by the U.S. federal government. FedRAMP empowers federal agencies to use modern cloud technologies, with an emphasis on the security and protection of federal information.;992275841864;eu-north-1;2026-08-18 15:47:07.870888;ca-7;Continuously monitor configuration management processes. Determine security impact, environment and operational risks.;Security Assessment And Authorization (CA);;;aws;;FAIL;No CloudTrail trails enabled with logging were found.;arn:aws:cloudtrail:eu-north-1:992275841864:trail;cloudtrail_multi_region_enabled;False;992275841864;FedRAMP-Low-Revision-4;FedRAMP Low Revision 4;
aws;The Federal Risk and Authorization Management Program (FedRAMP) was established in 2011. It provides a cost-effective, risk-based approach for the adoption and use of cloud services by the U.S. federal government. FedRAMP empowers federal agencies to use modern cloud technologies, with an emphasis on the security and protection of federal information.;992275841864;eu-west-1;2026-08-18 15:47:07.870888;ac-2;Manage system accounts, group memberships, privileges, workflow, notifications, deactivations, and authorizations.;Access Control (AC);;;aws;;FAIL;No CloudTrail trails enabled with logging were found.;arn:aws:cloudtrail:eu-west-1:992275841864:trail;cloudtrail_multi_region_enabled;False;992275841864;FedRAMP-Low-Revision-4;FedRAMP Low Revision 4;
aws;The Federal Risk and Authorization Management Program (FedRAMP) was established in 2011. It provides a cost-effective, risk-based approach for the adoption and use of cloud services by the U.S. federal government. FedRAMP empowers federal agencies to use modern cloud technologies, with an emphasis on the security and protection of federal information.;992275841864;eu-west-1;2026-08-18 15:47:07.870888;au-2;"The organization: a. Determines that the information system is capable of auditing the following events: [Assignment: organization-defined auditable events]; b. Coordinates the security audit function with other organizational entities requiring audit- related information to enhance mutual support and to help guide the selection of auditable events; c. Provides a rationale for why the auditable events are deemed to be adequate support after- the-fact investigations of security incidents";Audit and Accountability (AU);;;aws;;FAIL;No CloudTrail trails enabled with logging were found.;arn:aws:cloudtrail:eu-west-1:992275841864:trail;cloudtrail_multi_region_enabled;False;992275841864;FedRAMP-Low-Revision-4;FedRAMP Low Revision 4;
aws;The Federal Risk and Authorization Management Program (FedRAMP) was established in 2011. It provides a cost-effective, risk-based approach for the adoption and use of cloud services by the U.S. federal government. FedRAMP empowers federal agencies to use modern cloud technologies, with an emphasis on the security and protection of federal information.;992275841864;eu-west-1;2026-08-18 15:47:07.870888;ca-7;Continuously monitor configuration management processes. Determine security impact, environment and operational risks.;Security Assessment And Authorization (CA);;;aws;;FAIL;No CloudTrail trails enabled with logging were found.;arn:aws:cloudtrail:eu-west-1:992275841864:trail;cloudtrail_multi_region_enabled;False;992275841864;FedRAMP-Low-Revision-4;FedRAMP Low Revision 4;
aws;The Federal Risk and Authorization Management Program (FedRAMP) was established in 2011. It provides a cost-effective, risk-based approach for the adoption and use of cloud services by the U.S. federal government. FedRAMP empowers federal agencies to use modern cloud technologies, with an emphasis on the security and protection of federal information.;992275841864;eu-west-2;2026-08-18 15:47:07.870888;ac-2;Manage system accounts, group memberships, privileges, workflow, notifications, deactivations, and authorizations.;Access Control (AC);;;aws;;FAIL;No CloudTrail trails enabled with logging were found.;arn:aws:cloudtrail:eu-west-2:992275841864:trail;cloudtrail_multi_region_enabled;False;992275841864;FedRAMP-Low-Revision-4;FedRAMP Low Revision 4;
aws;The Federal Risk and Authorization Management Program (FedRAMP) was established in 2011. It provides a cost-effective, risk-based approach for the adoption and use of cloud services by the U.S. federal government. FedRAMP empowers federal agencies to use modern cloud technologies, with an emphasis on the security and protection of federal information.;992275841864;eu-west-2;2026-08-18 15:47:07.870888;au-2;"The organization: a. Determines that the information system is capable of auditing the following events: [Assignment: organization-defined auditable events]; b. Coordinates the security audit function with other organizational entities requiring audit- related information to enhance mutual support and to help guide the selection of auditable events; c. Provides a rationale for why the auditable events are deemed to be adequate support after- the-fact investigations of security incidents";Audit and Accountability (AU);;;aws;;FAIL;No CloudTrail trails enabled with logging were found.;arn:aws:cloudtrail:eu-west-2:992275841864:trail;cloudtrail_multi_region_enabled;False;992275841864;FedRAMP-Low-Revision-4;FedRAMP Low Revision 4;
aws;The Federal Risk and Authorization Management Program (FedRAMP) was established in 2011. It provides a cost-effective, risk-based approach for the adoption and use of cloud services by the U.S. federal government. FedRAMP empowers federal agencies to use modern cloud technologies, with an emphasis on the security and protection of federal information.;992275841864;eu-west-2;2026-08-18 15:47:07.870888;ca-7;Continuously monitor configuration management processes. Determine security impact, environment and operational risks.;Security Assessment And Authorization (CA);;;aws;;FAIL;No CloudTrail trails enabled with logging were found.;arn:aws:cloudtrail:eu-west-2:992275841864:trail;cloudtrail_multi_region_enabled;False;992275841864;FedRAMP-Low-Revision-4;FedRAMP Low Revision 4;
aws;The Federal Risk and Authorization Management Program (FedRAMP) was established in 2011. It provides a cost-effective, risk-based approach for the adoption and use of cloud services by the U.S. federal government. FedRAMP empowers federal agencies to use modern cloud technologies, with an emphasis on the security and protection of federal information.;992275841864;eu-west-3;2026-08-18 15:47:07.870888;ac-2;Manage system accounts, group memberships, privileges, workflow, notifications, deactivations, and authorizations.;Access Control (AC);;;aws;;FAIL;No CloudTrail trails enabled with logging were found.;arn:aws:cloudtrail:eu-west-3:992275841864:trail;cloudtrail_multi_region_enabled;False;992275841864;FedRAMP-Low-Revision-4;FedRAMP Low Revision 4;
aws;The Federal Risk and Authorization Management Program (FedRAMP) was established in 2011. It provides a cost-effective, risk-based approach for the adoption and use of cloud services by the U.S. federal government. FedRAMP empowers federal agencies to use modern cloud technologies, with an emphasis on the security and protection of federal information.;992275841864;eu-west-3;2026-08-18 15:47:07.870888;au-2;"The organization: a. Determines that the information system is capable of auditing the following events: [Assignment: organization-defined auditable events]; b. Coordinates the security audit function with other organizational entities requiring audit- related information to enhance mutual support and to help guide the selection of auditable events; c. Provides a rationale for why the auditable events are deemed to be adequate support after- the-fact investigations of security incidents";Audit and Accountability (AU);;;aws;;FAIL;No CloudTrail trails enabled with logging were found.;arn:aws:cloudtrail:eu-west-3:992275841864:trail;cloudtrail_multi_region_enabled;False;992275841864;FedRAMP-Low-Revision-4;FedRAMP Low Revision 4;
aws;The Federal Risk and Authorization Management Program (FedRAMP) was established in 2011. It provides a cost-effective, risk-based approach for the adoption and use of cloud services by the U.S. federal government. FedRAMP empowers federal agencies to use modern cloud technologies, with an emphasis on the security and protection of federal information.;992275841864;eu-west-3;2026-08-18 15:47:07.870888;ca-7;Continuously monitor configuration management processes. Determine security impact, environment and operational risks.;Security Assessment And Authorization (CA);;;aws;;FAIL;No CloudTrail trails enabled with logging were found.;arn:aws:cloudtrail:eu-west-3:992275841864:trail;cloudtrail_multi_region_enabled;False;992275841864;FedRAMP-Low-Revision-4;FedRAMP Low Revision 4;
aws;The Federal Risk and Authorization Management Program (FedRAMP) was established in 2011. It provides a cost-effective, risk-based approach for the adoption and use of cloud services by the U.S. federal government. FedRAMP empowers federal agencies to use modern cloud technologies, with an emphasis on the security and protection of federal information.;992275841864;sa-east-1;2026-08-18 15:47:07.870888;ac-2;Manage system accounts, group memberships, privileges, workflow, notifications, deactivations, and authorizations.;Access Control (AC);;;aws;;FAIL;No CloudTrail trails enabled with logging were found.;arn:aws:cloudtrail:sa-east-1:992275841864:trail;cloudtrail_multi_region_enabled;False;992275841864;FedRAMP-Low-Revision-4;FedRAMP Low Revision 4;
aws;The Federal Risk and Authorization Management Program (FedRAMP) was established in 2011. It provides a cost-effective, risk-based approach for the adoption and use of cloud services by the U.S. federal government. FedRAMP empowers federal agencies to use modern cloud technologies, with an emphasis on the security and protection of federal information.;992275841864;sa-east-1;2026-08-18 15:47:07.870888;au-2;"The organization: a. Determines that the information system is capable of auditing the following events: [Assignment: organization-defined auditable events]; b. Coordinates the security audit function with other organizational entities requiring audit- related information to enhance mutual support and to help guide the selection of auditable events; c. Provides a rationale for why the auditable events are deemed to be adequate support after- the-fact investigations of security incidents";Audit and Accountability (AU);;;aws;;FAIL;No CloudTrail trails enabled with logging were found.;arn:aws:cloudtrail:sa-east-1:992275841864:trail;cloudtrail_multi_region_enabled;False;992275841864;FedRAMP-Low-Revision-4;FedRAMP Low Revision 4;
aws;The Federal Risk and Authorization Management Program (FedRAMP) was established in 2011. It provides a cost-effective, risk-based approach for the adoption and use of cloud services by the U.S. federal government. FedRAMP empowers federal agencies to use modern cloud technologies, with an emphasis on the security and protection of federal information.;992275841864;sa-east-1;2026-08-18 15:47:07.870888;ca-7;Continuously monitor configuration management processes. Determine security impact, environment and operational risks.;Security Assessment And Authorization (CA);;;aws;;FAIL;No CloudTrail trails enabled with logging were found.;arn:aws:cloudtrail:sa-east-1:992275841864:trail;cloudtrail_multi_region_enabled;False;992275841864;FedRAMP-Low-Revision-4;FedRAMP Low Revision 4;
aws;The Federal Risk and Authorization Management Program (FedRAMP) was established in 2011. It provides a cost-effective, risk-based approach for the adoption and use of cloud services by the U.S. federal government. FedRAMP empowers federal agencies to use modern cloud technologies, with an emphasis on the security and protection of federal information.;992275841864;us-east-1;2026-08-18 15:47:07.870888;ac-2;Manage system accounts, group memberships, privileges, workflow, notifications, deactivations, and authorizations.;Access Control (AC);;;aws;;FAIL;No CloudTrail trails enabled with logging were found.;arn:aws:cloudtrail:us-east-1:992275841864:trail;cloudtrail_multi_region_enabled;False;992275841864;FedRAMP-Low-Revision-4;FedRAMP Low Revision 4;
aws;The Federal Risk and Authorization Management Program (FedRAMP) was established in 2011. It provides a cost-effective, risk-based approach for the adoption and use of cloud services by the U.S. federal government. FedRAMP empowers federal agencies to use modern cloud technologies, with an emphasis on the security and protection of federal information.;992275841864;us-east-1;2026-08-18 15:47:07.870888;au-2;"The organization: a. Determines that the information system is capable of auditing the following events: [Assignment: organization-defined auditable events]; b. Coordinates the security audit function with other organizational entities requiring audit- related information to enhance mutual support and to help guide the selection of auditable events; c. Provides a rationale for why the auditable events are deemed to be adequate support after- the-fact investigations of security incidents";Audit and Accountability (AU);;;aws;;FAIL;No CloudTrail trails enabled with logging were found.;arn:aws:cloudtrail:us-east-1:992275841864:trail;cloudtrail_multi_region_enabled;False;992275841864;FedRAMP-Low-Revision-4;FedRAMP Low Revision 4;
aws;The Federal Risk and Authorization Management Program (FedRAMP) was established in 2011. It provides a cost-effective, risk-based approach for the adoption and use of cloud services by the U.S. federal government. FedRAMP empowers federal agencies to use modern cloud technologies, with an emphasis on the security and protection of federal information.;992275841864;us-east-1;2026-08-18 15:47:07.870888;ca-7;Continuously monitor configuration management processes. Determine security impact, environment and operational risks.;Security Assessment And Authorization (CA);;;aws;;FAIL;No CloudTrail trails enabled with logging were found.;arn:aws:cloudtrail:us-east-1:992275841864:trail;cloudtrail_multi_region_enabled;False;992275841864;FedRAMP-Low-Revision-4;FedRAMP Low Revision 4;
aws;The Federal Risk and Authorization Management Program (FedRAMP) was established in 2011. It provides a cost-effective, risk-based approach for the adoption and use of cloud services by the U.S. federal government. FedRAMP empowers federal agencies to use modern cloud technologies, with an emphasis on the security and protection of federal information.;992275841864;us-east-2;2026-08-18 15:47:07.870888;ac-2;Manage system accounts, group memberships, privileges, workflow, notifications, deactivations, and authorizations.;Access Control (AC);;;aws;;FAIL;No CloudTrail trails enabled with logging were found.;arn:aws:cloudtrail:us-east-2:992275841864:trail;cloudtrail_multi_region_enabled;False;992275841864;FedRAMP-Low-Revision-4;FedRAMP Low Revision 4;
aws;The Federal Risk and Authorization Management Program (FedRAMP) was established in 2011. It provides a cost-effective, risk-based approach for the adoption and use of cloud services by the U.S. federal government. FedRAMP empowers federal agencies to use modern cloud technologies, with an emphasis on the security and protection of federal information.;992275841864;us-east-2;2026-08-18 15:47:07.870888;au-2;"The organization: a. Determines that the information system is capable of auditing the following events: [Assignment: organization-defined auditable events]; b. Coordinates the security audit function with other organizational entities requiring audit- related information to enhance mutual support and to help guide the selection of auditable events; c. Provides a rationale for why the auditable events are deemed to be adequate support after- the-fact investigations of security incidents";Audit and Accountability (AU);;;aws;;FAIL;No CloudTrail trails enabled with logging were found.;arn:aws:cloudtrail:us-east-2:992275841864:trail;cloudtrail_multi_region_enabled;False;992275841864;FedRAMP-Low-Revision-4;FedRAMP Low Revision 4;
aws;The Federal Risk and Authorization Management Program (FedRAMP) was established in 2011. It provides a cost-effective, risk-based approach for the adoption and use of cloud services by the U.S. federal government. FedRAMP empowers federal agencies to use modern cloud technologies, with an emphasis on the security and protection of federal information.;992275841864;us-east-2;2026-08-18 15:47:07.870888;ca-7;Continuously monitor configuration management processes. Determine security impact, environment and operational risks.;Security Assessment And Authorization (CA);;;aws;;FAIL;No CloudTrail trails enabled with logging were found.;arn:aws:cloudtrail:us-east-2:992275841864:trail;cloudtrail_multi_region_enabled;False;992275841864;FedRAMP-Low-Revision-4;FedRAMP Low Revision 4;
aws;The Federal Risk and Authorization Management Program (FedRAMP) was established in 2011. It provides a cost-effective, risk-based approach for the adoption and use of cloud services by the U.S. federal government. FedRAMP empowers federal agencies to use modern cloud technologies, with an emphasis on the security and protection of federal information.;992275841864;us-west-1;2026-08-18 15:47:07.870888;ac-2;Manage system accounts, group memberships, privileges, workflow, notifications, deactivations, and authorizations.;Access Control (AC);;;aws;;FAIL;No CloudTrail trails enabled with logging were found.;arn:aws:cloudtrail:us-west-1:992275841864:trail;cloudtrail_multi_region_enabled;False;992275841864;FedRAMP-Low-Revision-4;FedRAMP Low Revision 4;
aws;The Federal Risk and Authorization Management Program (FedRAMP) was established in 2011. It provides a cost-effective, risk-based approach for the adoption and use of cloud services by the U.S. federal government. FedRAMP empowers federal agencies to use modern cloud technologies, with an emphasis on the security and protection of federal information.;992275841864;us-west-1;2026-08-18 15:47:07.870888;au-2;"The organization: a. Determines that the information system is capable of auditing the following events: [Assignment: organization-defined auditable events]; b. Coordinates the security audit function with other organizational entities requiring audit- related information to enhance mutual support and to help guide the selection of auditable events; c. Provides a rationale for why the auditable events are deemed to be adequate support after- the-fact investigations of security incidents";Audit and Accountability (AU);;;aws;;FAIL;No CloudTrail trails enabled with logging were found.;arn:aws:cloudtrail:us-west-1:992275841864:trail;cloudtrail_multi_region_enabled;False;992275841864;FedRAMP-Low-Revision-4;FedRAMP Low Revision 4;
aws;The Federal Risk and Authorization Management Program (FedRAMP) was established in 2011. It provides a cost-effective, risk-based approach for the adoption and use of cloud services by the U.S. federal government. FedRAMP empowers federal agencies to use modern cloud technologies, with an emphasis on the security and protection of federal information.;992275841864;us-west-1;2026-08-18 15:47:07.870888;ca-7;Continuously monitor configuration management processes. Determine security impact, environment and operational risks.;Security Assessment And Authorization (CA);;;aws;;FAIL;No CloudTrail trails enabled with logging were found.;arn:aws:cloudtrail:us-west-1:992275841864:trail;cloudtrail_multi_region_enabled;False;992275841864;FedRAMP-Low-Revision-4;FedRAMP Low Revision 4;
aws;The Federal Risk and Authorization Management Program (FedRAMP) was established in 2011. It provides a cost-effective, risk-based approach for the adoption and use of cloud services by the U.S. federal government. FedRAMP empowers federal agencies to use modern cloud technologies, with an emphasis on the security and protection of federal information.;992275841864;us-west-2;2026-08-18 15:47:07.870888;ac-2;Manage system accounts, group memberships, privileges, workflow, notifications, deactivations, and authorizations.;Access Control (AC);;;aws;;FAIL;No CloudTrail trails enabled with logging were found.;arn:aws:cloudtrail:us-west-2:992275841864:trail;cloudtrail_multi_region_enabled;False;992275841864;FedRAMP-Low-Revision-4;FedRAMP Low Revision 4;
aws;The Federal Risk and Authorization Management Program (FedRAMP) was established in 2011. It provides a cost-effective, risk-based approach for the adoption and use of cloud services by the U.S. federal government. FedRAMP empowers federal agencies to use modern cloud technologies, with an emphasis on the security and protection of federal information.;992275841864;us-west-2;2026-08-18 15:47:07.870888;au-2;"The organization: a. Determines that the information system is capable of auditing the following events: [Assignment: organization-defined auditable events]; b. Coordinates the security audit function with other organizational entities requiring audit- related information to enhance mutual support and to help guide the selection of auditable events; c. Provides a rationale for why the auditable events are deemed to be adequate support after- the-fact investigations of security incidents";Audit and Accountability (AU);;;aws;;FAIL;No CloudTrail trails enabled with logging were found.;arn:aws:cloudtrail:us-west-2:992275841864:trail;cloudtrail_multi_region_enabled;False;992275841864;FedRAMP-Low-Revision-4;FedRAMP Low Revision 4;
aws;The Federal Risk and Authorization Management Program (FedRAMP) was established in 2011. It provides a cost-effective, risk-based approach for the adoption and use of cloud services by the U.S. federal government. FedRAMP empowers federal agencies to use modern cloud technologies, with an emphasis on the security and protection of federal information.;992275841864;us-west-2;2026-08-18 15:47:07.870888;ca-7;Continuously monitor configuration management processes. Determine security impact, environment and operational risks.;Security Assessment And Authorization (CA);;;aws;;FAIL;No CloudTrail trails enabled with logging were found.;arn:aws:cloudtrail:us-west-2:992275841864:trail;cloudtrail_multi_region_enabled;False;992275841864;FedRAMP-Low-Revision-4;FedRAMP Low Revision 4;
aws;The Federal Risk and Authorization Management Program (FedRAMP) was established in 2011. It provides a cost-effective, risk-based approach for the adoption and use of cloud services by the U.S. federal government. FedRAMP empowers federal agencies to use modern cloud technologies, with an emphasis on the security and protection of federal information.;992275841864;us-west-2;2026-08-18 15:47:07.870888;ac-2;Manage system accounts, group memberships, privileges, workflow, notifications, deactivations, and authorizations.;Access Control (AC);;;aws;;FAIL;No CloudTrail trails have a data event to record all S3 object-level API operations.;arn:aws:cloudtrail:us-west-2:992275841864:trail;cloudtrail_s3_dataevents_read_enabled;False;992275841864;FedRAMP-Low-Revision-4;FedRAMP Low Revision 4;
aws;The Federal Risk and Authorization Management Program (FedRAMP) was established in 2011. It provides a cost-effective, risk-based approach for the adoption and use of cloud services by the U.S. federal government. FedRAMP empowers federal agencies to use modern cloud technologies, with an emphasis on the security and protection of federal information.;992275841864;us-west-2;2026-08-18 15:47:07.870888;au-2;"The organization: a. Determines that the information system is capable of auditing the following events: [Assignment: organization-defined auditable events]; b. Coordinates the security audit function with other organizational entities requiring audit- related information to enhance mutual support and to help guide the selection of auditable events; c. Provides a rationale for why the auditable events are deemed to be adequate support after- the-fact investigations of security incidents";Audit and Accountability (AU);;;aws;;FAIL;No CloudTrail trails have a data event to record all S3 object-level API operations.;arn:aws:cloudtrail:us-west-2:992275841864:trail;cloudtrail_s3_dataevents_read_enabled;False;992275841864;FedRAMP-Low-Revision-4;FedRAMP Low Revision 4;
aws;The Federal Risk and Authorization Management Program (FedRAMP) was established in 2011. It provides a cost-effective, risk-based approach for the adoption and use of cloud services by the U.S. federal government. FedRAMP empowers federal agencies to use modern cloud technologies, with an emphasis on the security and protection of federal information.;992275841864;us-west-2;2026-08-18 15:47:07.870888;ca-7;Continuously monitor configuration management processes. Determine security impact, environment and operational risks.;Security Assessment And Authorization (CA);;;aws;;FAIL;No CloudTrail trails have a data event to record all S3 object-level API operations.;arn:aws:cloudtrail:us-west-2:992275841864:trail;cloudtrail_s3_dataevents_read_enabled;False;992275841864;FedRAMP-Low-Revision-4;FedRAMP Low Revision 4;
aws;The Federal Risk and Authorization Management Program (FedRAMP) was established in 2011. It provides a cost-effective, risk-based approach for the adoption and use of cloud services by the U.S. federal government. FedRAMP empowers federal agencies to use modern cloud technologies, with an emphasis on the security and protection of federal information.;992275841864;us-west-2;2026-08-18 15:47:07.870888;ac-2;Manage system accounts, group memberships, privileges, workflow, notifications, deactivations, and authorizations.;Access Control (AC);;;aws;;FAIL;No CloudTrail trails have a data event to record all S3 object-level API operations.;arn:aws:cloudtrail:us-west-2:992275841864:trail;cloudtrail_s3_dataevents_write_enabled;False;992275841864;FedRAMP-Low-Revision-4;FedRAMP Low Revision 4;
aws;The Federal Risk and Authorization Management Program (FedRAMP) was established in 2011. It provides a cost-effective, risk-based approach for the adoption and use of cloud services by the U.S. federal government. FedRAMP empowers federal agencies to use modern cloud technologies, with an emphasis on the security and protection of federal information.;992275841864;us-west-2;2026-08-18 15:47:07.870888;au-2;"The organization: a. Determines that the information system is capable of auditing the following events: [Assignment: organization-defined auditable events]; b. Coordinates the security audit function with other organizational entities requiring audit- related information to enhance mutual support and to help guide the selection of auditable events; c. Provides a rationale for why the auditable events are deemed to be adequate support after- the-fact investigations of security incidents";Audit and Accountability (AU);;;aws;;FAIL;No CloudTrail trails have a data event to record all S3 object-level API operations.;arn:aws:cloudtrail:us-west-2:992275841864:trail;cloudtrail_s3_dataevents_write_enabled;False;992275841864;FedRAMP-Low-Revision-4;FedRAMP Low Revision 4;
aws;The Federal Risk and Authorization Management Program (FedRAMP) was established in 2011. It provides a cost-effective, risk-based approach for the adoption and use of cloud services by the U.S. federal government. FedRAMP empowers federal agencies to use modern cloud technologies, with an emphasis on the security and protection of federal information.;992275841864;us-west-2;2026-08-18 15:47:07.870888;ca-7;Continuously monitor configuration management processes. Determine security impact, environment and operational risks.;Security Assessment And Authorization (CA);;;aws;;FAIL;No CloudTrail trails have a data event to record all S3 object-level API operations.;arn:aws:cloudtrail:us-west-2:992275841864:trail;cloudtrail_s3_dataevents_write_enabled;False;992275841864;FedRAMP-Low-Revision-4;FedRAMP Low Revision 4;
aws;The Federal Risk and Authorization Management Program (FedRAMP) was established in 2011. It provides a cost-effective, risk-based approach for the adoption and use of cloud services by the U.S. federal government. FedRAMP empowers federal agencies to use modern cloud technologies, with an emphasis on the security and protection of federal information.;992275841864;us-west-2;2026-08-18 15:47:07.870888;ac-2;Manage system accounts, group memberships, privileges, workflow, notifications, deactivations, and authorizations.;Access Control (AC);;;aws;;FAIL;No CloudWatch log groups found with metric filters or alarms associated.;arn:aws:logs:us-west-2:992275841864:log-group;cloudwatch_changes_to_network_acls_alarm_configured;False;992275841864;FedRAMP-Low-Revision-4;FedRAMP Low Revision 4;
aws;The Federal Risk and Authorization Management Program (FedRAMP) was established in 2011. It provides a cost-effective, risk-based approach for the adoption and use of cloud services by the U.S. federal government. FedRAMP empowers federal agencies to use modern cloud technologies, with an emphasis on the security and protection of federal information.;992275841864;us-west-2;2026-08-18 15:47:07.870888;ca-7;Continuously monitor configuration management processes. Determine security impact, environment and operational risks.;Security Assessment And Authorization (CA);;;aws;;FAIL;No CloudWatch log groups found with metric filters or alarms associated.;arn:aws:logs:us-west-2:992275841864:log-group;cloudwatch_changes_to_network_acls_alarm_configured;False;992275841864;FedRAMP-Low-Revision-4;FedRAMP Low Revision 4;
aws;The Federal Risk and Authorization Management Program (FedRAMP) was established in 2011. It provides a cost-effective, risk-based approach for the adoption and use of cloud services by the U.S. federal government. FedRAMP empowers federal agencies to use modern cloud technologies, with an emphasis on the security and protection of federal information.;992275841864;us-west-2;2026-08-18 15:47:07.870888;ir-4;The organization implements an incident handling capability for security incidents that includes preparation, detection and analysis, containment, eradication, and recovery, coordinates incident handling activities with contingency planning activities and incorporates lessons learned from ongoing incident handling activities into incident response procedures, training, and testing, and implements the resulting changes accordingly.;Incident Response (IR);;;aws;;FAIL;No CloudWatch log groups found with metric filters or alarms associated.;arn:aws:logs:us-west-2:992275841864:log-group;cloudwatch_changes_to_network_acls_alarm_configured;False;992275841864;FedRAMP-Low-Revision-4;FedRAMP Low Revision 4;
aws;The Federal Risk and Authorization Management Program (FedRAMP) was established in 2011. It provides a cost-effective, risk-based approach for the adoption and use of cloud services by the U.S. federal government. FedRAMP empowers federal agencies to use modern cloud technologies, with an emphasis on the security and protection of federal information.;992275841864;us-west-2;2026-08-18 15:47:07.870888;ir-4;The organization implements an incident handling capability for security incidents that includes preparation, detection and analysis, containment, eradication, and recovery, coordinates incident handling activities with contingency planning activities and incorporates lessons learned from ongoing incident handling activities into incident response procedures, training, and testing, and implements the resulting changes accordingly.;Incident Response (IR);;;aws;;FAIL;No CloudWatch log groups found with metric filters or alarms associated.;arn:aws:logs:us-west-2:992275841864:log-group;cloudwatch_changes_to_network_gateways_alarm_configured;False;992275841864;FedRAMP-Low-Revision-4;FedRAMP Low Revision 4;
aws;The Federal Risk and Authorization Management Program (FedRAMP) was established in 2011. It provides a cost-effective, risk-based approach for the adoption and use of cloud services by the U.S. federal government. FedRAMP empowers federal agencies to use modern cloud technologies, with an emphasis on the security and protection of federal information.;992275841864;us-west-2;2026-08-18 15:47:07.870888;ir-4;The organization implements an incident handling capability for security incidents that includes preparation, detection and analysis, containment, eradication, and recovery, coordinates incident handling activities with contingency planning activities and incorporates lessons learned from ongoing incident handling activities into incident response procedures, training, and testing, and implements the resulting changes accordingly.;Incident Response (IR);;;aws;;FAIL;No CloudWatch log groups found with metric filters or alarms associated.;arn:aws:logs:us-west-2:992275841864:log-group;cloudwatch_changes_to_network_route_tables_alarm_configured;False;992275841864;FedRAMP-Low-Revision-4;FedRAMP Low Revision 4;
aws;The Federal Risk and Authorization Management Program (FedRAMP) was established in 2011. It provides a cost-effective, risk-based approach for the adoption and use of cloud services by the U.S. federal government. FedRAMP empowers federal agencies to use modern cloud technologies, with an emphasis on the security and protection of federal information.;992275841864;us-west-2;2026-08-18 15:47:07.870888;ir-4;The organization implements an incident handling capability for security incidents that includes preparation, detection and analysis, containment, eradication, and recovery, coordinates incident handling activities with contingency planning activities and incorporates lessons learned from ongoing incident handling activities into incident response procedures, training, and testing, and implements the resulting changes accordingly.;Incident Response (IR);;;aws;;FAIL;No CloudWatch log groups found with metric filters or alarms associated.;arn:aws:logs:us-west-2:992275841864:log-group;cloudwatch_changes_to_vpcs_alarm_configured;False;992275841864;FedRAMP-Low-Revision-4;FedRAMP Low Revision 4;
aws;The Federal Risk and Authorization Management Program (FedRAMP) was established in 2011. It provides a cost-effective, risk-based approach for the adoption and use of cloud services by the U.S. federal government. FedRAMP empowers federal agencies to use modern cloud technologies, with an emphasis on the security and protection of federal information.;992275841864;us-west-2;2026-08-18 15:47:07.870888;au-9;The information system protects audit information and audit tools from unauthorized access, modification, and deletion.;Audit and Accountability (AU);;;aws;;FAIL;Log Group /aws/lambda/auto-shutdown-untagged-instances does not have AWS KMS keys associated.;arn:aws:logs:us-west-2:992275841864:log-group:/aws/lambda/auto-shutdown-untagged-instances:*;cloudwatch_log_group_kms_encryption_enabled;False;/aws/lambda/auto-shutdown-untagged-instances;FedRAMP-Low-Revision-4;FedRAMP Low Revision 4;
aws;The Federal Risk and Authorization Management Program (FedRAMP) was established in 2011. It provides a cost-effective, risk-based approach for the adoption and use of cloud services by the U.S. federal government. FedRAMP empowers federal agencies to use modern cloud technologies, with an emphasis on the security and protection of federal information.;992275841864;us-west-2;2026-08-18 15:47:07.870888;au-11;The organization retains audit records for at least 90 days to provide support for after-the-fact investigations of security incidents and to meet regulatory and organizational information retention requirements.;Audit and Accountability (AU);;;aws;;PASS;Log Group /aws/lambda/auto-shutdown-untagged-instances comply with 365 days retention period since it never expires.;arn:aws:logs:us-west-2:992275841864:log-group:/aws/lambda/auto-shutdown-untagged-instances:*;cloudwatch_log_group_retention_policy_specific_days_enabled;False;/aws/lambda/auto-shutdown-untagged-instances;FedRAMP-Low-Revision-4;FedRAMP Low Revision 4;
aws;The Federal Risk and Authorization Management Program (FedRAMP) was established in 2011. It provides a cost-effective, risk-based approach for the adoption and use of cloud services by the U.S. federal government. FedRAMP empowers federal agencies to use modern cloud technologies, with an emphasis on the security and protection of federal information.;992275841864;us-west-2;2026-08-18 15:47:07.870888;ac-3;The information system enforces approved authorizations for logical access to information and system resources in accordance with applicable access control policies.;Access Control (AC);;;aws;;PASS;EC2 Instance i-0958fb219162a44d1 has IMDSv2 enabled and required.;arn:aws:ec2:us-west-2:992275841864:instance/i-0958fb219162a44d1;ec2_instance_imdsv2_enabled;False;i-0958fb219162a44d1;FedRAMP-Low-Revision-4;FedRAMP Low Revision 4;
aws;The Federal Risk and Authorization Management Program (FedRAMP) was established in 2011. It provides a cost-effective, risk-based approach for the adoption and use of cloud services by the U.S. federal government. FedRAMP empowers federal agencies to use modern cloud technologies, with an emphasis on the security and protection of federal information.;992275841864;us-west-2;2026-08-18 15:47:07.870888;ca-7;Continuously monitor configuration management processes. Determine security impact, environment and operational risks.;Security Assessment And Authorization (CA);;;aws;;PASS;EC2 Instance i-0958fb219162a44d1 has IMDSv2 enabled and required.;arn:aws:ec2:us-west-2:992275841864:instance/i-0958fb219162a44d1;ec2_instance_imdsv2_enabled;False;i-0958fb219162a44d1;FedRAMP-Low-Revision-4;FedRAMP Low Revision 4;
aws;The Federal Risk and Authorization Management Program (FedRAMP) was established in 2011. It provides a cost-effective, risk-based approach for the adoption and use of cloud services by the U.S. federal government. FedRAMP empowers federal agencies to use modern cloud technologies, with an emphasis on the security and protection of federal information.;992275841864;us-west-2;2026-08-18 15:47:07.870888;cm-8;The organization develops and documents an inventory of information system components that accurately reflects the current information system, includes all components within the authorization boundary of the information system, is at the level of granularity deemed necessary for tracking and reporting and reviews and updates the information system component inventory.;Configuration Management (CM);;;aws;;FAIL;EC2 Instance i-0958fb219162a44d1 is not managed by Systems Manager.;arn:aws:ec2:us-west-2:992275841864:instance/i-0958fb219162a44d1;ec2_instance_managed_by_ssm;False;i-0958fb219162a44d1;FedRAMP-Low-Revision-4;FedRAMP Low Revision 4;
aws;The Federal Risk and Authorization Management Program (FedRAMP) was established in 2011. It provides a cost-effective, risk-based approach for the adoption and use of cloud services by the U.S. federal government. FedRAMP empowers federal agencies to use modern cloud technologies, with an emphasis on the security and protection of federal information.;992275841864;us-west-2;2026-08-18 15:47:07.870888;sa-3;The organization manages the information system using organization-defined system development life cycle, defines and documents information security roles and responsibilities throughout the system development life cycle, identifies individuals having information security roles and responsibilities and integrates the organizational information security risk management process into system development life cycle activities.;System and Services Acquisition (SA);;;aws;;FAIL;EC2 Instance i-0958fb219162a44d1 is not managed by Systems Manager.;arn:aws:ec2:us-west-2:992275841864:instance/i-0958fb219162a44d1;ec2_instance_managed_by_ssm;False;i-0958fb219162a44d1;FedRAMP-Low-Revision-4;FedRAMP Low Revision 4;
aws;The Federal Risk and Authorization Management Program (FedRAMP) was established in 2011. It provides a cost-effective, risk-based approach for the adoption and use of cloud services by the U.S. federal government. FedRAMP empowers federal agencies to use modern cloud technologies, with an emphasis on the security and protection of federal information.;992275841864;us-west-2;2026-08-18 15:47:07.870888;cm-2;The organization develops, documents, and maintains under configuration control, a current baseline configuration of the information system.;Configuration Management (CM);;;aws;;PASS;EC2 Instance i-0958fb219162a44d1 is not older than 180 days (-1 days).;arn:aws:ec2:us-west-2:992275841864:instance/i-0958fb219162a44d1;ec2_instance_older_than_specific_days;False;i-0958fb219162a44d1;FedRAMP-Low-Revision-4;FedRAMP Low Revision 4;
aws;The Federal Risk and Authorization Management Program (FedRAMP) was established in 2011. It provides a cost-effective, risk-based approach for the adoption and use of cloud services by the U.S. federal government. FedRAMP empowers federal agencies to use modern cloud technologies, with an emphasis on the security and protection of federal information.;992275841864;us-west-2;2026-08-18 15:47:07.870888;ac-3;The information system enforces approved authorizations for logical access to information and system resources in accordance with applicable access control policies.;Access Control (AC);;;aws;;FAIL;EC2 Instance i-0958fb219162a44d1 has a Public IP: 54.200.178.186 (ec2-54-200-178-186.us-west-2.compute.amazonaws.com).;arn:aws:ec2:us-west-2:992275841864:instance/i-0958fb219162a44d1;ec2_instance_public_ip;False;i-0958fb219162a44d1;FedRAMP-Low-Revision-4;FedRAMP Low Revision 4;
aws;The Federal Risk and Authorization Management Program (FedRAMP) was established in 2011. It provides a cost-effective, risk-based approach for the adoption and use of cloud services by the U.S. federal government. FedRAMP empowers federal agencies to use modern cloud technologies, with an emphasis on the security and protection of federal information.;992275841864;us-west-2;2026-08-18 15:47:07.870888;ac-17;Authorize remote access systems prior to connection. Enforce remote connection requirements to information systems.;Access Control (AC);;;aws;;FAIL;EC2 Instance i-0958fb219162a44d1 has a Public IP: 54.200.178.186 (ec2-54-200-178-186.us-west-2.compute.amazonaws.com).;arn:aws:ec2:us-west-2:992275841864:instance/i-0958fb219162a44d1;ec2_instance_public_ip;False;i-0958fb219162a44d1;FedRAMP-Low-Revision-4;FedRAMP Low Revision 4;
aws;The Federal Risk and Authorization Management Program (FedRAMP) was established in 2011. It provides a cost-effective, risk-based approach for the adoption and use of cloud services by the U.S. federal government. FedRAMP empowers federal agencies to use modern cloud technologies, with an emphasis on the security and protection of federal information.;992275841864;us-west-2;2026-08-18 15:47:07.870888;cm-2;The organization develops, documents, and maintains under configuration control, a current baseline configuration of the information system.;Configuration Management (CM);;;aws;;FAIL;EC2 Instance i-0958fb219162a44d1 has a Public IP: 54.200.178.186 (ec2-54-200-178-186.us-west-2.compute.amazonaws.com).;arn:aws:ec2:us-west-2:992275841864:instance/i-0958fb219162a44d1;ec2_instance_public_ip;False;i-0958fb219162a44d1;FedRAMP-Low-Revision-4;FedRAMP Low Revision 4;
aws;The Federal Risk and Authorization Management Program (FedRAMP) was established in 2011. It provides a cost-effective, risk-based approach for the adoption and use of cloud services by the U.S. federal government. FedRAMP empowers federal agencies to use modern cloud technologies, with an emphasis on the security and protection of federal information.;992275841864;us-west-2;2026-08-18 15:47:07.870888;sc-7;"The information system: a. Monitors and controls communications at the external boundary of the system and at key internal boundaries within the system; b. Implements subnetworks for publicly accessible system components that are [Selection: physically; logically] separated from internal organizational networks; and c. Connects to external networks or information systems only through managed interfaces consisting of boundary protection devices arranged in accordance with an organizational security architecture.";System and Communications Protection (SC);;;aws;;FAIL;EC2 Instance i-0958fb219162a44d1 has a Public IP: 54.200.178.186 (ec2-54-200-178-186.us-west-2.compute.amazonaws.com).;arn:aws:ec2:us-west-2:992275841864:instance/i-0958fb219162a44d1;ec2_instance_public_ip;False;i-0958fb219162a44d1;FedRAMP-Low-Revision-4;FedRAMP Low Revision 4;
aws;The Federal Risk and Authorization Management Program (FedRAMP) was established in 2011. It provides a cost-effective, risk-based approach for the adoption and use of cloud services by the U.S. federal government. FedRAMP empowers federal agencies to use modern cloud technologies, with an emphasis on the security and protection of federal information.;992275841864;us-west-2;2026-08-18 15:47:07.870888;ac-17;Authorize remote access systems prior to connection. Enforce remote connection requirements to information systems.;Access Control (AC);;;aws;;FAIL;Network ACL acl-0dfdb51f94f1455f7 has every port open to the Internet.;arn:aws:ec2:us-west-2:992275841864:network-acl/acl-0dfdb51f94f1455f7;ec2_networkacl_allow_ingress_any_port;False;acl-0dfdb51f94f1455f7;FedRAMP-Low-Revision-4;FedRAMP Low Revision 4;
aws;The Federal Risk and Authorization Management Program (FedRAMP) was established in 2011. It provides a cost-effective, risk-based approach for the adoption and use of cloud services by the U.S. federal government. FedRAMP empowers federal agencies to use modern cloud technologies, with an emphasis on the security and protection of federal information.;992275841864;us-west-2;2026-08-18 15:47:07.870888;cm-2;The organization develops, documents, and maintains under configuration control, a current baseline configuration of the information system.;Configuration Management (CM);;;aws;;FAIL;Network ACL acl-0dfdb51f94f1455f7 has every port open to the Internet.;arn:aws:ec2:us-west-2:992275841864:network-acl/acl-0dfdb51f94f1455f7;ec2_networkacl_allow_ingress_any_port;False;acl-0dfdb51f94f1455f7;FedRAMP-Low-Revision-4;FedRAMP Low Revision 4;
aws;The Federal Risk and Authorization Management Program (FedRAMP) was established in 2011. It provides a cost-effective, risk-based approach for the adoption and use of cloud services by the U.S. federal government. FedRAMP empowers federal agencies to use modern cloud technologies, with an emphasis on the security and protection of federal information.;992275841864;us-west-2;2026-08-18 15:47:07.870888;sc-7;"The information system: a. Monitors and controls communications at the external boundary of the system and at key internal boundaries within the system; b. Implements subnetworks for publicly accessible system components that are [Selection: physically; logically] separated from internal organizational networks; and c. Connects to external networks or information systems only through managed interfaces consisting of boundary protection devices arranged in accordance with an organizational security architecture.";System and Communications Protection (SC);;;aws;;FAIL;Network ACL acl-0dfdb51f94f1455f7 has every port open to the Internet.;arn:aws:ec2:us-west-2:992275841864:network-acl/acl-0dfdb51f94f1455f7;ec2_networkacl_allow_ingress_any_port;False;acl-0dfdb51f94f1455f7;FedRAMP-Low-Revision-4;FedRAMP Low Revision 4;
aws;The Federal Risk and Authorization Management Program (FedRAMP) was established in 2011. It provides a cost-effective, risk-based approach for the adoption and use of cloud services by the U.S. federal government. FedRAMP empowers federal agencies to use modern cloud technologies, with an emphasis on the security and protection of federal information.;992275841864;us-west-2;2026-08-18 15:47:07.870888;ac-17;Authorize remote access systems prior to connection. Enforce remote connection requirements to information systems.;Access Control (AC);;;aws;;FAIL;Security group prowler-demo-no-ssh20260818223457969500000001 (sg-07f0313c121d1138a) has SSH port 22 open to the Internet.;arn:aws:ec2:us-west-2:992275841864:security-group/sg-07f0313c121d1138a;ec2_securitygroup_allow_ingress_from_internet_to_tcp_port_22;False;sg-07f0313c121d1138a;FedRAMP-Low-Revision-4;FedRAMP Low Revision 4;
aws;The Federal Risk and Authorization Management Program (FedRAMP) was established in 2011. It provides a cost-effective, risk-based approach for the adoption and use of cloud services by the U.S. federal government. FedRAMP empowers federal agencies to use modern cloud technologies, with an emphasis on the security and protection of federal information.;992275841864;us-west-2;2026-08-18 15:47:07.870888;cm-2;The organization develops, documents, and maintains under configuration control, a current baseline configuration of the information system.;Configuration Management (CM);;;aws;;FAIL;Security group prowler-demo-no-ssh20260818223457969500000001 (sg-07f0313c121d1138a) has SSH port 22 open to the Internet.;arn:aws:ec2:us-west-2:992275841864:security-group/sg-07f0313c121d1138a;ec2_securitygroup_allow_ingress_from_internet_to_tcp_port_22;False;sg-07f0313c121d1138a;FedRAMP-Low-Revision-4;FedRAMP Low Revision 4;
aws;The Federal Risk and Authorization Management Program (FedRAMP) was established in 2011. It provides a cost-effective, risk-based approach for the adoption and use of cloud services by the U.S. federal government. FedRAMP empowers federal agencies to use modern cloud technologies, with an emphasis on the security and protection of federal information.;992275841864;us-west-2;2026-08-18 15:47:07.870888;sc-7;"The information system: a. Monitors and controls communications at the external boundary of the system and at key internal boundaries within the system; b. Implements subnetworks for publicly accessible system components that are [Selection: physically; logically] separated from internal organizational networks; and c. Connects to external networks or information systems only through managed interfaces consisting of boundary protection devices arranged in accordance with an organizational security architecture.";System and Communications Protection (SC);;;aws;;FAIL;Security group prowler-demo-no-ssh20260818223457969500000001 (sg-07f0313c121d1138a) has SSH port 22 open to the Internet.;arn:aws:ec2:us-west-2:992275841864:security-group/sg-07f0313c121d1138a;ec2_securitygroup_allow_ingress_from_internet_to_tcp_port_22;False;sg-07f0313c121d1138a;FedRAMP-Low-Revision-4;FedRAMP Low Revision 4;
aws;The Federal Risk and Authorization Management Program (FedRAMP) was established in 2011. It provides a cost-effective, risk-based approach for the adoption and use of cloud services by the U.S. federal government. FedRAMP empowers federal agencies to use modern cloud technologies, with an emphasis on the security and protection of federal information.;992275841864;us-west-2;2026-08-18 15:47:07.870888;ac-2;Manage system accounts, group memberships, privileges, workflow, notifications, deactivations, and authorizations.;Access Control (AC);;;aws;;FAIL;GuardDuty is not enabled.;arn:aws:guardduty:us-west-2:992275841864:detector/unknown;guardduty_is_enabled;False;detector/unknown;FedRAMP-Low-Revision-4;FedRAMP Low Revision 4;
aws;The Federal Risk and Authorization Management Program (FedRAMP) was established in 2011. It provides a cost-effective, risk-based approach for the adoption and use of cloud services by the U.S. federal government. FedRAMP empowers federal agencies to use modern cloud technologies, with an emphasis on the security and protection of federal information.;992275841864;us-west-2;2026-08-18 15:47:07.870888;ac-17;Authorize remote access systems prior to connection. Enforce remote connection requirements to information systems.;Access Control (AC);;;aws;;FAIL;GuardDuty is not enabled.;arn:aws:guardduty:us-west-2:992275841864:detector/unknown;guardduty_is_enabled;False;detector/unknown;FedRAMP-Low-Revision-4;FedRAMP Low Revision 4;
aws;The Federal Risk and Authorization Management Program (FedRAMP) was established in 2011. It provides a cost-effective, risk-based approach for the adoption and use of cloud services by the U.S. federal government. FedRAMP empowers federal agencies to use modern cloud technologies, with an emphasis on the security and protection of federal information.;992275841864;us-west-2;2026-08-18 15:47:07.870888;ca-7;Continuously monitor configuration management processes. Determine security impact, environment and operational risks.;Security Assessment And Authorization (CA);;;aws;;FAIL;GuardDuty is not enabled.;arn:aws:guardduty:us-west-2:992275841864:detector/unknown;guardduty_is_enabled;False;detector/unknown;FedRAMP-Low-Revision-4;FedRAMP Low Revision 4;
aws;The Federal Risk and Authorization Management Program (FedRAMP) was established in 2011. It provides a cost-effective, risk-based approach for the adoption and use of cloud services by the U.S. federal government. FedRAMP empowers federal agencies to use modern cloud technologies, with an emphasis on the security and protection of federal information.;992275841864;us-west-2;2026-08-18 15:47:07.870888;cm-8;The organization develops and documents an inventory of information system components that accurately reflects the current information system, includes all components within the authorization boundary of the information system, is at the level of granularity deemed necessary for tracking and reporting and reviews and updates the information system component inventory.;Configuration Management (CM);;;aws;;FAIL;GuardDuty is not enabled.;arn:aws:guardduty:us-west-2:992275841864:detector/unknown;guardduty_is_enabled;False;detector/unknown;FedRAMP-Low-Revision-4;FedRAMP Low Revision 4;
aws;The Federal Risk and Authorization Management Program (FedRAMP) was established in 2011. It provides a cost-effective, risk-based approach for the adoption and use of cloud services by the U.S. federal government. FedRAMP empowers federal agencies to use modern cloud technologies, with an emphasis on the security and protection of federal information.;992275841864;us-west-2;2026-08-18 15:47:07.870888;ir-4;The organization implements an incident handling capability for security incidents that includes preparation, detection and analysis, containment, eradication, and recovery, coordinates incident handling activities with contingency planning activities and incorporates lessons learned from ongoing incident handling activities into incident response procedures, training, and testing, and implements the resulting changes accordingly.;Incident Response (IR);;;aws;;FAIL;GuardDuty is not enabled.;arn:aws:guardduty:us-west-2:992275841864:detector/unknown;guardduty_is_enabled;False;detector/unknown;FedRAMP-Low-Revision-4;FedRAMP Low Revision 4;
aws;The Federal Risk and Authorization Management Program (FedRAMP) was established in 2011. It provides a cost-effective, risk-based approach for the adoption and use of cloud services by the U.S. federal government. FedRAMP empowers federal agencies to use modern cloud technologies, with an emphasis on the security and protection of federal information.;992275841864;us-west-2;2026-08-18 15:47:07.870888;sc-5;The information system protects against or limits the effects of the following types of denial of service attacks: [Assignment: organization-defined types of denial of service attacks or references to sources for such information] by employing [Assignment: organization-defined security safeguards].;System and Communications Protection (SC);;;aws;;FAIL;GuardDuty is not enabled.;arn:aws:guardduty:us-west-2:992275841864:detector/unknown;guardduty_is_enabled;False;detector/unknown;FedRAMP-Low-Revision-4;FedRAMP Low Revision 4;
aws;The Federal Risk and Authorization Management Program (FedRAMP) was established in 2011. It provides a cost-effective, risk-based approach for the adoption and use of cloud services by the U.S. federal government. FedRAMP empowers federal agencies to use modern cloud technologies, with an emphasis on the security and protection of federal information.;992275841864;us-west-2;2026-08-18 15:47:07.870888;ac-2;Manage system accounts, group memberships, privileges, workflow, notifications, deactivations, and authorizations.;Access Control (AC);;;aws;;PASS;AWS policy AWSSSOServiceRolePolicy is attached but does not allow '*:*' administrative privileges.;arn:aws:iam::aws:policy/aws-service-role/AWSSSOServiceRolePolicy;iam_aws_attached_policy_no_administrative_privileges;False;AWSSSOServiceRolePolicy;FedRAMP-Low-Revision-4;FedRAMP Low Revision 4;
aws;The Federal Risk and Authorization Management Program (FedRAMP) was established in 2011. It provides a cost-effective, risk-based approach for the adoption and use of cloud services by the U.S. federal government. FedRAMP empowers federal agencies to use modern cloud technologies, with an emphasis on the security and protection of federal information.;992275841864;us-west-2;2026-08-18 15:47:07.870888;ac-3;The information system enforces approved authorizations for logical access to information and system resources in accordance with applicable access control policies.;Access Control (AC);;;aws;;PASS;AWS policy AWSSSOServiceRolePolicy is attached but does not allow '*:*' administrative privileges.;arn:aws:iam::aws:policy/aws-service-role/AWSSSOServiceRolePolicy;iam_aws_attached_policy_no_administrative_privileges;False;AWSSSOServiceRolePolicy;FedRAMP-Low-Revision-4;FedRAMP Low Revision 4;
aws;The Federal Risk and Authorization Management Program (FedRAMP) was established in 2011. It provides a cost-effective, risk-based approach for the adoption and use of cloud services by the U.S. federal government. FedRAMP empowers federal agencies to use modern cloud technologies, with an emphasis on the security and protection of federal information.;992275841864;us-west-2;2026-08-18 15:47:07.870888;ac-2;Manage system accounts, group memberships, privileges, workflow, notifications, deactivations, and authorizations.;Access Control (AC);;;aws;;PASS;AWS policy AWSOrganizationsServiceTrustPolicy is attached but does not allow '*:*' administrative privileges.;arn:aws:iam::aws:policy/aws-service-role/AWSOrganizationsServiceTrustPolicy;iam_aws_attached_policy_no_administrative_privileges;False;AWSOrganizationsServiceTrustPolicy;FedRAMP-Low-Revision-4;FedRAMP Low Revision 4;
aws;The Federal Risk and Authorization Management Program (FedRAMP) was established in 2011. It provides a cost-effective, risk-based approach for the adoption and use of cloud services by the U.S. federal government. FedRAMP empowers federal agencies to use modern cloud technologies, with an emphasis on the security and protection of federal information.;992275841864;us-west-2;2026-08-18 15:47:07.870888;ac-3;The information system enforces approved authorizations for logical access to information and system resources in accordance with applicable access control policies.;Access Control (AC);;;aws;;PASS;AWS policy AWSOrganizationsServiceTrustPolicy is attached but does not allow '*:*' administrative privileges.;arn:aws:iam::aws:policy/aws-service-role/AWSOrganizationsServiceTrustPolicy;iam_aws_attached_policy_no_administrative_privileges;False;AWSOrganizationsServiceTrustPolicy;FedRAMP-Low-Revision-4;FedRAMP Low Revision 4;
aws;The Federal Risk and Authorization Management Program (FedRAMP) was established in 2011. It provides a cost-effective, risk-based approach for the adoption and use of cloud services by the U.S. federal government. FedRAMP empowers federal agencies to use modern cloud technologies, with an emphasis on the security and protection of federal information.;992275841864;us-west-2;2026-08-18 15:47:07.870888;ac-2;Manage system accounts, group memberships, privileges, workflow, notifications, deactivations, and authorizations.;Access Control (AC);;;aws;;PASS;AWS policy AWSTrustedAdvisorServiceRolePolicy is attached but does not allow '*:*' administrative privileges.;arn:aws:iam::aws:policy/aws-service-role/AWSTrustedAdvisorServiceRolePolicy;iam_aws_attached_policy_no_administrative_privileges;False;AWSTrustedAdvisorServiceRolePolicy;FedRAMP-Low-Revision-4;FedRAMP Low Revision 4;
aws;The Federal Risk and Authorization Management Program (FedRAMP) was established in 2011. It provides a cost-effective, risk-based approach for the adoption and use of cloud services by the U.S. federal government. FedRAMP empowers federal agencies to use modern cloud technologies, with an emphasis on the security and protection of federal information.;992275841864;us-west-2;2026-08-18 15:47:07.870888;ac-3;The information system enforces approved authorizations for logical access to information and system resources in accordance with applicable access control policies.;Access Control (AC);;;aws;;PASS;AWS policy AWSTrustedAdvisorServiceRolePolicy is attached but does not allow '*:*' administrative privileges.;arn:aws:iam::aws:policy/aws-service-role/AWSTrustedAdvisorServiceRolePolicy;iam_aws_attached_policy_no_administrative_privileges;False;AWSTrustedAdvisorServiceRolePolicy;FedRAMP-Low-Revision-4;FedRAMP Low Revision 4;
aws;The Federal Risk and Authorization Management Program (FedRAMP) was established in 2011. It provides a cost-effective, risk-based approach for the adoption and use of cloud services by the U.S. federal government. FedRAMP empowers federal agencies to use modern cloud technologies, with an emphasis on the security and protection of federal information.;992275841864;us-west-2;2026-08-18 15:47:07.870888;ac-2;Manage system accounts, group memberships, privileges, workflow, notifications, deactivations, and authorizations.;Access Control (AC);;;aws;;FAIL;AWS policy AdministratorAccess is attached and allows '*:*' administrative privileges.;arn:aws:iam::aws:policy/AdministratorAccess;iam_aws_attached_policy_no_administrative_privileges;False;AdministratorAccess;FedRAMP-Low-Revision-4;FedRAMP Low Revision 4;
aws;The Federal Risk and Authorization Management Program (FedRAMP) was established in 2011. It provides a cost-effective, risk-based approach for the adoption and use of cloud services by the U.S. federal government. FedRAMP empowers federal agencies to use modern cloud technologies, with an emphasis on the security and protection of federal information.;992275841864;us-west-2;2026-08-18 15:47:07.870888;ac-3;The information system enforces approved authorizations for logical access to information and system resources in accordance with applicable access control policies.;Access Control (AC);;;aws;;FAIL;AWS policy AdministratorAccess is attached and allows '*:*' administrative privileges.;arn:aws:iam::aws:policy/AdministratorAccess;iam_aws_attached_policy_no_administrative_privileges;False;AdministratorAccess;FedRAMP-Low-Revision-4;FedRAMP Low Revision 4;
aws;The Federal Risk and Authorization Management Program (FedRAMP) was established in 2011. It provides a cost-effective, risk-based approach for the adoption and use of cloud services by the U.S. federal government. FedRAMP empowers federal agencies to use modern cloud technologies, with an emphasis on the security and protection of federal information.;992275841864;us-west-2;2026-08-18 15:47:07.870888;ac-2;Manage system accounts, group memberships, privileges, workflow, notifications, deactivations, and authorizations.;Access Control (AC);;;aws;;PASS;AWS policy AWSSupportServiceRolePolicy is attached but does not allow '*:*' administrative privileges.;arn:aws:iam::aws:policy/aws-service-role/AWSSupportServiceRolePolicy;iam_aws_attached_policy_no_administrative_privileges;False;AWSSupportServiceRolePolicy;FedRAMP-Low-Revision-4;FedRAMP Low Revision 4;
aws;The Federal Risk and Authorization Management Program (FedRAMP) was established in 2011. It provides a cost-effective, risk-based approach for the adoption and use of cloud services by the U.S. federal government. FedRAMP empowers federal agencies to use modern cloud technologies, with an emphasis on the security and protection of federal information.;992275841864;us-west-2;2026-08-18 15:47:07.870888;ac-3;The information system enforces approved authorizations for logical access to information and system resources in accordance with applicable access control policies.;Access Control (AC);;;aws;;PASS;AWS policy AWSSupportServiceRolePolicy is attached but does not allow '*:*' administrative privileges.;arn:aws:iam::aws:policy/aws-service-role/AWSSupportServiceRolePolicy;iam_aws_attached_policy_no_administrative_privileges;False;AWSSupportServiceRolePolicy;FedRAMP-Low-Revision-4;FedRAMP Low Revision 4;
aws;The Federal Risk and Authorization Management Program (FedRAMP) was established in 2011. It provides a cost-effective, risk-based approach for the adoption and use of cloud services by the U.S. federal government. FedRAMP empowers federal agencies to use modern cloud technologies, with an emphasis on the security and protection of federal information.;992275841864;us-west-2;2026-08-18 15:47:07.870888;ac-2;Manage system accounts, group memberships, privileges, workflow, notifications, deactivations, and authorizations.;Access Control (AC);;;aws;;PASS;AWS policy ViewOnlyAccess is attached but does not allow '*:*' administrative privileges.;arn:aws:iam::aws:policy/job-function/ViewOnlyAccess;iam_aws_attached_policy_no_administrative_privileges;False;ViewOnlyAccess;FedRAMP-Low-Revision-4;FedRAMP Low Revision 4;
aws;The Federal Risk and Authorization Management Program (FedRAMP) was established in 2011. It provides a cost-effective, risk-based approach for the adoption and use of cloud services by the U.S. federal government. FedRAMP empowers federal agencies to use modern cloud technologies, with an emphasis on the security and protection of federal information.;992275841864;us-west-2;2026-08-18 15:47:07.870888;ac-3;The information system enforces approved authorizations for logical access to information and system resources in accordance with applicable access control policies.;Access Control (AC);;;aws;;PASS;AWS policy ViewOnlyAccess is attached but does not allow '*:*' administrative privileges.;arn:aws:iam::aws:policy/job-function/ViewOnlyAccess;iam_aws_attached_policy_no_administrative_privileges;False;ViewOnlyAccess;FedRAMP-Low-Revision-4;FedRAMP Low Revision 4;
aws;The Federal Risk and Authorization Management Program (FedRAMP) was established in 2011. It provides a cost-effective, risk-based approach for the adoption and use of cloud services by the U.S. federal government. FedRAMP empowers federal agencies to use modern cloud technologies, with an emphasis on the security and protection of federal information.;992275841864;us-west-2;2026-08-18 15:47:07.870888;ac-2;Manage system accounts, group memberships, privileges, workflow, notifications, deactivations, and authorizations.;Access Control (AC);;;aws;;PASS;AWS policy SecurityAudit is attached but does not allow '*:*' administrative privileges.;arn:aws:iam::aws:policy/SecurityAudit;iam_aws_attached_policy_no_administrative_privileges;False;SecurityAudit;FedRAMP-Low-Revision-4;FedRAMP Low Revision 4;
aws;The Federal Risk and Authorization Management Program (FedRAMP) was established in 2011. It provides a cost-effective, risk-based approach for the adoption and use of cloud services by the U.S. federal government. FedRAMP empowers federal agencies to use modern cloud technologies, with an emphasis on the security and protection of federal information.;992275841864;us-west-2;2026-08-18 15:47:07.870888;ac-3;The information system enforces approved authorizations for logical access to information and system resources in accordance with applicable access control policies.;Access Control (AC);;;aws;;PASS;AWS policy SecurityAudit is attached but does not allow '*:*' administrative privileges.;arn:aws:iam::aws:policy/SecurityAudit;iam_aws_attached_policy_no_administrative_privileges;False;SecurityAudit;FedRAMP-Low-Revision-4;FedRAMP Low Revision 4;
aws;The Federal Risk and Authorization Management Program (FedRAMP) was established in 2011. It provides a cost-effective, risk-based approach for the adoption and use of cloud services by the U.S. federal government. FedRAMP empowers federal agencies to use modern cloud technologies, with an emphasis on the security and protection of federal information.;992275841864;us-west-2;2026-08-18 15:47:07.870888;ac-2;Manage system accounts, group memberships, privileges, workflow, notifications, deactivations, and authorizations.;Access Control (AC);;;aws;;PASS;AWS policy AWSResourceExplorerServiceRolePolicy is attached but does not allow '*:*' administrative privileges.;arn:aws:iam::aws:policy/aws-service-role/AWSResourceExplorerServiceRolePolicy;iam_aws_attached_policy_no_administrative_privileges;False;AWSResourceExplorerServiceRolePolicy;FedRAMP-Low-Revision-4;FedRAMP Low Revision 4;
aws;The Federal Risk and Authorization Management Program (FedRAMP) was established in 2011. It provides a cost-effective, risk-based approach for the adoption and use of cloud services by the U.S. federal government. FedRAMP empowers federal agencies to use modern cloud technologies, with an emphasis on the security and protection of federal information.;992275841864;us-west-2;2026-08-18 15:47:07.870888;ac-3;The information system enforces approved authorizations for logical access to information and system resources in accordance with applicable access control policies.;Access Control (AC);;;aws;;PASS;AWS policy AWSResourceExplorerServiceRolePolicy is attached but does not allow '*:*' administrative privileges.;arn:aws:iam::aws:policy/aws-service-role/AWSResourceExplorerServiceRolePolicy;iam_aws_attached_policy_no_administrative_privileges;False;AWSResourceExplorerServiceRolePolicy;FedRAMP-Low-Revision-4;FedRAMP Low Revision 4;
aws;The Federal Risk and Authorization Management Program (FedRAMP) was established in 2011. It provides a cost-effective, risk-based approach for the adoption and use of cloud services by the U.S. federal government. FedRAMP empowers federal agencies to use modern cloud technologies, with an emphasis on the security and protection of federal information.;992275841864;us-west-2;2026-08-18 15:47:07.870888;ac-2;Manage system accounts, group memberships, privileges, workflow, notifications, deactivations, and authorizations.;Access Control (AC);;;aws;;PASS;Inline policy auto-shutdown-permissions attached to role auto-shutdown-lambda-role does not allow '*:*' administrative privileges.;arn:aws:iam::992275841864:role/auto-shutdown-lambda-role;iam_inline_policy_no_administrative_privileges;False;auto-shutdown-lambda-role/auto-shutdown-permissions;FedRAMP-Low-Revision-4;FedRAMP Low Revision 4;
aws;The Federal Risk and Authorization Management Program (FedRAMP) was established in 2011. It provides a cost-effective, risk-based approach for the adoption and use of cloud services by the U.S. federal government. FedRAMP empowers federal agencies to use modern cloud technologies, with an emphasis on the security and protection of federal information.;992275841864;us-west-2;2026-08-18 15:47:07.870888;ac-3;The information system enforces approved authorizations for logical access to information and system resources in accordance with applicable access control policies.;Access Control (AC);;;aws;;PASS;Inline policy auto-shutdown-permissions attached to role auto-shutdown-lambda-role does not allow '*:*' administrative privileges.;arn:aws:iam::992275841864:role/auto-shutdown-lambda-role;iam_inline_policy_no_administrative_privileges;False;auto-shutdown-lambda-role/auto-shutdown-permissions;FedRAMP-Low-Revision-4;FedRAMP Low Revision 4;
aws;The Federal Risk and Authorization Management Program (FedRAMP) was established in 2011. It provides a cost-effective, risk-based approach for the adoption and use of cloud services by the U.S. federal government. FedRAMP empowers federal agencies to use modern cloud technologies, with an emphasis on the security and protection of federal information.;992275841864;us-west-2;2026-08-18 15:47:07.870888;ac-2;Manage system accounts, group memberships, privileges, workflow, notifications, deactivations, and authorizations.;Access Control (AC);;;aws;;FAIL;IAM password policy does not require minimum length of 14 characters.;arn:aws:iam:us-west-2:992275841864:password-policy;iam_password_policy_minimum_length_14;False;992275841864;FedRAMP-Low-Revision-4;FedRAMP Low Revision 4;
aws;The Federal Risk and Authorization Management Program (FedRAMP) was established in 2011. It provides a cost-effective, risk-based approach for the adoption and use of cloud services by the U.S. federal government. FedRAMP empowers federal agencies to use modern cloud technologies, with an emphasis on the security and protection of federal information.;992275841864;us-west-2;2026-08-18 15:47:07.870888;ia-2;The information system uniquely identifies and authenticates organizational users (or processes acting on behalf of organizational users).;Identification and Authentication (IA);;;aws;;FAIL;IAM password policy does not require minimum length of 14 characters.;arn:aws:iam:us-west-2:992275841864:password-policy;iam_password_policy_minimum_length_14;False;992275841864;FedRAMP-Low-Revision-4;FedRAMP Low Revision 4;
aws;The Federal Risk and Authorization Management Program (FedRAMP) was established in 2011. It provides a cost-effective, risk-based approach for the adoption and use of cloud services by the U.S. federal government. FedRAMP empowers federal agencies to use modern cloud technologies, with an emphasis on the security and protection of federal information.;992275841864;us-west-2;2026-08-18 15:47:07.870888;ac-2;Manage system accounts, group memberships, privileges, workflow, notifications, deactivations, and authorizations.;Access Control (AC);;;aws;;PASS;User demo-no-mfa-user has no inline or attached policies.;arn:aws:iam::992275841864:user/demo-no-mfa-user;iam_policy_attached_only_to_group_or_roles;False;demo-no-mfa-user;FedRAMP-Low-Revision-4;FedRAMP Low Revision 4;
aws;The Federal Risk and Authorization Management Program (FedRAMP) was established in 2011. It provides a cost-effective, risk-based approach for the adoption and use of cloud services by the U.S. federal government. FedRAMP empowers federal agencies to use modern cloud technologies, with an emphasis on the security and protection of federal information.;992275841864;us-west-2;2026-08-18 15:47:07.870888;ac-3;The information system enforces approved authorizations for logical access to information and system resources in accordance with applicable access control policies.;Access Control (AC);;;aws;;PASS;User demo-no-mfa-user has no inline or attached policies.;arn:aws:iam::992275841864:user/demo-no-mfa-user;iam_policy_attached_only_to_group_or_roles;False;demo-no-mfa-user;FedRAMP-Low-Revision-4;FedRAMP Low Revision 4;
aws;The Federal Risk and Authorization Management Program (FedRAMP) was established in 2011. It provides a cost-effective, risk-based approach for the adoption and use of cloud services by the U.S. federal government. FedRAMP empowers federal agencies to use modern cloud technologies, with an emphasis on the security and protection of federal information.;992275841864;us-west-2;2026-08-18 15:47:07.870888;ac-2;Manage system accounts, group memberships, privileges, workflow, notifications, deactivations, and authorizations.;Access Control (AC);;;aws;;FAIL;User prowler-readonly has the policy ViewOnlyAccess attached.;arn:aws:iam::992275841864:user/prowler-readonly;iam_policy_attached_only_to_group_or_roles;False;prowler-readonly/ViewOnlyAccess;FedRAMP-Low-Revision-4;FedRAMP Low Revision 4;
aws;The Federal Risk and Authorization Management Program (FedRAMP) was established in 2011. It provides a cost-effective, risk-based approach for the adoption and use of cloud services by the U.S. federal government. FedRAMP empowers federal agencies to use modern cloud technologies, with an emphasis on the security and protection of federal information.;992275841864;us-west-2;2026-08-18 15:47:07.870888;ac-3;The information system enforces approved authorizations for logical access to information and system resources in accordance with applicable access control policies.;Access Control (AC);;;aws;;FAIL;User prowler-readonly has the policy ViewOnlyAccess attached.;arn:aws:iam::992275841864:user/prowler-readonly;iam_policy_attached_only_to_group_or_roles;False;prowler-readonly/ViewOnlyAccess;FedRAMP-Low-Revision-4;FedRAMP Low Revision 4;
aws;The Federal Risk and Authorization Management Program (FedRAMP) was established in 2011. It provides a cost-effective, risk-based approach for the adoption and use of cloud services by the U.S. federal government. FedRAMP empowers federal agencies to use modern cloud technologies, with an emphasis on the security and protection of federal information.;992275841864;us-west-2;2026-08-18 15:47:07.870888;ac-2;Manage system accounts, group memberships, privileges, workflow, notifications, deactivations, and authorizations.;Access Control (AC);;;aws;;FAIL;User prowler-readonly has the policy SecurityAudit attached.;arn:aws:iam::992275841864:user/prowler-readonly;iam_policy_attached_only_to_group_or_roles;False;prowler-readonly/SecurityAudit;FedRAMP-Low-Revision-4;FedRAMP Low Revision 4;
aws;The Federal Risk and Authorization Management Program (FedRAMP) was established in 2011. It provides a cost-effective, risk-based approach for the adoption and use of cloud services by the U.S. federal government. FedRAMP empowers federal agencies to use modern cloud technologies, with an emphasis on the security and protection of federal information.;992275841864;us-west-2;2026-08-18 15:47:07.870888;ac-3;The information system enforces approved authorizations for logical access to information and system resources in accordance with applicable access control policies.;Access Control (AC);;;aws;;FAIL;User prowler-readonly has the policy SecurityAudit attached.;arn:aws:iam::992275841864:user/prowler-readonly;iam_policy_attached_only_to_group_or_roles;False;prowler-readonly/SecurityAudit;FedRAMP-Low-Revision-4;FedRAMP Low Revision 4;
aws;The Federal Risk and Authorization Management Program (FedRAMP) was established in 2011. It provides a cost-effective, risk-based approach for the adoption and use of cloud services by the U.S. federal government. FedRAMP empowers federal agencies to use modern cloud technologies, with an emphasis on the security and protection of federal information.;992275841864;us-west-2;2026-08-18 15:47:07.870888;ac-2;Manage system accounts, group memberships, privileges, workflow, notifications, deactivations, and authorizations.;Access Control (AC);;;aws;;FAIL;IAM Role AWSReservedSSO_AdministratorAccess_fe6ebb675b6c22d2 has Bedrock permissions but has never used them.;arn:aws:iam::992275841864:role/aws-reserved/sso.amazonaws.com/us-west-2/AWSReservedSSO_AdministratorAccess_fe6ebb675b6c22d2;iam_role_access_not_stale_to_bedrock;False;AWSReservedSSO_AdministratorAccess_fe6ebb675b6c22d2;FedRAMP-Low-Revision-4;FedRAMP Low Revision 4;
aws;The Federal Risk and Authorization Management Program (FedRAMP) was established in 2011. It provides a cost-effective, risk-based approach for the adoption and use of cloud services by the U.S. federal government. FedRAMP empowers federal agencies to use modern cloud technologies, with an emphasis on the security and protection of federal information.;992275841864;us-west-2;2026-08-18 15:47:07.870888;ac-2;Manage system accounts, group memberships, privileges, workflow, notifications, deactivations, and authorizations.;Access Control (AC);;;aws;;PASS;IAM Role AWSServiceRoleForResourceExplorer accessed Bedrock 0 days ago (threshold: 60 days).;arn:aws:iam::992275841864:role/aws-service-role/resource-explorer-2.amazonaws.com/AWSServiceRoleForResourceExplorer;iam_role_access_not_stale_to_bedrock;False;AWSServiceRoleForResourceExplorer;FedRAMP-Low-Revision-4;FedRAMP Low Revision 4;
aws;The Federal Risk and Authorization Management Program (FedRAMP) was established in 2011. It provides a cost-effective, risk-based approach for the adoption and use of cloud services by the U.S. federal government. FedRAMP empowers federal agencies to use modern cloud technologies, with an emphasis on the security and protection of federal information.;992275841864;us-west-2;2026-08-18 15:47:07.870888;ac-2;Manage system accounts, group memberships, privileges, workflow, notifications, deactivations, and authorizations.;Access Control (AC);;;aws;;FAIL;IAM Role AWSServiceRoleForSupport has Bedrock permissions but has never used them.;arn:aws:iam::992275841864:role/aws-service-role/support.amazonaws.com/AWSServiceRoleForSupport;iam_role_access_not_stale_to_bedrock;False;AWSServiceRoleForSupport;FedRAMP-Low-Revision-4;FedRAMP Low Revision 4;
aws;The Federal Risk and Authorization Management Program (FedRAMP) was established in 2011. It provides a cost-effective, risk-based approach for the adoption and use of cloud services by the U.S. federal government. FedRAMP empowers federal agencies to use modern cloud technologies, with an emphasis on the security and protection of federal information.;992275841864;us-west-2;2026-08-18 15:47:07.870888;ac-2;Manage system accounts, group memberships, privileges, workflow, notifications, deactivations, and authorizations.;Access Control (AC);;;aws;;FAIL;IAM Role OrganizationAccountAccessRole has Bedrock permissions but has never used them.;arn:aws:iam::992275841864:role/OrganizationAccountAccessRole;iam_role_access_not_stale_to_bedrock;False;OrganizationAccountAccessRole;FedRAMP-Low-Revision-4;FedRAMP Low Revision 4;
aws;The Federal Risk and Authorization Management Program (FedRAMP) was established in 2011. It provides a cost-effective, risk-based approach for the adoption and use of cloud services by the U.S. federal government. FedRAMP empowers federal agencies to use modern cloud technologies, with an emphasis on the security and protection of federal information.;992275841864;us-west-2;2026-08-18 15:47:07.870888;ac-2;Manage system accounts, group memberships, privileges, workflow, notifications, deactivations, and authorizations.;Access Control (AC);;;aws;;PASS;User <root_account> does not have access keys.;arn:aws:iam::992275841864:root;iam_rotate_access_key_90_days;False;<root_account>;FedRAMP-Low-Revision-4;FedRAMP Low Revision 4;
aws;The Federal Risk and Authorization Management Program (FedRAMP) was established in 2011. It provides a cost-effective, risk-based approach for the adoption and use of cloud services by the U.S. federal government. FedRAMP empowers federal agencies to use modern cloud technologies, with an emphasis on the security and protection of federal information.;992275841864;us-west-2;2026-08-18 15:47:07.870888;ac-2;Manage system accounts, group memberships, privileges, workflow, notifications, deactivations, and authorizations.;Access Control (AC);;;aws;;PASS;User demo-no-mfa-user does not have access keys older than 90 days.;arn:aws:iam::992275841864:user/demo-no-mfa-user;iam_rotate_access_key_90_days;False;demo-no-mfa-user;FedRAMP-Low-Revision-4;FedRAMP Low Revision 4;
aws;The Federal Risk and Authorization Management Program (FedRAMP) was established in 2011. It provides a cost-effective, risk-based approach for the adoption and use of cloud services by the U.S. federal government. FedRAMP empowers federal agencies to use modern cloud technologies, with an emphasis on the security and protection of federal information.;992275841864;us-west-2;2026-08-18 15:47:07.870888;ac-2;Manage system accounts, group memberships, privileges, workflow, notifications, deactivations, and authorizations.;Access Control (AC);;;aws;;PASS;User prowler-readonly does not have access keys older than 90 days.;arn:aws:iam::992275841864:user/prowler-readonly;iam_rotate_access_key_90_days;False;prowler-readonly;FedRAMP-Low-Revision-4;FedRAMP Low Revision 4;
aws;The Federal Risk and Authorization Management Program (FedRAMP) was established in 2011. It provides a cost-effective, risk-based approach for the adoption and use of cloud services by the U.S. federal government. FedRAMP empowers federal agencies to use modern cloud technologies, with an emphasis on the security and protection of federal information.;992275841864;us-west-2;2026-08-18 15:47:07.870888;ac-2;Manage system accounts, group memberships, privileges, workflow, notifications, deactivations, and authorizations.;Access Control (AC);;;aws;;FAIL;IAM User prowler-readonly has Bedrock permissions but has never used them.;arn:aws:iam::992275841864:user/prowler-readonly;iam_user_access_not_stale_to_bedrock;False;prowler-readonly;FedRAMP-Low-Revision-4;FedRAMP Low Revision 4;
aws;The Federal Risk and Authorization Management Program (FedRAMP) was established in 2011. It provides a cost-effective, risk-based approach for the adoption and use of cloud services by the U.S. federal government. FedRAMP empowers federal agencies to use modern cloud technologies, with an emphasis on the security and protection of federal information.;992275841864;us-west-2;2026-08-18 15:47:07.870888;ac-2;Manage system accounts, group memberships, privileges, workflow, notifications, deactivations, and authorizations.;Access Control (AC);;;aws;;FAIL;IAM User prowler-readonly has SageMaker permissions but has never used them.;arn:aws:iam::992275841864:user/prowler-readonly;iam_user_access_not_stale_to_sagemaker;False;prowler-readonly;FedRAMP-Low-Revision-4;FedRAMP Low Revision 4;
aws;The Federal Risk and Authorization Management Program (FedRAMP) was established in 2011. It provides a cost-effective, risk-based approach for the adoption and use of cloud services by the U.S. federal government. FedRAMP empowers federal agencies to use modern cloud technologies, with an emphasis on the security and protection of federal information.;992275841864;us-west-2;2026-08-18 15:47:07.870888;ac-2;Manage system accounts, group memberships, privileges, workflow, notifications, deactivations, and authorizations.;Access Control (AC);;;aws;;PASS;User <root_account> does not have access keys.;arn:aws:iam::992275841864:root;iam_user_accesskey_unused;False;<root_account>;FedRAMP-Low-Revision-4;FedRAMP Low Revision 4;
aws;The Federal Risk and Authorization Management Program (FedRAMP) was established in 2011. It provides a cost-effective, risk-based approach for the adoption and use of cloud services by the U.S. federal government. FedRAMP empowers federal agencies to use modern cloud technologies, with an emphasis on the security and protection of federal information.;992275841864;us-west-2;2026-08-18 15:47:07.870888;ac-3;The information system enforces approved authorizations for logical access to information and system resources in accordance with applicable access control policies.;Access Control (AC);;;aws;;PASS;User <root_account> does not have access keys.;arn:aws:iam::992275841864:root;iam_user_accesskey_unused;False;<root_account>;FedRAMP-Low-Revision-4;FedRAMP Low Revision 4;
aws;The Federal Risk and Authorization Management Program (FedRAMP) was established in 2011. It provides a cost-effective, risk-based approach for the adoption and use of cloud services by the U.S. federal government. FedRAMP empowers federal agencies to use modern cloud technologies, with an emphasis on the security and protection of federal information.;992275841864;us-west-2;2026-08-18 15:47:07.870888;ac-2;Manage system accounts, group memberships, privileges, workflow, notifications, deactivations, and authorizations.;Access Control (AC);;;aws;;PASS;User demo-no-mfa-user does not have unused access keys for 45 days.;arn:aws:iam::992275841864:user/demo-no-mfa-user;iam_user_accesskey_unused;False;demo-no-mfa-user;FedRAMP-Low-Revision-4;FedRAMP Low Revision 4;
aws;The Federal Risk and Authorization Management Program (FedRAMP) was established in 2011. It provides a cost-effective, risk-based approach for the adoption and use of cloud services by the U.S. federal government. FedRAMP empowers federal agencies to use modern cloud technologies, with an emphasis on the security and protection of federal information.;992275841864;us-west-2;2026-08-18 15:47:07.870888;ac-3;The information system enforces approved authorizations for logical access to information and system resources in accordance with applicable access control policies.;Access Control (AC);;;aws;;PASS;User demo-no-mfa-user does not have unused access keys for 45 days.;arn:aws:iam::992275841864:user/demo-no-mfa-user;iam_user_accesskey_unused;False;demo-no-mfa-user;FedRAMP-Low-Revision-4;FedRAMP Low Revision 4;
aws;The Federal Risk and Authorization Management Program (FedRAMP) was established in 2011. It provides a cost-effective, risk-based approach for the adoption and use of cloud services by the U.S. federal government. FedRAMP empowers federal agencies to use modern cloud technologies, with an emphasis on the security and protection of federal information.;992275841864;us-west-2;2026-08-18 15:47:07.870888;ac-2;Manage system accounts, group memberships, privileges, workflow, notifications, deactivations, and authorizations.;Access Control (AC);;;aws;;PASS;User prowler-readonly does not have unused access keys for 45 days.;arn:aws:iam::992275841864:user/prowler-readonly;iam_user_accesskey_unused;False;prowler-readonly;FedRAMP-Low-Revision-4;FedRAMP Low Revision 4;
aws;The Federal Risk and Authorization Management Program (FedRAMP) was established in 2011. It provides a cost-effective, risk-based approach for the adoption and use of cloud services by the U.S. federal government. FedRAMP empowers federal agencies to use modern cloud technologies, with an emphasis on the security and protection of federal information.;992275841864;us-west-2;2026-08-18 15:47:07.870888;ac-3;The information system enforces approved authorizations for logical access to information and system resources in accordance with applicable access control policies.;Access Control (AC);;;aws;;PASS;User prowler-readonly does not have unused access keys for 45 days.;arn:aws:iam::992275841864:user/prowler-readonly;iam_user_accesskey_unused;False;prowler-readonly;FedRAMP-Low-Revision-4;FedRAMP Low Revision 4;
aws;The Federal Risk and Authorization Management Program (FedRAMP) was established in 2011. It provides a cost-effective, risk-based approach for the adoption and use of cloud services by the U.S. federal government. FedRAMP empowers federal agencies to use modern cloud technologies, with an emphasis on the security and protection of federal information.;992275841864;us-west-2;2026-08-18 15:47:07.870888;ac-2;Manage system accounts, group memberships, privileges, workflow, notifications, deactivations, and authorizations.;Access Control (AC);;;aws;;PASS;User demo-no-mfa-user does not have console access enabled or is unused.;arn:aws:iam::992275841864:user/demo-no-mfa-user;iam_user_console_access_unused;False;demo-no-mfa-user;FedRAMP-Low-Revision-4;FedRAMP Low Revision 4;
aws;The Federal Risk and Authorization Management Program (FedRAMP) was established in 2011. It provides a cost-effective, risk-based approach for the adoption and use of cloud services by the U.S. federal government. FedRAMP empowers federal agencies to use modern cloud technologies, with an emphasis on the security and protection of federal information.;992275841864;us-west-2;2026-08-18 15:47:07.870888;ac-3;The information system enforces approved authorizations for logical access to information and system resources in accordance with applicable access control policies.;Access Control (AC);;;aws;;PASS;User demo-no-mfa-user does not have console access enabled or is unused.;arn:aws:iam::992275841864:user/demo-no-mfa-user;iam_user_console_access_unused;False;demo-no-mfa-user;FedRAMP-Low-Revision-4;FedRAMP Low Revision 4;
aws;The Federal Risk and Authorization Management Program (FedRAMP) was established in 2011. It provides a cost-effective, risk-based approach for the adoption and use of cloud services by the U.S. federal government. FedRAMP empowers federal agencies to use modern cloud technologies, with an emphasis on the security and protection of federal information.;992275841864;us-west-2;2026-08-18 15:47:07.870888;ac-2;Manage system accounts, group memberships, privileges, workflow, notifications, deactivations, and authorizations.;Access Control (AC);;;aws;;PASS;User prowler-readonly does not have console access enabled or is unused.;arn:aws:iam::992275841864:user/prowler-readonly;iam_user_console_access_unused;False;prowler-readonly;FedRAMP-Low-Revision-4;FedRAMP Low Revision 4;
aws;The Federal Risk and Authorization Management Program (FedRAMP) was established in 2011. It provides a cost-effective, risk-based approach for the adoption and use of cloud services by the U.S. federal government. FedRAMP empowers federal agencies to use modern cloud technologies, with an emphasis on the security and protection of federal information.;992275841864;us-west-2;2026-08-18 15:47:07.870888;ac-3;The information system enforces approved authorizations for logical access to information and system resources in accordance with applicable access control policies.;Access Control (AC);;;aws;;PASS;User prowler-readonly does not have console access enabled or is unused.;arn:aws:iam::992275841864:user/prowler-readonly;iam_user_console_access_unused;False;prowler-readonly;FedRAMP-Low-Revision-4;FedRAMP Low Revision 4;
aws;The Federal Risk and Authorization Management Program (FedRAMP) was established in 2011. It provides a cost-effective, risk-based approach for the adoption and use of cloud services by the U.S. federal government. FedRAMP empowers federal agencies to use modern cloud technologies, with an emphasis on the security and protection of federal information.;992275841864;us-west-2;2026-08-18 15:47:07.870888;ac-2;Manage system accounts, group memberships, privileges, workflow, notifications, deactivations, and authorizations.;Access Control (AC);;;aws;;FAIL;User demo-no-mfa-user does not have any type of MFA enabled.;arn:aws:iam::992275841864:user/demo-no-mfa-user;iam_user_hardware_mfa_enabled;False;demo-no-mfa-user;FedRAMP-Low-Revision-4;FedRAMP Low Revision 4;
aws;The Federal Risk and Authorization Management Program (FedRAMP) was established in 2011. It provides a cost-effective, risk-based approach for the adoption and use of cloud services by the U.S. federal government. FedRAMP empowers federal agencies to use modern cloud technologies, with an emphasis on the security and protection of federal information.;992275841864;us-west-2;2026-08-18 15:47:07.870888;ac-2;Manage system accounts, group memberships, privileges, workflow, notifications, deactivations, and authorizations.;Access Control (AC);;;aws;;FAIL;User prowler-readonly does not have any type of MFA enabled.;arn:aws:iam::992275841864:user/prowler-readonly;iam_user_hardware_mfa_enabled;False;prowler-readonly;FedRAMP-Low-Revision-4;FedRAMP Low Revision 4;
aws;The Federal Risk and Authorization Management Program (FedRAMP) was established in 2011. It provides a cost-effective, risk-based approach for the adoption and use of cloud services by the U.S. federal government. FedRAMP empowers federal agencies to use modern cloud technologies, with an emphasis on the security and protection of federal information.;992275841864;us-west-2;2026-08-18 15:47:07.870888;ac-2;Manage system accounts, group memberships, privileges, workflow, notifications, deactivations, and authorizations.;Access Control (AC);;;aws;;PASS;User demo-no-mfa-user does not have Console Password enabled.;arn:aws:iam::992275841864:user/demo-no-mfa-user;iam_user_mfa_enabled_console_access;False;demo-no-mfa-user;FedRAMP-Low-Revision-4;FedRAMP Low Revision 4;
aws;The Federal Risk and Authorization Management Program (FedRAMP) was established in 2011. It provides a cost-effective, risk-based approach for the adoption and use of cloud services by the U.S. federal government. FedRAMP empowers federal agencies to use modern cloud technologies, with an emphasis on the security and protection of federal information.;992275841864;us-west-2;2026-08-18 15:47:07.870888;ia-2;The information system uniquely identifies and authenticates organizational users (or processes acting on behalf of organizational users).;Identification and Authentication (IA);;;aws;;PASS;User demo-no-mfa-user does not have Console Password enabled.;arn:aws:iam::992275841864:user/demo-no-mfa-user;iam_user_mfa_enabled_console_access;False;demo-no-mfa-user;FedRAMP-Low-Revision-4;FedRAMP Low Revision 4;
aws;The Federal Risk and Authorization Management Program (FedRAMP) was established in 2011. It provides a cost-effective, risk-based approach for the adoption and use of cloud services by the U.S. federal government. FedRAMP empowers federal agencies to use modern cloud technologies, with an emphasis on the security and protection of federal information.;992275841864;us-west-2;2026-08-18 15:47:07.870888;ac-2;Manage system accounts, group memberships, privileges, workflow, notifications, deactivations, and authorizations.;Access Control (AC);;;aws;;PASS;User prowler-readonly does not have Console Password enabled.;arn:aws:iam::992275841864:user/prowler-readonly;iam_user_mfa_enabled_console_access;False;prowler-readonly;FedRAMP-Low-Revision-4;FedRAMP Low Revision 4;
aws;The Federal Risk and Authorization Management Program (FedRAMP) was established in 2011. It provides a cost-effective, risk-based approach for the adoption and use of cloud services by the U.S. federal government. FedRAMP empowers federal agencies to use modern cloud technologies, with an emphasis on the security and protection of federal information.;992275841864;us-west-2;2026-08-18 15:47:07.870888;ia-2;The information system uniquely identifies and authenticates organizational users (or processes acting on behalf of organizational users).;Identification and Authentication (IA);;;aws;;PASS;User prowler-readonly does not have Console Password enabled.;arn:aws:iam::992275841864:user/prowler-readonly;iam_user_mfa_enabled_console_access;False;prowler-readonly;FedRAMP-Low-Revision-4;FedRAMP Low Revision 4;
aws;The Federal Risk and Authorization Management Program (FedRAMP) was established in 2011. It provides a cost-effective, risk-based approach for the adoption and use of cloud services by the U.S. federal government. FedRAMP empowers federal agencies to use modern cloud technologies, with an emphasis on the security and protection of federal information.;992275841864;us-west-2;2026-08-18 15:47:07.870888;ac-3;The information system enforces approved authorizations for logical access to information and system resources in accordance with applicable access control policies.;Access Control (AC);;;aws;;FAIL;Block Public Access is not configured for the account 992275841864.;arn:aws:s3:us-west-2:992275841864:account;s3_account_level_public_access_blocks;False;992275841864;FedRAMP-Low-Revision-4;FedRAMP Low Revision 4;
aws;The Federal Risk and Authorization Management Program (FedRAMP) was established in 2011. It provides a cost-effective, risk-based approach for the adoption and use of cloud services by the U.S. federal government. FedRAMP empowers federal agencies to use modern cloud technologies, with an emphasis on the security and protection of federal information.;992275841864;us-west-2;2026-08-18 15:47:07.870888;ac-17;Authorize remote access systems prior to connection. Enforce remote connection requirements to information systems.;Access Control (AC);;;aws;;FAIL;Block Public Access is not configured for the account 992275841864.;arn:aws:s3:us-west-2:992275841864:account;s3_account_level_public_access_blocks;False;992275841864;FedRAMP-Low-Revision-4;FedRAMP Low Revision 4;
aws;The Federal Risk and Authorization Management Program (FedRAMP) was established in 2011. It provides a cost-effective, risk-based approach for the adoption and use of cloud services by the U.S. federal government. FedRAMP empowers federal agencies to use modern cloud technologies, with an emphasis on the security and protection of federal information.;992275841864;us-west-2;2026-08-18 15:47:07.870888;cm-2;The organization develops, documents, and maintains under configuration control, a current baseline configuration of the information system.;Configuration Management (CM);;;aws;;FAIL;Block Public Access is not configured for the account 992275841864.;arn:aws:s3:us-west-2:992275841864:account;s3_account_level_public_access_blocks;False;992275841864;FedRAMP-Low-Revision-4;FedRAMP Low Revision 4;
aws;The Federal Risk and Authorization Management Program (FedRAMP) was established in 2011. It provides a cost-effective, risk-based approach for the adoption and use of cloud services by the U.S. federal government. FedRAMP empowers federal agencies to use modern cloud technologies, with an emphasis on the security and protection of federal information.;992275841864;us-west-2;2026-08-18 15:47:07.870888;sc-7;"The information system: a. Monitors and controls communications at the external boundary of the system and at key internal boundaries within the system; b. Implements subnetworks for publicly accessible system components that are [Selection: physically; logically] separated from internal organizational networks; and c. Connects to external networks or information systems only through managed interfaces consisting of boundary protection devices arranged in accordance with an organizational security architecture.";System and Communications Protection (SC);;;aws;;FAIL;Block Public Access is not configured for the account 992275841864.;arn:aws:s3:us-west-2:992275841864:account;s3_account_level_public_access_blocks;False;992275841864;FedRAMP-Low-Revision-4;FedRAMP Low Revision 4;
aws;The Federal Risk and Authorization Management Program (FedRAMP) was established in 2011. It provides a cost-effective, risk-based approach for the adoption and use of cloud services by the U.S. federal government. FedRAMP empowers federal agencies to use modern cloud technologies, with an emphasis on the security and protection of federal information.;992275841864;us-west-2;2026-08-18 15:47:07.870888;sc-13;The information system implements FIPS-validated or NSA-approved cryptography in accordance with applicable federal laws, Executive Orders, directives, policies, regulations, and standards.;System and Communications Protection (SC);;;aws;;PASS;S3 Bucket eg-prowler-demo-intentionally-vulnerable has Server Side Encryption with AES256.;arn:aws:s3:::eg-prowler-demo-intentionally-vulnerable;s3_bucket_default_encryption;False;eg-prowler-demo-intentionally-vulnerable;FedRAMP-Low-Revision-4;FedRAMP Low Revision 4;
aws;The Federal Risk and Authorization Management Program (FedRAMP) was established in 2011. It provides a cost-effective, risk-based approach for the adoption and use of cloud services by the U.S. federal government. FedRAMP empowers federal agencies to use modern cloud technologies, with an emphasis on the security and protection of federal information.;992275841864;us-west-2;2026-08-18 15:47:07.870888;au-9;The information system protects audit information and audit tools from unauthorized access, modification, and deletion.;Audit and Accountability (AU);;;aws;;FAIL;S3 Bucket eg-prowler-demo-intentionally-vulnerable has versioning disabled.;arn:aws:s3:::eg-prowler-demo-intentionally-vulnerable;s3_bucket_object_versioning;False;eg-prowler-demo-intentionally-vulnerable;FedRAMP-Low-Revision-4;FedRAMP Low Revision 4;
aws;The Federal Risk and Authorization Management Program (FedRAMP) was established in 2011. It provides a cost-effective, risk-based approach for the adoption and use of cloud services by the U.S. federal government. FedRAMP empowers federal agencies to use modern cloud technologies, with an emphasis on the security and protection of federal information.;992275841864;us-west-2;2026-08-18 15:47:07.870888;cp-9;The organization conducts backups of user-level information, system-level information and information system documentation including security-related documentation contained in the information system and protects the confidentiality, integrity, and availability of backup information at storage locations.;Contingency Planning (CP);;;aws;;FAIL;S3 Bucket eg-prowler-demo-intentionally-vulnerable has versioning disabled.;arn:aws:s3:::eg-prowler-demo-intentionally-vulnerable;s3_bucket_object_versioning;False;eg-prowler-demo-intentionally-vulnerable;FedRAMP-Low-Revision-4;FedRAMP Low Revision 4;
aws;The Federal Risk and Authorization Management Program (FedRAMP) was established in 2011. It provides a cost-effective, risk-based approach for the adoption and use of cloud services by the U.S. federal government. FedRAMP empowers federal agencies to use modern cloud technologies, with an emphasis on the security and protection of federal information.;992275841864;us-west-2;2026-08-18 15:47:07.870888;cp-10;The organization provides for the recovery and reconstitution of the information system to a known state after a disruption, compromise, or failure.;Contingency Planning (CP);;;aws;;FAIL;S3 Bucket eg-prowler-demo-intentionally-vulnerable has versioning disabled.;arn:aws:s3:::eg-prowler-demo-intentionally-vulnerable;s3_bucket_object_versioning;False;eg-prowler-demo-intentionally-vulnerable;FedRAMP-Low-Revision-4;FedRAMP Low Revision 4;
aws;The Federal Risk and Authorization Management Program (FedRAMP) was established in 2011. It provides a cost-effective, risk-based approach for the adoption and use of cloud services by the U.S. federal government. FedRAMP empowers federal agencies to use modern cloud technologies, with an emphasis on the security and protection of federal information.;992275841864;us-west-2;2026-08-18 15:47:07.870888;sc-5;The information system protects against or limits the effects of the following types of denial of service attacks: [Assignment: organization-defined types of denial of service attacks or references to sources for such information] by employing [Assignment: organization-defined security safeguards].;System and Communications Protection (SC);;;aws;;FAIL;S3 Bucket eg-prowler-demo-intentionally-vulnerable has versioning disabled.;arn:aws:s3:::eg-prowler-demo-intentionally-vulnerable;s3_bucket_object_versioning;False;eg-prowler-demo-intentionally-vulnerable;FedRAMP-Low-Revision-4;FedRAMP Low Revision 4;
aws;The Federal Risk and Authorization Management Program (FedRAMP) was established in 2011. It provides a cost-effective, risk-based approach for the adoption and use of cloud services by the U.S. federal government. FedRAMP empowers federal agencies to use modern cloud technologies, with an emphasis on the security and protection of federal information.;992275841864;us-west-2;2026-08-18 15:47:07.870888;ac-3;The information system enforces approved authorizations for logical access to information and system resources in accordance with applicable access control policies.;Access Control (AC);;;aws;;PASS;S3 Bucket eg-prowler-demo-intentionally-vulnerable does not have a bucket policy.;arn:aws:s3:::eg-prowler-demo-intentionally-vulnerable;s3_bucket_policy_public_write_access;False;eg-prowler-demo-intentionally-vulnerable;FedRAMP-Low-Revision-4;FedRAMP Low Revision 4;
aws;The Federal Risk and Authorization Management Program (FedRAMP) was established in 2011. It provides a cost-effective, risk-based approach for the adoption and use of cloud services by the U.S. federal government. FedRAMP empowers federal agencies to use modern cloud technologies, with an emphasis on the security and protection of federal information.;992275841864;us-west-2;2026-08-18 15:47:07.870888;ac-17;Authorize remote access systems prior to connection. Enforce remote connection requirements to information systems.;Access Control (AC);;;aws;;PASS;S3 Bucket eg-prowler-demo-intentionally-vulnerable does not have a bucket policy.;arn:aws:s3:::eg-prowler-demo-intentionally-vulnerable;s3_bucket_policy_public_write_access;False;eg-prowler-demo-intentionally-vulnerable;FedRAMP-Low-Revision-4;FedRAMP Low Revision 4;
aws;The Federal Risk and Authorization Management Program (FedRAMP) was established in 2011. It provides a cost-effective, risk-based approach for the adoption and use of cloud services by the U.S. federal government. FedRAMP empowers federal agencies to use modern cloud technologies, with an emphasis on the security and protection of federal information.;992275841864;us-west-2;2026-08-18 15:47:07.870888;cm-2;The organization develops, documents, and maintains under configuration control, a current baseline configuration of the information system.;Configuration Management (CM);;;aws;;PASS;S3 Bucket eg-prowler-demo-intentionally-vulnerable does not have a bucket policy.;arn:aws:s3:::eg-prowler-demo-intentionally-vulnerable;s3_bucket_policy_public_write_access;False;eg-prowler-demo-intentionally-vulnerable;FedRAMP-Low-Revision-4;FedRAMP Low Revision 4;
aws;The Federal Risk and Authorization Management Program (FedRAMP) was established in 2011. It provides a cost-effective, risk-based approach for the adoption and use of cloud services by the U.S. federal government. FedRAMP empowers federal agencies to use modern cloud technologies, with an emphasis on the security and protection of federal information.;992275841864;us-west-2;2026-08-18 15:47:07.870888;sc-7;"The information system: a. Monitors and controls communications at the external boundary of the system and at key internal boundaries within the system; b. Implements subnetworks for publicly accessible system components that are [Selection: physically; logically] separated from internal organizational networks; and c. Connects to external networks or information systems only through managed interfaces consisting of boundary protection devices arranged in accordance with an organizational security architecture.";System and Communications Protection (SC);;;aws;;PASS;S3 Bucket eg-prowler-demo-intentionally-vulnerable does not have a bucket policy.;arn:aws:s3:::eg-prowler-demo-intentionally-vulnerable;s3_bucket_policy_public_write_access;False;eg-prowler-demo-intentionally-vulnerable;FedRAMP-Low-Revision-4;FedRAMP Low Revision 4;
aws;The Federal Risk and Authorization Management Program (FedRAMP) was established in 2011. It provides a cost-effective, risk-based approach for the adoption and use of cloud services by the U.S. federal government. FedRAMP empowers federal agencies to use modern cloud technologies, with an emphasis on the security and protection of federal information.;992275841864;us-west-2;2026-08-18 15:47:07.870888;ac-3;The information system enforces approved authorizations for logical access to information and system resources in accordance with applicable access control policies.;Access Control (AC);;;aws;;PASS;S3 Bucket eg-prowler-demo-intentionally-vulnerable is not public.;arn:aws:s3:::eg-prowler-demo-intentionally-vulnerable;s3_bucket_public_access;False;eg-prowler-demo-intentionally-vulnerable;FedRAMP-Low-Revision-4;FedRAMP Low Revision 4;
aws;The Federal Risk and Authorization Management Program (FedRAMP) was established in 2011. It provides a cost-effective, risk-based approach for the adoption and use of cloud services by the U.S. federal government. FedRAMP empowers federal agencies to use modern cloud technologies, with an emphasis on the security and protection of federal information.;992275841864;us-west-2;2026-08-18 15:47:07.870888;ac-17;Authorize remote access systems prior to connection. Enforce remote connection requirements to information systems.;Access Control (AC);;;aws;;PASS;S3 Bucket eg-prowler-demo-intentionally-vulnerable is not public.;arn:aws:s3:::eg-prowler-demo-intentionally-vulnerable;s3_bucket_public_access;False;eg-prowler-demo-intentionally-vulnerable;FedRAMP-Low-Revision-4;FedRAMP Low Revision 4;
aws;The Federal Risk and Authorization Management Program (FedRAMP) was established in 2011. It provides a cost-effective, risk-based approach for the adoption and use of cloud services by the U.S. federal government. FedRAMP empowers federal agencies to use modern cloud technologies, with an emphasis on the security and protection of federal information.;992275841864;us-west-2;2026-08-18 15:47:07.870888;cm-2;The organization develops, documents, and maintains under configuration control, a current baseline configuration of the information system.;Configuration Management (CM);;;aws;;PASS;S3 Bucket eg-prowler-demo-intentionally-vulnerable is not public.;arn:aws:s3:::eg-prowler-demo-intentionally-vulnerable;s3_bucket_public_access;False;eg-prowler-demo-intentionally-vulnerable;FedRAMP-Low-Revision-4;FedRAMP Low Revision 4;
aws;The Federal Risk and Authorization Management Program (FedRAMP) was established in 2011. It provides a cost-effective, risk-based approach for the adoption and use of cloud services by the U.S. federal government. FedRAMP empowers federal agencies to use modern cloud technologies, with an emphasis on the security and protection of federal information.;992275841864;us-west-2;2026-08-18 15:47:07.870888;sc-7;"The information system: a. Monitors and controls communications at the external boundary of the system and at key internal boundaries within the system; b. Implements subnetworks for publicly accessible system components that are [Selection: physically; logically] separated from internal organizational networks; and c. Connects to external networks or information systems only through managed interfaces consisting of boundary protection devices arranged in accordance with an organizational security architecture.";System and Communications Protection (SC);;;aws;;PASS;S3 Bucket eg-prowler-demo-intentionally-vulnerable is not public.;arn:aws:s3:::eg-prowler-demo-intentionally-vulnerable;s3_bucket_public_access;False;eg-prowler-demo-intentionally-vulnerable;FedRAMP-Low-Revision-4;FedRAMP Low Revision 4;
aws;The Federal Risk and Authorization Management Program (FedRAMP) was established in 2011. It provides a cost-effective, risk-based approach for the adoption and use of cloud services by the U.S. federal government. FedRAMP empowers federal agencies to use modern cloud technologies, with an emphasis on the security and protection of federal information.;992275841864;us-west-2;2026-08-18 15:47:07.870888;ac-17;Authorize remote access systems prior to connection. Enforce remote connection requirements to information systems.;Access Control (AC);;;aws;;FAIL;S3 Bucket eg-prowler-demo-intentionally-vulnerable does not have a bucket policy, thus it allows HTTP requests.;arn:aws:s3:::eg-prowler-demo-intentionally-vulnerable;s3_bucket_secure_transport_policy;False;eg-prowler-demo-intentionally-vulnerable;FedRAMP-Low-Revision-4;FedRAMP Low Revision 4;
aws;The Federal Risk and Authorization Management Program (FedRAMP) was established in 2011. It provides a cost-effective, risk-based approach for the adoption and use of cloud services by the U.S. federal government. FedRAMP empowers federal agencies to use modern cloud technologies, with an emphasis on the security and protection of federal information.;992275841864;us-west-2;2026-08-18 15:47:07.870888;sc-7;"The information system: a. Monitors and controls communications at the external boundary of the system and at key internal boundaries within the system; b. Implements subnetworks for publicly accessible system components that are [Selection: physically; logically] separated from internal organizational networks; and c. Connects to external networks or information systems only through managed interfaces consisting of boundary protection devices arranged in accordance with an organizational security architecture.";System and Communications Protection (SC);;;aws;;FAIL;S3 Bucket eg-prowler-demo-intentionally-vulnerable does not have a bucket policy, thus it allows HTTP requests.;arn:aws:s3:::eg-prowler-demo-intentionally-vulnerable;s3_bucket_secure_transport_policy;False;eg-prowler-demo-intentionally-vulnerable;FedRAMP-Low-Revision-4;FedRAMP Low Revision 4;
aws;The Federal Risk and Authorization Management Program (FedRAMP) was established in 2011. It provides a cost-effective, risk-based approach for the adoption and use of cloud services by the U.S. federal government. FedRAMP empowers federal agencies to use modern cloud technologies, with an emphasis on the security and protection of federal information.;992275841864;us-west-2;2026-08-18 15:47:07.870888;ac-2;Manage system accounts, group memberships, privileges, workflow, notifications, deactivations, and authorizations.;Access Control (AC);;;aws;;FAIL;S3 Bucket eg-prowler-demo-intentionally-vulnerable has server access logging disabled.;arn:aws:s3:::eg-prowler-demo-intentionally-vulnerable;s3_bucket_server_access_logging_enabled;False;eg-prowler-demo-intentionally-vulnerable;FedRAMP-Low-Revision-4;FedRAMP Low Revision 4;
aws;The Federal Risk and Authorization Management Program (FedRAMP) was established in 2011. It provides a cost-effective, risk-based approach for the adoption and use of cloud services by the U.S. federal government. FedRAMP empowers federal agencies to use modern cloud technologies, with an emphasis on the security and protection of federal information.;992275841864;us-west-2;2026-08-18 15:47:07.870888;au-2;"The organization: a. Determines that the information system is capable of auditing the following events: [Assignment: organization-defined auditable events]; b. Coordinates the security audit function with other organizational entities requiring audit- related information to enhance mutual support and to help guide the selection of auditable events; c. Provides a rationale for why the auditable events are deemed to be adequate support after- the-fact investigations of security incidents";Audit and Accountability (AU);;;aws;;FAIL;S3 Bucket eg-prowler-demo-intentionally-vulnerable has server access logging disabled.;arn:aws:s3:::eg-prowler-demo-intentionally-vulnerable;s3_bucket_server_access_logging_enabled;False;eg-prowler-demo-intentionally-vulnerable;FedRAMP-Low-Revision-4;FedRAMP Low Revision 4;
aws;The Federal Risk and Authorization Management Program (FedRAMP) was established in 2011. It provides a cost-effective, risk-based approach for the adoption and use of cloud services by the U.S. federal government. FedRAMP empowers federal agencies to use modern cloud technologies, with an emphasis on the security and protection of federal information.;992275841864;us-west-2;2026-08-18 15:47:07.870888;ac-2;Manage system accounts, group memberships, privileges, workflow, notifications, deactivations, and authorizations.;Access Control (AC);;;aws;;FAIL;Security Hub is not enabled.;arn:aws:securityhub:us-west-2:992275841864:hub/unknown;securityhub_enabled;False;hub/unknown;FedRAMP-Low-Revision-4;FedRAMP Low Revision 4;
aws;The Federal Risk and Authorization Management Program (FedRAMP) was established in 2011. It provides a cost-effective, risk-based approach for the adoption and use of cloud services by the U.S. federal government. FedRAMP empowers federal agencies to use modern cloud technologies, with an emphasis on the security and protection of federal information.;992275841864;us-west-2;2026-08-18 15:47:07.870888;ac-17;Authorize remote access systems prior to connection. Enforce remote connection requirements to information systems.;Access Control (AC);;;aws;;FAIL;Security Hub is not enabled.;arn:aws:securityhub:us-west-2:992275841864:hub/unknown;securityhub_enabled;False;hub/unknown;FedRAMP-Low-Revision-4;FedRAMP Low Revision 4;
aws;The Federal Risk and Authorization Management Program (FedRAMP) was established in 2011. It provides a cost-effective, risk-based approach for the adoption and use of cloud services by the U.S. federal government. FedRAMP empowers federal agencies to use modern cloud technologies, with an emphasis on the security and protection of federal information.;992275841864;us-west-2;2026-08-18 15:47:07.870888;ca-7;Continuously monitor configuration management processes. Determine security impact, environment and operational risks.;Security Assessment And Authorization (CA);;;aws;;FAIL;Security Hub is not enabled.;arn:aws:securityhub:us-west-2:992275841864:hub/unknown;securityhub_enabled;False;hub/unknown;FedRAMP-Low-Revision-4;FedRAMP Low Revision 4;
aws;The Federal Risk and Authorization Management Program (FedRAMP) was established in 2011. It provides a cost-effective, risk-based approach for the adoption and use of cloud services by the U.S. federal government. FedRAMP empowers federal agencies to use modern cloud technologies, with an emphasis on the security and protection of federal information.;992275841864;us-west-2;2026-08-18 15:47:07.870888;ir-4;The organization implements an incident handling capability for security incidents that includes preparation, detection and analysis, containment, eradication, and recovery, coordinates incident handling activities with contingency planning activities and incorporates lessons learned from ongoing incident handling activities into incident response procedures, training, and testing, and implements the resulting changes accordingly.;Incident Response (IR);;;aws;;FAIL;Security Hub is not enabled.;arn:aws:securityhub:us-west-2:992275841864:hub/unknown;securityhub_enabled;False;hub/unknown;FedRAMP-Low-Revision-4;FedRAMP Low Revision 4;
aws;The Federal Risk and Authorization Management Program (FedRAMP) was established in 2011. It provides a cost-effective, risk-based approach for the adoption and use of cloud services by the U.S. federal government. FedRAMP empowers federal agencies to use modern cloud technologies, with an emphasis on the security and protection of federal information.;992275841864;us-west-2;2026-08-18 15:47:07.870888;au-2;"The organization: a. Determines that the information system is capable of auditing the following events: [Assignment: organization-defined auditable events]; b. Coordinates the security audit function with other organizational entities requiring audit- related information to enhance mutual support and to help guide the selection of auditable events; c. Provides a rationale for why the auditable events are deemed to be adequate support after- the-fact investigations of security incidents";Audit and Accountability (AU);;;aws;;FAIL;VPC vpc-0866e7410e62ffd29 Flow logs are disabled.;arn:aws:ec2:us-west-2:992275841864:vpc/vpc-0866e7410e62ffd29;vpc_flow_logs_enabled;False;vpc-0866e7410e62ffd29;FedRAMP-Low-Revision-4;FedRAMP Low Revision 4;
