PROVIDER;DESCRIPTION;ACCOUNTID;REGION;ASSESSMENTDATE;REQUIREMENTS_ID;REQUIREMENTS_DESCRIPTION;REQUIREMENTS_ATTRIBUTES_SECTION;REQUIREMENTS_ATTRIBUTES_SUBSECTION;REQUIREMENTS_ATTRIBUTES_SUBGROUP;REQUIREMENTS_ATTRIBUTES_SERVICE;REQUIREMENTS_ATTRIBUTES_TYPE;STATUS;STATUSEXTENDED;RESOURCEID;CHECKID;MUTED;RESOURCENAME;FRAMEWORK;NAME;REQUIREMENTS_ATTRIBUTES_COMMENT
aws;The NIST Cybersecurity Framework (CSF) is supported by governments and industries worldwide as a recommended baseline for use by any organization, regardless of sector or size. The NIST Cybersecurity Framework consists of three primary components: the framework core, the profiles, and the implementation tiers. The framework core contains desired cybersecurity activities and outcomes organized into 23 categories that cover the breadth of cybersecurity objectives for an organization. The profiles contain an organization's unique alignment of their organizational requirements and objectives, risk appetite, and resources using the desired outcomes of the framework core. The implementation tiers describe the degree to which an organization’s cybersecurity risk management practices exhibit the characteristics defined in the framework core.;992275841864;us-west-2;2026-08-18 15:47:07.870888;ac_3;Remote access is managed.;Protect (PR);Identity Management and Access Control (PR.AC);;aws;;PASS;Lambda function auto-shutdown-untagged-instances has a resource-based policy without public access.;arn:aws:lambda:us-west-2:992275841864:function:auto-shutdown-untagged-instances;awslambda_function_not_publicly_accessible;False;auto-shutdown-untagged-instances;NIST-CSF;National Institute of Standards and Technology (NIST) Cybersecurity Framework (CSF) v1.1;
aws;The NIST Cybersecurity Framework (CSF) is supported by governments and industries worldwide as a recommended baseline for use by any organization, regardless of sector or size. The NIST Cybersecurity Framework consists of three primary components: the framework core, the profiles, and the implementation tiers. The framework core contains desired cybersecurity activities and outcomes organized into 23 categories that cover the breadth of cybersecurity objectives for an organization. The profiles contain an organization's unique alignment of their organizational requirements and objectives, risk appetite, and resources using the desired outcomes of the framework core. The implementation tiers describe the degree to which an organization’s cybersecurity risk management practices exhibit the characteristics defined in the framework core.;992275841864;us-west-2;2026-08-18 15:47:07.870888;ac_5;Network integrity is protected (e.g., network segregation, network segmentation).;Protect (PR);Identity Management and Access Control (PR.AC);;aws;;PASS;Lambda function auto-shutdown-untagged-instances has a resource-based policy without public access.;arn:aws:lambda:us-west-2:992275841864:function:auto-shutdown-untagged-instances;awslambda_function_not_publicly_accessible;False;auto-shutdown-untagged-instances;NIST-CSF;National Institute of Standards and Technology (NIST) Cybersecurity Framework (CSF) v1.1;
aws;The NIST Cybersecurity Framework (CSF) is supported by governments and industries worldwide as a recommended baseline for use by any organization, regardless of sector or size. The NIST Cybersecurity Framework consists of three primary components: the framework core, the profiles, and the implementation tiers. The framework core contains desired cybersecurity activities and outcomes organized into 23 categories that cover the breadth of cybersecurity objectives for an organization. The profiles contain an organization's unique alignment of their organizational requirements and objectives, risk appetite, and resources using the desired outcomes of the framework core. The implementation tiers describe the degree to which an organization’s cybersecurity risk management practices exhibit the characteristics defined in the framework core.;992275841864;us-west-2;2026-08-18 15:47:07.870888;pt_4;Communications and control networks are protected.;Protect (PR);Protective Technology (PR.PT);;aws;;PASS;Lambda function auto-shutdown-untagged-instances has a resource-based policy without public access.;arn:aws:lambda:us-west-2:992275841864:function:auto-shutdown-untagged-instances;awslambda_function_not_publicly_accessible;False;auto-shutdown-untagged-instances;NIST-CSF;National Institute of Standards and Technology (NIST) Cybersecurity Framework (CSF) v1.1;
aws;The NIST Cybersecurity Framework (CSF) is supported by governments and industries worldwide as a recommended baseline for use by any organization, regardless of sector or size. The NIST Cybersecurity Framework consists of three primary components: the framework core, the profiles, and the implementation tiers. The framework core contains desired cybersecurity activities and outcomes organized into 23 categories that cover the breadth of cybersecurity objectives for an organization. The profiles contain an organization's unique alignment of their organizational requirements and objectives, risk appetite, and resources using the desired outcomes of the framework core. The implementation tiers describe the degree to which an organization’s cybersecurity risk management practices exhibit the characteristics defined in the framework core.;992275841864;ap-northeast-1;2026-08-18 15:47:07.870888;ae_1;A baseline of network operations and expected data flows for users and systems is established and managed.;Detect (DE);Anomalies and Events (DE.AE);;aws;;FAIL;No CloudTrail trails enabled with logging were found.;arn:aws:cloudtrail:ap-northeast-1:992275841864:trail;cloudtrail_multi_region_enabled;False;992275841864;NIST-CSF;National Institute of Standards and Technology (NIST) Cybersecurity Framework (CSF) v1.1;
aws;The NIST Cybersecurity Framework (CSF) is supported by governments and industries worldwide as a recommended baseline for use by any organization, regardless of sector or size. The NIST Cybersecurity Framework consists of three primary components: the framework core, the profiles, and the implementation tiers. The framework core contains desired cybersecurity activities and outcomes organized into 23 categories that cover the breadth of cybersecurity objectives for an organization. The profiles contain an organization's unique alignment of their organizational requirements and objectives, risk appetite, and resources using the desired outcomes of the framework core. The implementation tiers describe the degree to which an organization’s cybersecurity risk management practices exhibit the characteristics defined in the framework core.;992275841864;ap-northeast-1;2026-08-18 15:47:07.870888;ae_3;Event data are collected and correlated from multiple sources and sensors.;Detect (DE);Anomalies and Events (DE.AE);;aws;;FAIL;No CloudTrail trails enabled with logging were found.;arn:aws:cloudtrail:ap-northeast-1:992275841864:trail;cloudtrail_multi_region_enabled;False;992275841864;NIST-CSF;National Institute of Standards and Technology (NIST) Cybersecurity Framework (CSF) v1.1;
aws;The NIST Cybersecurity Framework (CSF) is supported by governments and industries worldwide as a recommended baseline for use by any organization, regardless of sector or size. The NIST Cybersecurity Framework consists of three primary components: the framework core, the profiles, and the implementation tiers. The framework core contains desired cybersecurity activities and outcomes organized into 23 categories that cover the breadth of cybersecurity objectives for an organization. The profiles contain an organization's unique alignment of their organizational requirements and objectives, risk appetite, and resources using the desired outcomes of the framework core. The implementation tiers describe the degree to which an organization’s cybersecurity risk management practices exhibit the characteristics defined in the framework core.;992275841864;ap-northeast-1;2026-08-18 15:47:07.870888;ae_4;Impact of events is determined.;Detect (DE);Anomalies and Events (DE.AE);;aws;;FAIL;No CloudTrail trails enabled with logging were found.;arn:aws:cloudtrail:ap-northeast-1:992275841864:trail;cloudtrail_multi_region_enabled;False;992275841864;NIST-CSF;National Institute of Standards and Technology (NIST) Cybersecurity Framework (CSF) v1.1;
aws;The NIST Cybersecurity Framework (CSF) is supported by governments and industries worldwide as a recommended baseline for use by any organization, regardless of sector or size. The NIST Cybersecurity Framework consists of three primary components: the framework core, the profiles, and the implementation tiers. The framework core contains desired cybersecurity activities and outcomes organized into 23 categories that cover the breadth of cybersecurity objectives for an organization. The profiles contain an organization's unique alignment of their organizational requirements and objectives, risk appetite, and resources using the desired outcomes of the framework core. The implementation tiers describe the degree to which an organization’s cybersecurity risk management practices exhibit the characteristics defined in the framework core.;992275841864;ap-northeast-1;2026-08-18 15:47:07.870888;cm_1;The network is monitored to detect potential cybersecurity events.;Detect (DE);Security Continuous Monitoring (DE.CM);;aws;;FAIL;No CloudTrail trails enabled with logging were found.;arn:aws:cloudtrail:ap-northeast-1:992275841864:trail;cloudtrail_multi_region_enabled;False;992275841864;NIST-CSF;National Institute of Standards and Technology (NIST) Cybersecurity Framework (CSF) v1.1;
aws;The NIST Cybersecurity Framework (CSF) is supported by governments and industries worldwide as a recommended baseline for use by any organization, regardless of sector or size. The NIST Cybersecurity Framework consists of three primary components: the framework core, the profiles, and the implementation tiers. The framework core contains desired cybersecurity activities and outcomes organized into 23 categories that cover the breadth of cybersecurity objectives for an organization. The profiles contain an organization's unique alignment of their organizational requirements and objectives, risk appetite, and resources using the desired outcomes of the framework core. The implementation tiers describe the degree to which an organization’s cybersecurity risk management practices exhibit the characteristics defined in the framework core.;992275841864;ap-northeast-1;2026-08-18 15:47:07.870888;cm_3;Personnel activity is monitored to detect potential cybersecurity events.;Detect (DE);Security Continuous Monitoring (DE.CM);;aws;;FAIL;No CloudTrail trails enabled with logging were found.;arn:aws:cloudtrail:ap-northeast-1:992275841864:trail;cloudtrail_multi_region_enabled;False;992275841864;NIST-CSF;National Institute of Standards and Technology (NIST) Cybersecurity Framework (CSF) v1.1;
aws;The NIST Cybersecurity Framework (CSF) is supported by governments and industries worldwide as a recommended baseline for use by any organization, regardless of sector or size. The NIST Cybersecurity Framework consists of three primary components: the framework core, the profiles, and the implementation tiers. The framework core contains desired cybersecurity activities and outcomes organized into 23 categories that cover the breadth of cybersecurity objectives for an organization. The profiles contain an organization's unique alignment of their organizational requirements and objectives, risk appetite, and resources using the desired outcomes of the framework core. The implementation tiers describe the degree to which an organization’s cybersecurity risk management practices exhibit the characteristics defined in the framework core.;992275841864;ap-northeast-1;2026-08-18 15:47:07.870888;cm_6;External service provider activity is monitored to detect potential cybersecurity events.;Detect (DE);Security Continuous Monitoring (DE.CM);;aws;;FAIL;No CloudTrail trails enabled with logging were found.;arn:aws:cloudtrail:ap-northeast-1:992275841864:trail;cloudtrail_multi_region_enabled;False;992275841864;NIST-CSF;National Institute of Standards and Technology (NIST) Cybersecurity Framework (CSF) v1.1;
aws;The NIST Cybersecurity Framework (CSF) is supported by governments and industries worldwide as a recommended baseline for use by any organization, regardless of sector or size. The NIST Cybersecurity Framework consists of three primary components: the framework core, the profiles, and the implementation tiers. The framework core contains desired cybersecurity activities and outcomes organized into 23 categories that cover the breadth of cybersecurity objectives for an organization. The profiles contain an organization's unique alignment of their organizational requirements and objectives, risk appetite, and resources using the desired outcomes of the framework core. The implementation tiers describe the degree to which an organization’s cybersecurity risk management practices exhibit the characteristics defined in the framework core.;992275841864;ap-northeast-1;2026-08-18 15:47:07.870888;cm_7;Monitoring for unauthorized personnel, connections, devices, and software is performed.;Detect (DE);Security Continuous Monitoring (DE.CM);;aws;;FAIL;No CloudTrail trails enabled with logging were found.;arn:aws:cloudtrail:ap-northeast-1:992275841864:trail;cloudtrail_multi_region_enabled;False;992275841864;NIST-CSF;National Institute of Standards and Technology (NIST) Cybersecurity Framework (CSF) v1.1;
aws;The NIST Cybersecurity Framework (CSF) is supported by governments and industries worldwide as a recommended baseline for use by any organization, regardless of sector or size. The NIST Cybersecurity Framework consists of three primary components: the framework core, the profiles, and the implementation tiers. The framework core contains desired cybersecurity activities and outcomes organized into 23 categories that cover the breadth of cybersecurity objectives for an organization. The profiles contain an organization's unique alignment of their organizational requirements and objectives, risk appetite, and resources using the desired outcomes of the framework core. The implementation tiers describe the degree to which an organization’s cybersecurity risk management practices exhibit the characteristics defined in the framework core.;992275841864;ap-northeast-1;2026-08-18 15:47:07.870888;am_3;Organizational communication and data flows are mapped.;Identify (ID);Asset Management (ID.AM);;aws;;FAIL;No CloudTrail trails enabled with logging were found.;arn:aws:cloudtrail:ap-northeast-1:992275841864:trail;cloudtrail_multi_region_enabled;False;992275841864;NIST-CSF;National Institute of Standards and Technology (NIST) Cybersecurity Framework (CSF) v1.1;
aws;The NIST Cybersecurity Framework (CSF) is supported by governments and industries worldwide as a recommended baseline for use by any organization, regardless of sector or size. The NIST Cybersecurity Framework consists of three primary components: the framework core, the profiles, and the implementation tiers. The framework core contains desired cybersecurity activities and outcomes organized into 23 categories that cover the breadth of cybersecurity objectives for an organization. The profiles contain an organization's unique alignment of their organizational requirements and objectives, risk appetite, and resources using the desired outcomes of the framework core. The implementation tiers describe the degree to which an organization’s cybersecurity risk management practices exhibit the characteristics defined in the framework core.;992275841864;ap-northeast-1;2026-08-18 15:47:07.870888;ac_6;Identities are proofed and bound to credentials and asserted in interactions.;Protect (PR);Identity Management and Access Control (PR.AC);;aws;;FAIL;No CloudTrail trails enabled with logging were found.;arn:aws:cloudtrail:ap-northeast-1:992275841864:trail;cloudtrail_multi_region_enabled;False;992275841864;NIST-CSF;National Institute of Standards and Technology (NIST) Cybersecurity Framework (CSF) v1.1;
aws;The NIST Cybersecurity Framework (CSF) is supported by governments and industries worldwide as a recommended baseline for use by any organization, regardless of sector or size. The NIST Cybersecurity Framework consists of three primary components: the framework core, the profiles, and the implementation tiers. The framework core contains desired cybersecurity activities and outcomes organized into 23 categories that cover the breadth of cybersecurity objectives for an organization. The profiles contain an organization's unique alignment of their organizational requirements and objectives, risk appetite, and resources using the desired outcomes of the framework core. The implementation tiers describe the degree to which an organization’s cybersecurity risk management practices exhibit the characteristics defined in the framework core.;992275841864;ap-northeast-1;2026-08-18 15:47:07.870888;ds_5;Protections against data leaks are implemented.;Protect (PR);Data Security (PR.DS);;aws;;FAIL;No CloudTrail trails enabled with logging were found.;arn:aws:cloudtrail:ap-northeast-1:992275841864:trail;cloudtrail_multi_region_enabled;False;992275841864;NIST-CSF;National Institute of Standards and Technology (NIST) Cybersecurity Framework (CSF) v1.1;
aws;The NIST Cybersecurity Framework (CSF) is supported by governments and industries worldwide as a recommended baseline for use by any organization, regardless of sector or size. The NIST Cybersecurity Framework consists of three primary components: the framework core, the profiles, and the implementation tiers. The framework core contains desired cybersecurity activities and outcomes organized into 23 categories that cover the breadth of cybersecurity objectives for an organization. The profiles contain an organization's unique alignment of their organizational requirements and objectives, risk appetite, and resources using the desired outcomes of the framework core. The implementation tiers describe the degree to which an organization’s cybersecurity risk management practices exhibit the characteristics defined in the framework core.;992275841864;ap-northeast-1;2026-08-18 15:47:07.870888;ma_2;Remote maintenance of organizational assets is approved, logged, and performed in a manner that prevents unauthorized access.;Protect (PR);Maintenance (PR.MA);;cloudtrail;;FAIL;No CloudTrail trails enabled with logging were found.;arn:aws:cloudtrail:ap-northeast-1:992275841864:trail;cloudtrail_multi_region_enabled;False;992275841864;NIST-CSF;National Institute of Standards and Technology (NIST) Cybersecurity Framework (CSF) v1.1;
aws;The NIST Cybersecurity Framework (CSF) is supported by governments and industries worldwide as a recommended baseline for use by any organization, regardless of sector or size. The NIST Cybersecurity Framework consists of three primary components: the framework core, the profiles, and the implementation tiers. The framework core contains desired cybersecurity activities and outcomes organized into 23 categories that cover the breadth of cybersecurity objectives for an organization. The profiles contain an organization's unique alignment of their organizational requirements and objectives, risk appetite, and resources using the desired outcomes of the framework core. The implementation tiers describe the degree to which an organization’s cybersecurity risk management practices exhibit the characteristics defined in the framework core.;992275841864;ap-northeast-1;2026-08-18 15:47:07.870888;pt_1;Audit/log records are determined, documented, implemented, and reviewed in accordance with policy.;Protect (PR);Protective Technology (PR.PT);;aws;;FAIL;No CloudTrail trails enabled with logging were found.;arn:aws:cloudtrail:ap-northeast-1:992275841864:trail;cloudtrail_multi_region_enabled;False;992275841864;NIST-CSF;National Institute of Standards and Technology (NIST) Cybersecurity Framework (CSF) v1.1;
aws;The NIST Cybersecurity Framework (CSF) is supported by governments and industries worldwide as a recommended baseline for use by any organization, regardless of sector or size. The NIST Cybersecurity Framework consists of three primary components: the framework core, the profiles, and the implementation tiers. The framework core contains desired cybersecurity activities and outcomes organized into 23 categories that cover the breadth of cybersecurity objectives for an organization. The profiles contain an organization's unique alignment of their organizational requirements and objectives, risk appetite, and resources using the desired outcomes of the framework core. The implementation tiers describe the degree to which an organization’s cybersecurity risk management practices exhibit the characteristics defined in the framework core.;992275841864;ap-northeast-2;2026-08-18 15:47:07.870888;ae_1;A baseline of network operations and expected data flows for users and systems is established and managed.;Detect (DE);Anomalies and Events (DE.AE);;aws;;FAIL;No CloudTrail trails enabled with logging were found.;arn:aws:cloudtrail:ap-northeast-2:992275841864:trail;cloudtrail_multi_region_enabled;False;992275841864;NIST-CSF;National Institute of Standards and Technology (NIST) Cybersecurity Framework (CSF) v1.1;
aws;The NIST Cybersecurity Framework (CSF) is supported by governments and industries worldwide as a recommended baseline for use by any organization, regardless of sector or size. The NIST Cybersecurity Framework consists of three primary components: the framework core, the profiles, and the implementation tiers. The framework core contains desired cybersecurity activities and outcomes organized into 23 categories that cover the breadth of cybersecurity objectives for an organization. The profiles contain an organization's unique alignment of their organizational requirements and objectives, risk appetite, and resources using the desired outcomes of the framework core. The implementation tiers describe the degree to which an organization’s cybersecurity risk management practices exhibit the characteristics defined in the framework core.;992275841864;ap-northeast-2;2026-08-18 15:47:07.870888;ae_3;Event data are collected and correlated from multiple sources and sensors.;Detect (DE);Anomalies and Events (DE.AE);;aws;;FAIL;No CloudTrail trails enabled with logging were found.;arn:aws:cloudtrail:ap-northeast-2:992275841864:trail;cloudtrail_multi_region_enabled;False;992275841864;NIST-CSF;National Institute of Standards and Technology (NIST) Cybersecurity Framework (CSF) v1.1;
aws;The NIST Cybersecurity Framework (CSF) is supported by governments and industries worldwide as a recommended baseline for use by any organization, regardless of sector or size. The NIST Cybersecurity Framework consists of three primary components: the framework core, the profiles, and the implementation tiers. The framework core contains desired cybersecurity activities and outcomes organized into 23 categories that cover the breadth of cybersecurity objectives for an organization. The profiles contain an organization's unique alignment of their organizational requirements and objectives, risk appetite, and resources using the desired outcomes of the framework core. The implementation tiers describe the degree to which an organization’s cybersecurity risk management practices exhibit the characteristics defined in the framework core.;992275841864;ap-northeast-2;2026-08-18 15:47:07.870888;ae_4;Impact of events is determined.;Detect (DE);Anomalies and Events (DE.AE);;aws;;FAIL;No CloudTrail trails enabled with logging were found.;arn:aws:cloudtrail:ap-northeast-2:992275841864:trail;cloudtrail_multi_region_enabled;False;992275841864;NIST-CSF;National Institute of Standards and Technology (NIST) Cybersecurity Framework (CSF) v1.1;
aws;The NIST Cybersecurity Framework (CSF) is supported by governments and industries worldwide as a recommended baseline for use by any organization, regardless of sector or size. The NIST Cybersecurity Framework consists of three primary components: the framework core, the profiles, and the implementation tiers. The framework core contains desired cybersecurity activities and outcomes organized into 23 categories that cover the breadth of cybersecurity objectives for an organization. The profiles contain an organization's unique alignment of their organizational requirements and objectives, risk appetite, and resources using the desired outcomes of the framework core. The implementation tiers describe the degree to which an organization’s cybersecurity risk management practices exhibit the characteristics defined in the framework core.;992275841864;ap-northeast-2;2026-08-18 15:47:07.870888;cm_1;The network is monitored to detect potential cybersecurity events.;Detect (DE);Security Continuous Monitoring (DE.CM);;aws;;FAIL;No CloudTrail trails enabled with logging were found.;arn:aws:cloudtrail:ap-northeast-2:992275841864:trail;cloudtrail_multi_region_enabled;False;992275841864;NIST-CSF;National Institute of Standards and Technology (NIST) Cybersecurity Framework (CSF) v1.1;
aws;The NIST Cybersecurity Framework (CSF) is supported by governments and industries worldwide as a recommended baseline for use by any organization, regardless of sector or size. The NIST Cybersecurity Framework consists of three primary components: the framework core, the profiles, and the implementation tiers. The framework core contains desired cybersecurity activities and outcomes organized into 23 categories that cover the breadth of cybersecurity objectives for an organization. The profiles contain an organization's unique alignment of their organizational requirements and objectives, risk appetite, and resources using the desired outcomes of the framework core. The implementation tiers describe the degree to which an organization’s cybersecurity risk management practices exhibit the characteristics defined in the framework core.;992275841864;ap-northeast-2;2026-08-18 15:47:07.870888;cm_3;Personnel activity is monitored to detect potential cybersecurity events.;Detect (DE);Security Continuous Monitoring (DE.CM);;aws;;FAIL;No CloudTrail trails enabled with logging were found.;arn:aws:cloudtrail:ap-northeast-2:992275841864:trail;cloudtrail_multi_region_enabled;False;992275841864;NIST-CSF;National Institute of Standards and Technology (NIST) Cybersecurity Framework (CSF) v1.1;
aws;The NIST Cybersecurity Framework (CSF) is supported by governments and industries worldwide as a recommended baseline for use by any organization, regardless of sector or size. The NIST Cybersecurity Framework consists of three primary components: the framework core, the profiles, and the implementation tiers. The framework core contains desired cybersecurity activities and outcomes organized into 23 categories that cover the breadth of cybersecurity objectives for an organization. The profiles contain an organization's unique alignment of their organizational requirements and objectives, risk appetite, and resources using the desired outcomes of the framework core. The implementation tiers describe the degree to which an organization’s cybersecurity risk management practices exhibit the characteristics defined in the framework core.;992275841864;ap-northeast-2;2026-08-18 15:47:07.870888;cm_6;External service provider activity is monitored to detect potential cybersecurity events.;Detect (DE);Security Continuous Monitoring (DE.CM);;aws;;FAIL;No CloudTrail trails enabled with logging were found.;arn:aws:cloudtrail:ap-northeast-2:992275841864:trail;cloudtrail_multi_region_enabled;False;992275841864;NIST-CSF;National Institute of Standards and Technology (NIST) Cybersecurity Framework (CSF) v1.1;
aws;The NIST Cybersecurity Framework (CSF) is supported by governments and industries worldwide as a recommended baseline for use by any organization, regardless of sector or size. The NIST Cybersecurity Framework consists of three primary components: the framework core, the profiles, and the implementation tiers. The framework core contains desired cybersecurity activities and outcomes organized into 23 categories that cover the breadth of cybersecurity objectives for an organization. The profiles contain an organization's unique alignment of their organizational requirements and objectives, risk appetite, and resources using the desired outcomes of the framework core. The implementation tiers describe the degree to which an organization’s cybersecurity risk management practices exhibit the characteristics defined in the framework core.;992275841864;ap-northeast-2;2026-08-18 15:47:07.870888;cm_7;Monitoring for unauthorized personnel, connections, devices, and software is performed.;Detect (DE);Security Continuous Monitoring (DE.CM);;aws;;FAIL;No CloudTrail trails enabled with logging were found.;arn:aws:cloudtrail:ap-northeast-2:992275841864:trail;cloudtrail_multi_region_enabled;False;992275841864;NIST-CSF;National Institute of Standards and Technology (NIST) Cybersecurity Framework (CSF) v1.1;
aws;The NIST Cybersecurity Framework (CSF) is supported by governments and industries worldwide as a recommended baseline for use by any organization, regardless of sector or size. The NIST Cybersecurity Framework consists of three primary components: the framework core, the profiles, and the implementation tiers. The framework core contains desired cybersecurity activities and outcomes organized into 23 categories that cover the breadth of cybersecurity objectives for an organization. The profiles contain an organization's unique alignment of their organizational requirements and objectives, risk appetite, and resources using the desired outcomes of the framework core. The implementation tiers describe the degree to which an organization’s cybersecurity risk management practices exhibit the characteristics defined in the framework core.;992275841864;ap-northeast-2;2026-08-18 15:47:07.870888;am_3;Organizational communication and data flows are mapped.;Identify (ID);Asset Management (ID.AM);;aws;;FAIL;No CloudTrail trails enabled with logging were found.;arn:aws:cloudtrail:ap-northeast-2:992275841864:trail;cloudtrail_multi_region_enabled;False;992275841864;NIST-CSF;National Institute of Standards and Technology (NIST) Cybersecurity Framework (CSF) v1.1;
aws;The NIST Cybersecurity Framework (CSF) is supported by governments and industries worldwide as a recommended baseline for use by any organization, regardless of sector or size. The NIST Cybersecurity Framework consists of three primary components: the framework core, the profiles, and the implementation tiers. The framework core contains desired cybersecurity activities and outcomes organized into 23 categories that cover the breadth of cybersecurity objectives for an organization. The profiles contain an organization's unique alignment of their organizational requirements and objectives, risk appetite, and resources using the desired outcomes of the framework core. The implementation tiers describe the degree to which an organization’s cybersecurity risk management practices exhibit the characteristics defined in the framework core.;992275841864;ap-northeast-2;2026-08-18 15:47:07.870888;ac_6;Identities are proofed and bound to credentials and asserted in interactions.;Protect (PR);Identity Management and Access Control (PR.AC);;aws;;FAIL;No CloudTrail trails enabled with logging were found.;arn:aws:cloudtrail:ap-northeast-2:992275841864:trail;cloudtrail_multi_region_enabled;False;992275841864;NIST-CSF;National Institute of Standards and Technology (NIST) Cybersecurity Framework (CSF) v1.1;
aws;The NIST Cybersecurity Framework (CSF) is supported by governments and industries worldwide as a recommended baseline for use by any organization, regardless of sector or size. The NIST Cybersecurity Framework consists of three primary components: the framework core, the profiles, and the implementation tiers. The framework core contains desired cybersecurity activities and outcomes organized into 23 categories that cover the breadth of cybersecurity objectives for an organization. The profiles contain an organization's unique alignment of their organizational requirements and objectives, risk appetite, and resources using the desired outcomes of the framework core. The implementation tiers describe the degree to which an organization’s cybersecurity risk management practices exhibit the characteristics defined in the framework core.;992275841864;ap-northeast-2;2026-08-18 15:47:07.870888;ds_5;Protections against data leaks are implemented.;Protect (PR);Data Security (PR.DS);;aws;;FAIL;No CloudTrail trails enabled with logging were found.;arn:aws:cloudtrail:ap-northeast-2:992275841864:trail;cloudtrail_multi_region_enabled;False;992275841864;NIST-CSF;National Institute of Standards and Technology (NIST) Cybersecurity Framework (CSF) v1.1;
aws;The NIST Cybersecurity Framework (CSF) is supported by governments and industries worldwide as a recommended baseline for use by any organization, regardless of sector or size. The NIST Cybersecurity Framework consists of three primary components: the framework core, the profiles, and the implementation tiers. The framework core contains desired cybersecurity activities and outcomes organized into 23 categories that cover the breadth of cybersecurity objectives for an organization. The profiles contain an organization's unique alignment of their organizational requirements and objectives, risk appetite, and resources using the desired outcomes of the framework core. The implementation tiers describe the degree to which an organization’s cybersecurity risk management practices exhibit the characteristics defined in the framework core.;992275841864;ap-northeast-2;2026-08-18 15:47:07.870888;ma_2;Remote maintenance of organizational assets is approved, logged, and performed in a manner that prevents unauthorized access.;Protect (PR);Maintenance (PR.MA);;cloudtrail;;FAIL;No CloudTrail trails enabled with logging were found.;arn:aws:cloudtrail:ap-northeast-2:992275841864:trail;cloudtrail_multi_region_enabled;False;992275841864;NIST-CSF;National Institute of Standards and Technology (NIST) Cybersecurity Framework (CSF) v1.1;
aws;The NIST Cybersecurity Framework (CSF) is supported by governments and industries worldwide as a recommended baseline for use by any organization, regardless of sector or size. The NIST Cybersecurity Framework consists of three primary components: the framework core, the profiles, and the implementation tiers. The framework core contains desired cybersecurity activities and outcomes organized into 23 categories that cover the breadth of cybersecurity objectives for an organization. The profiles contain an organization's unique alignment of their organizational requirements and objectives, risk appetite, and resources using the desired outcomes of the framework core. The implementation tiers describe the degree to which an organization’s cybersecurity risk management practices exhibit the characteristics defined in the framework core.;992275841864;ap-northeast-2;2026-08-18 15:47:07.870888;pt_1;Audit/log records are determined, documented, implemented, and reviewed in accordance with policy.;Protect (PR);Protective Technology (PR.PT);;aws;;FAIL;No CloudTrail trails enabled with logging were found.;arn:aws:cloudtrail:ap-northeast-2:992275841864:trail;cloudtrail_multi_region_enabled;False;992275841864;NIST-CSF;National Institute of Standards and Technology (NIST) Cybersecurity Framework (CSF) v1.1;
aws;The NIST Cybersecurity Framework (CSF) is supported by governments and industries worldwide as a recommended baseline for use by any organization, regardless of sector or size. The NIST Cybersecurity Framework consists of three primary components: the framework core, the profiles, and the implementation tiers. The framework core contains desired cybersecurity activities and outcomes organized into 23 categories that cover the breadth of cybersecurity objectives for an organization. The profiles contain an organization's unique alignment of their organizational requirements and objectives, risk appetite, and resources using the desired outcomes of the framework core. The implementation tiers describe the degree to which an organization’s cybersecurity risk management practices exhibit the characteristics defined in the framework core.;992275841864;ap-northeast-3;2026-08-18 15:47:07.870888;ae_1;A baseline of network operations and expected data flows for users and systems is established and managed.;Detect (DE);Anomalies and Events (DE.AE);;aws;;FAIL;No CloudTrail trails enabled with logging were found.;arn:aws:cloudtrail:ap-northeast-3:992275841864:trail;cloudtrail_multi_region_enabled;False;992275841864;NIST-CSF;National Institute of Standards and Technology (NIST) Cybersecurity Framework (CSF) v1.1;
aws;The NIST Cybersecurity Framework (CSF) is supported by governments and industries worldwide as a recommended baseline for use by any organization, regardless of sector or size. The NIST Cybersecurity Framework consists of three primary components: the framework core, the profiles, and the implementation tiers. The framework core contains desired cybersecurity activities and outcomes organized into 23 categories that cover the breadth of cybersecurity objectives for an organization. The profiles contain an organization's unique alignment of their organizational requirements and objectives, risk appetite, and resources using the desired outcomes of the framework core. The implementation tiers describe the degree to which an organization’s cybersecurity risk management practices exhibit the characteristics defined in the framework core.;992275841864;ap-northeast-3;2026-08-18 15:47:07.870888;ae_3;Event data are collected and correlated from multiple sources and sensors.;Detect (DE);Anomalies and Events (DE.AE);;aws;;FAIL;No CloudTrail trails enabled with logging were found.;arn:aws:cloudtrail:ap-northeast-3:992275841864:trail;cloudtrail_multi_region_enabled;False;992275841864;NIST-CSF;National Institute of Standards and Technology (NIST) Cybersecurity Framework (CSF) v1.1;
aws;The NIST Cybersecurity Framework (CSF) is supported by governments and industries worldwide as a recommended baseline for use by any organization, regardless of sector or size. The NIST Cybersecurity Framework consists of three primary components: the framework core, the profiles, and the implementation tiers. The framework core contains desired cybersecurity activities and outcomes organized into 23 categories that cover the breadth of cybersecurity objectives for an organization. The profiles contain an organization's unique alignment of their organizational requirements and objectives, risk appetite, and resources using the desired outcomes of the framework core. The implementation tiers describe the degree to which an organization’s cybersecurity risk management practices exhibit the characteristics defined in the framework core.;992275841864;ap-northeast-3;2026-08-18 15:47:07.870888;ae_4;Impact of events is determined.;Detect (DE);Anomalies and Events (DE.AE);;aws;;FAIL;No CloudTrail trails enabled with logging were found.;arn:aws:cloudtrail:ap-northeast-3:992275841864:trail;cloudtrail_multi_region_enabled;False;992275841864;NIST-CSF;National Institute of Standards and Technology (NIST) Cybersecurity Framework (CSF) v1.1;
aws;The NIST Cybersecurity Framework (CSF) is supported by governments and industries worldwide as a recommended baseline for use by any organization, regardless of sector or size. The NIST Cybersecurity Framework consists of three primary components: the framework core, the profiles, and the implementation tiers. The framework core contains desired cybersecurity activities and outcomes organized into 23 categories that cover the breadth of cybersecurity objectives for an organization. The profiles contain an organization's unique alignment of their organizational requirements and objectives, risk appetite, and resources using the desired outcomes of the framework core. The implementation tiers describe the degree to which an organization’s cybersecurity risk management practices exhibit the characteristics defined in the framework core.;992275841864;ap-northeast-3;2026-08-18 15:47:07.870888;cm_1;The network is monitored to detect potential cybersecurity events.;Detect (DE);Security Continuous Monitoring (DE.CM);;aws;;FAIL;No CloudTrail trails enabled with logging were found.;arn:aws:cloudtrail:ap-northeast-3:992275841864:trail;cloudtrail_multi_region_enabled;False;992275841864;NIST-CSF;National Institute of Standards and Technology (NIST) Cybersecurity Framework (CSF) v1.1;
aws;The NIST Cybersecurity Framework (CSF) is supported by governments and industries worldwide as a recommended baseline for use by any organization, regardless of sector or size. The NIST Cybersecurity Framework consists of three primary components: the framework core, the profiles, and the implementation tiers. The framework core contains desired cybersecurity activities and outcomes organized into 23 categories that cover the breadth of cybersecurity objectives for an organization. The profiles contain an organization's unique alignment of their organizational requirements and objectives, risk appetite, and resources using the desired outcomes of the framework core. The implementation tiers describe the degree to which an organization’s cybersecurity risk management practices exhibit the characteristics defined in the framework core.;992275841864;ap-northeast-3;2026-08-18 15:47:07.870888;cm_3;Personnel activity is monitored to detect potential cybersecurity events.;Detect (DE);Security Continuous Monitoring (DE.CM);;aws;;FAIL;No CloudTrail trails enabled with logging were found.;arn:aws:cloudtrail:ap-northeast-3:992275841864:trail;cloudtrail_multi_region_enabled;False;992275841864;NIST-CSF;National Institute of Standards and Technology (NIST) Cybersecurity Framework (CSF) v1.1;
aws;The NIST Cybersecurity Framework (CSF) is supported by governments and industries worldwide as a recommended baseline for use by any organization, regardless of sector or size. The NIST Cybersecurity Framework consists of three primary components: the framework core, the profiles, and the implementation tiers. The framework core contains desired cybersecurity activities and outcomes organized into 23 categories that cover the breadth of cybersecurity objectives for an organization. The profiles contain an organization's unique alignment of their organizational requirements and objectives, risk appetite, and resources using the desired outcomes of the framework core. The implementation tiers describe the degree to which an organization’s cybersecurity risk management practices exhibit the characteristics defined in the framework core.;992275841864;ap-northeast-3;2026-08-18 15:47:07.870888;cm_6;External service provider activity is monitored to detect potential cybersecurity events.;Detect (DE);Security Continuous Monitoring (DE.CM);;aws;;FAIL;No CloudTrail trails enabled with logging were found.;arn:aws:cloudtrail:ap-northeast-3:992275841864:trail;cloudtrail_multi_region_enabled;False;992275841864;NIST-CSF;National Institute of Standards and Technology (NIST) Cybersecurity Framework (CSF) v1.1;
aws;The NIST Cybersecurity Framework (CSF) is supported by governments and industries worldwide as a recommended baseline for use by any organization, regardless of sector or size. The NIST Cybersecurity Framework consists of three primary components: the framework core, the profiles, and the implementation tiers. The framework core contains desired cybersecurity activities and outcomes organized into 23 categories that cover the breadth of cybersecurity objectives for an organization. The profiles contain an organization's unique alignment of their organizational requirements and objectives, risk appetite, and resources using the desired outcomes of the framework core. The implementation tiers describe the degree to which an organization’s cybersecurity risk management practices exhibit the characteristics defined in the framework core.;992275841864;ap-northeast-3;2026-08-18 15:47:07.870888;cm_7;Monitoring for unauthorized personnel, connections, devices, and software is performed.;Detect (DE);Security Continuous Monitoring (DE.CM);;aws;;FAIL;No CloudTrail trails enabled with logging were found.;arn:aws:cloudtrail:ap-northeast-3:992275841864:trail;cloudtrail_multi_region_enabled;False;992275841864;NIST-CSF;National Institute of Standards and Technology (NIST) Cybersecurity Framework (CSF) v1.1;
aws;The NIST Cybersecurity Framework (CSF) is supported by governments and industries worldwide as a recommended baseline for use by any organization, regardless of sector or size. The NIST Cybersecurity Framework consists of three primary components: the framework core, the profiles, and the implementation tiers. The framework core contains desired cybersecurity activities and outcomes organized into 23 categories that cover the breadth of cybersecurity objectives for an organization. The profiles contain an organization's unique alignment of their organizational requirements and objectives, risk appetite, and resources using the desired outcomes of the framework core. The implementation tiers describe the degree to which an organization’s cybersecurity risk management practices exhibit the characteristics defined in the framework core.;992275841864;ap-northeast-3;2026-08-18 15:47:07.870888;am_3;Organizational communication and data flows are mapped.;Identify (ID);Asset Management (ID.AM);;aws;;FAIL;No CloudTrail trails enabled with logging were found.;arn:aws:cloudtrail:ap-northeast-3:992275841864:trail;cloudtrail_multi_region_enabled;False;992275841864;NIST-CSF;National Institute of Standards and Technology (NIST) Cybersecurity Framework (CSF) v1.1;
aws;The NIST Cybersecurity Framework (CSF) is supported by governments and industries worldwide as a recommended baseline for use by any organization, regardless of sector or size. The NIST Cybersecurity Framework consists of three primary components: the framework core, the profiles, and the implementation tiers. The framework core contains desired cybersecurity activities and outcomes organized into 23 categories that cover the breadth of cybersecurity objectives for an organization. The profiles contain an organization's unique alignment of their organizational requirements and objectives, risk appetite, and resources using the desired outcomes of the framework core. The implementation tiers describe the degree to which an organization’s cybersecurity risk management practices exhibit the characteristics defined in the framework core.;992275841864;ap-northeast-3;2026-08-18 15:47:07.870888;ac_6;Identities are proofed and bound to credentials and asserted in interactions.;Protect (PR);Identity Management and Access Control (PR.AC);;aws;;FAIL;No CloudTrail trails enabled with logging were found.;arn:aws:cloudtrail:ap-northeast-3:992275841864:trail;cloudtrail_multi_region_enabled;False;992275841864;NIST-CSF;National Institute of Standards and Technology (NIST) Cybersecurity Framework (CSF) v1.1;
aws;The NIST Cybersecurity Framework (CSF) is supported by governments and industries worldwide as a recommended baseline for use by any organization, regardless of sector or size. The NIST Cybersecurity Framework consists of three primary components: the framework core, the profiles, and the implementation tiers. The framework core contains desired cybersecurity activities and outcomes organized into 23 categories that cover the breadth of cybersecurity objectives for an organization. The profiles contain an organization's unique alignment of their organizational requirements and objectives, risk appetite, and resources using the desired outcomes of the framework core. The implementation tiers describe the degree to which an organization’s cybersecurity risk management practices exhibit the characteristics defined in the framework core.;992275841864;ap-northeast-3;2026-08-18 15:47:07.870888;ds_5;Protections against data leaks are implemented.;Protect (PR);Data Security (PR.DS);;aws;;FAIL;No CloudTrail trails enabled with logging were found.;arn:aws:cloudtrail:ap-northeast-3:992275841864:trail;cloudtrail_multi_region_enabled;False;992275841864;NIST-CSF;National Institute of Standards and Technology (NIST) Cybersecurity Framework (CSF) v1.1;
aws;The NIST Cybersecurity Framework (CSF) is supported by governments and industries worldwide as a recommended baseline for use by any organization, regardless of sector or size. The NIST Cybersecurity Framework consists of three primary components: the framework core, the profiles, and the implementation tiers. The framework core contains desired cybersecurity activities and outcomes organized into 23 categories that cover the breadth of cybersecurity objectives for an organization. The profiles contain an organization's unique alignment of their organizational requirements and objectives, risk appetite, and resources using the desired outcomes of the framework core. The implementation tiers describe the degree to which an organization’s cybersecurity risk management practices exhibit the characteristics defined in the framework core.;992275841864;ap-northeast-3;2026-08-18 15:47:07.870888;ma_2;Remote maintenance of organizational assets is approved, logged, and performed in a manner that prevents unauthorized access.;Protect (PR);Maintenance (PR.MA);;cloudtrail;;FAIL;No CloudTrail trails enabled with logging were found.;arn:aws:cloudtrail:ap-northeast-3:992275841864:trail;cloudtrail_multi_region_enabled;False;992275841864;NIST-CSF;National Institute of Standards and Technology (NIST) Cybersecurity Framework (CSF) v1.1;
aws;The NIST Cybersecurity Framework (CSF) is supported by governments and industries worldwide as a recommended baseline for use by any organization, regardless of sector or size. The NIST Cybersecurity Framework consists of three primary components: the framework core, the profiles, and the implementation tiers. The framework core contains desired cybersecurity activities and outcomes organized into 23 categories that cover the breadth of cybersecurity objectives for an organization. The profiles contain an organization's unique alignment of their organizational requirements and objectives, risk appetite, and resources using the desired outcomes of the framework core. The implementation tiers describe the degree to which an organization’s cybersecurity risk management practices exhibit the characteristics defined in the framework core.;992275841864;ap-northeast-3;2026-08-18 15:47:07.870888;pt_1;Audit/log records are determined, documented, implemented, and reviewed in accordance with policy.;Protect (PR);Protective Technology (PR.PT);;aws;;FAIL;No CloudTrail trails enabled with logging were found.;arn:aws:cloudtrail:ap-northeast-3:992275841864:trail;cloudtrail_multi_region_enabled;False;992275841864;NIST-CSF;National Institute of Standards and Technology (NIST) Cybersecurity Framework (CSF) v1.1;
aws;The NIST Cybersecurity Framework (CSF) is supported by governments and industries worldwide as a recommended baseline for use by any organization, regardless of sector or size. The NIST Cybersecurity Framework consists of three primary components: the framework core, the profiles, and the implementation tiers. The framework core contains desired cybersecurity activities and outcomes organized into 23 categories that cover the breadth of cybersecurity objectives for an organization. The profiles contain an organization's unique alignment of their organizational requirements and objectives, risk appetite, and resources using the desired outcomes of the framework core. The implementation tiers describe the degree to which an organization’s cybersecurity risk management practices exhibit the characteristics defined in the framework core.;992275841864;ap-south-1;2026-08-18 15:47:07.870888;ae_1;A baseline of network operations and expected data flows for users and systems is established and managed.;Detect (DE);Anomalies and Events (DE.AE);;aws;;FAIL;No CloudTrail trails enabled with logging were found.;arn:aws:cloudtrail:ap-south-1:992275841864:trail;cloudtrail_multi_region_enabled;False;992275841864;NIST-CSF;National Institute of Standards and Technology (NIST) Cybersecurity Framework (CSF) v1.1;
aws;The NIST Cybersecurity Framework (CSF) is supported by governments and industries worldwide as a recommended baseline for use by any organization, regardless of sector or size. The NIST Cybersecurity Framework consists of three primary components: the framework core, the profiles, and the implementation tiers. The framework core contains desired cybersecurity activities and outcomes organized into 23 categories that cover the breadth of cybersecurity objectives for an organization. The profiles contain an organization's unique alignment of their organizational requirements and objectives, risk appetite, and resources using the desired outcomes of the framework core. The implementation tiers describe the degree to which an organization’s cybersecurity risk management practices exhibit the characteristics defined in the framework core.;992275841864;ap-south-1;2026-08-18 15:47:07.870888;ae_3;Event data are collected and correlated from multiple sources and sensors.;Detect (DE);Anomalies and Events (DE.AE);;aws;;FAIL;No CloudTrail trails enabled with logging were found.;arn:aws:cloudtrail:ap-south-1:992275841864:trail;cloudtrail_multi_region_enabled;False;992275841864;NIST-CSF;National Institute of Standards and Technology (NIST) Cybersecurity Framework (CSF) v1.1;
aws;The NIST Cybersecurity Framework (CSF) is supported by governments and industries worldwide as a recommended baseline for use by any organization, regardless of sector or size. The NIST Cybersecurity Framework consists of three primary components: the framework core, the profiles, and the implementation tiers. The framework core contains desired cybersecurity activities and outcomes organized into 23 categories that cover the breadth of cybersecurity objectives for an organization. The profiles contain an organization's unique alignment of their organizational requirements and objectives, risk appetite, and resources using the desired outcomes of the framework core. The implementation tiers describe the degree to which an organization’s cybersecurity risk management practices exhibit the characteristics defined in the framework core.;992275841864;ap-south-1;2026-08-18 15:47:07.870888;ae_4;Impact of events is determined.;Detect (DE);Anomalies and Events (DE.AE);;aws;;FAIL;No CloudTrail trails enabled with logging were found.;arn:aws:cloudtrail:ap-south-1:992275841864:trail;cloudtrail_multi_region_enabled;False;992275841864;NIST-CSF;National Institute of Standards and Technology (NIST) Cybersecurity Framework (CSF) v1.1;
aws;The NIST Cybersecurity Framework (CSF) is supported by governments and industries worldwide as a recommended baseline for use by any organization, regardless of sector or size. The NIST Cybersecurity Framework consists of three primary components: the framework core, the profiles, and the implementation tiers. The framework core contains desired cybersecurity activities and outcomes organized into 23 categories that cover the breadth of cybersecurity objectives for an organization. The profiles contain an organization's unique alignment of their organizational requirements and objectives, risk appetite, and resources using the desired outcomes of the framework core. The implementation tiers describe the degree to which an organization’s cybersecurity risk management practices exhibit the characteristics defined in the framework core.;992275841864;ap-south-1;2026-08-18 15:47:07.870888;cm_1;The network is monitored to detect potential cybersecurity events.;Detect (DE);Security Continuous Monitoring (DE.CM);;aws;;FAIL;No CloudTrail trails enabled with logging were found.;arn:aws:cloudtrail:ap-south-1:992275841864:trail;cloudtrail_multi_region_enabled;False;992275841864;NIST-CSF;National Institute of Standards and Technology (NIST) Cybersecurity Framework (CSF) v1.1;
aws;The NIST Cybersecurity Framework (CSF) is supported by governments and industries worldwide as a recommended baseline for use by any organization, regardless of sector or size. The NIST Cybersecurity Framework consists of three primary components: the framework core, the profiles, and the implementation tiers. The framework core contains desired cybersecurity activities and outcomes organized into 23 categories that cover the breadth of cybersecurity objectives for an organization. The profiles contain an organization's unique alignment of their organizational requirements and objectives, risk appetite, and resources using the desired outcomes of the framework core. The implementation tiers describe the degree to which an organization’s cybersecurity risk management practices exhibit the characteristics defined in the framework core.;992275841864;ap-south-1;2026-08-18 15:47:07.870888;cm_3;Personnel activity is monitored to detect potential cybersecurity events.;Detect (DE);Security Continuous Monitoring (DE.CM);;aws;;FAIL;No CloudTrail trails enabled with logging were found.;arn:aws:cloudtrail:ap-south-1:992275841864:trail;cloudtrail_multi_region_enabled;False;992275841864;NIST-CSF;National Institute of Standards and Technology (NIST) Cybersecurity Framework (CSF) v1.1;
aws;The NIST Cybersecurity Framework (CSF) is supported by governments and industries worldwide as a recommended baseline for use by any organization, regardless of sector or size. The NIST Cybersecurity Framework consists of three primary components: the framework core, the profiles, and the implementation tiers. The framework core contains desired cybersecurity activities and outcomes organized into 23 categories that cover the breadth of cybersecurity objectives for an organization. The profiles contain an organization's unique alignment of their organizational requirements and objectives, risk appetite, and resources using the desired outcomes of the framework core. The implementation tiers describe the degree to which an organization’s cybersecurity risk management practices exhibit the characteristics defined in the framework core.;992275841864;ap-south-1;2026-08-18 15:47:07.870888;cm_6;External service provider activity is monitored to detect potential cybersecurity events.;Detect (DE);Security Continuous Monitoring (DE.CM);;aws;;FAIL;No CloudTrail trails enabled with logging were found.;arn:aws:cloudtrail:ap-south-1:992275841864:trail;cloudtrail_multi_region_enabled;False;992275841864;NIST-CSF;National Institute of Standards and Technology (NIST) Cybersecurity Framework (CSF) v1.1;
aws;The NIST Cybersecurity Framework (CSF) is supported by governments and industries worldwide as a recommended baseline for use by any organization, regardless of sector or size. The NIST Cybersecurity Framework consists of three primary components: the framework core, the profiles, and the implementation tiers. The framework core contains desired cybersecurity activities and outcomes organized into 23 categories that cover the breadth of cybersecurity objectives for an organization. The profiles contain an organization's unique alignment of their organizational requirements and objectives, risk appetite, and resources using the desired outcomes of the framework core. The implementation tiers describe the degree to which an organization’s cybersecurity risk management practices exhibit the characteristics defined in the framework core.;992275841864;ap-south-1;2026-08-18 15:47:07.870888;cm_7;Monitoring for unauthorized personnel, connections, devices, and software is performed.;Detect (DE);Security Continuous Monitoring (DE.CM);;aws;;FAIL;No CloudTrail trails enabled with logging were found.;arn:aws:cloudtrail:ap-south-1:992275841864:trail;cloudtrail_multi_region_enabled;False;992275841864;NIST-CSF;National Institute of Standards and Technology (NIST) Cybersecurity Framework (CSF) v1.1;
aws;The NIST Cybersecurity Framework (CSF) is supported by governments and industries worldwide as a recommended baseline for use by any organization, regardless of sector or size. The NIST Cybersecurity Framework consists of three primary components: the framework core, the profiles, and the implementation tiers. The framework core contains desired cybersecurity activities and outcomes organized into 23 categories that cover the breadth of cybersecurity objectives for an organization. The profiles contain an organization's unique alignment of their organizational requirements and objectives, risk appetite, and resources using the desired outcomes of the framework core. The implementation tiers describe the degree to which an organization’s cybersecurity risk management practices exhibit the characteristics defined in the framework core.;992275841864;ap-south-1;2026-08-18 15:47:07.870888;am_3;Organizational communication and data flows are mapped.;Identify (ID);Asset Management (ID.AM);;aws;;FAIL;No CloudTrail trails enabled with logging were found.;arn:aws:cloudtrail:ap-south-1:992275841864:trail;cloudtrail_multi_region_enabled;False;992275841864;NIST-CSF;National Institute of Standards and Technology (NIST) Cybersecurity Framework (CSF) v1.1;
aws;The NIST Cybersecurity Framework (CSF) is supported by governments and industries worldwide as a recommended baseline for use by any organization, regardless of sector or size. The NIST Cybersecurity Framework consists of three primary components: the framework core, the profiles, and the implementation tiers. The framework core contains desired cybersecurity activities and outcomes organized into 23 categories that cover the breadth of cybersecurity objectives for an organization. The profiles contain an organization's unique alignment of their organizational requirements and objectives, risk appetite, and resources using the desired outcomes of the framework core. The implementation tiers describe the degree to which an organization’s cybersecurity risk management practices exhibit the characteristics defined in the framework core.;992275841864;ap-south-1;2026-08-18 15:47:07.870888;ac_6;Identities are proofed and bound to credentials and asserted in interactions.;Protect (PR);Identity Management and Access Control (PR.AC);;aws;;FAIL;No CloudTrail trails enabled with logging were found.;arn:aws:cloudtrail:ap-south-1:992275841864:trail;cloudtrail_multi_region_enabled;False;992275841864;NIST-CSF;National Institute of Standards and Technology (NIST) Cybersecurity Framework (CSF) v1.1;
aws;The NIST Cybersecurity Framework (CSF) is supported by governments and industries worldwide as a recommended baseline for use by any organization, regardless of sector or size. The NIST Cybersecurity Framework consists of three primary components: the framework core, the profiles, and the implementation tiers. The framework core contains desired cybersecurity activities and outcomes organized into 23 categories that cover the breadth of cybersecurity objectives for an organization. The profiles contain an organization's unique alignment of their organizational requirements and objectives, risk appetite, and resources using the desired outcomes of the framework core. The implementation tiers describe the degree to which an organization’s cybersecurity risk management practices exhibit the characteristics defined in the framework core.;992275841864;ap-south-1;2026-08-18 15:47:07.870888;ds_5;Protections against data leaks are implemented.;Protect (PR);Data Security (PR.DS);;aws;;FAIL;No CloudTrail trails enabled with logging were found.;arn:aws:cloudtrail:ap-south-1:992275841864:trail;cloudtrail_multi_region_enabled;False;992275841864;NIST-CSF;National Institute of Standards and Technology (NIST) Cybersecurity Framework (CSF) v1.1;
aws;The NIST Cybersecurity Framework (CSF) is supported by governments and industries worldwide as a recommended baseline for use by any organization, regardless of sector or size. The NIST Cybersecurity Framework consists of three primary components: the framework core, the profiles, and the implementation tiers. The framework core contains desired cybersecurity activities and outcomes organized into 23 categories that cover the breadth of cybersecurity objectives for an organization. The profiles contain an organization's unique alignment of their organizational requirements and objectives, risk appetite, and resources using the desired outcomes of the framework core. The implementation tiers describe the degree to which an organization’s cybersecurity risk management practices exhibit the characteristics defined in the framework core.;992275841864;ap-south-1;2026-08-18 15:47:07.870888;ma_2;Remote maintenance of organizational assets is approved, logged, and performed in a manner that prevents unauthorized access.;Protect (PR);Maintenance (PR.MA);;cloudtrail;;FAIL;No CloudTrail trails enabled with logging were found.;arn:aws:cloudtrail:ap-south-1:992275841864:trail;cloudtrail_multi_region_enabled;False;992275841864;NIST-CSF;National Institute of Standards and Technology (NIST) Cybersecurity Framework (CSF) v1.1;
aws;The NIST Cybersecurity Framework (CSF) is supported by governments and industries worldwide as a recommended baseline for use by any organization, regardless of sector or size. The NIST Cybersecurity Framework consists of three primary components: the framework core, the profiles, and the implementation tiers. The framework core contains desired cybersecurity activities and outcomes organized into 23 categories that cover the breadth of cybersecurity objectives for an organization. The profiles contain an organization's unique alignment of their organizational requirements and objectives, risk appetite, and resources using the desired outcomes of the framework core. The implementation tiers describe the degree to which an organization’s cybersecurity risk management practices exhibit the characteristics defined in the framework core.;992275841864;ap-south-1;2026-08-18 15:47:07.870888;pt_1;Audit/log records are determined, documented, implemented, and reviewed in accordance with policy.;Protect (PR);Protective Technology (PR.PT);;aws;;FAIL;No CloudTrail trails enabled with logging were found.;arn:aws:cloudtrail:ap-south-1:992275841864:trail;cloudtrail_multi_region_enabled;False;992275841864;NIST-CSF;National Institute of Standards and Technology (NIST) Cybersecurity Framework (CSF) v1.1;
aws;The NIST Cybersecurity Framework (CSF) is supported by governments and industries worldwide as a recommended baseline for use by any organization, regardless of sector or size. The NIST Cybersecurity Framework consists of three primary components: the framework core, the profiles, and the implementation tiers. The framework core contains desired cybersecurity activities and outcomes organized into 23 categories that cover the breadth of cybersecurity objectives for an organization. The profiles contain an organization's unique alignment of their organizational requirements and objectives, risk appetite, and resources using the desired outcomes of the framework core. The implementation tiers describe the degree to which an organization’s cybersecurity risk management practices exhibit the characteristics defined in the framework core.;992275841864;ap-southeast-1;2026-08-18 15:47:07.870888;ae_1;A baseline of network operations and expected data flows for users and systems is established and managed.;Detect (DE);Anomalies and Events (DE.AE);;aws;;FAIL;No CloudTrail trails enabled with logging were found.;arn:aws:cloudtrail:ap-southeast-1:992275841864:trail;cloudtrail_multi_region_enabled;False;992275841864;NIST-CSF;National Institute of Standards and Technology (NIST) Cybersecurity Framework (CSF) v1.1;
aws;The NIST Cybersecurity Framework (CSF) is supported by governments and industries worldwide as a recommended baseline for use by any organization, regardless of sector or size. The NIST Cybersecurity Framework consists of three primary components: the framework core, the profiles, and the implementation tiers. The framework core contains desired cybersecurity activities and outcomes organized into 23 categories that cover the breadth of cybersecurity objectives for an organization. The profiles contain an organization's unique alignment of their organizational requirements and objectives, risk appetite, and resources using the desired outcomes of the framework core. The implementation tiers describe the degree to which an organization’s cybersecurity risk management practices exhibit the characteristics defined in the framework core.;992275841864;ap-southeast-1;2026-08-18 15:47:07.870888;ae_3;Event data are collected and correlated from multiple sources and sensors.;Detect (DE);Anomalies and Events (DE.AE);;aws;;FAIL;No CloudTrail trails enabled with logging were found.;arn:aws:cloudtrail:ap-southeast-1:992275841864:trail;cloudtrail_multi_region_enabled;False;992275841864;NIST-CSF;National Institute of Standards and Technology (NIST) Cybersecurity Framework (CSF) v1.1;
aws;The NIST Cybersecurity Framework (CSF) is supported by governments and industries worldwide as a recommended baseline for use by any organization, regardless of sector or size. The NIST Cybersecurity Framework consists of three primary components: the framework core, the profiles, and the implementation tiers. The framework core contains desired cybersecurity activities and outcomes organized into 23 categories that cover the breadth of cybersecurity objectives for an organization. The profiles contain an organization's unique alignment of their organizational requirements and objectives, risk appetite, and resources using the desired outcomes of the framework core. The implementation tiers describe the degree to which an organization’s cybersecurity risk management practices exhibit the characteristics defined in the framework core.;992275841864;ap-southeast-1;2026-08-18 15:47:07.870888;ae_4;Impact of events is determined.;Detect (DE);Anomalies and Events (DE.AE);;aws;;FAIL;No CloudTrail trails enabled with logging were found.;arn:aws:cloudtrail:ap-southeast-1:992275841864:trail;cloudtrail_multi_region_enabled;False;992275841864;NIST-CSF;National Institute of Standards and Technology (NIST) Cybersecurity Framework (CSF) v1.1;
aws;The NIST Cybersecurity Framework (CSF) is supported by governments and industries worldwide as a recommended baseline for use by any organization, regardless of sector or size. The NIST Cybersecurity Framework consists of three primary components: the framework core, the profiles, and the implementation tiers. The framework core contains desired cybersecurity activities and outcomes organized into 23 categories that cover the breadth of cybersecurity objectives for an organization. The profiles contain an organization's unique alignment of their organizational requirements and objectives, risk appetite, and resources using the desired outcomes of the framework core. The implementation tiers describe the degree to which an organization’s cybersecurity risk management practices exhibit the characteristics defined in the framework core.;992275841864;ap-southeast-1;2026-08-18 15:47:07.870888;cm_1;The network is monitored to detect potential cybersecurity events.;Detect (DE);Security Continuous Monitoring (DE.CM);;aws;;FAIL;No CloudTrail trails enabled with logging were found.;arn:aws:cloudtrail:ap-southeast-1:992275841864:trail;cloudtrail_multi_region_enabled;False;992275841864;NIST-CSF;National Institute of Standards and Technology (NIST) Cybersecurity Framework (CSF) v1.1;
aws;The NIST Cybersecurity Framework (CSF) is supported by governments and industries worldwide as a recommended baseline for use by any organization, regardless of sector or size. The NIST Cybersecurity Framework consists of three primary components: the framework core, the profiles, and the implementation tiers. The framework core contains desired cybersecurity activities and outcomes organized into 23 categories that cover the breadth of cybersecurity objectives for an organization. The profiles contain an organization's unique alignment of their organizational requirements and objectives, risk appetite, and resources using the desired outcomes of the framework core. The implementation tiers describe the degree to which an organization’s cybersecurity risk management practices exhibit the characteristics defined in the framework core.;992275841864;ap-southeast-1;2026-08-18 15:47:07.870888;cm_3;Personnel activity is monitored to detect potential cybersecurity events.;Detect (DE);Security Continuous Monitoring (DE.CM);;aws;;FAIL;No CloudTrail trails enabled with logging were found.;arn:aws:cloudtrail:ap-southeast-1:992275841864:trail;cloudtrail_multi_region_enabled;False;992275841864;NIST-CSF;National Institute of Standards and Technology (NIST) Cybersecurity Framework (CSF) v1.1;
aws;The NIST Cybersecurity Framework (CSF) is supported by governments and industries worldwide as a recommended baseline for use by any organization, regardless of sector or size. The NIST Cybersecurity Framework consists of three primary components: the framework core, the profiles, and the implementation tiers. The framework core contains desired cybersecurity activities and outcomes organized into 23 categories that cover the breadth of cybersecurity objectives for an organization. The profiles contain an organization's unique alignment of their organizational requirements and objectives, risk appetite, and resources using the desired outcomes of the framework core. The implementation tiers describe the degree to which an organization’s cybersecurity risk management practices exhibit the characteristics defined in the framework core.;992275841864;ap-southeast-1;2026-08-18 15:47:07.870888;cm_6;External service provider activity is monitored to detect potential cybersecurity events.;Detect (DE);Security Continuous Monitoring (DE.CM);;aws;;FAIL;No CloudTrail trails enabled with logging were found.;arn:aws:cloudtrail:ap-southeast-1:992275841864:trail;cloudtrail_multi_region_enabled;False;992275841864;NIST-CSF;National Institute of Standards and Technology (NIST) Cybersecurity Framework (CSF) v1.1;
aws;The NIST Cybersecurity Framework (CSF) is supported by governments and industries worldwide as a recommended baseline for use by any organization, regardless of sector or size. The NIST Cybersecurity Framework consists of three primary components: the framework core, the profiles, and the implementation tiers. The framework core contains desired cybersecurity activities and outcomes organized into 23 categories that cover the breadth of cybersecurity objectives for an organization. The profiles contain an organization's unique alignment of their organizational requirements and objectives, risk appetite, and resources using the desired outcomes of the framework core. The implementation tiers describe the degree to which an organization’s cybersecurity risk management practices exhibit the characteristics defined in the framework core.;992275841864;ap-southeast-1;2026-08-18 15:47:07.870888;cm_7;Monitoring for unauthorized personnel, connections, devices, and software is performed.;Detect (DE);Security Continuous Monitoring (DE.CM);;aws;;FAIL;No CloudTrail trails enabled with logging were found.;arn:aws:cloudtrail:ap-southeast-1:992275841864:trail;cloudtrail_multi_region_enabled;False;992275841864;NIST-CSF;National Institute of Standards and Technology (NIST) Cybersecurity Framework (CSF) v1.1;
aws;The NIST Cybersecurity Framework (CSF) is supported by governments and industries worldwide as a recommended baseline for use by any organization, regardless of sector or size. The NIST Cybersecurity Framework consists of three primary components: the framework core, the profiles, and the implementation tiers. The framework core contains desired cybersecurity activities and outcomes organized into 23 categories that cover the breadth of cybersecurity objectives for an organization. The profiles contain an organization's unique alignment of their organizational requirements and objectives, risk appetite, and resources using the desired outcomes of the framework core. The implementation tiers describe the degree to which an organization’s cybersecurity risk management practices exhibit the characteristics defined in the framework core.;992275841864;ap-southeast-1;2026-08-18 15:47:07.870888;am_3;Organizational communication and data flows are mapped.;Identify (ID);Asset Management (ID.AM);;aws;;FAIL;No CloudTrail trails enabled with logging were found.;arn:aws:cloudtrail:ap-southeast-1:992275841864:trail;cloudtrail_multi_region_enabled;False;992275841864;NIST-CSF;National Institute of Standards and Technology (NIST) Cybersecurity Framework (CSF) v1.1;
aws;The NIST Cybersecurity Framework (CSF) is supported by governments and industries worldwide as a recommended baseline for use by any organization, regardless of sector or size. The NIST Cybersecurity Framework consists of three primary components: the framework core, the profiles, and the implementation tiers. The framework core contains desired cybersecurity activities and outcomes organized into 23 categories that cover the breadth of cybersecurity objectives for an organization. The profiles contain an organization's unique alignment of their organizational requirements and objectives, risk appetite, and resources using the desired outcomes of the framework core. The implementation tiers describe the degree to which an organization’s cybersecurity risk management practices exhibit the characteristics defined in the framework core.;992275841864;ap-southeast-1;2026-08-18 15:47:07.870888;ac_6;Identities are proofed and bound to credentials and asserted in interactions.;Protect (PR);Identity Management and Access Control (PR.AC);;aws;;FAIL;No CloudTrail trails enabled with logging were found.;arn:aws:cloudtrail:ap-southeast-1:992275841864:trail;cloudtrail_multi_region_enabled;False;992275841864;NIST-CSF;National Institute of Standards and Technology (NIST) Cybersecurity Framework (CSF) v1.1;
aws;The NIST Cybersecurity Framework (CSF) is supported by governments and industries worldwide as a recommended baseline for use by any organization, regardless of sector or size. The NIST Cybersecurity Framework consists of three primary components: the framework core, the profiles, and the implementation tiers. The framework core contains desired cybersecurity activities and outcomes organized into 23 categories that cover the breadth of cybersecurity objectives for an organization. The profiles contain an organization's unique alignment of their organizational requirements and objectives, risk appetite, and resources using the desired outcomes of the framework core. The implementation tiers describe the degree to which an organization’s cybersecurity risk management practices exhibit the characteristics defined in the framework core.;992275841864;ap-southeast-1;2026-08-18 15:47:07.870888;ds_5;Protections against data leaks are implemented.;Protect (PR);Data Security (PR.DS);;aws;;FAIL;No CloudTrail trails enabled with logging were found.;arn:aws:cloudtrail:ap-southeast-1:992275841864:trail;cloudtrail_multi_region_enabled;False;992275841864;NIST-CSF;National Institute of Standards and Technology (NIST) Cybersecurity Framework (CSF) v1.1;
aws;The NIST Cybersecurity Framework (CSF) is supported by governments and industries worldwide as a recommended baseline for use by any organization, regardless of sector or size. The NIST Cybersecurity Framework consists of three primary components: the framework core, the profiles, and the implementation tiers. The framework core contains desired cybersecurity activities and outcomes organized into 23 categories that cover the breadth of cybersecurity objectives for an organization. The profiles contain an organization's unique alignment of their organizational requirements and objectives, risk appetite, and resources using the desired outcomes of the framework core. The implementation tiers describe the degree to which an organization’s cybersecurity risk management practices exhibit the characteristics defined in the framework core.;992275841864;ap-southeast-1;2026-08-18 15:47:07.870888;ma_2;Remote maintenance of organizational assets is approved, logged, and performed in a manner that prevents unauthorized access.;Protect (PR);Maintenance (PR.MA);;cloudtrail;;FAIL;No CloudTrail trails enabled with logging were found.;arn:aws:cloudtrail:ap-southeast-1:992275841864:trail;cloudtrail_multi_region_enabled;False;992275841864;NIST-CSF;National Institute of Standards and Technology (NIST) Cybersecurity Framework (CSF) v1.1;
aws;The NIST Cybersecurity Framework (CSF) is supported by governments and industries worldwide as a recommended baseline for use by any organization, regardless of sector or size. The NIST Cybersecurity Framework consists of three primary components: the framework core, the profiles, and the implementation tiers. The framework core contains desired cybersecurity activities and outcomes organized into 23 categories that cover the breadth of cybersecurity objectives for an organization. The profiles contain an organization's unique alignment of their organizational requirements and objectives, risk appetite, and resources using the desired outcomes of the framework core. The implementation tiers describe the degree to which an organization’s cybersecurity risk management practices exhibit the characteristics defined in the framework core.;992275841864;ap-southeast-1;2026-08-18 15:47:07.870888;pt_1;Audit/log records are determined, documented, implemented, and reviewed in accordance with policy.;Protect (PR);Protective Technology (PR.PT);;aws;;FAIL;No CloudTrail trails enabled with logging were found.;arn:aws:cloudtrail:ap-southeast-1:992275841864:trail;cloudtrail_multi_region_enabled;False;992275841864;NIST-CSF;National Institute of Standards and Technology (NIST) Cybersecurity Framework (CSF) v1.1;
aws;The NIST Cybersecurity Framework (CSF) is supported by governments and industries worldwide as a recommended baseline for use by any organization, regardless of sector or size. The NIST Cybersecurity Framework consists of three primary components: the framework core, the profiles, and the implementation tiers. The framework core contains desired cybersecurity activities and outcomes organized into 23 categories that cover the breadth of cybersecurity objectives for an organization. The profiles contain an organization's unique alignment of their organizational requirements and objectives, risk appetite, and resources using the desired outcomes of the framework core. The implementation tiers describe the degree to which an organization’s cybersecurity risk management practices exhibit the characteristics defined in the framework core.;992275841864;ap-southeast-2;2026-08-18 15:47:07.870888;ae_1;A baseline of network operations and expected data flows for users and systems is established and managed.;Detect (DE);Anomalies and Events (DE.AE);;aws;;FAIL;No CloudTrail trails enabled with logging were found.;arn:aws:cloudtrail:ap-southeast-2:992275841864:trail;cloudtrail_multi_region_enabled;False;992275841864;NIST-CSF;National Institute of Standards and Technology (NIST) Cybersecurity Framework (CSF) v1.1;
aws;The NIST Cybersecurity Framework (CSF) is supported by governments and industries worldwide as a recommended baseline for use by any organization, regardless of sector or size. The NIST Cybersecurity Framework consists of three primary components: the framework core, the profiles, and the implementation tiers. The framework core contains desired cybersecurity activities and outcomes organized into 23 categories that cover the breadth of cybersecurity objectives for an organization. The profiles contain an organization's unique alignment of their organizational requirements and objectives, risk appetite, and resources using the desired outcomes of the framework core. The implementation tiers describe the degree to which an organization’s cybersecurity risk management practices exhibit the characteristics defined in the framework core.;992275841864;ap-southeast-2;2026-08-18 15:47:07.870888;ae_3;Event data are collected and correlated from multiple sources and sensors.;Detect (DE);Anomalies and Events (DE.AE);;aws;;FAIL;No CloudTrail trails enabled with logging were found.;arn:aws:cloudtrail:ap-southeast-2:992275841864:trail;cloudtrail_multi_region_enabled;False;992275841864;NIST-CSF;National Institute of Standards and Technology (NIST) Cybersecurity Framework (CSF) v1.1;
aws;The NIST Cybersecurity Framework (CSF) is supported by governments and industries worldwide as a recommended baseline for use by any organization, regardless of sector or size. The NIST Cybersecurity Framework consists of three primary components: the framework core, the profiles, and the implementation tiers. The framework core contains desired cybersecurity activities and outcomes organized into 23 categories that cover the breadth of cybersecurity objectives for an organization. The profiles contain an organization's unique alignment of their organizational requirements and objectives, risk appetite, and resources using the desired outcomes of the framework core. The implementation tiers describe the degree to which an organization’s cybersecurity risk management practices exhibit the characteristics defined in the framework core.;992275841864;ap-southeast-2;2026-08-18 15:47:07.870888;ae_4;Impact of events is determined.;Detect (DE);Anomalies and Events (DE.AE);;aws;;FAIL;No CloudTrail trails enabled with logging were found.;arn:aws:cloudtrail:ap-southeast-2:992275841864:trail;cloudtrail_multi_region_enabled;False;992275841864;NIST-CSF;National Institute of Standards and Technology (NIST) Cybersecurity Framework (CSF) v1.1;
aws;The NIST Cybersecurity Framework (CSF) is supported by governments and industries worldwide as a recommended baseline for use by any organization, regardless of sector or size. The NIST Cybersecurity Framework consists of three primary components: the framework core, the profiles, and the implementation tiers. The framework core contains desired cybersecurity activities and outcomes organized into 23 categories that cover the breadth of cybersecurity objectives for an organization. The profiles contain an organization's unique alignment of their organizational requirements and objectives, risk appetite, and resources using the desired outcomes of the framework core. The implementation tiers describe the degree to which an organization’s cybersecurity risk management practices exhibit the characteristics defined in the framework core.;992275841864;ap-southeast-2;2026-08-18 15:47:07.870888;cm_1;The network is monitored to detect potential cybersecurity events.;Detect (DE);Security Continuous Monitoring (DE.CM);;aws;;FAIL;No CloudTrail trails enabled with logging were found.;arn:aws:cloudtrail:ap-southeast-2:992275841864:trail;cloudtrail_multi_region_enabled;False;992275841864;NIST-CSF;National Institute of Standards and Technology (NIST) Cybersecurity Framework (CSF) v1.1;
aws;The NIST Cybersecurity Framework (CSF) is supported by governments and industries worldwide as a recommended baseline for use by any organization, regardless of sector or size. The NIST Cybersecurity Framework consists of three primary components: the framework core, the profiles, and the implementation tiers. The framework core contains desired cybersecurity activities and outcomes organized into 23 categories that cover the breadth of cybersecurity objectives for an organization. The profiles contain an organization's unique alignment of their organizational requirements and objectives, risk appetite, and resources using the desired outcomes of the framework core. The implementation tiers describe the degree to which an organization’s cybersecurity risk management practices exhibit the characteristics defined in the framework core.;992275841864;ap-southeast-2;2026-08-18 15:47:07.870888;cm_3;Personnel activity is monitored to detect potential cybersecurity events.;Detect (DE);Security Continuous Monitoring (DE.CM);;aws;;FAIL;No CloudTrail trails enabled with logging were found.;arn:aws:cloudtrail:ap-southeast-2:992275841864:trail;cloudtrail_multi_region_enabled;False;992275841864;NIST-CSF;National Institute of Standards and Technology (NIST) Cybersecurity Framework (CSF) v1.1;
aws;The NIST Cybersecurity Framework (CSF) is supported by governments and industries worldwide as a recommended baseline for use by any organization, regardless of sector or size. The NIST Cybersecurity Framework consists of three primary components: the framework core, the profiles, and the implementation tiers. The framework core contains desired cybersecurity activities and outcomes organized into 23 categories that cover the breadth of cybersecurity objectives for an organization. The profiles contain an organization's unique alignment of their organizational requirements and objectives, risk appetite, and resources using the desired outcomes of the framework core. The implementation tiers describe the degree to which an organization’s cybersecurity risk management practices exhibit the characteristics defined in the framework core.;992275841864;ap-southeast-2;2026-08-18 15:47:07.870888;cm_6;External service provider activity is monitored to detect potential cybersecurity events.;Detect (DE);Security Continuous Monitoring (DE.CM);;aws;;FAIL;No CloudTrail trails enabled with logging were found.;arn:aws:cloudtrail:ap-southeast-2:992275841864:trail;cloudtrail_multi_region_enabled;False;992275841864;NIST-CSF;National Institute of Standards and Technology (NIST) Cybersecurity Framework (CSF) v1.1;
aws;The NIST Cybersecurity Framework (CSF) is supported by governments and industries worldwide as a recommended baseline for use by any organization, regardless of sector or size. The NIST Cybersecurity Framework consists of three primary components: the framework core, the profiles, and the implementation tiers. The framework core contains desired cybersecurity activities and outcomes organized into 23 categories that cover the breadth of cybersecurity objectives for an organization. The profiles contain an organization's unique alignment of their organizational requirements and objectives, risk appetite, and resources using the desired outcomes of the framework core. The implementation tiers describe the degree to which an organization’s cybersecurity risk management practices exhibit the characteristics defined in the framework core.;992275841864;ap-southeast-2;2026-08-18 15:47:07.870888;cm_7;Monitoring for unauthorized personnel, connections, devices, and software is performed.;Detect (DE);Security Continuous Monitoring (DE.CM);;aws;;FAIL;No CloudTrail trails enabled with logging were found.;arn:aws:cloudtrail:ap-southeast-2:992275841864:trail;cloudtrail_multi_region_enabled;False;992275841864;NIST-CSF;National Institute of Standards and Technology (NIST) Cybersecurity Framework (CSF) v1.1;
aws;The NIST Cybersecurity Framework (CSF) is supported by governments and industries worldwide as a recommended baseline for use by any organization, regardless of sector or size. The NIST Cybersecurity Framework consists of three primary components: the framework core, the profiles, and the implementation tiers. The framework core contains desired cybersecurity activities and outcomes organized into 23 categories that cover the breadth of cybersecurity objectives for an organization. The profiles contain an organization's unique alignment of their organizational requirements and objectives, risk appetite, and resources using the desired outcomes of the framework core. The implementation tiers describe the degree to which an organization’s cybersecurity risk management practices exhibit the characteristics defined in the framework core.;992275841864;ap-southeast-2;2026-08-18 15:47:07.870888;am_3;Organizational communication and data flows are mapped.;Identify (ID);Asset Management (ID.AM);;aws;;FAIL;No CloudTrail trails enabled with logging were found.;arn:aws:cloudtrail:ap-southeast-2:992275841864:trail;cloudtrail_multi_region_enabled;False;992275841864;NIST-CSF;National Institute of Standards and Technology (NIST) Cybersecurity Framework (CSF) v1.1;
aws;The NIST Cybersecurity Framework (CSF) is supported by governments and industries worldwide as a recommended baseline for use by any organization, regardless of sector or size. The NIST Cybersecurity Framework consists of three primary components: the framework core, the profiles, and the implementation tiers. The framework core contains desired cybersecurity activities and outcomes organized into 23 categories that cover the breadth of cybersecurity objectives for an organization. The profiles contain an organization's unique alignment of their organizational requirements and objectives, risk appetite, and resources using the desired outcomes of the framework core. The implementation tiers describe the degree to which an organization’s cybersecurity risk management practices exhibit the characteristics defined in the framework core.;992275841864;ap-southeast-2;2026-08-18 15:47:07.870888;ac_6;Identities are proofed and bound to credentials and asserted in interactions.;Protect (PR);Identity Management and Access Control (PR.AC);;aws;;FAIL;No CloudTrail trails enabled with logging were found.;arn:aws:cloudtrail:ap-southeast-2:992275841864:trail;cloudtrail_multi_region_enabled;False;992275841864;NIST-CSF;National Institute of Standards and Technology (NIST) Cybersecurity Framework (CSF) v1.1;
aws;The NIST Cybersecurity Framework (CSF) is supported by governments and industries worldwide as a recommended baseline for use by any organization, regardless of sector or size. The NIST Cybersecurity Framework consists of three primary components: the framework core, the profiles, and the implementation tiers. The framework core contains desired cybersecurity activities and outcomes organized into 23 categories that cover the breadth of cybersecurity objectives for an organization. The profiles contain an organization's unique alignment of their organizational requirements and objectives, risk appetite, and resources using the desired outcomes of the framework core. The implementation tiers describe the degree to which an organization’s cybersecurity risk management practices exhibit the characteristics defined in the framework core.;992275841864;ap-southeast-2;2026-08-18 15:47:07.870888;ds_5;Protections against data leaks are implemented.;Protect (PR);Data Security (PR.DS);;aws;;FAIL;No CloudTrail trails enabled with logging were found.;arn:aws:cloudtrail:ap-southeast-2:992275841864:trail;cloudtrail_multi_region_enabled;False;992275841864;NIST-CSF;National Institute of Standards and Technology (NIST) Cybersecurity Framework (CSF) v1.1;
aws;The NIST Cybersecurity Framework (CSF) is supported by governments and industries worldwide as a recommended baseline for use by any organization, regardless of sector or size. The NIST Cybersecurity Framework consists of three primary components: the framework core, the profiles, and the implementation tiers. The framework core contains desired cybersecurity activities and outcomes organized into 23 categories that cover the breadth of cybersecurity objectives for an organization. The profiles contain an organization's unique alignment of their organizational requirements and objectives, risk appetite, and resources using the desired outcomes of the framework core. The implementation tiers describe the degree to which an organization’s cybersecurity risk management practices exhibit the characteristics defined in the framework core.;992275841864;ap-southeast-2;2026-08-18 15:47:07.870888;ma_2;Remote maintenance of organizational assets is approved, logged, and performed in a manner that prevents unauthorized access.;Protect (PR);Maintenance (PR.MA);;cloudtrail;;FAIL;No CloudTrail trails enabled with logging were found.;arn:aws:cloudtrail:ap-southeast-2:992275841864:trail;cloudtrail_multi_region_enabled;False;992275841864;NIST-CSF;National Institute of Standards and Technology (NIST) Cybersecurity Framework (CSF) v1.1;
aws;The NIST Cybersecurity Framework (CSF) is supported by governments and industries worldwide as a recommended baseline for use by any organization, regardless of sector or size. The NIST Cybersecurity Framework consists of three primary components: the framework core, the profiles, and the implementation tiers. The framework core contains desired cybersecurity activities and outcomes organized into 23 categories that cover the breadth of cybersecurity objectives for an organization. The profiles contain an organization's unique alignment of their organizational requirements and objectives, risk appetite, and resources using the desired outcomes of the framework core. The implementation tiers describe the degree to which an organization’s cybersecurity risk management practices exhibit the characteristics defined in the framework core.;992275841864;ap-southeast-2;2026-08-18 15:47:07.870888;pt_1;Audit/log records are determined, documented, implemented, and reviewed in accordance with policy.;Protect (PR);Protective Technology (PR.PT);;aws;;FAIL;No CloudTrail trails enabled with logging were found.;arn:aws:cloudtrail:ap-southeast-2:992275841864:trail;cloudtrail_multi_region_enabled;False;992275841864;NIST-CSF;National Institute of Standards and Technology (NIST) Cybersecurity Framework (CSF) v1.1;
aws;The NIST Cybersecurity Framework (CSF) is supported by governments and industries worldwide as a recommended baseline for use by any organization, regardless of sector or size. The NIST Cybersecurity Framework consists of three primary components: the framework core, the profiles, and the implementation tiers. The framework core contains desired cybersecurity activities and outcomes organized into 23 categories that cover the breadth of cybersecurity objectives for an organization. The profiles contain an organization's unique alignment of their organizational requirements and objectives, risk appetite, and resources using the desired outcomes of the framework core. The implementation tiers describe the degree to which an organization’s cybersecurity risk management practices exhibit the characteristics defined in the framework core.;992275841864;ca-central-1;2026-08-18 15:47:07.870888;ae_1;A baseline of network operations and expected data flows for users and systems is established and managed.;Detect (DE);Anomalies and Events (DE.AE);;aws;;FAIL;No CloudTrail trails enabled with logging were found.;arn:aws:cloudtrail:ca-central-1:992275841864:trail;cloudtrail_multi_region_enabled;False;992275841864;NIST-CSF;National Institute of Standards and Technology (NIST) Cybersecurity Framework (CSF) v1.1;
aws;The NIST Cybersecurity Framework (CSF) is supported by governments and industries worldwide as a recommended baseline for use by any organization, regardless of sector or size. The NIST Cybersecurity Framework consists of three primary components: the framework core, the profiles, and the implementation tiers. The framework core contains desired cybersecurity activities and outcomes organized into 23 categories that cover the breadth of cybersecurity objectives for an organization. The profiles contain an organization's unique alignment of their organizational requirements and objectives, risk appetite, and resources using the desired outcomes of the framework core. The implementation tiers describe the degree to which an organization’s cybersecurity risk management practices exhibit the characteristics defined in the framework core.;992275841864;ca-central-1;2026-08-18 15:47:07.870888;ae_3;Event data are collected and correlated from multiple sources and sensors.;Detect (DE);Anomalies and Events (DE.AE);;aws;;FAIL;No CloudTrail trails enabled with logging were found.;arn:aws:cloudtrail:ca-central-1:992275841864:trail;cloudtrail_multi_region_enabled;False;992275841864;NIST-CSF;National Institute of Standards and Technology (NIST) Cybersecurity Framework (CSF) v1.1;
aws;The NIST Cybersecurity Framework (CSF) is supported by governments and industries worldwide as a recommended baseline for use by any organization, regardless of sector or size. The NIST Cybersecurity Framework consists of three primary components: the framework core, the profiles, and the implementation tiers. The framework core contains desired cybersecurity activities and outcomes organized into 23 categories that cover the breadth of cybersecurity objectives for an organization. The profiles contain an organization's unique alignment of their organizational requirements and objectives, risk appetite, and resources using the desired outcomes of the framework core. The implementation tiers describe the degree to which an organization’s cybersecurity risk management practices exhibit the characteristics defined in the framework core.;992275841864;ca-central-1;2026-08-18 15:47:07.870888;ae_4;Impact of events is determined.;Detect (DE);Anomalies and Events (DE.AE);;aws;;FAIL;No CloudTrail trails enabled with logging were found.;arn:aws:cloudtrail:ca-central-1:992275841864:trail;cloudtrail_multi_region_enabled;False;992275841864;NIST-CSF;National Institute of Standards and Technology (NIST) Cybersecurity Framework (CSF) v1.1;
aws;The NIST Cybersecurity Framework (CSF) is supported by governments and industries worldwide as a recommended baseline for use by any organization, regardless of sector or size. The NIST Cybersecurity Framework consists of three primary components: the framework core, the profiles, and the implementation tiers. The framework core contains desired cybersecurity activities and outcomes organized into 23 categories that cover the breadth of cybersecurity objectives for an organization. The profiles contain an organization's unique alignment of their organizational requirements and objectives, risk appetite, and resources using the desired outcomes of the framework core. The implementation tiers describe the degree to which an organization’s cybersecurity risk management practices exhibit the characteristics defined in the framework core.;992275841864;ca-central-1;2026-08-18 15:47:07.870888;cm_1;The network is monitored to detect potential cybersecurity events.;Detect (DE);Security Continuous Monitoring (DE.CM);;aws;;FAIL;No CloudTrail trails enabled with logging were found.;arn:aws:cloudtrail:ca-central-1:992275841864:trail;cloudtrail_multi_region_enabled;False;992275841864;NIST-CSF;National Institute of Standards and Technology (NIST) Cybersecurity Framework (CSF) v1.1;
aws;The NIST Cybersecurity Framework (CSF) is supported by governments and industries worldwide as a recommended baseline for use by any organization, regardless of sector or size. The NIST Cybersecurity Framework consists of three primary components: the framework core, the profiles, and the implementation tiers. The framework core contains desired cybersecurity activities and outcomes organized into 23 categories that cover the breadth of cybersecurity objectives for an organization. The profiles contain an organization's unique alignment of their organizational requirements and objectives, risk appetite, and resources using the desired outcomes of the framework core. The implementation tiers describe the degree to which an organization’s cybersecurity risk management practices exhibit the characteristics defined in the framework core.;992275841864;ca-central-1;2026-08-18 15:47:07.870888;cm_3;Personnel activity is monitored to detect potential cybersecurity events.;Detect (DE);Security Continuous Monitoring (DE.CM);;aws;;FAIL;No CloudTrail trails enabled with logging were found.;arn:aws:cloudtrail:ca-central-1:992275841864:trail;cloudtrail_multi_region_enabled;False;992275841864;NIST-CSF;National Institute of Standards and Technology (NIST) Cybersecurity Framework (CSF) v1.1;
aws;The NIST Cybersecurity Framework (CSF) is supported by governments and industries worldwide as a recommended baseline for use by any organization, regardless of sector or size. The NIST Cybersecurity Framework consists of three primary components: the framework core, the profiles, and the implementation tiers. The framework core contains desired cybersecurity activities and outcomes organized into 23 categories that cover the breadth of cybersecurity objectives for an organization. The profiles contain an organization's unique alignment of their organizational requirements and objectives, risk appetite, and resources using the desired outcomes of the framework core. The implementation tiers describe the degree to which an organization’s cybersecurity risk management practices exhibit the characteristics defined in the framework core.;992275841864;ca-central-1;2026-08-18 15:47:07.870888;cm_6;External service provider activity is monitored to detect potential cybersecurity events.;Detect (DE);Security Continuous Monitoring (DE.CM);;aws;;FAIL;No CloudTrail trails enabled with logging were found.;arn:aws:cloudtrail:ca-central-1:992275841864:trail;cloudtrail_multi_region_enabled;False;992275841864;NIST-CSF;National Institute of Standards and Technology (NIST) Cybersecurity Framework (CSF) v1.1;
aws;The NIST Cybersecurity Framework (CSF) is supported by governments and industries worldwide as a recommended baseline for use by any organization, regardless of sector or size. The NIST Cybersecurity Framework consists of three primary components: the framework core, the profiles, and the implementation tiers. The framework core contains desired cybersecurity activities and outcomes organized into 23 categories that cover the breadth of cybersecurity objectives for an organization. The profiles contain an organization's unique alignment of their organizational requirements and objectives, risk appetite, and resources using the desired outcomes of the framework core. The implementation tiers describe the degree to which an organization’s cybersecurity risk management practices exhibit the characteristics defined in the framework core.;992275841864;ca-central-1;2026-08-18 15:47:07.870888;cm_7;Monitoring for unauthorized personnel, connections, devices, and software is performed.;Detect (DE);Security Continuous Monitoring (DE.CM);;aws;;FAIL;No CloudTrail trails enabled with logging were found.;arn:aws:cloudtrail:ca-central-1:992275841864:trail;cloudtrail_multi_region_enabled;False;992275841864;NIST-CSF;National Institute of Standards and Technology (NIST) Cybersecurity Framework (CSF) v1.1;
aws;The NIST Cybersecurity Framework (CSF) is supported by governments and industries worldwide as a recommended baseline for use by any organization, regardless of sector or size. The NIST Cybersecurity Framework consists of three primary components: the framework core, the profiles, and the implementation tiers. The framework core contains desired cybersecurity activities and outcomes organized into 23 categories that cover the breadth of cybersecurity objectives for an organization. The profiles contain an organization's unique alignment of their organizational requirements and objectives, risk appetite, and resources using the desired outcomes of the framework core. The implementation tiers describe the degree to which an organization’s cybersecurity risk management practices exhibit the characteristics defined in the framework core.;992275841864;ca-central-1;2026-08-18 15:47:07.870888;am_3;Organizational communication and data flows are mapped.;Identify (ID);Asset Management (ID.AM);;aws;;FAIL;No CloudTrail trails enabled with logging were found.;arn:aws:cloudtrail:ca-central-1:992275841864:trail;cloudtrail_multi_region_enabled;False;992275841864;NIST-CSF;National Institute of Standards and Technology (NIST) Cybersecurity Framework (CSF) v1.1;
aws;The NIST Cybersecurity Framework (CSF) is supported by governments and industries worldwide as a recommended baseline for use by any organization, regardless of sector or size. The NIST Cybersecurity Framework consists of three primary components: the framework core, the profiles, and the implementation tiers. The framework core contains desired cybersecurity activities and outcomes organized into 23 categories that cover the breadth of cybersecurity objectives for an organization. The profiles contain an organization's unique alignment of their organizational requirements and objectives, risk appetite, and resources using the desired outcomes of the framework core. The implementation tiers describe the degree to which an organization’s cybersecurity risk management practices exhibit the characteristics defined in the framework core.;992275841864;ca-central-1;2026-08-18 15:47:07.870888;ac_6;Identities are proofed and bound to credentials and asserted in interactions.;Protect (PR);Identity Management and Access Control (PR.AC);;aws;;FAIL;No CloudTrail trails enabled with logging were found.;arn:aws:cloudtrail:ca-central-1:992275841864:trail;cloudtrail_multi_region_enabled;False;992275841864;NIST-CSF;National Institute of Standards and Technology (NIST) Cybersecurity Framework (CSF) v1.1;
aws;The NIST Cybersecurity Framework (CSF) is supported by governments and industries worldwide as a recommended baseline for use by any organization, regardless of sector or size. The NIST Cybersecurity Framework consists of three primary components: the framework core, the profiles, and the implementation tiers. The framework core contains desired cybersecurity activities and outcomes organized into 23 categories that cover the breadth of cybersecurity objectives for an organization. The profiles contain an organization's unique alignment of their organizational requirements and objectives, risk appetite, and resources using the desired outcomes of the framework core. The implementation tiers describe the degree to which an organization’s cybersecurity risk management practices exhibit the characteristics defined in the framework core.;992275841864;ca-central-1;2026-08-18 15:47:07.870888;ds_5;Protections against data leaks are implemented.;Protect (PR);Data Security (PR.DS);;aws;;FAIL;No CloudTrail trails enabled with logging were found.;arn:aws:cloudtrail:ca-central-1:992275841864:trail;cloudtrail_multi_region_enabled;False;992275841864;NIST-CSF;National Institute of Standards and Technology (NIST) Cybersecurity Framework (CSF) v1.1;
aws;The NIST Cybersecurity Framework (CSF) is supported by governments and industries worldwide as a recommended baseline for use by any organization, regardless of sector or size. The NIST Cybersecurity Framework consists of three primary components: the framework core, the profiles, and the implementation tiers. The framework core contains desired cybersecurity activities and outcomes organized into 23 categories that cover the breadth of cybersecurity objectives for an organization. The profiles contain an organization's unique alignment of their organizational requirements and objectives, risk appetite, and resources using the desired outcomes of the framework core. The implementation tiers describe the degree to which an organization’s cybersecurity risk management practices exhibit the characteristics defined in the framework core.;992275841864;ca-central-1;2026-08-18 15:47:07.870888;ma_2;Remote maintenance of organizational assets is approved, logged, and performed in a manner that prevents unauthorized access.;Protect (PR);Maintenance (PR.MA);;cloudtrail;;FAIL;No CloudTrail trails enabled with logging were found.;arn:aws:cloudtrail:ca-central-1:992275841864:trail;cloudtrail_multi_region_enabled;False;992275841864;NIST-CSF;National Institute of Standards and Technology (NIST) Cybersecurity Framework (CSF) v1.1;
aws;The NIST Cybersecurity Framework (CSF) is supported by governments and industries worldwide as a recommended baseline for use by any organization, regardless of sector or size. The NIST Cybersecurity Framework consists of three primary components: the framework core, the profiles, and the implementation tiers. The framework core contains desired cybersecurity activities and outcomes organized into 23 categories that cover the breadth of cybersecurity objectives for an organization. The profiles contain an organization's unique alignment of their organizational requirements and objectives, risk appetite, and resources using the desired outcomes of the framework core. The implementation tiers describe the degree to which an organization’s cybersecurity risk management practices exhibit the characteristics defined in the framework core.;992275841864;ca-central-1;2026-08-18 15:47:07.870888;pt_1;Audit/log records are determined, documented, implemented, and reviewed in accordance with policy.;Protect (PR);Protective Technology (PR.PT);;aws;;FAIL;No CloudTrail trails enabled with logging were found.;arn:aws:cloudtrail:ca-central-1:992275841864:trail;cloudtrail_multi_region_enabled;False;992275841864;NIST-CSF;National Institute of Standards and Technology (NIST) Cybersecurity Framework (CSF) v1.1;
aws;The NIST Cybersecurity Framework (CSF) is supported by governments and industries worldwide as a recommended baseline for use by any organization, regardless of sector or size. The NIST Cybersecurity Framework consists of three primary components: the framework core, the profiles, and the implementation tiers. The framework core contains desired cybersecurity activities and outcomes organized into 23 categories that cover the breadth of cybersecurity objectives for an organization. The profiles contain an organization's unique alignment of their organizational requirements and objectives, risk appetite, and resources using the desired outcomes of the framework core. The implementation tiers describe the degree to which an organization’s cybersecurity risk management practices exhibit the characteristics defined in the framework core.;992275841864;eu-central-1;2026-08-18 15:47:07.870888;ae_1;A baseline of network operations and expected data flows for users and systems is established and managed.;Detect (DE);Anomalies and Events (DE.AE);;aws;;FAIL;No CloudTrail trails enabled with logging were found.;arn:aws:cloudtrail:eu-central-1:992275841864:trail;cloudtrail_multi_region_enabled;False;992275841864;NIST-CSF;National Institute of Standards and Technology (NIST) Cybersecurity Framework (CSF) v1.1;
aws;The NIST Cybersecurity Framework (CSF) is supported by governments and industries worldwide as a recommended baseline for use by any organization, regardless of sector or size. The NIST Cybersecurity Framework consists of three primary components: the framework core, the profiles, and the implementation tiers. The framework core contains desired cybersecurity activities and outcomes organized into 23 categories that cover the breadth of cybersecurity objectives for an organization. The profiles contain an organization's unique alignment of their organizational requirements and objectives, risk appetite, and resources using the desired outcomes of the framework core. The implementation tiers describe the degree to which an organization’s cybersecurity risk management practices exhibit the characteristics defined in the framework core.;992275841864;eu-central-1;2026-08-18 15:47:07.870888;ae_3;Event data are collected and correlated from multiple sources and sensors.;Detect (DE);Anomalies and Events (DE.AE);;aws;;FAIL;No CloudTrail trails enabled with logging were found.;arn:aws:cloudtrail:eu-central-1:992275841864:trail;cloudtrail_multi_region_enabled;False;992275841864;NIST-CSF;National Institute of Standards and Technology (NIST) Cybersecurity Framework (CSF) v1.1;
aws;The NIST Cybersecurity Framework (CSF) is supported by governments and industries worldwide as a recommended baseline for use by any organization, regardless of sector or size. The NIST Cybersecurity Framework consists of three primary components: the framework core, the profiles, and the implementation tiers. The framework core contains desired cybersecurity activities and outcomes organized into 23 categories that cover the breadth of cybersecurity objectives for an organization. The profiles contain an organization's unique alignment of their organizational requirements and objectives, risk appetite, and resources using the desired outcomes of the framework core. The implementation tiers describe the degree to which an organization’s cybersecurity risk management practices exhibit the characteristics defined in the framework core.;992275841864;eu-central-1;2026-08-18 15:47:07.870888;ae_4;Impact of events is determined.;Detect (DE);Anomalies and Events (DE.AE);;aws;;FAIL;No CloudTrail trails enabled with logging were found.;arn:aws:cloudtrail:eu-central-1:992275841864:trail;cloudtrail_multi_region_enabled;False;992275841864;NIST-CSF;National Institute of Standards and Technology (NIST) Cybersecurity Framework (CSF) v1.1;
aws;The NIST Cybersecurity Framework (CSF) is supported by governments and industries worldwide as a recommended baseline for use by any organization, regardless of sector or size. The NIST Cybersecurity Framework consists of three primary components: the framework core, the profiles, and the implementation tiers. The framework core contains desired cybersecurity activities and outcomes organized into 23 categories that cover the breadth of cybersecurity objectives for an organization. The profiles contain an organization's unique alignment of their organizational requirements and objectives, risk appetite, and resources using the desired outcomes of the framework core. The implementation tiers describe the degree to which an organization’s cybersecurity risk management practices exhibit the characteristics defined in the framework core.;992275841864;eu-central-1;2026-08-18 15:47:07.870888;cm_1;The network is monitored to detect potential cybersecurity events.;Detect (DE);Security Continuous Monitoring (DE.CM);;aws;;FAIL;No CloudTrail trails enabled with logging were found.;arn:aws:cloudtrail:eu-central-1:992275841864:trail;cloudtrail_multi_region_enabled;False;992275841864;NIST-CSF;National Institute of Standards and Technology (NIST) Cybersecurity Framework (CSF) v1.1;
aws;The NIST Cybersecurity Framework (CSF) is supported by governments and industries worldwide as a recommended baseline for use by any organization, regardless of sector or size. The NIST Cybersecurity Framework consists of three primary components: the framework core, the profiles, and the implementation tiers. The framework core contains desired cybersecurity activities and outcomes organized into 23 categories that cover the breadth of cybersecurity objectives for an organization. The profiles contain an organization's unique alignment of their organizational requirements and objectives, risk appetite, and resources using the desired outcomes of the framework core. The implementation tiers describe the degree to which an organization’s cybersecurity risk management practices exhibit the characteristics defined in the framework core.;992275841864;eu-central-1;2026-08-18 15:47:07.870888;cm_3;Personnel activity is monitored to detect potential cybersecurity events.;Detect (DE);Security Continuous Monitoring (DE.CM);;aws;;FAIL;No CloudTrail trails enabled with logging were found.;arn:aws:cloudtrail:eu-central-1:992275841864:trail;cloudtrail_multi_region_enabled;False;992275841864;NIST-CSF;National Institute of Standards and Technology (NIST) Cybersecurity Framework (CSF) v1.1;
aws;The NIST Cybersecurity Framework (CSF) is supported by governments and industries worldwide as a recommended baseline for use by any organization, regardless of sector or size. The NIST Cybersecurity Framework consists of three primary components: the framework core, the profiles, and the implementation tiers. The framework core contains desired cybersecurity activities and outcomes organized into 23 categories that cover the breadth of cybersecurity objectives for an organization. The profiles contain an organization's unique alignment of their organizational requirements and objectives, risk appetite, and resources using the desired outcomes of the framework core. The implementation tiers describe the degree to which an organization’s cybersecurity risk management practices exhibit the characteristics defined in the framework core.;992275841864;eu-central-1;2026-08-18 15:47:07.870888;cm_6;External service provider activity is monitored to detect potential cybersecurity events.;Detect (DE);Security Continuous Monitoring (DE.CM);;aws;;FAIL;No CloudTrail trails enabled with logging were found.;arn:aws:cloudtrail:eu-central-1:992275841864:trail;cloudtrail_multi_region_enabled;False;992275841864;NIST-CSF;National Institute of Standards and Technology (NIST) Cybersecurity Framework (CSF) v1.1;
aws;The NIST Cybersecurity Framework (CSF) is supported by governments and industries worldwide as a recommended baseline for use by any organization, regardless of sector or size. The NIST Cybersecurity Framework consists of three primary components: the framework core, the profiles, and the implementation tiers. The framework core contains desired cybersecurity activities and outcomes organized into 23 categories that cover the breadth of cybersecurity objectives for an organization. The profiles contain an organization's unique alignment of their organizational requirements and objectives, risk appetite, and resources using the desired outcomes of the framework core. The implementation tiers describe the degree to which an organization’s cybersecurity risk management practices exhibit the characteristics defined in the framework core.;992275841864;eu-central-1;2026-08-18 15:47:07.870888;cm_7;Monitoring for unauthorized personnel, connections, devices, and software is performed.;Detect (DE);Security Continuous Monitoring (DE.CM);;aws;;FAIL;No CloudTrail trails enabled with logging were found.;arn:aws:cloudtrail:eu-central-1:992275841864:trail;cloudtrail_multi_region_enabled;False;992275841864;NIST-CSF;National Institute of Standards and Technology (NIST) Cybersecurity Framework (CSF) v1.1;
aws;The NIST Cybersecurity Framework (CSF) is supported by governments and industries worldwide as a recommended baseline for use by any organization, regardless of sector or size. The NIST Cybersecurity Framework consists of three primary components: the framework core, the profiles, and the implementation tiers. The framework core contains desired cybersecurity activities and outcomes organized into 23 categories that cover the breadth of cybersecurity objectives for an organization. The profiles contain an organization's unique alignment of their organizational requirements and objectives, risk appetite, and resources using the desired outcomes of the framework core. The implementation tiers describe the degree to which an organization’s cybersecurity risk management practices exhibit the characteristics defined in the framework core.;992275841864;eu-central-1;2026-08-18 15:47:07.870888;am_3;Organizational communication and data flows are mapped.;Identify (ID);Asset Management (ID.AM);;aws;;FAIL;No CloudTrail trails enabled with logging were found.;arn:aws:cloudtrail:eu-central-1:992275841864:trail;cloudtrail_multi_region_enabled;False;992275841864;NIST-CSF;National Institute of Standards and Technology (NIST) Cybersecurity Framework (CSF) v1.1;
aws;The NIST Cybersecurity Framework (CSF) is supported by governments and industries worldwide as a recommended baseline for use by any organization, regardless of sector or size. The NIST Cybersecurity Framework consists of three primary components: the framework core, the profiles, and the implementation tiers. The framework core contains desired cybersecurity activities and outcomes organized into 23 categories that cover the breadth of cybersecurity objectives for an organization. The profiles contain an organization's unique alignment of their organizational requirements and objectives, risk appetite, and resources using the desired outcomes of the framework core. The implementation tiers describe the degree to which an organization’s cybersecurity risk management practices exhibit the characteristics defined in the framework core.;992275841864;eu-central-1;2026-08-18 15:47:07.870888;ac_6;Identities are proofed and bound to credentials and asserted in interactions.;Protect (PR);Identity Management and Access Control (PR.AC);;aws;;FAIL;No CloudTrail trails enabled with logging were found.;arn:aws:cloudtrail:eu-central-1:992275841864:trail;cloudtrail_multi_region_enabled;False;992275841864;NIST-CSF;National Institute of Standards and Technology (NIST) Cybersecurity Framework (CSF) v1.1;
aws;The NIST Cybersecurity Framework (CSF) is supported by governments and industries worldwide as a recommended baseline for use by any organization, regardless of sector or size. The NIST Cybersecurity Framework consists of three primary components: the framework core, the profiles, and the implementation tiers. The framework core contains desired cybersecurity activities and outcomes organized into 23 categories that cover the breadth of cybersecurity objectives for an organization. The profiles contain an organization's unique alignment of their organizational requirements and objectives, risk appetite, and resources using the desired outcomes of the framework core. The implementation tiers describe the degree to which an organization’s cybersecurity risk management practices exhibit the characteristics defined in the framework core.;992275841864;eu-central-1;2026-08-18 15:47:07.870888;ds_5;Protections against data leaks are implemented.;Protect (PR);Data Security (PR.DS);;aws;;FAIL;No CloudTrail trails enabled with logging were found.;arn:aws:cloudtrail:eu-central-1:992275841864:trail;cloudtrail_multi_region_enabled;False;992275841864;NIST-CSF;National Institute of Standards and Technology (NIST) Cybersecurity Framework (CSF) v1.1;
aws;The NIST Cybersecurity Framework (CSF) is supported by governments and industries worldwide as a recommended baseline for use by any organization, regardless of sector or size. The NIST Cybersecurity Framework consists of three primary components: the framework core, the profiles, and the implementation tiers. The framework core contains desired cybersecurity activities and outcomes organized into 23 categories that cover the breadth of cybersecurity objectives for an organization. The profiles contain an organization's unique alignment of their organizational requirements and objectives, risk appetite, and resources using the desired outcomes of the framework core. The implementation tiers describe the degree to which an organization’s cybersecurity risk management practices exhibit the characteristics defined in the framework core.;992275841864;eu-central-1;2026-08-18 15:47:07.870888;ma_2;Remote maintenance of organizational assets is approved, logged, and performed in a manner that prevents unauthorized access.;Protect (PR);Maintenance (PR.MA);;cloudtrail;;FAIL;No CloudTrail trails enabled with logging were found.;arn:aws:cloudtrail:eu-central-1:992275841864:trail;cloudtrail_multi_region_enabled;False;992275841864;NIST-CSF;National Institute of Standards and Technology (NIST) Cybersecurity Framework (CSF) v1.1;
aws;The NIST Cybersecurity Framework (CSF) is supported by governments and industries worldwide as a recommended baseline for use by any organization, regardless of sector or size. The NIST Cybersecurity Framework consists of three primary components: the framework core, the profiles, and the implementation tiers. The framework core contains desired cybersecurity activities and outcomes organized into 23 categories that cover the breadth of cybersecurity objectives for an organization. The profiles contain an organization's unique alignment of their organizational requirements and objectives, risk appetite, and resources using the desired outcomes of the framework core. The implementation tiers describe the degree to which an organization’s cybersecurity risk management practices exhibit the characteristics defined in the framework core.;992275841864;eu-central-1;2026-08-18 15:47:07.870888;pt_1;Audit/log records are determined, documented, implemented, and reviewed in accordance with policy.;Protect (PR);Protective Technology (PR.PT);;aws;;FAIL;No CloudTrail trails enabled with logging were found.;arn:aws:cloudtrail:eu-central-1:992275841864:trail;cloudtrail_multi_region_enabled;False;992275841864;NIST-CSF;National Institute of Standards and Technology (NIST) Cybersecurity Framework (CSF) v1.1;
aws;The NIST Cybersecurity Framework (CSF) is supported by governments and industries worldwide as a recommended baseline for use by any organization, regardless of sector or size. The NIST Cybersecurity Framework consists of three primary components: the framework core, the profiles, and the implementation tiers. The framework core contains desired cybersecurity activities and outcomes organized into 23 categories that cover the breadth of cybersecurity objectives for an organization. The profiles contain an organization's unique alignment of their organizational requirements and objectives, risk appetite, and resources using the desired outcomes of the framework core. The implementation tiers describe the degree to which an organization’s cybersecurity risk management practices exhibit the characteristics defined in the framework core.;992275841864;eu-north-1;2026-08-18 15:47:07.870888;ae_1;A baseline of network operations and expected data flows for users and systems is established and managed.;Detect (DE);Anomalies and Events (DE.AE);;aws;;FAIL;No CloudTrail trails enabled with logging were found.;arn:aws:cloudtrail:eu-north-1:992275841864:trail;cloudtrail_multi_region_enabled;False;992275841864;NIST-CSF;National Institute of Standards and Technology (NIST) Cybersecurity Framework (CSF) v1.1;
aws;The NIST Cybersecurity Framework (CSF) is supported by governments and industries worldwide as a recommended baseline for use by any organization, regardless of sector or size. The NIST Cybersecurity Framework consists of three primary components: the framework core, the profiles, and the implementation tiers. The framework core contains desired cybersecurity activities and outcomes organized into 23 categories that cover the breadth of cybersecurity objectives for an organization. The profiles contain an organization's unique alignment of their organizational requirements and objectives, risk appetite, and resources using the desired outcomes of the framework core. The implementation tiers describe the degree to which an organization’s cybersecurity risk management practices exhibit the characteristics defined in the framework core.;992275841864;eu-north-1;2026-08-18 15:47:07.870888;ae_3;Event data are collected and correlated from multiple sources and sensors.;Detect (DE);Anomalies and Events (DE.AE);;aws;;FAIL;No CloudTrail trails enabled with logging were found.;arn:aws:cloudtrail:eu-north-1:992275841864:trail;cloudtrail_multi_region_enabled;False;992275841864;NIST-CSF;National Institute of Standards and Technology (NIST) Cybersecurity Framework (CSF) v1.1;
aws;The NIST Cybersecurity Framework (CSF) is supported by governments and industries worldwide as a recommended baseline for use by any organization, regardless of sector or size. The NIST Cybersecurity Framework consists of three primary components: the framework core, the profiles, and the implementation tiers. The framework core contains desired cybersecurity activities and outcomes organized into 23 categories that cover the breadth of cybersecurity objectives for an organization. The profiles contain an organization's unique alignment of their organizational requirements and objectives, risk appetite, and resources using the desired outcomes of the framework core. The implementation tiers describe the degree to which an organization’s cybersecurity risk management practices exhibit the characteristics defined in the framework core.;992275841864;eu-north-1;2026-08-18 15:47:07.870888;ae_4;Impact of events is determined.;Detect (DE);Anomalies and Events (DE.AE);;aws;;FAIL;No CloudTrail trails enabled with logging were found.;arn:aws:cloudtrail:eu-north-1:992275841864:trail;cloudtrail_multi_region_enabled;False;992275841864;NIST-CSF;National Institute of Standards and Technology (NIST) Cybersecurity Framework (CSF) v1.1;
aws;The NIST Cybersecurity Framework (CSF) is supported by governments and industries worldwide as a recommended baseline for use by any organization, regardless of sector or size. The NIST Cybersecurity Framework consists of three primary components: the framework core, the profiles, and the implementation tiers. The framework core contains desired cybersecurity activities and outcomes organized into 23 categories that cover the breadth of cybersecurity objectives for an organization. The profiles contain an organization's unique alignment of their organizational requirements and objectives, risk appetite, and resources using the desired outcomes of the framework core. The implementation tiers describe the degree to which an organization’s cybersecurity risk management practices exhibit the characteristics defined in the framework core.;992275841864;eu-north-1;2026-08-18 15:47:07.870888;cm_1;The network is monitored to detect potential cybersecurity events.;Detect (DE);Security Continuous Monitoring (DE.CM);;aws;;FAIL;No CloudTrail trails enabled with logging were found.;arn:aws:cloudtrail:eu-north-1:992275841864:trail;cloudtrail_multi_region_enabled;False;992275841864;NIST-CSF;National Institute of Standards and Technology (NIST) Cybersecurity Framework (CSF) v1.1;
aws;The NIST Cybersecurity Framework (CSF) is supported by governments and industries worldwide as a recommended baseline for use by any organization, regardless of sector or size. The NIST Cybersecurity Framework consists of three primary components: the framework core, the profiles, and the implementation tiers. The framework core contains desired cybersecurity activities and outcomes organized into 23 categories that cover the breadth of cybersecurity objectives for an organization. The profiles contain an organization's unique alignment of their organizational requirements and objectives, risk appetite, and resources using the desired outcomes of the framework core. The implementation tiers describe the degree to which an organization’s cybersecurity risk management practices exhibit the characteristics defined in the framework core.;992275841864;eu-north-1;2026-08-18 15:47:07.870888;cm_3;Personnel activity is monitored to detect potential cybersecurity events.;Detect (DE);Security Continuous Monitoring (DE.CM);;aws;;FAIL;No CloudTrail trails enabled with logging were found.;arn:aws:cloudtrail:eu-north-1:992275841864:trail;cloudtrail_multi_region_enabled;False;992275841864;NIST-CSF;National Institute of Standards and Technology (NIST) Cybersecurity Framework (CSF) v1.1;
aws;The NIST Cybersecurity Framework (CSF) is supported by governments and industries worldwide as a recommended baseline for use by any organization, regardless of sector or size. The NIST Cybersecurity Framework consists of three primary components: the framework core, the profiles, and the implementation tiers. The framework core contains desired cybersecurity activities and outcomes organized into 23 categories that cover the breadth of cybersecurity objectives for an organization. The profiles contain an organization's unique alignment of their organizational requirements and objectives, risk appetite, and resources using the desired outcomes of the framework core. The implementation tiers describe the degree to which an organization’s cybersecurity risk management practices exhibit the characteristics defined in the framework core.;992275841864;eu-north-1;2026-08-18 15:47:07.870888;cm_6;External service provider activity is monitored to detect potential cybersecurity events.;Detect (DE);Security Continuous Monitoring (DE.CM);;aws;;FAIL;No CloudTrail trails enabled with logging were found.;arn:aws:cloudtrail:eu-north-1:992275841864:trail;cloudtrail_multi_region_enabled;False;992275841864;NIST-CSF;National Institute of Standards and Technology (NIST) Cybersecurity Framework (CSF) v1.1;
aws;The NIST Cybersecurity Framework (CSF) is supported by governments and industries worldwide as a recommended baseline for use by any organization, regardless of sector or size. The NIST Cybersecurity Framework consists of three primary components: the framework core, the profiles, and the implementation tiers. The framework core contains desired cybersecurity activities and outcomes organized into 23 categories that cover the breadth of cybersecurity objectives for an organization. The profiles contain an organization's unique alignment of their organizational requirements and objectives, risk appetite, and resources using the desired outcomes of the framework core. The implementation tiers describe the degree to which an organization’s cybersecurity risk management practices exhibit the characteristics defined in the framework core.;992275841864;eu-north-1;2026-08-18 15:47:07.870888;cm_7;Monitoring for unauthorized personnel, connections, devices, and software is performed.;Detect (DE);Security Continuous Monitoring (DE.CM);;aws;;FAIL;No CloudTrail trails enabled with logging were found.;arn:aws:cloudtrail:eu-north-1:992275841864:trail;cloudtrail_multi_region_enabled;False;992275841864;NIST-CSF;National Institute of Standards and Technology (NIST) Cybersecurity Framework (CSF) v1.1;
aws;The NIST Cybersecurity Framework (CSF) is supported by governments and industries worldwide as a recommended baseline for use by any organization, regardless of sector or size. The NIST Cybersecurity Framework consists of three primary components: the framework core, the profiles, and the implementation tiers. The framework core contains desired cybersecurity activities and outcomes organized into 23 categories that cover the breadth of cybersecurity objectives for an organization. The profiles contain an organization's unique alignment of their organizational requirements and objectives, risk appetite, and resources using the desired outcomes of the framework core. The implementation tiers describe the degree to which an organization’s cybersecurity risk management practices exhibit the characteristics defined in the framework core.;992275841864;eu-north-1;2026-08-18 15:47:07.870888;am_3;Organizational communication and data flows are mapped.;Identify (ID);Asset Management (ID.AM);;aws;;FAIL;No CloudTrail trails enabled with logging were found.;arn:aws:cloudtrail:eu-north-1:992275841864:trail;cloudtrail_multi_region_enabled;False;992275841864;NIST-CSF;National Institute of Standards and Technology (NIST) Cybersecurity Framework (CSF) v1.1;
aws;The NIST Cybersecurity Framework (CSF) is supported by governments and industries worldwide as a recommended baseline for use by any organization, regardless of sector or size. The NIST Cybersecurity Framework consists of three primary components: the framework core, the profiles, and the implementation tiers. The framework core contains desired cybersecurity activities and outcomes organized into 23 categories that cover the breadth of cybersecurity objectives for an organization. The profiles contain an organization's unique alignment of their organizational requirements and objectives, risk appetite, and resources using the desired outcomes of the framework core. The implementation tiers describe the degree to which an organization’s cybersecurity risk management practices exhibit the characteristics defined in the framework core.;992275841864;eu-north-1;2026-08-18 15:47:07.870888;ac_6;Identities are proofed and bound to credentials and asserted in interactions.;Protect (PR);Identity Management and Access Control (PR.AC);;aws;;FAIL;No CloudTrail trails enabled with logging were found.;arn:aws:cloudtrail:eu-north-1:992275841864:trail;cloudtrail_multi_region_enabled;False;992275841864;NIST-CSF;National Institute of Standards and Technology (NIST) Cybersecurity Framework (CSF) v1.1;
aws;The NIST Cybersecurity Framework (CSF) is supported by governments and industries worldwide as a recommended baseline for use by any organization, regardless of sector or size. The NIST Cybersecurity Framework consists of three primary components: the framework core, the profiles, and the implementation tiers. The framework core contains desired cybersecurity activities and outcomes organized into 23 categories that cover the breadth of cybersecurity objectives for an organization. The profiles contain an organization's unique alignment of their organizational requirements and objectives, risk appetite, and resources using the desired outcomes of the framework core. The implementation tiers describe the degree to which an organization’s cybersecurity risk management practices exhibit the characteristics defined in the framework core.;992275841864;eu-north-1;2026-08-18 15:47:07.870888;ds_5;Protections against data leaks are implemented.;Protect (PR);Data Security (PR.DS);;aws;;FAIL;No CloudTrail trails enabled with logging were found.;arn:aws:cloudtrail:eu-north-1:992275841864:trail;cloudtrail_multi_region_enabled;False;992275841864;NIST-CSF;National Institute of Standards and Technology (NIST) Cybersecurity Framework (CSF) v1.1;
aws;The NIST Cybersecurity Framework (CSF) is supported by governments and industries worldwide as a recommended baseline for use by any organization, regardless of sector or size. The NIST Cybersecurity Framework consists of three primary components: the framework core, the profiles, and the implementation tiers. The framework core contains desired cybersecurity activities and outcomes organized into 23 categories that cover the breadth of cybersecurity objectives for an organization. The profiles contain an organization's unique alignment of their organizational requirements and objectives, risk appetite, and resources using the desired outcomes of the framework core. The implementation tiers describe the degree to which an organization’s cybersecurity risk management practices exhibit the characteristics defined in the framework core.;992275841864;eu-north-1;2026-08-18 15:47:07.870888;ma_2;Remote maintenance of organizational assets is approved, logged, and performed in a manner that prevents unauthorized access.;Protect (PR);Maintenance (PR.MA);;cloudtrail;;FAIL;No CloudTrail trails enabled with logging were found.;arn:aws:cloudtrail:eu-north-1:992275841864:trail;cloudtrail_multi_region_enabled;False;992275841864;NIST-CSF;National Institute of Standards and Technology (NIST) Cybersecurity Framework (CSF) v1.1;
aws;The NIST Cybersecurity Framework (CSF) is supported by governments and industries worldwide as a recommended baseline for use by any organization, regardless of sector or size. The NIST Cybersecurity Framework consists of three primary components: the framework core, the profiles, and the implementation tiers. The framework core contains desired cybersecurity activities and outcomes organized into 23 categories that cover the breadth of cybersecurity objectives for an organization. The profiles contain an organization's unique alignment of their organizational requirements and objectives, risk appetite, and resources using the desired outcomes of the framework core. The implementation tiers describe the degree to which an organization’s cybersecurity risk management practices exhibit the characteristics defined in the framework core.;992275841864;eu-north-1;2026-08-18 15:47:07.870888;pt_1;Audit/log records are determined, documented, implemented, and reviewed in accordance with policy.;Protect (PR);Protective Technology (PR.PT);;aws;;FAIL;No CloudTrail trails enabled with logging were found.;arn:aws:cloudtrail:eu-north-1:992275841864:trail;cloudtrail_multi_region_enabled;False;992275841864;NIST-CSF;National Institute of Standards and Technology (NIST) Cybersecurity Framework (CSF) v1.1;
aws;The NIST Cybersecurity Framework (CSF) is supported by governments and industries worldwide as a recommended baseline for use by any organization, regardless of sector or size. The NIST Cybersecurity Framework consists of three primary components: the framework core, the profiles, and the implementation tiers. The framework core contains desired cybersecurity activities and outcomes organized into 23 categories that cover the breadth of cybersecurity objectives for an organization. The profiles contain an organization's unique alignment of their organizational requirements and objectives, risk appetite, and resources using the desired outcomes of the framework core. The implementation tiers describe the degree to which an organization’s cybersecurity risk management practices exhibit the characteristics defined in the framework core.;992275841864;eu-west-1;2026-08-18 15:47:07.870888;ae_1;A baseline of network operations and expected data flows for users and systems is established and managed.;Detect (DE);Anomalies and Events (DE.AE);;aws;;FAIL;No CloudTrail trails enabled with logging were found.;arn:aws:cloudtrail:eu-west-1:992275841864:trail;cloudtrail_multi_region_enabled;False;992275841864;NIST-CSF;National Institute of Standards and Technology (NIST) Cybersecurity Framework (CSF) v1.1;
aws;The NIST Cybersecurity Framework (CSF) is supported by governments and industries worldwide as a recommended baseline for use by any organization, regardless of sector or size. The NIST Cybersecurity Framework consists of three primary components: the framework core, the profiles, and the implementation tiers. The framework core contains desired cybersecurity activities and outcomes organized into 23 categories that cover the breadth of cybersecurity objectives for an organization. The profiles contain an organization's unique alignment of their organizational requirements and objectives, risk appetite, and resources using the desired outcomes of the framework core. The implementation tiers describe the degree to which an organization’s cybersecurity risk management practices exhibit the characteristics defined in the framework core.;992275841864;eu-west-1;2026-08-18 15:47:07.870888;ae_3;Event data are collected and correlated from multiple sources and sensors.;Detect (DE);Anomalies and Events (DE.AE);;aws;;FAIL;No CloudTrail trails enabled with logging were found.;arn:aws:cloudtrail:eu-west-1:992275841864:trail;cloudtrail_multi_region_enabled;False;992275841864;NIST-CSF;National Institute of Standards and Technology (NIST) Cybersecurity Framework (CSF) v1.1;
aws;The NIST Cybersecurity Framework (CSF) is supported by governments and industries worldwide as a recommended baseline for use by any organization, regardless of sector or size. The NIST Cybersecurity Framework consists of three primary components: the framework core, the profiles, and the implementation tiers. The framework core contains desired cybersecurity activities and outcomes organized into 23 categories that cover the breadth of cybersecurity objectives for an organization. The profiles contain an organization's unique alignment of their organizational requirements and objectives, risk appetite, and resources using the desired outcomes of the framework core. The implementation tiers describe the degree to which an organization’s cybersecurity risk management practices exhibit the characteristics defined in the framework core.;992275841864;eu-west-1;2026-08-18 15:47:07.870888;ae_4;Impact of events is determined.;Detect (DE);Anomalies and Events (DE.AE);;aws;;FAIL;No CloudTrail trails enabled with logging were found.;arn:aws:cloudtrail:eu-west-1:992275841864:trail;cloudtrail_multi_region_enabled;False;992275841864;NIST-CSF;National Institute of Standards and Technology (NIST) Cybersecurity Framework (CSF) v1.1;
aws;The NIST Cybersecurity Framework (CSF) is supported by governments and industries worldwide as a recommended baseline for use by any organization, regardless of sector or size. The NIST Cybersecurity Framework consists of three primary components: the framework core, the profiles, and the implementation tiers. The framework core contains desired cybersecurity activities and outcomes organized into 23 categories that cover the breadth of cybersecurity objectives for an organization. The profiles contain an organization's unique alignment of their organizational requirements and objectives, risk appetite, and resources using the desired outcomes of the framework core. The implementation tiers describe the degree to which an organization’s cybersecurity risk management practices exhibit the characteristics defined in the framework core.;992275841864;eu-west-1;2026-08-18 15:47:07.870888;cm_1;The network is monitored to detect potential cybersecurity events.;Detect (DE);Security Continuous Monitoring (DE.CM);;aws;;FAIL;No CloudTrail trails enabled with logging were found.;arn:aws:cloudtrail:eu-west-1:992275841864:trail;cloudtrail_multi_region_enabled;False;992275841864;NIST-CSF;National Institute of Standards and Technology (NIST) Cybersecurity Framework (CSF) v1.1;
aws;The NIST Cybersecurity Framework (CSF) is supported by governments and industries worldwide as a recommended baseline for use by any organization, regardless of sector or size. The NIST Cybersecurity Framework consists of three primary components: the framework core, the profiles, and the implementation tiers. The framework core contains desired cybersecurity activities and outcomes organized into 23 categories that cover the breadth of cybersecurity objectives for an organization. The profiles contain an organization's unique alignment of their organizational requirements and objectives, risk appetite, and resources using the desired outcomes of the framework core. The implementation tiers describe the degree to which an organization’s cybersecurity risk management practices exhibit the characteristics defined in the framework core.;992275841864;eu-west-1;2026-08-18 15:47:07.870888;cm_3;Personnel activity is monitored to detect potential cybersecurity events.;Detect (DE);Security Continuous Monitoring (DE.CM);;aws;;FAIL;No CloudTrail trails enabled with logging were found.;arn:aws:cloudtrail:eu-west-1:992275841864:trail;cloudtrail_multi_region_enabled;False;992275841864;NIST-CSF;National Institute of Standards and Technology (NIST) Cybersecurity Framework (CSF) v1.1;
aws;The NIST Cybersecurity Framework (CSF) is supported by governments and industries worldwide as a recommended baseline for use by any organization, regardless of sector or size. The NIST Cybersecurity Framework consists of three primary components: the framework core, the profiles, and the implementation tiers. The framework core contains desired cybersecurity activities and outcomes organized into 23 categories that cover the breadth of cybersecurity objectives for an organization. The profiles contain an organization's unique alignment of their organizational requirements and objectives, risk appetite, and resources using the desired outcomes of the framework core. The implementation tiers describe the degree to which an organization’s cybersecurity risk management practices exhibit the characteristics defined in the framework core.;992275841864;eu-west-1;2026-08-18 15:47:07.870888;cm_6;External service provider activity is monitored to detect potential cybersecurity events.;Detect (DE);Security Continuous Monitoring (DE.CM);;aws;;FAIL;No CloudTrail trails enabled with logging were found.;arn:aws:cloudtrail:eu-west-1:992275841864:trail;cloudtrail_multi_region_enabled;False;992275841864;NIST-CSF;National Institute of Standards and Technology (NIST) Cybersecurity Framework (CSF) v1.1;
aws;The NIST Cybersecurity Framework (CSF) is supported by governments and industries worldwide as a recommended baseline for use by any organization, regardless of sector or size. The NIST Cybersecurity Framework consists of three primary components: the framework core, the profiles, and the implementation tiers. The framework core contains desired cybersecurity activities and outcomes organized into 23 categories that cover the breadth of cybersecurity objectives for an organization. The profiles contain an organization's unique alignment of their organizational requirements and objectives, risk appetite, and resources using the desired outcomes of the framework core. The implementation tiers describe the degree to which an organization’s cybersecurity risk management practices exhibit the characteristics defined in the framework core.;992275841864;eu-west-1;2026-08-18 15:47:07.870888;cm_7;Monitoring for unauthorized personnel, connections, devices, and software is performed.;Detect (DE);Security Continuous Monitoring (DE.CM);;aws;;FAIL;No CloudTrail trails enabled with logging were found.;arn:aws:cloudtrail:eu-west-1:992275841864:trail;cloudtrail_multi_region_enabled;False;992275841864;NIST-CSF;National Institute of Standards and Technology (NIST) Cybersecurity Framework (CSF) v1.1;
aws;The NIST Cybersecurity Framework (CSF) is supported by governments and industries worldwide as a recommended baseline for use by any organization, regardless of sector or size. The NIST Cybersecurity Framework consists of three primary components: the framework core, the profiles, and the implementation tiers. The framework core contains desired cybersecurity activities and outcomes organized into 23 categories that cover the breadth of cybersecurity objectives for an organization. The profiles contain an organization's unique alignment of their organizational requirements and objectives, risk appetite, and resources using the desired outcomes of the framework core. The implementation tiers describe the degree to which an organization’s cybersecurity risk management practices exhibit the characteristics defined in the framework core.;992275841864;eu-west-1;2026-08-18 15:47:07.870888;am_3;Organizational communication and data flows are mapped.;Identify (ID);Asset Management (ID.AM);;aws;;FAIL;No CloudTrail trails enabled with logging were found.;arn:aws:cloudtrail:eu-west-1:992275841864:trail;cloudtrail_multi_region_enabled;False;992275841864;NIST-CSF;National Institute of Standards and Technology (NIST) Cybersecurity Framework (CSF) v1.1;
aws;The NIST Cybersecurity Framework (CSF) is supported by governments and industries worldwide as a recommended baseline for use by any organization, regardless of sector or size. The NIST Cybersecurity Framework consists of three primary components: the framework core, the profiles, and the implementation tiers. The framework core contains desired cybersecurity activities and outcomes organized into 23 categories that cover the breadth of cybersecurity objectives for an organization. The profiles contain an organization's unique alignment of their organizational requirements and objectives, risk appetite, and resources using the desired outcomes of the framework core. The implementation tiers describe the degree to which an organization’s cybersecurity risk management practices exhibit the characteristics defined in the framework core.;992275841864;eu-west-1;2026-08-18 15:47:07.870888;ac_6;Identities are proofed and bound to credentials and asserted in interactions.;Protect (PR);Identity Management and Access Control (PR.AC);;aws;;FAIL;No CloudTrail trails enabled with logging were found.;arn:aws:cloudtrail:eu-west-1:992275841864:trail;cloudtrail_multi_region_enabled;False;992275841864;NIST-CSF;National Institute of Standards and Technology (NIST) Cybersecurity Framework (CSF) v1.1;
aws;The NIST Cybersecurity Framework (CSF) is supported by governments and industries worldwide as a recommended baseline for use by any organization, regardless of sector or size. The NIST Cybersecurity Framework consists of three primary components: the framework core, the profiles, and the implementation tiers. The framework core contains desired cybersecurity activities and outcomes organized into 23 categories that cover the breadth of cybersecurity objectives for an organization. The profiles contain an organization's unique alignment of their organizational requirements and objectives, risk appetite, and resources using the desired outcomes of the framework core. The implementation tiers describe the degree to which an organization’s cybersecurity risk management practices exhibit the characteristics defined in the framework core.;992275841864;eu-west-1;2026-08-18 15:47:07.870888;ds_5;Protections against data leaks are implemented.;Protect (PR);Data Security (PR.DS);;aws;;FAIL;No CloudTrail trails enabled with logging were found.;arn:aws:cloudtrail:eu-west-1:992275841864:trail;cloudtrail_multi_region_enabled;False;992275841864;NIST-CSF;National Institute of Standards and Technology (NIST) Cybersecurity Framework (CSF) v1.1;
aws;The NIST Cybersecurity Framework (CSF) is supported by governments and industries worldwide as a recommended baseline for use by any organization, regardless of sector or size. The NIST Cybersecurity Framework consists of three primary components: the framework core, the profiles, and the implementation tiers. The framework core contains desired cybersecurity activities and outcomes organized into 23 categories that cover the breadth of cybersecurity objectives for an organization. The profiles contain an organization's unique alignment of their organizational requirements and objectives, risk appetite, and resources using the desired outcomes of the framework core. The implementation tiers describe the degree to which an organization’s cybersecurity risk management practices exhibit the characteristics defined in the framework core.;992275841864;eu-west-1;2026-08-18 15:47:07.870888;ma_2;Remote maintenance of organizational assets is approved, logged, and performed in a manner that prevents unauthorized access.;Protect (PR);Maintenance (PR.MA);;cloudtrail;;FAIL;No CloudTrail trails enabled with logging were found.;arn:aws:cloudtrail:eu-west-1:992275841864:trail;cloudtrail_multi_region_enabled;False;992275841864;NIST-CSF;National Institute of Standards and Technology (NIST) Cybersecurity Framework (CSF) v1.1;
aws;The NIST Cybersecurity Framework (CSF) is supported by governments and industries worldwide as a recommended baseline for use by any organization, regardless of sector or size. The NIST Cybersecurity Framework consists of three primary components: the framework core, the profiles, and the implementation tiers. The framework core contains desired cybersecurity activities and outcomes organized into 23 categories that cover the breadth of cybersecurity objectives for an organization. The profiles contain an organization's unique alignment of their organizational requirements and objectives, risk appetite, and resources using the desired outcomes of the framework core. The implementation tiers describe the degree to which an organization’s cybersecurity risk management practices exhibit the characteristics defined in the framework core.;992275841864;eu-west-1;2026-08-18 15:47:07.870888;pt_1;Audit/log records are determined, documented, implemented, and reviewed in accordance with policy.;Protect (PR);Protective Technology (PR.PT);;aws;;FAIL;No CloudTrail trails enabled with logging were found.;arn:aws:cloudtrail:eu-west-1:992275841864:trail;cloudtrail_multi_region_enabled;False;992275841864;NIST-CSF;National Institute of Standards and Technology (NIST) Cybersecurity Framework (CSF) v1.1;
aws;The NIST Cybersecurity Framework (CSF) is supported by governments and industries worldwide as a recommended baseline for use by any organization, regardless of sector or size. The NIST Cybersecurity Framework consists of three primary components: the framework core, the profiles, and the implementation tiers. The framework core contains desired cybersecurity activities and outcomes organized into 23 categories that cover the breadth of cybersecurity objectives for an organization. The profiles contain an organization's unique alignment of their organizational requirements and objectives, risk appetite, and resources using the desired outcomes of the framework core. The implementation tiers describe the degree to which an organization’s cybersecurity risk management practices exhibit the characteristics defined in the framework core.;992275841864;eu-west-2;2026-08-18 15:47:07.870888;ae_1;A baseline of network operations and expected data flows for users and systems is established and managed.;Detect (DE);Anomalies and Events (DE.AE);;aws;;FAIL;No CloudTrail trails enabled with logging were found.;arn:aws:cloudtrail:eu-west-2:992275841864:trail;cloudtrail_multi_region_enabled;False;992275841864;NIST-CSF;National Institute of Standards and Technology (NIST) Cybersecurity Framework (CSF) v1.1;
aws;The NIST Cybersecurity Framework (CSF) is supported by governments and industries worldwide as a recommended baseline for use by any organization, regardless of sector or size. The NIST Cybersecurity Framework consists of three primary components: the framework core, the profiles, and the implementation tiers. The framework core contains desired cybersecurity activities and outcomes organized into 23 categories that cover the breadth of cybersecurity objectives for an organization. The profiles contain an organization's unique alignment of their organizational requirements and objectives, risk appetite, and resources using the desired outcomes of the framework core. The implementation tiers describe the degree to which an organization’s cybersecurity risk management practices exhibit the characteristics defined in the framework core.;992275841864;eu-west-2;2026-08-18 15:47:07.870888;ae_3;Event data are collected and correlated from multiple sources and sensors.;Detect (DE);Anomalies and Events (DE.AE);;aws;;FAIL;No CloudTrail trails enabled with logging were found.;arn:aws:cloudtrail:eu-west-2:992275841864:trail;cloudtrail_multi_region_enabled;False;992275841864;NIST-CSF;National Institute of Standards and Technology (NIST) Cybersecurity Framework (CSF) v1.1;
aws;The NIST Cybersecurity Framework (CSF) is supported by governments and industries worldwide as a recommended baseline for use by any organization, regardless of sector or size. The NIST Cybersecurity Framework consists of three primary components: the framework core, the profiles, and the implementation tiers. The framework core contains desired cybersecurity activities and outcomes organized into 23 categories that cover the breadth of cybersecurity objectives for an organization. The profiles contain an organization's unique alignment of their organizational requirements and objectives, risk appetite, and resources using the desired outcomes of the framework core. The implementation tiers describe the degree to which an organization’s cybersecurity risk management practices exhibit the characteristics defined in the framework core.;992275841864;eu-west-2;2026-08-18 15:47:07.870888;ae_4;Impact of events is determined.;Detect (DE);Anomalies and Events (DE.AE);;aws;;FAIL;No CloudTrail trails enabled with logging were found.;arn:aws:cloudtrail:eu-west-2:992275841864:trail;cloudtrail_multi_region_enabled;False;992275841864;NIST-CSF;National Institute of Standards and Technology (NIST) Cybersecurity Framework (CSF) v1.1;
aws;The NIST Cybersecurity Framework (CSF) is supported by governments and industries worldwide as a recommended baseline for use by any organization, regardless of sector or size. The NIST Cybersecurity Framework consists of three primary components: the framework core, the profiles, and the implementation tiers. The framework core contains desired cybersecurity activities and outcomes organized into 23 categories that cover the breadth of cybersecurity objectives for an organization. The profiles contain an organization's unique alignment of their organizational requirements and objectives, risk appetite, and resources using the desired outcomes of the framework core. The implementation tiers describe the degree to which an organization’s cybersecurity risk management practices exhibit the characteristics defined in the framework core.;992275841864;eu-west-2;2026-08-18 15:47:07.870888;cm_1;The network is monitored to detect potential cybersecurity events.;Detect (DE);Security Continuous Monitoring (DE.CM);;aws;;FAIL;No CloudTrail trails enabled with logging were found.;arn:aws:cloudtrail:eu-west-2:992275841864:trail;cloudtrail_multi_region_enabled;False;992275841864;NIST-CSF;National Institute of Standards and Technology (NIST) Cybersecurity Framework (CSF) v1.1;
aws;The NIST Cybersecurity Framework (CSF) is supported by governments and industries worldwide as a recommended baseline for use by any organization, regardless of sector or size. The NIST Cybersecurity Framework consists of three primary components: the framework core, the profiles, and the implementation tiers. The framework core contains desired cybersecurity activities and outcomes organized into 23 categories that cover the breadth of cybersecurity objectives for an organization. The profiles contain an organization's unique alignment of their organizational requirements and objectives, risk appetite, and resources using the desired outcomes of the framework core. The implementation tiers describe the degree to which an organization’s cybersecurity risk management practices exhibit the characteristics defined in the framework core.;992275841864;eu-west-2;2026-08-18 15:47:07.870888;cm_3;Personnel activity is monitored to detect potential cybersecurity events.;Detect (DE);Security Continuous Monitoring (DE.CM);;aws;;FAIL;No CloudTrail trails enabled with logging were found.;arn:aws:cloudtrail:eu-west-2:992275841864:trail;cloudtrail_multi_region_enabled;False;992275841864;NIST-CSF;National Institute of Standards and Technology (NIST) Cybersecurity Framework (CSF) v1.1;
aws;The NIST Cybersecurity Framework (CSF) is supported by governments and industries worldwide as a recommended baseline for use by any organization, regardless of sector or size. The NIST Cybersecurity Framework consists of three primary components: the framework core, the profiles, and the implementation tiers. The framework core contains desired cybersecurity activities and outcomes organized into 23 categories that cover the breadth of cybersecurity objectives for an organization. The profiles contain an organization's unique alignment of their organizational requirements and objectives, risk appetite, and resources using the desired outcomes of the framework core. The implementation tiers describe the degree to which an organization’s cybersecurity risk management practices exhibit the characteristics defined in the framework core.;992275841864;eu-west-2;2026-08-18 15:47:07.870888;cm_6;External service provider activity is monitored to detect potential cybersecurity events.;Detect (DE);Security Continuous Monitoring (DE.CM);;aws;;FAIL;No CloudTrail trails enabled with logging were found.;arn:aws:cloudtrail:eu-west-2:992275841864:trail;cloudtrail_multi_region_enabled;False;992275841864;NIST-CSF;National Institute of Standards and Technology (NIST) Cybersecurity Framework (CSF) v1.1;
aws;The NIST Cybersecurity Framework (CSF) is supported by governments and industries worldwide as a recommended baseline for use by any organization, regardless of sector or size. The NIST Cybersecurity Framework consists of three primary components: the framework core, the profiles, and the implementation tiers. The framework core contains desired cybersecurity activities and outcomes organized into 23 categories that cover the breadth of cybersecurity objectives for an organization. The profiles contain an organization's unique alignment of their organizational requirements and objectives, risk appetite, and resources using the desired outcomes of the framework core. The implementation tiers describe the degree to which an organization’s cybersecurity risk management practices exhibit the characteristics defined in the framework core.;992275841864;eu-west-2;2026-08-18 15:47:07.870888;cm_7;Monitoring for unauthorized personnel, connections, devices, and software is performed.;Detect (DE);Security Continuous Monitoring (DE.CM);;aws;;FAIL;No CloudTrail trails enabled with logging were found.;arn:aws:cloudtrail:eu-west-2:992275841864:trail;cloudtrail_multi_region_enabled;False;992275841864;NIST-CSF;National Institute of Standards and Technology (NIST) Cybersecurity Framework (CSF) v1.1;
aws;The NIST Cybersecurity Framework (CSF) is supported by governments and industries worldwide as a recommended baseline for use by any organization, regardless of sector or size. The NIST Cybersecurity Framework consists of three primary components: the framework core, the profiles, and the implementation tiers. The framework core contains desired cybersecurity activities and outcomes organized into 23 categories that cover the breadth of cybersecurity objectives for an organization. The profiles contain an organization's unique alignment of their organizational requirements and objectives, risk appetite, and resources using the desired outcomes of the framework core. The implementation tiers describe the degree to which an organization’s cybersecurity risk management practices exhibit the characteristics defined in the framework core.;992275841864;eu-west-2;2026-08-18 15:47:07.870888;am_3;Organizational communication and data flows are mapped.;Identify (ID);Asset Management (ID.AM);;aws;;FAIL;No CloudTrail trails enabled with logging were found.;arn:aws:cloudtrail:eu-west-2:992275841864:trail;cloudtrail_multi_region_enabled;False;992275841864;NIST-CSF;National Institute of Standards and Technology (NIST) Cybersecurity Framework (CSF) v1.1;
aws;The NIST Cybersecurity Framework (CSF) is supported by governments and industries worldwide as a recommended baseline for use by any organization, regardless of sector or size. The NIST Cybersecurity Framework consists of three primary components: the framework core, the profiles, and the implementation tiers. The framework core contains desired cybersecurity activities and outcomes organized into 23 categories that cover the breadth of cybersecurity objectives for an organization. The profiles contain an organization's unique alignment of their organizational requirements and objectives, risk appetite, and resources using the desired outcomes of the framework core. The implementation tiers describe the degree to which an organization’s cybersecurity risk management practices exhibit the characteristics defined in the framework core.;992275841864;eu-west-2;2026-08-18 15:47:07.870888;ac_6;Identities are proofed and bound to credentials and asserted in interactions.;Protect (PR);Identity Management and Access Control (PR.AC);;aws;;FAIL;No CloudTrail trails enabled with logging were found.;arn:aws:cloudtrail:eu-west-2:992275841864:trail;cloudtrail_multi_region_enabled;False;992275841864;NIST-CSF;National Institute of Standards and Technology (NIST) Cybersecurity Framework (CSF) v1.1;
aws;The NIST Cybersecurity Framework (CSF) is supported by governments and industries worldwide as a recommended baseline for use by any organization, regardless of sector or size. The NIST Cybersecurity Framework consists of three primary components: the framework core, the profiles, and the implementation tiers. The framework core contains desired cybersecurity activities and outcomes organized into 23 categories that cover the breadth of cybersecurity objectives for an organization. The profiles contain an organization's unique alignment of their organizational requirements and objectives, risk appetite, and resources using the desired outcomes of the framework core. The implementation tiers describe the degree to which an organization’s cybersecurity risk management practices exhibit the characteristics defined in the framework core.;992275841864;eu-west-2;2026-08-18 15:47:07.870888;ds_5;Protections against data leaks are implemented.;Protect (PR);Data Security (PR.DS);;aws;;FAIL;No CloudTrail trails enabled with logging were found.;arn:aws:cloudtrail:eu-west-2:992275841864:trail;cloudtrail_multi_region_enabled;False;992275841864;NIST-CSF;National Institute of Standards and Technology (NIST) Cybersecurity Framework (CSF) v1.1;
aws;The NIST Cybersecurity Framework (CSF) is supported by governments and industries worldwide as a recommended baseline for use by any organization, regardless of sector or size. The NIST Cybersecurity Framework consists of three primary components: the framework core, the profiles, and the implementation tiers. The framework core contains desired cybersecurity activities and outcomes organized into 23 categories that cover the breadth of cybersecurity objectives for an organization. The profiles contain an organization's unique alignment of their organizational requirements and objectives, risk appetite, and resources using the desired outcomes of the framework core. The implementation tiers describe the degree to which an organization’s cybersecurity risk management practices exhibit the characteristics defined in the framework core.;992275841864;eu-west-2;2026-08-18 15:47:07.870888;ma_2;Remote maintenance of organizational assets is approved, logged, and performed in a manner that prevents unauthorized access.;Protect (PR);Maintenance (PR.MA);;cloudtrail;;FAIL;No CloudTrail trails enabled with logging were found.;arn:aws:cloudtrail:eu-west-2:992275841864:trail;cloudtrail_multi_region_enabled;False;992275841864;NIST-CSF;National Institute of Standards and Technology (NIST) Cybersecurity Framework (CSF) v1.1;
aws;The NIST Cybersecurity Framework (CSF) is supported by governments and industries worldwide as a recommended baseline for use by any organization, regardless of sector or size. The NIST Cybersecurity Framework consists of three primary components: the framework core, the profiles, and the implementation tiers. The framework core contains desired cybersecurity activities and outcomes organized into 23 categories that cover the breadth of cybersecurity objectives for an organization. The profiles contain an organization's unique alignment of their organizational requirements and objectives, risk appetite, and resources using the desired outcomes of the framework core. The implementation tiers describe the degree to which an organization’s cybersecurity risk management practices exhibit the characteristics defined in the framework core.;992275841864;eu-west-2;2026-08-18 15:47:07.870888;pt_1;Audit/log records are determined, documented, implemented, and reviewed in accordance with policy.;Protect (PR);Protective Technology (PR.PT);;aws;;FAIL;No CloudTrail trails enabled with logging were found.;arn:aws:cloudtrail:eu-west-2:992275841864:trail;cloudtrail_multi_region_enabled;False;992275841864;NIST-CSF;National Institute of Standards and Technology (NIST) Cybersecurity Framework (CSF) v1.1;
aws;The NIST Cybersecurity Framework (CSF) is supported by governments and industries worldwide as a recommended baseline for use by any organization, regardless of sector or size. The NIST Cybersecurity Framework consists of three primary components: the framework core, the profiles, and the implementation tiers. The framework core contains desired cybersecurity activities and outcomes organized into 23 categories that cover the breadth of cybersecurity objectives for an organization. The profiles contain an organization's unique alignment of their organizational requirements and objectives, risk appetite, and resources using the desired outcomes of the framework core. The implementation tiers describe the degree to which an organization’s cybersecurity risk management practices exhibit the characteristics defined in the framework core.;992275841864;eu-west-3;2026-08-18 15:47:07.870888;ae_1;A baseline of network operations and expected data flows for users and systems is established and managed.;Detect (DE);Anomalies and Events (DE.AE);;aws;;FAIL;No CloudTrail trails enabled with logging were found.;arn:aws:cloudtrail:eu-west-3:992275841864:trail;cloudtrail_multi_region_enabled;False;992275841864;NIST-CSF;National Institute of Standards and Technology (NIST) Cybersecurity Framework (CSF) v1.1;
aws;The NIST Cybersecurity Framework (CSF) is supported by governments and industries worldwide as a recommended baseline for use by any organization, regardless of sector or size. The NIST Cybersecurity Framework consists of three primary components: the framework core, the profiles, and the implementation tiers. The framework core contains desired cybersecurity activities and outcomes organized into 23 categories that cover the breadth of cybersecurity objectives for an organization. The profiles contain an organization's unique alignment of their organizational requirements and objectives, risk appetite, and resources using the desired outcomes of the framework core. The implementation tiers describe the degree to which an organization’s cybersecurity risk management practices exhibit the characteristics defined in the framework core.;992275841864;eu-west-3;2026-08-18 15:47:07.870888;ae_3;Event data are collected and correlated from multiple sources and sensors.;Detect (DE);Anomalies and Events (DE.AE);;aws;;FAIL;No CloudTrail trails enabled with logging were found.;arn:aws:cloudtrail:eu-west-3:992275841864:trail;cloudtrail_multi_region_enabled;False;992275841864;NIST-CSF;National Institute of Standards and Technology (NIST) Cybersecurity Framework (CSF) v1.1;
aws;The NIST Cybersecurity Framework (CSF) is supported by governments and industries worldwide as a recommended baseline for use by any organization, regardless of sector or size. The NIST Cybersecurity Framework consists of three primary components: the framework core, the profiles, and the implementation tiers. The framework core contains desired cybersecurity activities and outcomes organized into 23 categories that cover the breadth of cybersecurity objectives for an organization. The profiles contain an organization's unique alignment of their organizational requirements and objectives, risk appetite, and resources using the desired outcomes of the framework core. The implementation tiers describe the degree to which an organization’s cybersecurity risk management practices exhibit the characteristics defined in the framework core.;992275841864;eu-west-3;2026-08-18 15:47:07.870888;ae_4;Impact of events is determined.;Detect (DE);Anomalies and Events (DE.AE);;aws;;FAIL;No CloudTrail trails enabled with logging were found.;arn:aws:cloudtrail:eu-west-3:992275841864:trail;cloudtrail_multi_region_enabled;False;992275841864;NIST-CSF;National Institute of Standards and Technology (NIST) Cybersecurity Framework (CSF) v1.1;
aws;The NIST Cybersecurity Framework (CSF) is supported by governments and industries worldwide as a recommended baseline for use by any organization, regardless of sector or size. The NIST Cybersecurity Framework consists of three primary components: the framework core, the profiles, and the implementation tiers. The framework core contains desired cybersecurity activities and outcomes organized into 23 categories that cover the breadth of cybersecurity objectives for an organization. The profiles contain an organization's unique alignment of their organizational requirements and objectives, risk appetite, and resources using the desired outcomes of the framework core. The implementation tiers describe the degree to which an organization’s cybersecurity risk management practices exhibit the characteristics defined in the framework core.;992275841864;eu-west-3;2026-08-18 15:47:07.870888;cm_1;The network is monitored to detect potential cybersecurity events.;Detect (DE);Security Continuous Monitoring (DE.CM);;aws;;FAIL;No CloudTrail trails enabled with logging were found.;arn:aws:cloudtrail:eu-west-3:992275841864:trail;cloudtrail_multi_region_enabled;False;992275841864;NIST-CSF;National Institute of Standards and Technology (NIST) Cybersecurity Framework (CSF) v1.1;
aws;The NIST Cybersecurity Framework (CSF) is supported by governments and industries worldwide as a recommended baseline for use by any organization, regardless of sector or size. The NIST Cybersecurity Framework consists of three primary components: the framework core, the profiles, and the implementation tiers. The framework core contains desired cybersecurity activities and outcomes organized into 23 categories that cover the breadth of cybersecurity objectives for an organization. The profiles contain an organization's unique alignment of their organizational requirements and objectives, risk appetite, and resources using the desired outcomes of the framework core. The implementation tiers describe the degree to which an organization’s cybersecurity risk management practices exhibit the characteristics defined in the framework core.;992275841864;eu-west-3;2026-08-18 15:47:07.870888;cm_3;Personnel activity is monitored to detect potential cybersecurity events.;Detect (DE);Security Continuous Monitoring (DE.CM);;aws;;FAIL;No CloudTrail trails enabled with logging were found.;arn:aws:cloudtrail:eu-west-3:992275841864:trail;cloudtrail_multi_region_enabled;False;992275841864;NIST-CSF;National Institute of Standards and Technology (NIST) Cybersecurity Framework (CSF) v1.1;
aws;The NIST Cybersecurity Framework (CSF) is supported by governments and industries worldwide as a recommended baseline for use by any organization, regardless of sector or size. The NIST Cybersecurity Framework consists of three primary components: the framework core, the profiles, and the implementation tiers. The framework core contains desired cybersecurity activities and outcomes organized into 23 categories that cover the breadth of cybersecurity objectives for an organization. The profiles contain an organization's unique alignment of their organizational requirements and objectives, risk appetite, and resources using the desired outcomes of the framework core. The implementation tiers describe the degree to which an organization’s cybersecurity risk management practices exhibit the characteristics defined in the framework core.;992275841864;eu-west-3;2026-08-18 15:47:07.870888;cm_6;External service provider activity is monitored to detect potential cybersecurity events.;Detect (DE);Security Continuous Monitoring (DE.CM);;aws;;FAIL;No CloudTrail trails enabled with logging were found.;arn:aws:cloudtrail:eu-west-3:992275841864:trail;cloudtrail_multi_region_enabled;False;992275841864;NIST-CSF;National Institute of Standards and Technology (NIST) Cybersecurity Framework (CSF) v1.1;
aws;The NIST Cybersecurity Framework (CSF) is supported by governments and industries worldwide as a recommended baseline for use by any organization, regardless of sector or size. The NIST Cybersecurity Framework consists of three primary components: the framework core, the profiles, and the implementation tiers. The framework core contains desired cybersecurity activities and outcomes organized into 23 categories that cover the breadth of cybersecurity objectives for an organization. The profiles contain an organization's unique alignment of their organizational requirements and objectives, risk appetite, and resources using the desired outcomes of the framework core. The implementation tiers describe the degree to which an organization’s cybersecurity risk management practices exhibit the characteristics defined in the framework core.;992275841864;eu-west-3;2026-08-18 15:47:07.870888;cm_7;Monitoring for unauthorized personnel, connections, devices, and software is performed.;Detect (DE);Security Continuous Monitoring (DE.CM);;aws;;FAIL;No CloudTrail trails enabled with logging were found.;arn:aws:cloudtrail:eu-west-3:992275841864:trail;cloudtrail_multi_region_enabled;False;992275841864;NIST-CSF;National Institute of Standards and Technology (NIST) Cybersecurity Framework (CSF) v1.1;
aws;The NIST Cybersecurity Framework (CSF) is supported by governments and industries worldwide as a recommended baseline for use by any organization, regardless of sector or size. The NIST Cybersecurity Framework consists of three primary components: the framework core, the profiles, and the implementation tiers. The framework core contains desired cybersecurity activities and outcomes organized into 23 categories that cover the breadth of cybersecurity objectives for an organization. The profiles contain an organization's unique alignment of their organizational requirements and objectives, risk appetite, and resources using the desired outcomes of the framework core. The implementation tiers describe the degree to which an organization’s cybersecurity risk management practices exhibit the characteristics defined in the framework core.;992275841864;eu-west-3;2026-08-18 15:47:07.870888;am_3;Organizational communication and data flows are mapped.;Identify (ID);Asset Management (ID.AM);;aws;;FAIL;No CloudTrail trails enabled with logging were found.;arn:aws:cloudtrail:eu-west-3:992275841864:trail;cloudtrail_multi_region_enabled;False;992275841864;NIST-CSF;National Institute of Standards and Technology (NIST) Cybersecurity Framework (CSF) v1.1;
aws;The NIST Cybersecurity Framework (CSF) is supported by governments and industries worldwide as a recommended baseline for use by any organization, regardless of sector or size. The NIST Cybersecurity Framework consists of three primary components: the framework core, the profiles, and the implementation tiers. The framework core contains desired cybersecurity activities and outcomes organized into 23 categories that cover the breadth of cybersecurity objectives for an organization. The profiles contain an organization's unique alignment of their organizational requirements and objectives, risk appetite, and resources using the desired outcomes of the framework core. The implementation tiers describe the degree to which an organization’s cybersecurity risk management practices exhibit the characteristics defined in the framework core.;992275841864;eu-west-3;2026-08-18 15:47:07.870888;ac_6;Identities are proofed and bound to credentials and asserted in interactions.;Protect (PR);Identity Management and Access Control (PR.AC);;aws;;FAIL;No CloudTrail trails enabled with logging were found.;arn:aws:cloudtrail:eu-west-3:992275841864:trail;cloudtrail_multi_region_enabled;False;992275841864;NIST-CSF;National Institute of Standards and Technology (NIST) Cybersecurity Framework (CSF) v1.1;
aws;The NIST Cybersecurity Framework (CSF) is supported by governments and industries worldwide as a recommended baseline for use by any organization, regardless of sector or size. The NIST Cybersecurity Framework consists of three primary components: the framework core, the profiles, and the implementation tiers. The framework core contains desired cybersecurity activities and outcomes organized into 23 categories that cover the breadth of cybersecurity objectives for an organization. The profiles contain an organization's unique alignment of their organizational requirements and objectives, risk appetite, and resources using the desired outcomes of the framework core. The implementation tiers describe the degree to which an organization’s cybersecurity risk management practices exhibit the characteristics defined in the framework core.;992275841864;eu-west-3;2026-08-18 15:47:07.870888;ds_5;Protections against data leaks are implemented.;Protect (PR);Data Security (PR.DS);;aws;;FAIL;No CloudTrail trails enabled with logging were found.;arn:aws:cloudtrail:eu-west-3:992275841864:trail;cloudtrail_multi_region_enabled;False;992275841864;NIST-CSF;National Institute of Standards and Technology (NIST) Cybersecurity Framework (CSF) v1.1;
aws;The NIST Cybersecurity Framework (CSF) is supported by governments and industries worldwide as a recommended baseline for use by any organization, regardless of sector or size. The NIST Cybersecurity Framework consists of three primary components: the framework core, the profiles, and the implementation tiers. The framework core contains desired cybersecurity activities and outcomes organized into 23 categories that cover the breadth of cybersecurity objectives for an organization. The profiles contain an organization's unique alignment of their organizational requirements and objectives, risk appetite, and resources using the desired outcomes of the framework core. The implementation tiers describe the degree to which an organization’s cybersecurity risk management practices exhibit the characteristics defined in the framework core.;992275841864;eu-west-3;2026-08-18 15:47:07.870888;ma_2;Remote maintenance of organizational assets is approved, logged, and performed in a manner that prevents unauthorized access.;Protect (PR);Maintenance (PR.MA);;cloudtrail;;FAIL;No CloudTrail trails enabled with logging were found.;arn:aws:cloudtrail:eu-west-3:992275841864:trail;cloudtrail_multi_region_enabled;False;992275841864;NIST-CSF;National Institute of Standards and Technology (NIST) Cybersecurity Framework (CSF) v1.1;
aws;The NIST Cybersecurity Framework (CSF) is supported by governments and industries worldwide as a recommended baseline for use by any organization, regardless of sector or size. The NIST Cybersecurity Framework consists of three primary components: the framework core, the profiles, and the implementation tiers. The framework core contains desired cybersecurity activities and outcomes organized into 23 categories that cover the breadth of cybersecurity objectives for an organization. The profiles contain an organization's unique alignment of their organizational requirements and objectives, risk appetite, and resources using the desired outcomes of the framework core. The implementation tiers describe the degree to which an organization’s cybersecurity risk management practices exhibit the characteristics defined in the framework core.;992275841864;eu-west-3;2026-08-18 15:47:07.870888;pt_1;Audit/log records are determined, documented, implemented, and reviewed in accordance with policy.;Protect (PR);Protective Technology (PR.PT);;aws;;FAIL;No CloudTrail trails enabled with logging were found.;arn:aws:cloudtrail:eu-west-3:992275841864:trail;cloudtrail_multi_region_enabled;False;992275841864;NIST-CSF;National Institute of Standards and Technology (NIST) Cybersecurity Framework (CSF) v1.1;
aws;The NIST Cybersecurity Framework (CSF) is supported by governments and industries worldwide as a recommended baseline for use by any organization, regardless of sector or size. The NIST Cybersecurity Framework consists of three primary components: the framework core, the profiles, and the implementation tiers. The framework core contains desired cybersecurity activities and outcomes organized into 23 categories that cover the breadth of cybersecurity objectives for an organization. The profiles contain an organization's unique alignment of their organizational requirements and objectives, risk appetite, and resources using the desired outcomes of the framework core. The implementation tiers describe the degree to which an organization’s cybersecurity risk management practices exhibit the characteristics defined in the framework core.;992275841864;sa-east-1;2026-08-18 15:47:07.870888;ae_1;A baseline of network operations and expected data flows for users and systems is established and managed.;Detect (DE);Anomalies and Events (DE.AE);;aws;;FAIL;No CloudTrail trails enabled with logging were found.;arn:aws:cloudtrail:sa-east-1:992275841864:trail;cloudtrail_multi_region_enabled;False;992275841864;NIST-CSF;National Institute of Standards and Technology (NIST) Cybersecurity Framework (CSF) v1.1;
aws;The NIST Cybersecurity Framework (CSF) is supported by governments and industries worldwide as a recommended baseline for use by any organization, regardless of sector or size. The NIST Cybersecurity Framework consists of three primary components: the framework core, the profiles, and the implementation tiers. The framework core contains desired cybersecurity activities and outcomes organized into 23 categories that cover the breadth of cybersecurity objectives for an organization. The profiles contain an organization's unique alignment of their organizational requirements and objectives, risk appetite, and resources using the desired outcomes of the framework core. The implementation tiers describe the degree to which an organization’s cybersecurity risk management practices exhibit the characteristics defined in the framework core.;992275841864;sa-east-1;2026-08-18 15:47:07.870888;ae_3;Event data are collected and correlated from multiple sources and sensors.;Detect (DE);Anomalies and Events (DE.AE);;aws;;FAIL;No CloudTrail trails enabled with logging were found.;arn:aws:cloudtrail:sa-east-1:992275841864:trail;cloudtrail_multi_region_enabled;False;992275841864;NIST-CSF;National Institute of Standards and Technology (NIST) Cybersecurity Framework (CSF) v1.1;
aws;The NIST Cybersecurity Framework (CSF) is supported by governments and industries worldwide as a recommended baseline for use by any organization, regardless of sector or size. The NIST Cybersecurity Framework consists of three primary components: the framework core, the profiles, and the implementation tiers. The framework core contains desired cybersecurity activities and outcomes organized into 23 categories that cover the breadth of cybersecurity objectives for an organization. The profiles contain an organization's unique alignment of their organizational requirements and objectives, risk appetite, and resources using the desired outcomes of the framework core. The implementation tiers describe the degree to which an organization’s cybersecurity risk management practices exhibit the characteristics defined in the framework core.;992275841864;sa-east-1;2026-08-18 15:47:07.870888;ae_4;Impact of events is determined.;Detect (DE);Anomalies and Events (DE.AE);;aws;;FAIL;No CloudTrail trails enabled with logging were found.;arn:aws:cloudtrail:sa-east-1:992275841864:trail;cloudtrail_multi_region_enabled;False;992275841864;NIST-CSF;National Institute of Standards and Technology (NIST) Cybersecurity Framework (CSF) v1.1;
aws;The NIST Cybersecurity Framework (CSF) is supported by governments and industries worldwide as a recommended baseline for use by any organization, regardless of sector or size. The NIST Cybersecurity Framework consists of three primary components: the framework core, the profiles, and the implementation tiers. The framework core contains desired cybersecurity activities and outcomes organized into 23 categories that cover the breadth of cybersecurity objectives for an organization. The profiles contain an organization's unique alignment of their organizational requirements and objectives, risk appetite, and resources using the desired outcomes of the framework core. The implementation tiers describe the degree to which an organization’s cybersecurity risk management practices exhibit the characteristics defined in the framework core.;992275841864;sa-east-1;2026-08-18 15:47:07.870888;cm_1;The network is monitored to detect potential cybersecurity events.;Detect (DE);Security Continuous Monitoring (DE.CM);;aws;;FAIL;No CloudTrail trails enabled with logging were found.;arn:aws:cloudtrail:sa-east-1:992275841864:trail;cloudtrail_multi_region_enabled;False;992275841864;NIST-CSF;National Institute of Standards and Technology (NIST) Cybersecurity Framework (CSF) v1.1;
aws;The NIST Cybersecurity Framework (CSF) is supported by governments and industries worldwide as a recommended baseline for use by any organization, regardless of sector or size. The NIST Cybersecurity Framework consists of three primary components: the framework core, the profiles, and the implementation tiers. The framework core contains desired cybersecurity activities and outcomes organized into 23 categories that cover the breadth of cybersecurity objectives for an organization. The profiles contain an organization's unique alignment of their organizational requirements and objectives, risk appetite, and resources using the desired outcomes of the framework core. The implementation tiers describe the degree to which an organization’s cybersecurity risk management practices exhibit the characteristics defined in the framework core.;992275841864;sa-east-1;2026-08-18 15:47:07.870888;cm_3;Personnel activity is monitored to detect potential cybersecurity events.;Detect (DE);Security Continuous Monitoring (DE.CM);;aws;;FAIL;No CloudTrail trails enabled with logging were found.;arn:aws:cloudtrail:sa-east-1:992275841864:trail;cloudtrail_multi_region_enabled;False;992275841864;NIST-CSF;National Institute of Standards and Technology (NIST) Cybersecurity Framework (CSF) v1.1;
aws;The NIST Cybersecurity Framework (CSF) is supported by governments and industries worldwide as a recommended baseline for use by any organization, regardless of sector or size. The NIST Cybersecurity Framework consists of three primary components: the framework core, the profiles, and the implementation tiers. The framework core contains desired cybersecurity activities and outcomes organized into 23 categories that cover the breadth of cybersecurity objectives for an organization. The profiles contain an organization's unique alignment of their organizational requirements and objectives, risk appetite, and resources using the desired outcomes of the framework core. The implementation tiers describe the degree to which an organization’s cybersecurity risk management practices exhibit the characteristics defined in the framework core.;992275841864;sa-east-1;2026-08-18 15:47:07.870888;cm_6;External service provider activity is monitored to detect potential cybersecurity events.;Detect (DE);Security Continuous Monitoring (DE.CM);;aws;;FAIL;No CloudTrail trails enabled with logging were found.;arn:aws:cloudtrail:sa-east-1:992275841864:trail;cloudtrail_multi_region_enabled;False;992275841864;NIST-CSF;National Institute of Standards and Technology (NIST) Cybersecurity Framework (CSF) v1.1;
aws;The NIST Cybersecurity Framework (CSF) is supported by governments and industries worldwide as a recommended baseline for use by any organization, regardless of sector or size. The NIST Cybersecurity Framework consists of three primary components: the framework core, the profiles, and the implementation tiers. The framework core contains desired cybersecurity activities and outcomes organized into 23 categories that cover the breadth of cybersecurity objectives for an organization. The profiles contain an organization's unique alignment of their organizational requirements and objectives, risk appetite, and resources using the desired outcomes of the framework core. The implementation tiers describe the degree to which an organization’s cybersecurity risk management practices exhibit the characteristics defined in the framework core.;992275841864;sa-east-1;2026-08-18 15:47:07.870888;cm_7;Monitoring for unauthorized personnel, connections, devices, and software is performed.;Detect (DE);Security Continuous Monitoring (DE.CM);;aws;;FAIL;No CloudTrail trails enabled with logging were found.;arn:aws:cloudtrail:sa-east-1:992275841864:trail;cloudtrail_multi_region_enabled;False;992275841864;NIST-CSF;National Institute of Standards and Technology (NIST) Cybersecurity Framework (CSF) v1.1;
aws;The NIST Cybersecurity Framework (CSF) is supported by governments and industries worldwide as a recommended baseline for use by any organization, regardless of sector or size. The NIST Cybersecurity Framework consists of three primary components: the framework core, the profiles, and the implementation tiers. The framework core contains desired cybersecurity activities and outcomes organized into 23 categories that cover the breadth of cybersecurity objectives for an organization. The profiles contain an organization's unique alignment of their organizational requirements and objectives, risk appetite, and resources using the desired outcomes of the framework core. The implementation tiers describe the degree to which an organization’s cybersecurity risk management practices exhibit the characteristics defined in the framework core.;992275841864;sa-east-1;2026-08-18 15:47:07.870888;am_3;Organizational communication and data flows are mapped.;Identify (ID);Asset Management (ID.AM);;aws;;FAIL;No CloudTrail trails enabled with logging were found.;arn:aws:cloudtrail:sa-east-1:992275841864:trail;cloudtrail_multi_region_enabled;False;992275841864;NIST-CSF;National Institute of Standards and Technology (NIST) Cybersecurity Framework (CSF) v1.1;
aws;The NIST Cybersecurity Framework (CSF) is supported by governments and industries worldwide as a recommended baseline for use by any organization, regardless of sector or size. The NIST Cybersecurity Framework consists of three primary components: the framework core, the profiles, and the implementation tiers. The framework core contains desired cybersecurity activities and outcomes organized into 23 categories that cover the breadth of cybersecurity objectives for an organization. The profiles contain an organization's unique alignment of their organizational requirements and objectives, risk appetite, and resources using the desired outcomes of the framework core. The implementation tiers describe the degree to which an organization’s cybersecurity risk management practices exhibit the characteristics defined in the framework core.;992275841864;sa-east-1;2026-08-18 15:47:07.870888;ac_6;Identities are proofed and bound to credentials and asserted in interactions.;Protect (PR);Identity Management and Access Control (PR.AC);;aws;;FAIL;No CloudTrail trails enabled with logging were found.;arn:aws:cloudtrail:sa-east-1:992275841864:trail;cloudtrail_multi_region_enabled;False;992275841864;NIST-CSF;National Institute of Standards and Technology (NIST) Cybersecurity Framework (CSF) v1.1;
aws;The NIST Cybersecurity Framework (CSF) is supported by governments and industries worldwide as a recommended baseline for use by any organization, regardless of sector or size. The NIST Cybersecurity Framework consists of three primary components: the framework core, the profiles, and the implementation tiers. The framework core contains desired cybersecurity activities and outcomes organized into 23 categories that cover the breadth of cybersecurity objectives for an organization. The profiles contain an organization's unique alignment of their organizational requirements and objectives, risk appetite, and resources using the desired outcomes of the framework core. The implementation tiers describe the degree to which an organization’s cybersecurity risk management practices exhibit the characteristics defined in the framework core.;992275841864;sa-east-1;2026-08-18 15:47:07.870888;ds_5;Protections against data leaks are implemented.;Protect (PR);Data Security (PR.DS);;aws;;FAIL;No CloudTrail trails enabled with logging were found.;arn:aws:cloudtrail:sa-east-1:992275841864:trail;cloudtrail_multi_region_enabled;False;992275841864;NIST-CSF;National Institute of Standards and Technology (NIST) Cybersecurity Framework (CSF) v1.1;
aws;The NIST Cybersecurity Framework (CSF) is supported by governments and industries worldwide as a recommended baseline for use by any organization, regardless of sector or size. The NIST Cybersecurity Framework consists of three primary components: the framework core, the profiles, and the implementation tiers. The framework core contains desired cybersecurity activities and outcomes organized into 23 categories that cover the breadth of cybersecurity objectives for an organization. The profiles contain an organization's unique alignment of their organizational requirements and objectives, risk appetite, and resources using the desired outcomes of the framework core. The implementation tiers describe the degree to which an organization’s cybersecurity risk management practices exhibit the characteristics defined in the framework core.;992275841864;sa-east-1;2026-08-18 15:47:07.870888;ma_2;Remote maintenance of organizational assets is approved, logged, and performed in a manner that prevents unauthorized access.;Protect (PR);Maintenance (PR.MA);;cloudtrail;;FAIL;No CloudTrail trails enabled with logging were found.;arn:aws:cloudtrail:sa-east-1:992275841864:trail;cloudtrail_multi_region_enabled;False;992275841864;NIST-CSF;National Institute of Standards and Technology (NIST) Cybersecurity Framework (CSF) v1.1;
aws;The NIST Cybersecurity Framework (CSF) is supported by governments and industries worldwide as a recommended baseline for use by any organization, regardless of sector or size. The NIST Cybersecurity Framework consists of three primary components: the framework core, the profiles, and the implementation tiers. The framework core contains desired cybersecurity activities and outcomes organized into 23 categories that cover the breadth of cybersecurity objectives for an organization. The profiles contain an organization's unique alignment of their organizational requirements and objectives, risk appetite, and resources using the desired outcomes of the framework core. The implementation tiers describe the degree to which an organization’s cybersecurity risk management practices exhibit the characteristics defined in the framework core.;992275841864;sa-east-1;2026-08-18 15:47:07.870888;pt_1;Audit/log records are determined, documented, implemented, and reviewed in accordance with policy.;Protect (PR);Protective Technology (PR.PT);;aws;;FAIL;No CloudTrail trails enabled with logging were found.;arn:aws:cloudtrail:sa-east-1:992275841864:trail;cloudtrail_multi_region_enabled;False;992275841864;NIST-CSF;National Institute of Standards and Technology (NIST) Cybersecurity Framework (CSF) v1.1;
aws;The NIST Cybersecurity Framework (CSF) is supported by governments and industries worldwide as a recommended baseline for use by any organization, regardless of sector or size. The NIST Cybersecurity Framework consists of three primary components: the framework core, the profiles, and the implementation tiers. The framework core contains desired cybersecurity activities and outcomes organized into 23 categories that cover the breadth of cybersecurity objectives for an organization. The profiles contain an organization's unique alignment of their organizational requirements and objectives, risk appetite, and resources using the desired outcomes of the framework core. The implementation tiers describe the degree to which an organization’s cybersecurity risk management practices exhibit the characteristics defined in the framework core.;992275841864;us-east-1;2026-08-18 15:47:07.870888;ae_1;A baseline of network operations and expected data flows for users and systems is established and managed.;Detect (DE);Anomalies and Events (DE.AE);;aws;;FAIL;No CloudTrail trails enabled with logging were found.;arn:aws:cloudtrail:us-east-1:992275841864:trail;cloudtrail_multi_region_enabled;False;992275841864;NIST-CSF;National Institute of Standards and Technology (NIST) Cybersecurity Framework (CSF) v1.1;
aws;The NIST Cybersecurity Framework (CSF) is supported by governments and industries worldwide as a recommended baseline for use by any organization, regardless of sector or size. The NIST Cybersecurity Framework consists of three primary components: the framework core, the profiles, and the implementation tiers. The framework core contains desired cybersecurity activities and outcomes organized into 23 categories that cover the breadth of cybersecurity objectives for an organization. The profiles contain an organization's unique alignment of their organizational requirements and objectives, risk appetite, and resources using the desired outcomes of the framework core. The implementation tiers describe the degree to which an organization’s cybersecurity risk management practices exhibit the characteristics defined in the framework core.;992275841864;us-east-1;2026-08-18 15:47:07.870888;ae_3;Event data are collected and correlated from multiple sources and sensors.;Detect (DE);Anomalies and Events (DE.AE);;aws;;FAIL;No CloudTrail trails enabled with logging were found.;arn:aws:cloudtrail:us-east-1:992275841864:trail;cloudtrail_multi_region_enabled;False;992275841864;NIST-CSF;National Institute of Standards and Technology (NIST) Cybersecurity Framework (CSF) v1.1;
aws;The NIST Cybersecurity Framework (CSF) is supported by governments and industries worldwide as a recommended baseline for use by any organization, regardless of sector or size. The NIST Cybersecurity Framework consists of three primary components: the framework core, the profiles, and the implementation tiers. The framework core contains desired cybersecurity activities and outcomes organized into 23 categories that cover the breadth of cybersecurity objectives for an organization. The profiles contain an organization's unique alignment of their organizational requirements and objectives, risk appetite, and resources using the desired outcomes of the framework core. The implementation tiers describe the degree to which an organization’s cybersecurity risk management practices exhibit the characteristics defined in the framework core.;992275841864;us-east-1;2026-08-18 15:47:07.870888;ae_4;Impact of events is determined.;Detect (DE);Anomalies and Events (DE.AE);;aws;;FAIL;No CloudTrail trails enabled with logging were found.;arn:aws:cloudtrail:us-east-1:992275841864:trail;cloudtrail_multi_region_enabled;False;992275841864;NIST-CSF;National Institute of Standards and Technology (NIST) Cybersecurity Framework (CSF) v1.1;
aws;The NIST Cybersecurity Framework (CSF) is supported by governments and industries worldwide as a recommended baseline for use by any organization, regardless of sector or size. The NIST Cybersecurity Framework consists of three primary components: the framework core, the profiles, and the implementation tiers. The framework core contains desired cybersecurity activities and outcomes organized into 23 categories that cover the breadth of cybersecurity objectives for an organization. The profiles contain an organization's unique alignment of their organizational requirements and objectives, risk appetite, and resources using the desired outcomes of the framework core. The implementation tiers describe the degree to which an organization’s cybersecurity risk management practices exhibit the characteristics defined in the framework core.;992275841864;us-east-1;2026-08-18 15:47:07.870888;cm_1;The network is monitored to detect potential cybersecurity events.;Detect (DE);Security Continuous Monitoring (DE.CM);;aws;;FAIL;No CloudTrail trails enabled with logging were found.;arn:aws:cloudtrail:us-east-1:992275841864:trail;cloudtrail_multi_region_enabled;False;992275841864;NIST-CSF;National Institute of Standards and Technology (NIST) Cybersecurity Framework (CSF) v1.1;
aws;The NIST Cybersecurity Framework (CSF) is supported by governments and industries worldwide as a recommended baseline for use by any organization, regardless of sector or size. The NIST Cybersecurity Framework consists of three primary components: the framework core, the profiles, and the implementation tiers. The framework core contains desired cybersecurity activities and outcomes organized into 23 categories that cover the breadth of cybersecurity objectives for an organization. The profiles contain an organization's unique alignment of their organizational requirements and objectives, risk appetite, and resources using the desired outcomes of the framework core. The implementation tiers describe the degree to which an organization’s cybersecurity risk management practices exhibit the characteristics defined in the framework core.;992275841864;us-east-1;2026-08-18 15:47:07.870888;cm_3;Personnel activity is monitored to detect potential cybersecurity events.;Detect (DE);Security Continuous Monitoring (DE.CM);;aws;;FAIL;No CloudTrail trails enabled with logging were found.;arn:aws:cloudtrail:us-east-1:992275841864:trail;cloudtrail_multi_region_enabled;False;992275841864;NIST-CSF;National Institute of Standards and Technology (NIST) Cybersecurity Framework (CSF) v1.1;
aws;The NIST Cybersecurity Framework (CSF) is supported by governments and industries worldwide as a recommended baseline for use by any organization, regardless of sector or size. The NIST Cybersecurity Framework consists of three primary components: the framework core, the profiles, and the implementation tiers. The framework core contains desired cybersecurity activities and outcomes organized into 23 categories that cover the breadth of cybersecurity objectives for an organization. The profiles contain an organization's unique alignment of their organizational requirements and objectives, risk appetite, and resources using the desired outcomes of the framework core. The implementation tiers describe the degree to which an organization’s cybersecurity risk management practices exhibit the characteristics defined in the framework core.;992275841864;us-east-1;2026-08-18 15:47:07.870888;cm_6;External service provider activity is monitored to detect potential cybersecurity events.;Detect (DE);Security Continuous Monitoring (DE.CM);;aws;;FAIL;No CloudTrail trails enabled with logging were found.;arn:aws:cloudtrail:us-east-1:992275841864:trail;cloudtrail_multi_region_enabled;False;992275841864;NIST-CSF;National Institute of Standards and Technology (NIST) Cybersecurity Framework (CSF) v1.1;
aws;The NIST Cybersecurity Framework (CSF) is supported by governments and industries worldwide as a recommended baseline for use by any organization, regardless of sector or size. The NIST Cybersecurity Framework consists of three primary components: the framework core, the profiles, and the implementation tiers. The framework core contains desired cybersecurity activities and outcomes organized into 23 categories that cover the breadth of cybersecurity objectives for an organization. The profiles contain an organization's unique alignment of their organizational requirements and objectives, risk appetite, and resources using the desired outcomes of the framework core. The implementation tiers describe the degree to which an organization’s cybersecurity risk management practices exhibit the characteristics defined in the framework core.;992275841864;us-east-1;2026-08-18 15:47:07.870888;cm_7;Monitoring for unauthorized personnel, connections, devices, and software is performed.;Detect (DE);Security Continuous Monitoring (DE.CM);;aws;;FAIL;No CloudTrail trails enabled with logging were found.;arn:aws:cloudtrail:us-east-1:992275841864:trail;cloudtrail_multi_region_enabled;False;992275841864;NIST-CSF;National Institute of Standards and Technology (NIST) Cybersecurity Framework (CSF) v1.1;
aws;The NIST Cybersecurity Framework (CSF) is supported by governments and industries worldwide as a recommended baseline for use by any organization, regardless of sector or size. The NIST Cybersecurity Framework consists of three primary components: the framework core, the profiles, and the implementation tiers. The framework core contains desired cybersecurity activities and outcomes organized into 23 categories that cover the breadth of cybersecurity objectives for an organization. The profiles contain an organization's unique alignment of their organizational requirements and objectives, risk appetite, and resources using the desired outcomes of the framework core. The implementation tiers describe the degree to which an organization’s cybersecurity risk management practices exhibit the characteristics defined in the framework core.;992275841864;us-east-1;2026-08-18 15:47:07.870888;am_3;Organizational communication and data flows are mapped.;Identify (ID);Asset Management (ID.AM);;aws;;FAIL;No CloudTrail trails enabled with logging were found.;arn:aws:cloudtrail:us-east-1:992275841864:trail;cloudtrail_multi_region_enabled;False;992275841864;NIST-CSF;National Institute of Standards and Technology (NIST) Cybersecurity Framework (CSF) v1.1;
aws;The NIST Cybersecurity Framework (CSF) is supported by governments and industries worldwide as a recommended baseline for use by any organization, regardless of sector or size. The NIST Cybersecurity Framework consists of three primary components: the framework core, the profiles, and the implementation tiers. The framework core contains desired cybersecurity activities and outcomes organized into 23 categories that cover the breadth of cybersecurity objectives for an organization. The profiles contain an organization's unique alignment of their organizational requirements and objectives, risk appetite, and resources using the desired outcomes of the framework core. The implementation tiers describe the degree to which an organization’s cybersecurity risk management practices exhibit the characteristics defined in the framework core.;992275841864;us-east-1;2026-08-18 15:47:07.870888;ac_6;Identities are proofed and bound to credentials and asserted in interactions.;Protect (PR);Identity Management and Access Control (PR.AC);;aws;;FAIL;No CloudTrail trails enabled with logging were found.;arn:aws:cloudtrail:us-east-1:992275841864:trail;cloudtrail_multi_region_enabled;False;992275841864;NIST-CSF;National Institute of Standards and Technology (NIST) Cybersecurity Framework (CSF) v1.1;
aws;The NIST Cybersecurity Framework (CSF) is supported by governments and industries worldwide as a recommended baseline for use by any organization, regardless of sector or size. The NIST Cybersecurity Framework consists of three primary components: the framework core, the profiles, and the implementation tiers. The framework core contains desired cybersecurity activities and outcomes organized into 23 categories that cover the breadth of cybersecurity objectives for an organization. The profiles contain an organization's unique alignment of their organizational requirements and objectives, risk appetite, and resources using the desired outcomes of the framework core. The implementation tiers describe the degree to which an organization’s cybersecurity risk management practices exhibit the characteristics defined in the framework core.;992275841864;us-east-1;2026-08-18 15:47:07.870888;ds_5;Protections against data leaks are implemented.;Protect (PR);Data Security (PR.DS);;aws;;FAIL;No CloudTrail trails enabled with logging were found.;arn:aws:cloudtrail:us-east-1:992275841864:trail;cloudtrail_multi_region_enabled;False;992275841864;NIST-CSF;National Institute of Standards and Technology (NIST) Cybersecurity Framework (CSF) v1.1;
aws;The NIST Cybersecurity Framework (CSF) is supported by governments and industries worldwide as a recommended baseline for use by any organization, regardless of sector or size. The NIST Cybersecurity Framework consists of three primary components: the framework core, the profiles, and the implementation tiers. The framework core contains desired cybersecurity activities and outcomes organized into 23 categories that cover the breadth of cybersecurity objectives for an organization. The profiles contain an organization's unique alignment of their organizational requirements and objectives, risk appetite, and resources using the desired outcomes of the framework core. The implementation tiers describe the degree to which an organization’s cybersecurity risk management practices exhibit the characteristics defined in the framework core.;992275841864;us-east-1;2026-08-18 15:47:07.870888;ma_2;Remote maintenance of organizational assets is approved, logged, and performed in a manner that prevents unauthorized access.;Protect (PR);Maintenance (PR.MA);;cloudtrail;;FAIL;No CloudTrail trails enabled with logging were found.;arn:aws:cloudtrail:us-east-1:992275841864:trail;cloudtrail_multi_region_enabled;False;992275841864;NIST-CSF;National Institute of Standards and Technology (NIST) Cybersecurity Framework (CSF) v1.1;
aws;The NIST Cybersecurity Framework (CSF) is supported by governments and industries worldwide as a recommended baseline for use by any organization, regardless of sector or size. The NIST Cybersecurity Framework consists of three primary components: the framework core, the profiles, and the implementation tiers. The framework core contains desired cybersecurity activities and outcomes organized into 23 categories that cover the breadth of cybersecurity objectives for an organization. The profiles contain an organization's unique alignment of their organizational requirements and objectives, risk appetite, and resources using the desired outcomes of the framework core. The implementation tiers describe the degree to which an organization’s cybersecurity risk management practices exhibit the characteristics defined in the framework core.;992275841864;us-east-1;2026-08-18 15:47:07.870888;pt_1;Audit/log records are determined, documented, implemented, and reviewed in accordance with policy.;Protect (PR);Protective Technology (PR.PT);;aws;;FAIL;No CloudTrail trails enabled with logging were found.;arn:aws:cloudtrail:us-east-1:992275841864:trail;cloudtrail_multi_region_enabled;False;992275841864;NIST-CSF;National Institute of Standards and Technology (NIST) Cybersecurity Framework (CSF) v1.1;
aws;The NIST Cybersecurity Framework (CSF) is supported by governments and industries worldwide as a recommended baseline for use by any organization, regardless of sector or size. The NIST Cybersecurity Framework consists of three primary components: the framework core, the profiles, and the implementation tiers. The framework core contains desired cybersecurity activities and outcomes organized into 23 categories that cover the breadth of cybersecurity objectives for an organization. The profiles contain an organization's unique alignment of their organizational requirements and objectives, risk appetite, and resources using the desired outcomes of the framework core. The implementation tiers describe the degree to which an organization’s cybersecurity risk management practices exhibit the characteristics defined in the framework core.;992275841864;us-east-2;2026-08-18 15:47:07.870888;ae_1;A baseline of network operations and expected data flows for users and systems is established and managed.;Detect (DE);Anomalies and Events (DE.AE);;aws;;FAIL;No CloudTrail trails enabled with logging were found.;arn:aws:cloudtrail:us-east-2:992275841864:trail;cloudtrail_multi_region_enabled;False;992275841864;NIST-CSF;National Institute of Standards and Technology (NIST) Cybersecurity Framework (CSF) v1.1;
aws;The NIST Cybersecurity Framework (CSF) is supported by governments and industries worldwide as a recommended baseline for use by any organization, regardless of sector or size. The NIST Cybersecurity Framework consists of three primary components: the framework core, the profiles, and the implementation tiers. The framework core contains desired cybersecurity activities and outcomes organized into 23 categories that cover the breadth of cybersecurity objectives for an organization. The profiles contain an organization's unique alignment of their organizational requirements and objectives, risk appetite, and resources using the desired outcomes of the framework core. The implementation tiers describe the degree to which an organization’s cybersecurity risk management practices exhibit the characteristics defined in the framework core.;992275841864;us-east-2;2026-08-18 15:47:07.870888;ae_3;Event data are collected and correlated from multiple sources and sensors.;Detect (DE);Anomalies and Events (DE.AE);;aws;;FAIL;No CloudTrail trails enabled with logging were found.;arn:aws:cloudtrail:us-east-2:992275841864:trail;cloudtrail_multi_region_enabled;False;992275841864;NIST-CSF;National Institute of Standards and Technology (NIST) Cybersecurity Framework (CSF) v1.1;
aws;The NIST Cybersecurity Framework (CSF) is supported by governments and industries worldwide as a recommended baseline for use by any organization, regardless of sector or size. The NIST Cybersecurity Framework consists of three primary components: the framework core, the profiles, and the implementation tiers. The framework core contains desired cybersecurity activities and outcomes organized into 23 categories that cover the breadth of cybersecurity objectives for an organization. The profiles contain an organization's unique alignment of their organizational requirements and objectives, risk appetite, and resources using the desired outcomes of the framework core. The implementation tiers describe the degree to which an organization’s cybersecurity risk management practices exhibit the characteristics defined in the framework core.;992275841864;us-east-2;2026-08-18 15:47:07.870888;ae_4;Impact of events is determined.;Detect (DE);Anomalies and Events (DE.AE);;aws;;FAIL;No CloudTrail trails enabled with logging were found.;arn:aws:cloudtrail:us-east-2:992275841864:trail;cloudtrail_multi_region_enabled;False;992275841864;NIST-CSF;National Institute of Standards and Technology (NIST) Cybersecurity Framework (CSF) v1.1;
aws;The NIST Cybersecurity Framework (CSF) is supported by governments and industries worldwide as a recommended baseline for use by any organization, regardless of sector or size. The NIST Cybersecurity Framework consists of three primary components: the framework core, the profiles, and the implementation tiers. The framework core contains desired cybersecurity activities and outcomes organized into 23 categories that cover the breadth of cybersecurity objectives for an organization. The profiles contain an organization's unique alignment of their organizational requirements and objectives, risk appetite, and resources using the desired outcomes of the framework core. The implementation tiers describe the degree to which an organization’s cybersecurity risk management practices exhibit the characteristics defined in the framework core.;992275841864;us-east-2;2026-08-18 15:47:07.870888;cm_1;The network is monitored to detect potential cybersecurity events.;Detect (DE);Security Continuous Monitoring (DE.CM);;aws;;FAIL;No CloudTrail trails enabled with logging were found.;arn:aws:cloudtrail:us-east-2:992275841864:trail;cloudtrail_multi_region_enabled;False;992275841864;NIST-CSF;National Institute of Standards and Technology (NIST) Cybersecurity Framework (CSF) v1.1;
aws;The NIST Cybersecurity Framework (CSF) is supported by governments and industries worldwide as a recommended baseline for use by any organization, regardless of sector or size. The NIST Cybersecurity Framework consists of three primary components: the framework core, the profiles, and the implementation tiers. The framework core contains desired cybersecurity activities and outcomes organized into 23 categories that cover the breadth of cybersecurity objectives for an organization. The profiles contain an organization's unique alignment of their organizational requirements and objectives, risk appetite, and resources using the desired outcomes of the framework core. The implementation tiers describe the degree to which an organization’s cybersecurity risk management practices exhibit the characteristics defined in the framework core.;992275841864;us-east-2;2026-08-18 15:47:07.870888;cm_3;Personnel activity is monitored to detect potential cybersecurity events.;Detect (DE);Security Continuous Monitoring (DE.CM);;aws;;FAIL;No CloudTrail trails enabled with logging were found.;arn:aws:cloudtrail:us-east-2:992275841864:trail;cloudtrail_multi_region_enabled;False;992275841864;NIST-CSF;National Institute of Standards and Technology (NIST) Cybersecurity Framework (CSF) v1.1;
aws;The NIST Cybersecurity Framework (CSF) is supported by governments and industries worldwide as a recommended baseline for use by any organization, regardless of sector or size. The NIST Cybersecurity Framework consists of three primary components: the framework core, the profiles, and the implementation tiers. The framework core contains desired cybersecurity activities and outcomes organized into 23 categories that cover the breadth of cybersecurity objectives for an organization. The profiles contain an organization's unique alignment of their organizational requirements and objectives, risk appetite, and resources using the desired outcomes of the framework core. The implementation tiers describe the degree to which an organization’s cybersecurity risk management practices exhibit the characteristics defined in the framework core.;992275841864;us-east-2;2026-08-18 15:47:07.870888;cm_6;External service provider activity is monitored to detect potential cybersecurity events.;Detect (DE);Security Continuous Monitoring (DE.CM);;aws;;FAIL;No CloudTrail trails enabled with logging were found.;arn:aws:cloudtrail:us-east-2:992275841864:trail;cloudtrail_multi_region_enabled;False;992275841864;NIST-CSF;National Institute of Standards and Technology (NIST) Cybersecurity Framework (CSF) v1.1;
aws;The NIST Cybersecurity Framework (CSF) is supported by governments and industries worldwide as a recommended baseline for use by any organization, regardless of sector or size. The NIST Cybersecurity Framework consists of three primary components: the framework core, the profiles, and the implementation tiers. The framework core contains desired cybersecurity activities and outcomes organized into 23 categories that cover the breadth of cybersecurity objectives for an organization. The profiles contain an organization's unique alignment of their organizational requirements and objectives, risk appetite, and resources using the desired outcomes of the framework core. The implementation tiers describe the degree to which an organization’s cybersecurity risk management practices exhibit the characteristics defined in the framework core.;992275841864;us-east-2;2026-08-18 15:47:07.870888;cm_7;Monitoring for unauthorized personnel, connections, devices, and software is performed.;Detect (DE);Security Continuous Monitoring (DE.CM);;aws;;FAIL;No CloudTrail trails enabled with logging were found.;arn:aws:cloudtrail:us-east-2:992275841864:trail;cloudtrail_multi_region_enabled;False;992275841864;NIST-CSF;National Institute of Standards and Technology (NIST) Cybersecurity Framework (CSF) v1.1;
aws;The NIST Cybersecurity Framework (CSF) is supported by governments and industries worldwide as a recommended baseline for use by any organization, regardless of sector or size. The NIST Cybersecurity Framework consists of three primary components: the framework core, the profiles, and the implementation tiers. The framework core contains desired cybersecurity activities and outcomes organized into 23 categories that cover the breadth of cybersecurity objectives for an organization. The profiles contain an organization's unique alignment of their organizational requirements and objectives, risk appetite, and resources using the desired outcomes of the framework core. The implementation tiers describe the degree to which an organization’s cybersecurity risk management practices exhibit the characteristics defined in the framework core.;992275841864;us-east-2;2026-08-18 15:47:07.870888;am_3;Organizational communication and data flows are mapped.;Identify (ID);Asset Management (ID.AM);;aws;;FAIL;No CloudTrail trails enabled with logging were found.;arn:aws:cloudtrail:us-east-2:992275841864:trail;cloudtrail_multi_region_enabled;False;992275841864;NIST-CSF;National Institute of Standards and Technology (NIST) Cybersecurity Framework (CSF) v1.1;
aws;The NIST Cybersecurity Framework (CSF) is supported by governments and industries worldwide as a recommended baseline for use by any organization, regardless of sector or size. The NIST Cybersecurity Framework consists of three primary components: the framework core, the profiles, and the implementation tiers. The framework core contains desired cybersecurity activities and outcomes organized into 23 categories that cover the breadth of cybersecurity objectives for an organization. The profiles contain an organization's unique alignment of their organizational requirements and objectives, risk appetite, and resources using the desired outcomes of the framework core. The implementation tiers describe the degree to which an organization’s cybersecurity risk management practices exhibit the characteristics defined in the framework core.;992275841864;us-east-2;2026-08-18 15:47:07.870888;ac_6;Identities are proofed and bound to credentials and asserted in interactions.;Protect (PR);Identity Management and Access Control (PR.AC);;aws;;FAIL;No CloudTrail trails enabled with logging were found.;arn:aws:cloudtrail:us-east-2:992275841864:trail;cloudtrail_multi_region_enabled;False;992275841864;NIST-CSF;National Institute of Standards and Technology (NIST) Cybersecurity Framework (CSF) v1.1;
aws;The NIST Cybersecurity Framework (CSF) is supported by governments and industries worldwide as a recommended baseline for use by any organization, regardless of sector or size. The NIST Cybersecurity Framework consists of three primary components: the framework core, the profiles, and the implementation tiers. The framework core contains desired cybersecurity activities and outcomes organized into 23 categories that cover the breadth of cybersecurity objectives for an organization. The profiles contain an organization's unique alignment of their organizational requirements and objectives, risk appetite, and resources using the desired outcomes of the framework core. The implementation tiers describe the degree to which an organization’s cybersecurity risk management practices exhibit the characteristics defined in the framework core.;992275841864;us-east-2;2026-08-18 15:47:07.870888;ds_5;Protections against data leaks are implemented.;Protect (PR);Data Security (PR.DS);;aws;;FAIL;No CloudTrail trails enabled with logging were found.;arn:aws:cloudtrail:us-east-2:992275841864:trail;cloudtrail_multi_region_enabled;False;992275841864;NIST-CSF;National Institute of Standards and Technology (NIST) Cybersecurity Framework (CSF) v1.1;
aws;The NIST Cybersecurity Framework (CSF) is supported by governments and industries worldwide as a recommended baseline for use by any organization, regardless of sector or size. The NIST Cybersecurity Framework consists of three primary components: the framework core, the profiles, and the implementation tiers. The framework core contains desired cybersecurity activities and outcomes organized into 23 categories that cover the breadth of cybersecurity objectives for an organization. The profiles contain an organization's unique alignment of their organizational requirements and objectives, risk appetite, and resources using the desired outcomes of the framework core. The implementation tiers describe the degree to which an organization’s cybersecurity risk management practices exhibit the characteristics defined in the framework core.;992275841864;us-east-2;2026-08-18 15:47:07.870888;ma_2;Remote maintenance of organizational assets is approved, logged, and performed in a manner that prevents unauthorized access.;Protect (PR);Maintenance (PR.MA);;cloudtrail;;FAIL;No CloudTrail trails enabled with logging were found.;arn:aws:cloudtrail:us-east-2:992275841864:trail;cloudtrail_multi_region_enabled;False;992275841864;NIST-CSF;National Institute of Standards and Technology (NIST) Cybersecurity Framework (CSF) v1.1;
aws;The NIST Cybersecurity Framework (CSF) is supported by governments and industries worldwide as a recommended baseline for use by any organization, regardless of sector or size. The NIST Cybersecurity Framework consists of three primary components: the framework core, the profiles, and the implementation tiers. The framework core contains desired cybersecurity activities and outcomes organized into 23 categories that cover the breadth of cybersecurity objectives for an organization. The profiles contain an organization's unique alignment of their organizational requirements and objectives, risk appetite, and resources using the desired outcomes of the framework core. The implementation tiers describe the degree to which an organization’s cybersecurity risk management practices exhibit the characteristics defined in the framework core.;992275841864;us-east-2;2026-08-18 15:47:07.870888;pt_1;Audit/log records are determined, documented, implemented, and reviewed in accordance with policy.;Protect (PR);Protective Technology (PR.PT);;aws;;FAIL;No CloudTrail trails enabled with logging were found.;arn:aws:cloudtrail:us-east-2:992275841864:trail;cloudtrail_multi_region_enabled;False;992275841864;NIST-CSF;National Institute of Standards and Technology (NIST) Cybersecurity Framework (CSF) v1.1;
aws;The NIST Cybersecurity Framework (CSF) is supported by governments and industries worldwide as a recommended baseline for use by any organization, regardless of sector or size. The NIST Cybersecurity Framework consists of three primary components: the framework core, the profiles, and the implementation tiers. The framework core contains desired cybersecurity activities and outcomes organized into 23 categories that cover the breadth of cybersecurity objectives for an organization. The profiles contain an organization's unique alignment of their organizational requirements and objectives, risk appetite, and resources using the desired outcomes of the framework core. The implementation tiers describe the degree to which an organization’s cybersecurity risk management practices exhibit the characteristics defined in the framework core.;992275841864;us-west-1;2026-08-18 15:47:07.870888;ae_1;A baseline of network operations and expected data flows for users and systems is established and managed.;Detect (DE);Anomalies and Events (DE.AE);;aws;;FAIL;No CloudTrail trails enabled with logging were found.;arn:aws:cloudtrail:us-west-1:992275841864:trail;cloudtrail_multi_region_enabled;False;992275841864;NIST-CSF;National Institute of Standards and Technology (NIST) Cybersecurity Framework (CSF) v1.1;
aws;The NIST Cybersecurity Framework (CSF) is supported by governments and industries worldwide as a recommended baseline for use by any organization, regardless of sector or size. The NIST Cybersecurity Framework consists of three primary components: the framework core, the profiles, and the implementation tiers. The framework core contains desired cybersecurity activities and outcomes organized into 23 categories that cover the breadth of cybersecurity objectives for an organization. The profiles contain an organization's unique alignment of their organizational requirements and objectives, risk appetite, and resources using the desired outcomes of the framework core. The implementation tiers describe the degree to which an organization’s cybersecurity risk management practices exhibit the characteristics defined in the framework core.;992275841864;us-west-1;2026-08-18 15:47:07.870888;ae_3;Event data are collected and correlated from multiple sources and sensors.;Detect (DE);Anomalies and Events (DE.AE);;aws;;FAIL;No CloudTrail trails enabled with logging were found.;arn:aws:cloudtrail:us-west-1:992275841864:trail;cloudtrail_multi_region_enabled;False;992275841864;NIST-CSF;National Institute of Standards and Technology (NIST) Cybersecurity Framework (CSF) v1.1;
aws;The NIST Cybersecurity Framework (CSF) is supported by governments and industries worldwide as a recommended baseline for use by any organization, regardless of sector or size. The NIST Cybersecurity Framework consists of three primary components: the framework core, the profiles, and the implementation tiers. The framework core contains desired cybersecurity activities and outcomes organized into 23 categories that cover the breadth of cybersecurity objectives for an organization. The profiles contain an organization's unique alignment of their organizational requirements and objectives, risk appetite, and resources using the desired outcomes of the framework core. The implementation tiers describe the degree to which an organization’s cybersecurity risk management practices exhibit the characteristics defined in the framework core.;992275841864;us-west-1;2026-08-18 15:47:07.870888;ae_4;Impact of events is determined.;Detect (DE);Anomalies and Events (DE.AE);;aws;;FAIL;No CloudTrail trails enabled with logging were found.;arn:aws:cloudtrail:us-west-1:992275841864:trail;cloudtrail_multi_region_enabled;False;992275841864;NIST-CSF;National Institute of Standards and Technology (NIST) Cybersecurity Framework (CSF) v1.1;
aws;The NIST Cybersecurity Framework (CSF) is supported by governments and industries worldwide as a recommended baseline for use by any organization, regardless of sector or size. The NIST Cybersecurity Framework consists of three primary components: the framework core, the profiles, and the implementation tiers. The framework core contains desired cybersecurity activities and outcomes organized into 23 categories that cover the breadth of cybersecurity objectives for an organization. The profiles contain an organization's unique alignment of their organizational requirements and objectives, risk appetite, and resources using the desired outcomes of the framework core. The implementation tiers describe the degree to which an organization’s cybersecurity risk management practices exhibit the characteristics defined in the framework core.;992275841864;us-west-1;2026-08-18 15:47:07.870888;cm_1;The network is monitored to detect potential cybersecurity events.;Detect (DE);Security Continuous Monitoring (DE.CM);;aws;;FAIL;No CloudTrail trails enabled with logging were found.;arn:aws:cloudtrail:us-west-1:992275841864:trail;cloudtrail_multi_region_enabled;False;992275841864;NIST-CSF;National Institute of Standards and Technology (NIST) Cybersecurity Framework (CSF) v1.1;
aws;The NIST Cybersecurity Framework (CSF) is supported by governments and industries worldwide as a recommended baseline for use by any organization, regardless of sector or size. The NIST Cybersecurity Framework consists of three primary components: the framework core, the profiles, and the implementation tiers. The framework core contains desired cybersecurity activities and outcomes organized into 23 categories that cover the breadth of cybersecurity objectives for an organization. The profiles contain an organization's unique alignment of their organizational requirements and objectives, risk appetite, and resources using the desired outcomes of the framework core. The implementation tiers describe the degree to which an organization’s cybersecurity risk management practices exhibit the characteristics defined in the framework core.;992275841864;us-west-1;2026-08-18 15:47:07.870888;cm_3;Personnel activity is monitored to detect potential cybersecurity events.;Detect (DE);Security Continuous Monitoring (DE.CM);;aws;;FAIL;No CloudTrail trails enabled with logging were found.;arn:aws:cloudtrail:us-west-1:992275841864:trail;cloudtrail_multi_region_enabled;False;992275841864;NIST-CSF;National Institute of Standards and Technology (NIST) Cybersecurity Framework (CSF) v1.1;
aws;The NIST Cybersecurity Framework (CSF) is supported by governments and industries worldwide as a recommended baseline for use by any organization, regardless of sector or size. The NIST Cybersecurity Framework consists of three primary components: the framework core, the profiles, and the implementation tiers. The framework core contains desired cybersecurity activities and outcomes organized into 23 categories that cover the breadth of cybersecurity objectives for an organization. The profiles contain an organization's unique alignment of their organizational requirements and objectives, risk appetite, and resources using the desired outcomes of the framework core. The implementation tiers describe the degree to which an organization’s cybersecurity risk management practices exhibit the characteristics defined in the framework core.;992275841864;us-west-1;2026-08-18 15:47:07.870888;cm_6;External service provider activity is monitored to detect potential cybersecurity events.;Detect (DE);Security Continuous Monitoring (DE.CM);;aws;;FAIL;No CloudTrail trails enabled with logging were found.;arn:aws:cloudtrail:us-west-1:992275841864:trail;cloudtrail_multi_region_enabled;False;992275841864;NIST-CSF;National Institute of Standards and Technology (NIST) Cybersecurity Framework (CSF) v1.1;
aws;The NIST Cybersecurity Framework (CSF) is supported by governments and industries worldwide as a recommended baseline for use by any organization, regardless of sector or size. The NIST Cybersecurity Framework consists of three primary components: the framework core, the profiles, and the implementation tiers. The framework core contains desired cybersecurity activities and outcomes organized into 23 categories that cover the breadth of cybersecurity objectives for an organization. The profiles contain an organization's unique alignment of their organizational requirements and objectives, risk appetite, and resources using the desired outcomes of the framework core. The implementation tiers describe the degree to which an organization’s cybersecurity risk management practices exhibit the characteristics defined in the framework core.;992275841864;us-west-1;2026-08-18 15:47:07.870888;cm_7;Monitoring for unauthorized personnel, connections, devices, and software is performed.;Detect (DE);Security Continuous Monitoring (DE.CM);;aws;;FAIL;No CloudTrail trails enabled with logging were found.;arn:aws:cloudtrail:us-west-1:992275841864:trail;cloudtrail_multi_region_enabled;False;992275841864;NIST-CSF;National Institute of Standards and Technology (NIST) Cybersecurity Framework (CSF) v1.1;
aws;The NIST Cybersecurity Framework (CSF) is supported by governments and industries worldwide as a recommended baseline for use by any organization, regardless of sector or size. The NIST Cybersecurity Framework consists of three primary components: the framework core, the profiles, and the implementation tiers. The framework core contains desired cybersecurity activities and outcomes organized into 23 categories that cover the breadth of cybersecurity objectives for an organization. The profiles contain an organization's unique alignment of their organizational requirements and objectives, risk appetite, and resources using the desired outcomes of the framework core. The implementation tiers describe the degree to which an organization’s cybersecurity risk management practices exhibit the characteristics defined in the framework core.;992275841864;us-west-1;2026-08-18 15:47:07.870888;am_3;Organizational communication and data flows are mapped.;Identify (ID);Asset Management (ID.AM);;aws;;FAIL;No CloudTrail trails enabled with logging were found.;arn:aws:cloudtrail:us-west-1:992275841864:trail;cloudtrail_multi_region_enabled;False;992275841864;NIST-CSF;National Institute of Standards and Technology (NIST) Cybersecurity Framework (CSF) v1.1;
aws;The NIST Cybersecurity Framework (CSF) is supported by governments and industries worldwide as a recommended baseline for use by any organization, regardless of sector or size. The NIST Cybersecurity Framework consists of three primary components: the framework core, the profiles, and the implementation tiers. The framework core contains desired cybersecurity activities and outcomes organized into 23 categories that cover the breadth of cybersecurity objectives for an organization. The profiles contain an organization's unique alignment of their organizational requirements and objectives, risk appetite, and resources using the desired outcomes of the framework core. The implementation tiers describe the degree to which an organization’s cybersecurity risk management practices exhibit the characteristics defined in the framework core.;992275841864;us-west-1;2026-08-18 15:47:07.870888;ac_6;Identities are proofed and bound to credentials and asserted in interactions.;Protect (PR);Identity Management and Access Control (PR.AC);;aws;;FAIL;No CloudTrail trails enabled with logging were found.;arn:aws:cloudtrail:us-west-1:992275841864:trail;cloudtrail_multi_region_enabled;False;992275841864;NIST-CSF;National Institute of Standards and Technology (NIST) Cybersecurity Framework (CSF) v1.1;
aws;The NIST Cybersecurity Framework (CSF) is supported by governments and industries worldwide as a recommended baseline for use by any organization, regardless of sector or size. The NIST Cybersecurity Framework consists of three primary components: the framework core, the profiles, and the implementation tiers. The framework core contains desired cybersecurity activities and outcomes organized into 23 categories that cover the breadth of cybersecurity objectives for an organization. The profiles contain an organization's unique alignment of their organizational requirements and objectives, risk appetite, and resources using the desired outcomes of the framework core. The implementation tiers describe the degree to which an organization’s cybersecurity risk management practices exhibit the characteristics defined in the framework core.;992275841864;us-west-1;2026-08-18 15:47:07.870888;ds_5;Protections against data leaks are implemented.;Protect (PR);Data Security (PR.DS);;aws;;FAIL;No CloudTrail trails enabled with logging were found.;arn:aws:cloudtrail:us-west-1:992275841864:trail;cloudtrail_multi_region_enabled;False;992275841864;NIST-CSF;National Institute of Standards and Technology (NIST) Cybersecurity Framework (CSF) v1.1;
aws;The NIST Cybersecurity Framework (CSF) is supported by governments and industries worldwide as a recommended baseline for use by any organization, regardless of sector or size. The NIST Cybersecurity Framework consists of three primary components: the framework core, the profiles, and the implementation tiers. The framework core contains desired cybersecurity activities and outcomes organized into 23 categories that cover the breadth of cybersecurity objectives for an organization. The profiles contain an organization's unique alignment of their organizational requirements and objectives, risk appetite, and resources using the desired outcomes of the framework core. The implementation tiers describe the degree to which an organization’s cybersecurity risk management practices exhibit the characteristics defined in the framework core.;992275841864;us-west-1;2026-08-18 15:47:07.870888;ma_2;Remote maintenance of organizational assets is approved, logged, and performed in a manner that prevents unauthorized access.;Protect (PR);Maintenance (PR.MA);;cloudtrail;;FAIL;No CloudTrail trails enabled with logging were found.;arn:aws:cloudtrail:us-west-1:992275841864:trail;cloudtrail_multi_region_enabled;False;992275841864;NIST-CSF;National Institute of Standards and Technology (NIST) Cybersecurity Framework (CSF) v1.1;
aws;The NIST Cybersecurity Framework (CSF) is supported by governments and industries worldwide as a recommended baseline for use by any organization, regardless of sector or size. The NIST Cybersecurity Framework consists of three primary components: the framework core, the profiles, and the implementation tiers. The framework core contains desired cybersecurity activities and outcomes organized into 23 categories that cover the breadth of cybersecurity objectives for an organization. The profiles contain an organization's unique alignment of their organizational requirements and objectives, risk appetite, and resources using the desired outcomes of the framework core. The implementation tiers describe the degree to which an organization’s cybersecurity risk management practices exhibit the characteristics defined in the framework core.;992275841864;us-west-1;2026-08-18 15:47:07.870888;pt_1;Audit/log records are determined, documented, implemented, and reviewed in accordance with policy.;Protect (PR);Protective Technology (PR.PT);;aws;;FAIL;No CloudTrail trails enabled with logging were found.;arn:aws:cloudtrail:us-west-1:992275841864:trail;cloudtrail_multi_region_enabled;False;992275841864;NIST-CSF;National Institute of Standards and Technology (NIST) Cybersecurity Framework (CSF) v1.1;
aws;The NIST Cybersecurity Framework (CSF) is supported by governments and industries worldwide as a recommended baseline for use by any organization, regardless of sector or size. The NIST Cybersecurity Framework consists of three primary components: the framework core, the profiles, and the implementation tiers. The framework core contains desired cybersecurity activities and outcomes organized into 23 categories that cover the breadth of cybersecurity objectives for an organization. The profiles contain an organization's unique alignment of their organizational requirements and objectives, risk appetite, and resources using the desired outcomes of the framework core. The implementation tiers describe the degree to which an organization’s cybersecurity risk management practices exhibit the characteristics defined in the framework core.;992275841864;us-west-2;2026-08-18 15:47:07.870888;ae_1;A baseline of network operations and expected data flows for users and systems is established and managed.;Detect (DE);Anomalies and Events (DE.AE);;aws;;FAIL;No CloudTrail trails enabled with logging were found.;arn:aws:cloudtrail:us-west-2:992275841864:trail;cloudtrail_multi_region_enabled;False;992275841864;NIST-CSF;National Institute of Standards and Technology (NIST) Cybersecurity Framework (CSF) v1.1;
aws;The NIST Cybersecurity Framework (CSF) is supported by governments and industries worldwide as a recommended baseline for use by any organization, regardless of sector or size. The NIST Cybersecurity Framework consists of three primary components: the framework core, the profiles, and the implementation tiers. The framework core contains desired cybersecurity activities and outcomes organized into 23 categories that cover the breadth of cybersecurity objectives for an organization. The profiles contain an organization's unique alignment of their organizational requirements and objectives, risk appetite, and resources using the desired outcomes of the framework core. The implementation tiers describe the degree to which an organization’s cybersecurity risk management practices exhibit the characteristics defined in the framework core.;992275841864;us-west-2;2026-08-18 15:47:07.870888;ae_3;Event data are collected and correlated from multiple sources and sensors.;Detect (DE);Anomalies and Events (DE.AE);;aws;;FAIL;No CloudTrail trails enabled with logging were found.;arn:aws:cloudtrail:us-west-2:992275841864:trail;cloudtrail_multi_region_enabled;False;992275841864;NIST-CSF;National Institute of Standards and Technology (NIST) Cybersecurity Framework (CSF) v1.1;
aws;The NIST Cybersecurity Framework (CSF) is supported by governments and industries worldwide as a recommended baseline for use by any organization, regardless of sector or size. The NIST Cybersecurity Framework consists of three primary components: the framework core, the profiles, and the implementation tiers. The framework core contains desired cybersecurity activities and outcomes organized into 23 categories that cover the breadth of cybersecurity objectives for an organization. The profiles contain an organization's unique alignment of their organizational requirements and objectives, risk appetite, and resources using the desired outcomes of the framework core. The implementation tiers describe the degree to which an organization’s cybersecurity risk management practices exhibit the characteristics defined in the framework core.;992275841864;us-west-2;2026-08-18 15:47:07.870888;ae_4;Impact of events is determined.;Detect (DE);Anomalies and Events (DE.AE);;aws;;FAIL;No CloudTrail trails enabled with logging were found.;arn:aws:cloudtrail:us-west-2:992275841864:trail;cloudtrail_multi_region_enabled;False;992275841864;NIST-CSF;National Institute of Standards and Technology (NIST) Cybersecurity Framework (CSF) v1.1;
aws;The NIST Cybersecurity Framework (CSF) is supported by governments and industries worldwide as a recommended baseline for use by any organization, regardless of sector or size. The NIST Cybersecurity Framework consists of three primary components: the framework core, the profiles, and the implementation tiers. The framework core contains desired cybersecurity activities and outcomes organized into 23 categories that cover the breadth of cybersecurity objectives for an organization. The profiles contain an organization's unique alignment of their organizational requirements and objectives, risk appetite, and resources using the desired outcomes of the framework core. The implementation tiers describe the degree to which an organization’s cybersecurity risk management practices exhibit the characteristics defined in the framework core.;992275841864;us-west-2;2026-08-18 15:47:07.870888;cm_1;The network is monitored to detect potential cybersecurity events.;Detect (DE);Security Continuous Monitoring (DE.CM);;aws;;FAIL;No CloudTrail trails enabled with logging were found.;arn:aws:cloudtrail:us-west-2:992275841864:trail;cloudtrail_multi_region_enabled;False;992275841864;NIST-CSF;National Institute of Standards and Technology (NIST) Cybersecurity Framework (CSF) v1.1;
aws;The NIST Cybersecurity Framework (CSF) is supported by governments and industries worldwide as a recommended baseline for use by any organization, regardless of sector or size. The NIST Cybersecurity Framework consists of three primary components: the framework core, the profiles, and the implementation tiers. The framework core contains desired cybersecurity activities and outcomes organized into 23 categories that cover the breadth of cybersecurity objectives for an organization. The profiles contain an organization's unique alignment of their organizational requirements and objectives, risk appetite, and resources using the desired outcomes of the framework core. The implementation tiers describe the degree to which an organization’s cybersecurity risk management practices exhibit the characteristics defined in the framework core.;992275841864;us-west-2;2026-08-18 15:47:07.870888;cm_3;Personnel activity is monitored to detect potential cybersecurity events.;Detect (DE);Security Continuous Monitoring (DE.CM);;aws;;FAIL;No CloudTrail trails enabled with logging were found.;arn:aws:cloudtrail:us-west-2:992275841864:trail;cloudtrail_multi_region_enabled;False;992275841864;NIST-CSF;National Institute of Standards and Technology (NIST) Cybersecurity Framework (CSF) v1.1;
aws;The NIST Cybersecurity Framework (CSF) is supported by governments and industries worldwide as a recommended baseline for use by any organization, regardless of sector or size. The NIST Cybersecurity Framework consists of three primary components: the framework core, the profiles, and the implementation tiers. The framework core contains desired cybersecurity activities and outcomes organized into 23 categories that cover the breadth of cybersecurity objectives for an organization. The profiles contain an organization's unique alignment of their organizational requirements and objectives, risk appetite, and resources using the desired outcomes of the framework core. The implementation tiers describe the degree to which an organization’s cybersecurity risk management practices exhibit the characteristics defined in the framework core.;992275841864;us-west-2;2026-08-18 15:47:07.870888;cm_6;External service provider activity is monitored to detect potential cybersecurity events.;Detect (DE);Security Continuous Monitoring (DE.CM);;aws;;FAIL;No CloudTrail trails enabled with logging were found.;arn:aws:cloudtrail:us-west-2:992275841864:trail;cloudtrail_multi_region_enabled;False;992275841864;NIST-CSF;National Institute of Standards and Technology (NIST) Cybersecurity Framework (CSF) v1.1;
aws;The NIST Cybersecurity Framework (CSF) is supported by governments and industries worldwide as a recommended baseline for use by any organization, regardless of sector or size. The NIST Cybersecurity Framework consists of three primary components: the framework core, the profiles, and the implementation tiers. The framework core contains desired cybersecurity activities and outcomes organized into 23 categories that cover the breadth of cybersecurity objectives for an organization. The profiles contain an organization's unique alignment of their organizational requirements and objectives, risk appetite, and resources using the desired outcomes of the framework core. The implementation tiers describe the degree to which an organization’s cybersecurity risk management practices exhibit the characteristics defined in the framework core.;992275841864;us-west-2;2026-08-18 15:47:07.870888;cm_7;Monitoring for unauthorized personnel, connections, devices, and software is performed.;Detect (DE);Security Continuous Monitoring (DE.CM);;aws;;FAIL;No CloudTrail trails enabled with logging were found.;arn:aws:cloudtrail:us-west-2:992275841864:trail;cloudtrail_multi_region_enabled;False;992275841864;NIST-CSF;National Institute of Standards and Technology (NIST) Cybersecurity Framework (CSF) v1.1;
aws;The NIST Cybersecurity Framework (CSF) is supported by governments and industries worldwide as a recommended baseline for use by any organization, regardless of sector or size. The NIST Cybersecurity Framework consists of three primary components: the framework core, the profiles, and the implementation tiers. The framework core contains desired cybersecurity activities and outcomes organized into 23 categories that cover the breadth of cybersecurity objectives for an organization. The profiles contain an organization's unique alignment of their organizational requirements and objectives, risk appetite, and resources using the desired outcomes of the framework core. The implementation tiers describe the degree to which an organization’s cybersecurity risk management practices exhibit the characteristics defined in the framework core.;992275841864;us-west-2;2026-08-18 15:47:07.870888;am_3;Organizational communication and data flows are mapped.;Identify (ID);Asset Management (ID.AM);;aws;;FAIL;No CloudTrail trails enabled with logging were found.;arn:aws:cloudtrail:us-west-2:992275841864:trail;cloudtrail_multi_region_enabled;False;992275841864;NIST-CSF;National Institute of Standards and Technology (NIST) Cybersecurity Framework (CSF) v1.1;
aws;The NIST Cybersecurity Framework (CSF) is supported by governments and industries worldwide as a recommended baseline for use by any organization, regardless of sector or size. The NIST Cybersecurity Framework consists of three primary components: the framework core, the profiles, and the implementation tiers. The framework core contains desired cybersecurity activities and outcomes organized into 23 categories that cover the breadth of cybersecurity objectives for an organization. The profiles contain an organization's unique alignment of their organizational requirements and objectives, risk appetite, and resources using the desired outcomes of the framework core. The implementation tiers describe the degree to which an organization’s cybersecurity risk management practices exhibit the characteristics defined in the framework core.;992275841864;us-west-2;2026-08-18 15:47:07.870888;ac_6;Identities are proofed and bound to credentials and asserted in interactions.;Protect (PR);Identity Management and Access Control (PR.AC);;aws;;FAIL;No CloudTrail trails enabled with logging were found.;arn:aws:cloudtrail:us-west-2:992275841864:trail;cloudtrail_multi_region_enabled;False;992275841864;NIST-CSF;National Institute of Standards and Technology (NIST) Cybersecurity Framework (CSF) v1.1;
aws;The NIST Cybersecurity Framework (CSF) is supported by governments and industries worldwide as a recommended baseline for use by any organization, regardless of sector or size. The NIST Cybersecurity Framework consists of three primary components: the framework core, the profiles, and the implementation tiers. The framework core contains desired cybersecurity activities and outcomes organized into 23 categories that cover the breadth of cybersecurity objectives for an organization. The profiles contain an organization's unique alignment of their organizational requirements and objectives, risk appetite, and resources using the desired outcomes of the framework core. The implementation tiers describe the degree to which an organization’s cybersecurity risk management practices exhibit the characteristics defined in the framework core.;992275841864;us-west-2;2026-08-18 15:47:07.870888;ds_5;Protections against data leaks are implemented.;Protect (PR);Data Security (PR.DS);;aws;;FAIL;No CloudTrail trails enabled with logging were found.;arn:aws:cloudtrail:us-west-2:992275841864:trail;cloudtrail_multi_region_enabled;False;992275841864;NIST-CSF;National Institute of Standards and Technology (NIST) Cybersecurity Framework (CSF) v1.1;
aws;The NIST Cybersecurity Framework (CSF) is supported by governments and industries worldwide as a recommended baseline for use by any organization, regardless of sector or size. The NIST Cybersecurity Framework consists of three primary components: the framework core, the profiles, and the implementation tiers. The framework core contains desired cybersecurity activities and outcomes organized into 23 categories that cover the breadth of cybersecurity objectives for an organization. The profiles contain an organization's unique alignment of their organizational requirements and objectives, risk appetite, and resources using the desired outcomes of the framework core. The implementation tiers describe the degree to which an organization’s cybersecurity risk management practices exhibit the characteristics defined in the framework core.;992275841864;us-west-2;2026-08-18 15:47:07.870888;ma_2;Remote maintenance of organizational assets is approved, logged, and performed in a manner that prevents unauthorized access.;Protect (PR);Maintenance (PR.MA);;cloudtrail;;FAIL;No CloudTrail trails enabled with logging were found.;arn:aws:cloudtrail:us-west-2:992275841864:trail;cloudtrail_multi_region_enabled;False;992275841864;NIST-CSF;National Institute of Standards and Technology (NIST) Cybersecurity Framework (CSF) v1.1;
aws;The NIST Cybersecurity Framework (CSF) is supported by governments and industries worldwide as a recommended baseline for use by any organization, regardless of sector or size. The NIST Cybersecurity Framework consists of three primary components: the framework core, the profiles, and the implementation tiers. The framework core contains desired cybersecurity activities and outcomes organized into 23 categories that cover the breadth of cybersecurity objectives for an organization. The profiles contain an organization's unique alignment of their organizational requirements and objectives, risk appetite, and resources using the desired outcomes of the framework core. The implementation tiers describe the degree to which an organization’s cybersecurity risk management practices exhibit the characteristics defined in the framework core.;992275841864;us-west-2;2026-08-18 15:47:07.870888;pt_1;Audit/log records are determined, documented, implemented, and reviewed in accordance with policy.;Protect (PR);Protective Technology (PR.PT);;aws;;FAIL;No CloudTrail trails enabled with logging were found.;arn:aws:cloudtrail:us-west-2:992275841864:trail;cloudtrail_multi_region_enabled;False;992275841864;NIST-CSF;National Institute of Standards and Technology (NIST) Cybersecurity Framework (CSF) v1.1;
aws;The NIST Cybersecurity Framework (CSF) is supported by governments and industries worldwide as a recommended baseline for use by any organization, regardless of sector or size. The NIST Cybersecurity Framework consists of three primary components: the framework core, the profiles, and the implementation tiers. The framework core contains desired cybersecurity activities and outcomes organized into 23 categories that cover the breadth of cybersecurity objectives for an organization. The profiles contain an organization's unique alignment of their organizational requirements and objectives, risk appetite, and resources using the desired outcomes of the framework core. The implementation tiers describe the degree to which an organization’s cybersecurity risk management practices exhibit the characteristics defined in the framework core.;992275841864;us-west-2;2026-08-18 15:47:07.870888;ae_3;Event data are collected and correlated from multiple sources and sensors.;Detect (DE);Anomalies and Events (DE.AE);;aws;;FAIL;No CloudTrail trails have a data event to record all S3 object-level API operations.;arn:aws:cloudtrail:us-west-2:992275841864:trail;cloudtrail_s3_dataevents_read_enabled;False;992275841864;NIST-CSF;National Institute of Standards and Technology (NIST) Cybersecurity Framework (CSF) v1.1;
aws;The NIST Cybersecurity Framework (CSF) is supported by governments and industries worldwide as a recommended baseline for use by any organization, regardless of sector or size. The NIST Cybersecurity Framework consists of three primary components: the framework core, the profiles, and the implementation tiers. The framework core contains desired cybersecurity activities and outcomes organized into 23 categories that cover the breadth of cybersecurity objectives for an organization. The profiles contain an organization's unique alignment of their organizational requirements and objectives, risk appetite, and resources using the desired outcomes of the framework core. The implementation tiers describe the degree to which an organization’s cybersecurity risk management practices exhibit the characteristics defined in the framework core.;992275841864;us-west-2;2026-08-18 15:47:07.870888;ae_4;Impact of events is determined.;Detect (DE);Anomalies and Events (DE.AE);;aws;;FAIL;No CloudTrail trails have a data event to record all S3 object-level API operations.;arn:aws:cloudtrail:us-west-2:992275841864:trail;cloudtrail_s3_dataevents_read_enabled;False;992275841864;NIST-CSF;National Institute of Standards and Technology (NIST) Cybersecurity Framework (CSF) v1.1;
aws;The NIST Cybersecurity Framework (CSF) is supported by governments and industries worldwide as a recommended baseline for use by any organization, regardless of sector or size. The NIST Cybersecurity Framework consists of three primary components: the framework core, the profiles, and the implementation tiers. The framework core contains desired cybersecurity activities and outcomes organized into 23 categories that cover the breadth of cybersecurity objectives for an organization. The profiles contain an organization's unique alignment of their organizational requirements and objectives, risk appetite, and resources using the desired outcomes of the framework core. The implementation tiers describe the degree to which an organization’s cybersecurity risk management practices exhibit the characteristics defined in the framework core.;992275841864;us-west-2;2026-08-18 15:47:07.870888;cm_1;The network is monitored to detect potential cybersecurity events.;Detect (DE);Security Continuous Monitoring (DE.CM);;aws;;FAIL;No CloudTrail trails have a data event to record all S3 object-level API operations.;arn:aws:cloudtrail:us-west-2:992275841864:trail;cloudtrail_s3_dataevents_read_enabled;False;992275841864;NIST-CSF;National Institute of Standards and Technology (NIST) Cybersecurity Framework (CSF) v1.1;
aws;The NIST Cybersecurity Framework (CSF) is supported by governments and industries worldwide as a recommended baseline for use by any organization, regardless of sector or size. The NIST Cybersecurity Framework consists of three primary components: the framework core, the profiles, and the implementation tiers. The framework core contains desired cybersecurity activities and outcomes organized into 23 categories that cover the breadth of cybersecurity objectives for an organization. The profiles contain an organization's unique alignment of their organizational requirements and objectives, risk appetite, and resources using the desired outcomes of the framework core. The implementation tiers describe the degree to which an organization’s cybersecurity risk management practices exhibit the characteristics defined in the framework core.;992275841864;us-west-2;2026-08-18 15:47:07.870888;cm_3;Personnel activity is monitored to detect potential cybersecurity events.;Detect (DE);Security Continuous Monitoring (DE.CM);;aws;;FAIL;No CloudTrail trails have a data event to record all S3 object-level API operations.;arn:aws:cloudtrail:us-west-2:992275841864:trail;cloudtrail_s3_dataevents_read_enabled;False;992275841864;NIST-CSF;National Institute of Standards and Technology (NIST) Cybersecurity Framework (CSF) v1.1;
aws;The NIST Cybersecurity Framework (CSF) is supported by governments and industries worldwide as a recommended baseline for use by any organization, regardless of sector or size. The NIST Cybersecurity Framework consists of three primary components: the framework core, the profiles, and the implementation tiers. The framework core contains desired cybersecurity activities and outcomes organized into 23 categories that cover the breadth of cybersecurity objectives for an organization. The profiles contain an organization's unique alignment of their organizational requirements and objectives, risk appetite, and resources using the desired outcomes of the framework core. The implementation tiers describe the degree to which an organization’s cybersecurity risk management practices exhibit the characteristics defined in the framework core.;992275841864;us-west-2;2026-08-18 15:47:07.870888;cm_6;External service provider activity is monitored to detect potential cybersecurity events.;Detect (DE);Security Continuous Monitoring (DE.CM);;aws;;FAIL;No CloudTrail trails have a data event to record all S3 object-level API operations.;arn:aws:cloudtrail:us-west-2:992275841864:trail;cloudtrail_s3_dataevents_read_enabled;False;992275841864;NIST-CSF;National Institute of Standards and Technology (NIST) Cybersecurity Framework (CSF) v1.1;
aws;The NIST Cybersecurity Framework (CSF) is supported by governments and industries worldwide as a recommended baseline for use by any organization, regardless of sector or size. The NIST Cybersecurity Framework consists of three primary components: the framework core, the profiles, and the implementation tiers. The framework core contains desired cybersecurity activities and outcomes organized into 23 categories that cover the breadth of cybersecurity objectives for an organization. The profiles contain an organization's unique alignment of their organizational requirements and objectives, risk appetite, and resources using the desired outcomes of the framework core. The implementation tiers describe the degree to which an organization’s cybersecurity risk management practices exhibit the characteristics defined in the framework core.;992275841864;us-west-2;2026-08-18 15:47:07.870888;cm_7;Monitoring for unauthorized personnel, connections, devices, and software is performed.;Detect (DE);Security Continuous Monitoring (DE.CM);;aws;;FAIL;No CloudTrail trails have a data event to record all S3 object-level API operations.;arn:aws:cloudtrail:us-west-2:992275841864:trail;cloudtrail_s3_dataevents_read_enabled;False;992275841864;NIST-CSF;National Institute of Standards and Technology (NIST) Cybersecurity Framework (CSF) v1.1;
aws;The NIST Cybersecurity Framework (CSF) is supported by governments and industries worldwide as a recommended baseline for use by any organization, regardless of sector or size. The NIST Cybersecurity Framework consists of three primary components: the framework core, the profiles, and the implementation tiers. The framework core contains desired cybersecurity activities and outcomes organized into 23 categories that cover the breadth of cybersecurity objectives for an organization. The profiles contain an organization's unique alignment of their organizational requirements and objectives, risk appetite, and resources using the desired outcomes of the framework core. The implementation tiers describe the degree to which an organization’s cybersecurity risk management practices exhibit the characteristics defined in the framework core.;992275841864;us-west-2;2026-08-18 15:47:07.870888;ds_5;Protections against data leaks are implemented.;Protect (PR);Data Security (PR.DS);;aws;;FAIL;No CloudTrail trails have a data event to record all S3 object-level API operations.;arn:aws:cloudtrail:us-west-2:992275841864:trail;cloudtrail_s3_dataevents_read_enabled;False;992275841864;NIST-CSF;National Institute of Standards and Technology (NIST) Cybersecurity Framework (CSF) v1.1;
aws;The NIST Cybersecurity Framework (CSF) is supported by governments and industries worldwide as a recommended baseline for use by any organization, regardless of sector or size. The NIST Cybersecurity Framework consists of three primary components: the framework core, the profiles, and the implementation tiers. The framework core contains desired cybersecurity activities and outcomes organized into 23 categories that cover the breadth of cybersecurity objectives for an organization. The profiles contain an organization's unique alignment of their organizational requirements and objectives, risk appetite, and resources using the desired outcomes of the framework core. The implementation tiers describe the degree to which an organization’s cybersecurity risk management practices exhibit the characteristics defined in the framework core.;992275841864;us-west-2;2026-08-18 15:47:07.870888;ae_3;Event data are collected and correlated from multiple sources and sensors.;Detect (DE);Anomalies and Events (DE.AE);;aws;;FAIL;No CloudTrail trails have a data event to record all S3 object-level API operations.;arn:aws:cloudtrail:us-west-2:992275841864:trail;cloudtrail_s3_dataevents_write_enabled;False;992275841864;NIST-CSF;National Institute of Standards and Technology (NIST) Cybersecurity Framework (CSF) v1.1;
aws;The NIST Cybersecurity Framework (CSF) is supported by governments and industries worldwide as a recommended baseline for use by any organization, regardless of sector or size. The NIST Cybersecurity Framework consists of three primary components: the framework core, the profiles, and the implementation tiers. The framework core contains desired cybersecurity activities and outcomes organized into 23 categories that cover the breadth of cybersecurity objectives for an organization. The profiles contain an organization's unique alignment of their organizational requirements and objectives, risk appetite, and resources using the desired outcomes of the framework core. The implementation tiers describe the degree to which an organization’s cybersecurity risk management practices exhibit the characteristics defined in the framework core.;992275841864;us-west-2;2026-08-18 15:47:07.870888;ae_4;Impact of events is determined.;Detect (DE);Anomalies and Events (DE.AE);;aws;;FAIL;No CloudTrail trails have a data event to record all S3 object-level API operations.;arn:aws:cloudtrail:us-west-2:992275841864:trail;cloudtrail_s3_dataevents_write_enabled;False;992275841864;NIST-CSF;National Institute of Standards and Technology (NIST) Cybersecurity Framework (CSF) v1.1;
aws;The NIST Cybersecurity Framework (CSF) is supported by governments and industries worldwide as a recommended baseline for use by any organization, regardless of sector or size. The NIST Cybersecurity Framework consists of three primary components: the framework core, the profiles, and the implementation tiers. The framework core contains desired cybersecurity activities and outcomes organized into 23 categories that cover the breadth of cybersecurity objectives for an organization. The profiles contain an organization's unique alignment of their organizational requirements and objectives, risk appetite, and resources using the desired outcomes of the framework core. The implementation tiers describe the degree to which an organization’s cybersecurity risk management practices exhibit the characteristics defined in the framework core.;992275841864;us-west-2;2026-08-18 15:47:07.870888;cm_1;The network is monitored to detect potential cybersecurity events.;Detect (DE);Security Continuous Monitoring (DE.CM);;aws;;FAIL;No CloudTrail trails have a data event to record all S3 object-level API operations.;arn:aws:cloudtrail:us-west-2:992275841864:trail;cloudtrail_s3_dataevents_write_enabled;False;992275841864;NIST-CSF;National Institute of Standards and Technology (NIST) Cybersecurity Framework (CSF) v1.1;
aws;The NIST Cybersecurity Framework (CSF) is supported by governments and industries worldwide as a recommended baseline for use by any organization, regardless of sector or size. The NIST Cybersecurity Framework consists of three primary components: the framework core, the profiles, and the implementation tiers. The framework core contains desired cybersecurity activities and outcomes organized into 23 categories that cover the breadth of cybersecurity objectives for an organization. The profiles contain an organization's unique alignment of their organizational requirements and objectives, risk appetite, and resources using the desired outcomes of the framework core. The implementation tiers describe the degree to which an organization’s cybersecurity risk management practices exhibit the characteristics defined in the framework core.;992275841864;us-west-2;2026-08-18 15:47:07.870888;cm_3;Personnel activity is monitored to detect potential cybersecurity events.;Detect (DE);Security Continuous Monitoring (DE.CM);;aws;;FAIL;No CloudTrail trails have a data event to record all S3 object-level API operations.;arn:aws:cloudtrail:us-west-2:992275841864:trail;cloudtrail_s3_dataevents_write_enabled;False;992275841864;NIST-CSF;National Institute of Standards and Technology (NIST) Cybersecurity Framework (CSF) v1.1;
aws;The NIST Cybersecurity Framework (CSF) is supported by governments and industries worldwide as a recommended baseline for use by any organization, regardless of sector or size. The NIST Cybersecurity Framework consists of three primary components: the framework core, the profiles, and the implementation tiers. The framework core contains desired cybersecurity activities and outcomes organized into 23 categories that cover the breadth of cybersecurity objectives for an organization. The profiles contain an organization's unique alignment of their organizational requirements and objectives, risk appetite, and resources using the desired outcomes of the framework core. The implementation tiers describe the degree to which an organization’s cybersecurity risk management practices exhibit the characteristics defined in the framework core.;992275841864;us-west-2;2026-08-18 15:47:07.870888;cm_6;External service provider activity is monitored to detect potential cybersecurity events.;Detect (DE);Security Continuous Monitoring (DE.CM);;aws;;FAIL;No CloudTrail trails have a data event to record all S3 object-level API operations.;arn:aws:cloudtrail:us-west-2:992275841864:trail;cloudtrail_s3_dataevents_write_enabled;False;992275841864;NIST-CSF;National Institute of Standards and Technology (NIST) Cybersecurity Framework (CSF) v1.1;
aws;The NIST Cybersecurity Framework (CSF) is supported by governments and industries worldwide as a recommended baseline for use by any organization, regardless of sector or size. The NIST Cybersecurity Framework consists of three primary components: the framework core, the profiles, and the implementation tiers. The framework core contains desired cybersecurity activities and outcomes organized into 23 categories that cover the breadth of cybersecurity objectives for an organization. The profiles contain an organization's unique alignment of their organizational requirements and objectives, risk appetite, and resources using the desired outcomes of the framework core. The implementation tiers describe the degree to which an organization’s cybersecurity risk management practices exhibit the characteristics defined in the framework core.;992275841864;us-west-2;2026-08-18 15:47:07.870888;cm_7;Monitoring for unauthorized personnel, connections, devices, and software is performed.;Detect (DE);Security Continuous Monitoring (DE.CM);;aws;;FAIL;No CloudTrail trails have a data event to record all S3 object-level API operations.;arn:aws:cloudtrail:us-west-2:992275841864:trail;cloudtrail_s3_dataevents_write_enabled;False;992275841864;NIST-CSF;National Institute of Standards and Technology (NIST) Cybersecurity Framework (CSF) v1.1;
aws;The NIST Cybersecurity Framework (CSF) is supported by governments and industries worldwide as a recommended baseline for use by any organization, regardless of sector or size. The NIST Cybersecurity Framework consists of three primary components: the framework core, the profiles, and the implementation tiers. The framework core contains desired cybersecurity activities and outcomes organized into 23 categories that cover the breadth of cybersecurity objectives for an organization. The profiles contain an organization's unique alignment of their organizational requirements and objectives, risk appetite, and resources using the desired outcomes of the framework core. The implementation tiers describe the degree to which an organization’s cybersecurity risk management practices exhibit the characteristics defined in the framework core.;992275841864;us-west-2;2026-08-18 15:47:07.870888;ds_5;Protections against data leaks are implemented.;Protect (PR);Data Security (PR.DS);;aws;;FAIL;No CloudTrail trails have a data event to record all S3 object-level API operations.;arn:aws:cloudtrail:us-west-2:992275841864:trail;cloudtrail_s3_dataevents_write_enabled;False;992275841864;NIST-CSF;National Institute of Standards and Technology (NIST) Cybersecurity Framework (CSF) v1.1;
aws;The NIST Cybersecurity Framework (CSF) is supported by governments and industries worldwide as a recommended baseline for use by any organization, regardless of sector or size. The NIST Cybersecurity Framework consists of three primary components: the framework core, the profiles, and the implementation tiers. The framework core contains desired cybersecurity activities and outcomes organized into 23 categories that cover the breadth of cybersecurity objectives for an organization. The profiles contain an organization's unique alignment of their organizational requirements and objectives, risk appetite, and resources using the desired outcomes of the framework core. The implementation tiers describe the degree to which an organization’s cybersecurity risk management practices exhibit the characteristics defined in the framework core.;992275841864;us-west-2;2026-08-18 15:47:07.870888;ae_5;Incident alert thresholds are established.;Detect (DE);Anomalies and Events (DE.AE);;aws;;FAIL;No CloudWatch log groups found with metric filters or alarms associated.;arn:aws:logs:us-west-2:992275841864:log-group;cloudwatch_changes_to_network_acls_alarm_configured;False;992275841864;NIST-CSF;National Institute of Standards and Technology (NIST) Cybersecurity Framework (CSF) v1.1;
aws;The NIST Cybersecurity Framework (CSF) is supported by governments and industries worldwide as a recommended baseline for use by any organization, regardless of sector or size. The NIST Cybersecurity Framework consists of three primary components: the framework core, the profiles, and the implementation tiers. The framework core contains desired cybersecurity activities and outcomes organized into 23 categories that cover the breadth of cybersecurity objectives for an organization. The profiles contain an organization's unique alignment of their organizational requirements and objectives, risk appetite, and resources using the desired outcomes of the framework core. The implementation tiers describe the degree to which an organization’s cybersecurity risk management practices exhibit the characteristics defined in the framework core.;992275841864;us-west-2;2026-08-18 15:47:07.870888;cm_2;The physical environment is monitored to detect potential cybersecurity events.;Detect (DE);Security Continuous Monitoring (DE.CM);;aws;;FAIL;No CloudWatch log groups found with metric filters or alarms associated.;arn:aws:logs:us-west-2:992275841864:log-group;cloudwatch_changes_to_network_acls_alarm_configured;False;992275841864;NIST-CSF;National Institute of Standards and Technology (NIST) Cybersecurity Framework (CSF) v1.1;
aws;The NIST Cybersecurity Framework (CSF) is supported by governments and industries worldwide as a recommended baseline for use by any organization, regardless of sector or size. The NIST Cybersecurity Framework consists of three primary components: the framework core, the profiles, and the implementation tiers. The framework core contains desired cybersecurity activities and outcomes organized into 23 categories that cover the breadth of cybersecurity objectives for an organization. The profiles contain an organization's unique alignment of their organizational requirements and objectives, risk appetite, and resources using the desired outcomes of the framework core. The implementation tiers describe the degree to which an organization’s cybersecurity risk management practices exhibit the characteristics defined in the framework core.;992275841864;us-west-2;2026-08-18 15:47:07.870888;cm_5;Unauthorized mobile code is detected.;Detect (DE);Security Continuous Monitoring (DE.CM);;aws;;FAIL;No CloudWatch log groups found with metric filters or alarms associated.;arn:aws:logs:us-west-2:992275841864:log-group;cloudwatch_changes_to_network_acls_alarm_configured;False;992275841864;NIST-CSF;National Institute of Standards and Technology (NIST) Cybersecurity Framework (CSF) v1.1;
aws;The NIST Cybersecurity Framework (CSF) is supported by governments and industries worldwide as a recommended baseline for use by any organization, regardless of sector or size. The NIST Cybersecurity Framework consists of three primary components: the framework core, the profiles, and the implementation tiers. The framework core contains desired cybersecurity activities and outcomes organized into 23 categories that cover the breadth of cybersecurity objectives for an organization. The profiles contain an organization's unique alignment of their organizational requirements and objectives, risk appetite, and resources using the desired outcomes of the framework core. The implementation tiers describe the degree to which an organization’s cybersecurity risk management practices exhibit the characteristics defined in the framework core.;992275841864;us-west-2;2026-08-18 15:47:07.870888;cp_4;Event detection information is communicated.;Detect (DE);Detection Processes (DE.DP);;aws;;FAIL;No CloudWatch log groups found with metric filters or alarms associated.;arn:aws:logs:us-west-2:992275841864:log-group;cloudwatch_changes_to_network_acls_alarm_configured;False;992275841864;NIST-CSF;National Institute of Standards and Technology (NIST) Cybersecurity Framework (CSF) v1.1;
aws;The NIST Cybersecurity Framework (CSF) is supported by governments and industries worldwide as a recommended baseline for use by any organization, regardless of sector or size. The NIST Cybersecurity Framework consists of three primary components: the framework core, the profiles, and the implementation tiers. The framework core contains desired cybersecurity activities and outcomes organized into 23 categories that cover the breadth of cybersecurity objectives for an organization. The profiles contain an organization's unique alignment of their organizational requirements and objectives, risk appetite, and resources using the desired outcomes of the framework core. The implementation tiers describe the degree to which an organization’s cybersecurity risk management practices exhibit the characteristics defined in the framework core.;992275841864;us-west-2;2026-08-18 15:47:07.870888;ra_5;Threats, vulnerabilities, likelihoods, and impacts are used to determine risk.;Identify (ID);Risk Assessment (ID.RA);;aws;;FAIL;No CloudWatch log groups found with metric filters or alarms associated.;arn:aws:logs:us-west-2:992275841864:log-group;cloudwatch_changes_to_network_acls_alarm_configured;False;992275841864;NIST-CSF;National Institute of Standards and Technology (NIST) Cybersecurity Framework (CSF) v1.1;
aws;The NIST Cybersecurity Framework (CSF) is supported by governments and industries worldwide as a recommended baseline for use by any organization, regardless of sector or size. The NIST Cybersecurity Framework consists of three primary components: the framework core, the profiles, and the implementation tiers. The framework core contains desired cybersecurity activities and outcomes organized into 23 categories that cover the breadth of cybersecurity objectives for an organization. The profiles contain an organization's unique alignment of their organizational requirements and objectives, risk appetite, and resources using the desired outcomes of the framework core. The implementation tiers describe the degree to which an organization’s cybersecurity risk management practices exhibit the characteristics defined in the framework core.;992275841864;us-west-2;2026-08-18 15:47:07.870888;ae_5;Incident alert thresholds are established.;Detect (DE);Anomalies and Events (DE.AE);;aws;;FAIL;No CloudWatch log groups found with metric filters or alarms associated.;arn:aws:logs:us-west-2:992275841864:log-group;cloudwatch_changes_to_network_gateways_alarm_configured;False;992275841864;NIST-CSF;National Institute of Standards and Technology (NIST) Cybersecurity Framework (CSF) v1.1;
aws;The NIST Cybersecurity Framework (CSF) is supported by governments and industries worldwide as a recommended baseline for use by any organization, regardless of sector or size. The NIST Cybersecurity Framework consists of three primary components: the framework core, the profiles, and the implementation tiers. The framework core contains desired cybersecurity activities and outcomes organized into 23 categories that cover the breadth of cybersecurity objectives for an organization. The profiles contain an organization's unique alignment of their organizational requirements and objectives, risk appetite, and resources using the desired outcomes of the framework core. The implementation tiers describe the degree to which an organization’s cybersecurity risk management practices exhibit the characteristics defined in the framework core.;992275841864;us-west-2;2026-08-18 15:47:07.870888;cm_2;The physical environment is monitored to detect potential cybersecurity events.;Detect (DE);Security Continuous Monitoring (DE.CM);;aws;;FAIL;No CloudWatch log groups found with metric filters or alarms associated.;arn:aws:logs:us-west-2:992275841864:log-group;cloudwatch_changes_to_network_gateways_alarm_configured;False;992275841864;NIST-CSF;National Institute of Standards and Technology (NIST) Cybersecurity Framework (CSF) v1.1;
aws;The NIST Cybersecurity Framework (CSF) is supported by governments and industries worldwide as a recommended baseline for use by any organization, regardless of sector or size. The NIST Cybersecurity Framework consists of three primary components: the framework core, the profiles, and the implementation tiers. The framework core contains desired cybersecurity activities and outcomes organized into 23 categories that cover the breadth of cybersecurity objectives for an organization. The profiles contain an organization's unique alignment of their organizational requirements and objectives, risk appetite, and resources using the desired outcomes of the framework core. The implementation tiers describe the degree to which an organization’s cybersecurity risk management practices exhibit the characteristics defined in the framework core.;992275841864;us-west-2;2026-08-18 15:47:07.870888;cm_5;Unauthorized mobile code is detected.;Detect (DE);Security Continuous Monitoring (DE.CM);;aws;;FAIL;No CloudWatch log groups found with metric filters or alarms associated.;arn:aws:logs:us-west-2:992275841864:log-group;cloudwatch_changes_to_network_gateways_alarm_configured;False;992275841864;NIST-CSF;National Institute of Standards and Technology (NIST) Cybersecurity Framework (CSF) v1.1;
aws;The NIST Cybersecurity Framework (CSF) is supported by governments and industries worldwide as a recommended baseline for use by any organization, regardless of sector or size. The NIST Cybersecurity Framework consists of three primary components: the framework core, the profiles, and the implementation tiers. The framework core contains desired cybersecurity activities and outcomes organized into 23 categories that cover the breadth of cybersecurity objectives for an organization. The profiles contain an organization's unique alignment of their organizational requirements and objectives, risk appetite, and resources using the desired outcomes of the framework core. The implementation tiers describe the degree to which an organization’s cybersecurity risk management practices exhibit the characteristics defined in the framework core.;992275841864;us-west-2;2026-08-18 15:47:07.870888;cp_4;Event detection information is communicated.;Detect (DE);Detection Processes (DE.DP);;aws;;FAIL;No CloudWatch log groups found with metric filters or alarms associated.;arn:aws:logs:us-west-2:992275841864:log-group;cloudwatch_changes_to_network_gateways_alarm_configured;False;992275841864;NIST-CSF;National Institute of Standards and Technology (NIST) Cybersecurity Framework (CSF) v1.1;
aws;The NIST Cybersecurity Framework (CSF) is supported by governments and industries worldwide as a recommended baseline for use by any organization, regardless of sector or size. The NIST Cybersecurity Framework consists of three primary components: the framework core, the profiles, and the implementation tiers. The framework core contains desired cybersecurity activities and outcomes organized into 23 categories that cover the breadth of cybersecurity objectives for an organization. The profiles contain an organization's unique alignment of their organizational requirements and objectives, risk appetite, and resources using the desired outcomes of the framework core. The implementation tiers describe the degree to which an organization’s cybersecurity risk management practices exhibit the characteristics defined in the framework core.;992275841864;us-west-2;2026-08-18 15:47:07.870888;ra_5;Threats, vulnerabilities, likelihoods, and impacts are used to determine risk.;Identify (ID);Risk Assessment (ID.RA);;aws;;FAIL;No CloudWatch log groups found with metric filters or alarms associated.;arn:aws:logs:us-west-2:992275841864:log-group;cloudwatch_changes_to_network_gateways_alarm_configured;False;992275841864;NIST-CSF;National Institute of Standards and Technology (NIST) Cybersecurity Framework (CSF) v1.1;
aws;The NIST Cybersecurity Framework (CSF) is supported by governments and industries worldwide as a recommended baseline for use by any organization, regardless of sector or size. The NIST Cybersecurity Framework consists of three primary components: the framework core, the profiles, and the implementation tiers. The framework core contains desired cybersecurity activities and outcomes organized into 23 categories that cover the breadth of cybersecurity objectives for an organization. The profiles contain an organization's unique alignment of their organizational requirements and objectives, risk appetite, and resources using the desired outcomes of the framework core. The implementation tiers describe the degree to which an organization’s cybersecurity risk management practices exhibit the characteristics defined in the framework core.;992275841864;us-west-2;2026-08-18 15:47:07.870888;ae_5;Incident alert thresholds are established.;Detect (DE);Anomalies and Events (DE.AE);;aws;;FAIL;No CloudWatch log groups found with metric filters or alarms associated.;arn:aws:logs:us-west-2:992275841864:log-group;cloudwatch_changes_to_network_route_tables_alarm_configured;False;992275841864;NIST-CSF;National Institute of Standards and Technology (NIST) Cybersecurity Framework (CSF) v1.1;
aws;The NIST Cybersecurity Framework (CSF) is supported by governments and industries worldwide as a recommended baseline for use by any organization, regardless of sector or size. The NIST Cybersecurity Framework consists of three primary components: the framework core, the profiles, and the implementation tiers. The framework core contains desired cybersecurity activities and outcomes organized into 23 categories that cover the breadth of cybersecurity objectives for an organization. The profiles contain an organization's unique alignment of their organizational requirements and objectives, risk appetite, and resources using the desired outcomes of the framework core. The implementation tiers describe the degree to which an organization’s cybersecurity risk management practices exhibit the characteristics defined in the framework core.;992275841864;us-west-2;2026-08-18 15:47:07.870888;cm_2;The physical environment is monitored to detect potential cybersecurity events.;Detect (DE);Security Continuous Monitoring (DE.CM);;aws;;FAIL;No CloudWatch log groups found with metric filters or alarms associated.;arn:aws:logs:us-west-2:992275841864:log-group;cloudwatch_changes_to_network_route_tables_alarm_configured;False;992275841864;NIST-CSF;National Institute of Standards and Technology (NIST) Cybersecurity Framework (CSF) v1.1;
aws;The NIST Cybersecurity Framework (CSF) is supported by governments and industries worldwide as a recommended baseline for use by any organization, regardless of sector or size. The NIST Cybersecurity Framework consists of three primary components: the framework core, the profiles, and the implementation tiers. The framework core contains desired cybersecurity activities and outcomes organized into 23 categories that cover the breadth of cybersecurity objectives for an organization. The profiles contain an organization's unique alignment of their organizational requirements and objectives, risk appetite, and resources using the desired outcomes of the framework core. The implementation tiers describe the degree to which an organization’s cybersecurity risk management practices exhibit the characteristics defined in the framework core.;992275841864;us-west-2;2026-08-18 15:47:07.870888;cm_5;Unauthorized mobile code is detected.;Detect (DE);Security Continuous Monitoring (DE.CM);;aws;;FAIL;No CloudWatch log groups found with metric filters or alarms associated.;arn:aws:logs:us-west-2:992275841864:log-group;cloudwatch_changes_to_network_route_tables_alarm_configured;False;992275841864;NIST-CSF;National Institute of Standards and Technology (NIST) Cybersecurity Framework (CSF) v1.1;
aws;The NIST Cybersecurity Framework (CSF) is supported by governments and industries worldwide as a recommended baseline for use by any organization, regardless of sector or size. The NIST Cybersecurity Framework consists of three primary components: the framework core, the profiles, and the implementation tiers. The framework core contains desired cybersecurity activities and outcomes organized into 23 categories that cover the breadth of cybersecurity objectives for an organization. The profiles contain an organization's unique alignment of their organizational requirements and objectives, risk appetite, and resources using the desired outcomes of the framework core. The implementation tiers describe the degree to which an organization’s cybersecurity risk management practices exhibit the characteristics defined in the framework core.;992275841864;us-west-2;2026-08-18 15:47:07.870888;cp_4;Event detection information is communicated.;Detect (DE);Detection Processes (DE.DP);;aws;;FAIL;No CloudWatch log groups found with metric filters or alarms associated.;arn:aws:logs:us-west-2:992275841864:log-group;cloudwatch_changes_to_network_route_tables_alarm_configured;False;992275841864;NIST-CSF;National Institute of Standards and Technology (NIST) Cybersecurity Framework (CSF) v1.1;
aws;The NIST Cybersecurity Framework (CSF) is supported by governments and industries worldwide as a recommended baseline for use by any organization, regardless of sector or size. The NIST Cybersecurity Framework consists of three primary components: the framework core, the profiles, and the implementation tiers. The framework core contains desired cybersecurity activities and outcomes organized into 23 categories that cover the breadth of cybersecurity objectives for an organization. The profiles contain an organization's unique alignment of their organizational requirements and objectives, risk appetite, and resources using the desired outcomes of the framework core. The implementation tiers describe the degree to which an organization’s cybersecurity risk management practices exhibit the characteristics defined in the framework core.;992275841864;us-west-2;2026-08-18 15:47:07.870888;ra_5;Threats, vulnerabilities, likelihoods, and impacts are used to determine risk.;Identify (ID);Risk Assessment (ID.RA);;aws;;FAIL;No CloudWatch log groups found with metric filters or alarms associated.;arn:aws:logs:us-west-2:992275841864:log-group;cloudwatch_changes_to_network_route_tables_alarm_configured;False;992275841864;NIST-CSF;National Institute of Standards and Technology (NIST) Cybersecurity Framework (CSF) v1.1;
aws;The NIST Cybersecurity Framework (CSF) is supported by governments and industries worldwide as a recommended baseline for use by any organization, regardless of sector or size. The NIST Cybersecurity Framework consists of three primary components: the framework core, the profiles, and the implementation tiers. The framework core contains desired cybersecurity activities and outcomes organized into 23 categories that cover the breadth of cybersecurity objectives for an organization. The profiles contain an organization's unique alignment of their organizational requirements and objectives, risk appetite, and resources using the desired outcomes of the framework core. The implementation tiers describe the degree to which an organization’s cybersecurity risk management practices exhibit the characteristics defined in the framework core.;992275841864;us-west-2;2026-08-18 15:47:07.870888;ae_5;Incident alert thresholds are established.;Detect (DE);Anomalies and Events (DE.AE);;aws;;FAIL;No CloudWatch log groups found with metric filters or alarms associated.;arn:aws:logs:us-west-2:992275841864:log-group;cloudwatch_changes_to_vpcs_alarm_configured;False;992275841864;NIST-CSF;National Institute of Standards and Technology (NIST) Cybersecurity Framework (CSF) v1.1;
aws;The NIST Cybersecurity Framework (CSF) is supported by governments and industries worldwide as a recommended baseline for use by any organization, regardless of sector or size. The NIST Cybersecurity Framework consists of three primary components: the framework core, the profiles, and the implementation tiers. The framework core contains desired cybersecurity activities and outcomes organized into 23 categories that cover the breadth of cybersecurity objectives for an organization. The profiles contain an organization's unique alignment of their organizational requirements and objectives, risk appetite, and resources using the desired outcomes of the framework core. The implementation tiers describe the degree to which an organization’s cybersecurity risk management practices exhibit the characteristics defined in the framework core.;992275841864;us-west-2;2026-08-18 15:47:07.870888;cm_2;The physical environment is monitored to detect potential cybersecurity events.;Detect (DE);Security Continuous Monitoring (DE.CM);;aws;;FAIL;No CloudWatch log groups found with metric filters or alarms associated.;arn:aws:logs:us-west-2:992275841864:log-group;cloudwatch_changes_to_vpcs_alarm_configured;False;992275841864;NIST-CSF;National Institute of Standards and Technology (NIST) Cybersecurity Framework (CSF) v1.1;
aws;The NIST Cybersecurity Framework (CSF) is supported by governments and industries worldwide as a recommended baseline for use by any organization, regardless of sector or size. The NIST Cybersecurity Framework consists of three primary components: the framework core, the profiles, and the implementation tiers. The framework core contains desired cybersecurity activities and outcomes organized into 23 categories that cover the breadth of cybersecurity objectives for an organization. The profiles contain an organization's unique alignment of their organizational requirements and objectives, risk appetite, and resources using the desired outcomes of the framework core. The implementation tiers describe the degree to which an organization’s cybersecurity risk management practices exhibit the characteristics defined in the framework core.;992275841864;us-west-2;2026-08-18 15:47:07.870888;cm_5;Unauthorized mobile code is detected.;Detect (DE);Security Continuous Monitoring (DE.CM);;aws;;FAIL;No CloudWatch log groups found with metric filters or alarms associated.;arn:aws:logs:us-west-2:992275841864:log-group;cloudwatch_changes_to_vpcs_alarm_configured;False;992275841864;NIST-CSF;National Institute of Standards and Technology (NIST) Cybersecurity Framework (CSF) v1.1;
aws;The NIST Cybersecurity Framework (CSF) is supported by governments and industries worldwide as a recommended baseline for use by any organization, regardless of sector or size. The NIST Cybersecurity Framework consists of three primary components: the framework core, the profiles, and the implementation tiers. The framework core contains desired cybersecurity activities and outcomes organized into 23 categories that cover the breadth of cybersecurity objectives for an organization. The profiles contain an organization's unique alignment of their organizational requirements and objectives, risk appetite, and resources using the desired outcomes of the framework core. The implementation tiers describe the degree to which an organization’s cybersecurity risk management practices exhibit the characteristics defined in the framework core.;992275841864;us-west-2;2026-08-18 15:47:07.870888;cp_4;Event detection information is communicated.;Detect (DE);Detection Processes (DE.DP);;aws;;FAIL;No CloudWatch log groups found with metric filters or alarms associated.;arn:aws:logs:us-west-2:992275841864:log-group;cloudwatch_changes_to_vpcs_alarm_configured;False;992275841864;NIST-CSF;National Institute of Standards and Technology (NIST) Cybersecurity Framework (CSF) v1.1;
aws;The NIST Cybersecurity Framework (CSF) is supported by governments and industries worldwide as a recommended baseline for use by any organization, regardless of sector or size. The NIST Cybersecurity Framework consists of three primary components: the framework core, the profiles, and the implementation tiers. The framework core contains desired cybersecurity activities and outcomes organized into 23 categories that cover the breadth of cybersecurity objectives for an organization. The profiles contain an organization's unique alignment of their organizational requirements and objectives, risk appetite, and resources using the desired outcomes of the framework core. The implementation tiers describe the degree to which an organization’s cybersecurity risk management practices exhibit the characteristics defined in the framework core.;992275841864;us-west-2;2026-08-18 15:47:07.870888;ra_5;Threats, vulnerabilities, likelihoods, and impacts are used to determine risk.;Identify (ID);Risk Assessment (ID.RA);;aws;;FAIL;No CloudWatch log groups found with metric filters or alarms associated.;arn:aws:logs:us-west-2:992275841864:log-group;cloudwatch_changes_to_vpcs_alarm_configured;False;992275841864;NIST-CSF;National Institute of Standards and Technology (NIST) Cybersecurity Framework (CSF) v1.1;
aws;The NIST Cybersecurity Framework (CSF) is supported by governments and industries worldwide as a recommended baseline for use by any organization, regardless of sector or size. The NIST Cybersecurity Framework consists of three primary components: the framework core, the profiles, and the implementation tiers. The framework core contains desired cybersecurity activities and outcomes organized into 23 categories that cover the breadth of cybersecurity objectives for an organization. The profiles contain an organization's unique alignment of their organizational requirements and objectives, risk appetite, and resources using the desired outcomes of the framework core. The implementation tiers describe the degree to which an organization’s cybersecurity risk management practices exhibit the characteristics defined in the framework core.;992275841864;us-west-2;2026-08-18 15:47:07.870888;ds_1;Data-at-rest is protected.;Protect (PR);Data Security (PR.DS);;aws;;FAIL;Log Group /aws/lambda/auto-shutdown-untagged-instances does not have AWS KMS keys associated.;arn:aws:logs:us-west-2:992275841864:log-group:/aws/lambda/auto-shutdown-untagged-instances:*;cloudwatch_log_group_kms_encryption_enabled;False;/aws/lambda/auto-shutdown-untagged-instances;NIST-CSF;National Institute of Standards and Technology (NIST) Cybersecurity Framework (CSF) v1.1;
aws;The NIST Cybersecurity Framework (CSF) is supported by governments and industries worldwide as a recommended baseline for use by any organization, regardless of sector or size. The NIST Cybersecurity Framework consists of three primary components: the framework core, the profiles, and the implementation tiers. The framework core contains desired cybersecurity activities and outcomes organized into 23 categories that cover the breadth of cybersecurity objectives for an organization. The profiles contain an organization's unique alignment of their organizational requirements and objectives, risk appetite, and resources using the desired outcomes of the framework core. The implementation tiers describe the degree to which an organization’s cybersecurity risk management practices exhibit the characteristics defined in the framework core.;992275841864;us-west-2;2026-08-18 15:47:07.870888;cm_2;The physical environment is monitored to detect potential cybersecurity events.;Detect (DE);Security Continuous Monitoring (DE.CM);;aws;;FAIL;No CloudWatch log groups found with metric filters or alarms associated.;arn:aws:logs:us-west-2:992275841864:log-group;cloudwatch_log_metric_filter_and_alarm_for_aws_config_configuration_changes_enabled;False;992275841864;NIST-CSF;National Institute of Standards and Technology (NIST) Cybersecurity Framework (CSF) v1.1;
aws;The NIST Cybersecurity Framework (CSF) is supported by governments and industries worldwide as a recommended baseline for use by any organization, regardless of sector or size. The NIST Cybersecurity Framework consists of three primary components: the framework core, the profiles, and the implementation tiers. The framework core contains desired cybersecurity activities and outcomes organized into 23 categories that cover the breadth of cybersecurity objectives for an organization. The profiles contain an organization's unique alignment of their organizational requirements and objectives, risk appetite, and resources using the desired outcomes of the framework core. The implementation tiers describe the degree to which an organization’s cybersecurity risk management practices exhibit the characteristics defined in the framework core.;992275841864;us-west-2;2026-08-18 15:47:07.870888;ra_5;Threats, vulnerabilities, likelihoods, and impacts are used to determine risk.;Identify (ID);Risk Assessment (ID.RA);;aws;;FAIL;No CloudWatch log groups found with metric filters or alarms associated.;arn:aws:logs:us-west-2:992275841864:log-group;cloudwatch_log_metric_filter_and_alarm_for_aws_config_configuration_changes_enabled;False;992275841864;NIST-CSF;National Institute of Standards and Technology (NIST) Cybersecurity Framework (CSF) v1.1;
aws;The NIST Cybersecurity Framework (CSF) is supported by governments and industries worldwide as a recommended baseline for use by any organization, regardless of sector or size. The NIST Cybersecurity Framework consists of three primary components: the framework core, the profiles, and the implementation tiers. The framework core contains desired cybersecurity activities and outcomes organized into 23 categories that cover the breadth of cybersecurity objectives for an organization. The profiles contain an organization's unique alignment of their organizational requirements and objectives, risk appetite, and resources using the desired outcomes of the framework core. The implementation tiers describe the degree to which an organization’s cybersecurity risk management practices exhibit the characteristics defined in the framework core.;992275841864;us-west-2;2026-08-18 15:47:07.870888;sc_4;Suppliers and third-party partners are routinely assessed using audits, test results, or other forms of evaluations to confirm they are meeting their contractual obligations.;Identify (ID);Supply Chain Risk Management (ID.SC);;aws;;FAIL;No CloudWatch log groups found with metric filters or alarms associated.;arn:aws:logs:us-west-2:992275841864:log-group;cloudwatch_log_metric_filter_and_alarm_for_aws_config_configuration_changes_enabled;False;992275841864;NIST-CSF;National Institute of Standards and Technology (NIST) Cybersecurity Framework (CSF) v1.1;
aws;The NIST Cybersecurity Framework (CSF) is supported by governments and industries worldwide as a recommended baseline for use by any organization, regardless of sector or size. The NIST Cybersecurity Framework consists of three primary components: the framework core, the profiles, and the implementation tiers. The framework core contains desired cybersecurity activities and outcomes organized into 23 categories that cover the breadth of cybersecurity objectives for an organization. The profiles contain an organization's unique alignment of their organizational requirements and objectives, risk appetite, and resources using the desired outcomes of the framework core. The implementation tiers describe the degree to which an organization’s cybersecurity risk management practices exhibit the characteristics defined in the framework core.;992275841864;us-west-2;2026-08-18 15:47:07.870888;cm_2;The physical environment is monitored to detect potential cybersecurity events.;Detect (DE);Security Continuous Monitoring (DE.CM);;aws;;FAIL;No CloudWatch log groups found with metric filters or alarms associated.;arn:aws:logs:us-west-2:992275841864:log-group;cloudwatch_log_metric_filter_and_alarm_for_cloudtrail_configuration_changes_enabled;False;992275841864;NIST-CSF;National Institute of Standards and Technology (NIST) Cybersecurity Framework (CSF) v1.1;
aws;The NIST Cybersecurity Framework (CSF) is supported by governments and industries worldwide as a recommended baseline for use by any organization, regardless of sector or size. The NIST Cybersecurity Framework consists of three primary components: the framework core, the profiles, and the implementation tiers. The framework core contains desired cybersecurity activities and outcomes organized into 23 categories that cover the breadth of cybersecurity objectives for an organization. The profiles contain an organization's unique alignment of their organizational requirements and objectives, risk appetite, and resources using the desired outcomes of the framework core. The implementation tiers describe the degree to which an organization’s cybersecurity risk management practices exhibit the characteristics defined in the framework core.;992275841864;us-west-2;2026-08-18 15:47:07.870888;ra_5;Threats, vulnerabilities, likelihoods, and impacts are used to determine risk.;Identify (ID);Risk Assessment (ID.RA);;aws;;FAIL;No CloudWatch log groups found with metric filters or alarms associated.;arn:aws:logs:us-west-2:992275841864:log-group;cloudwatch_log_metric_filter_and_alarm_for_cloudtrail_configuration_changes_enabled;False;992275841864;NIST-CSF;National Institute of Standards and Technology (NIST) Cybersecurity Framework (CSF) v1.1;
aws;The NIST Cybersecurity Framework (CSF) is supported by governments and industries worldwide as a recommended baseline for use by any organization, regardless of sector or size. The NIST Cybersecurity Framework consists of three primary components: the framework core, the profiles, and the implementation tiers. The framework core contains desired cybersecurity activities and outcomes organized into 23 categories that cover the breadth of cybersecurity objectives for an organization. The profiles contain an organization's unique alignment of their organizational requirements and objectives, risk appetite, and resources using the desired outcomes of the framework core. The implementation tiers describe the degree to which an organization’s cybersecurity risk management practices exhibit the characteristics defined in the framework core.;992275841864;us-west-2;2026-08-18 15:47:07.870888;sc_4;Suppliers and third-party partners are routinely assessed using audits, test results, or other forms of evaluations to confirm they are meeting their contractual obligations.;Identify (ID);Supply Chain Risk Management (ID.SC);;aws;;FAIL;No CloudWatch log groups found with metric filters or alarms associated.;arn:aws:logs:us-west-2:992275841864:log-group;cloudwatch_log_metric_filter_and_alarm_for_cloudtrail_configuration_changes_enabled;False;992275841864;NIST-CSF;National Institute of Standards and Technology (NIST) Cybersecurity Framework (CSF) v1.1;
aws;The NIST Cybersecurity Framework (CSF) is supported by governments and industries worldwide as a recommended baseline for use by any organization, regardless of sector or size. The NIST Cybersecurity Framework consists of three primary components: the framework core, the profiles, and the implementation tiers. The framework core contains desired cybersecurity activities and outcomes organized into 23 categories that cover the breadth of cybersecurity objectives for an organization. The profiles contain an organization's unique alignment of their organizational requirements and objectives, risk appetite, and resources using the desired outcomes of the framework core. The implementation tiers describe the degree to which an organization’s cybersecurity risk management practices exhibit the characteristics defined in the framework core.;992275841864;us-west-2;2026-08-18 15:47:07.870888;cm_2;The physical environment is monitored to detect potential cybersecurity events.;Detect (DE);Security Continuous Monitoring (DE.CM);;aws;;FAIL;No CloudWatch log groups found with metric filters or alarms associated.;arn:aws:logs:us-west-2:992275841864:log-group;cloudwatch_log_metric_filter_authentication_failures;False;992275841864;NIST-CSF;National Institute of Standards and Technology (NIST) Cybersecurity Framework (CSF) v1.1;
aws;The NIST Cybersecurity Framework (CSF) is supported by governments and industries worldwide as a recommended baseline for use by any organization, regardless of sector or size. The NIST Cybersecurity Framework consists of three primary components: the framework core, the profiles, and the implementation tiers. The framework core contains desired cybersecurity activities and outcomes organized into 23 categories that cover the breadth of cybersecurity objectives for an organization. The profiles contain an organization's unique alignment of their organizational requirements and objectives, risk appetite, and resources using the desired outcomes of the framework core. The implementation tiers describe the degree to which an organization’s cybersecurity risk management practices exhibit the characteristics defined in the framework core.;992275841864;us-west-2;2026-08-18 15:47:07.870888;ra_5;Threats, vulnerabilities, likelihoods, and impacts are used to determine risk.;Identify (ID);Risk Assessment (ID.RA);;aws;;FAIL;No CloudWatch log groups found with metric filters or alarms associated.;arn:aws:logs:us-west-2:992275841864:log-group;cloudwatch_log_metric_filter_authentication_failures;False;992275841864;NIST-CSF;National Institute of Standards and Technology (NIST) Cybersecurity Framework (CSF) v1.1;
aws;The NIST Cybersecurity Framework (CSF) is supported by governments and industries worldwide as a recommended baseline for use by any organization, regardless of sector or size. The NIST Cybersecurity Framework consists of three primary components: the framework core, the profiles, and the implementation tiers. The framework core contains desired cybersecurity activities and outcomes organized into 23 categories that cover the breadth of cybersecurity objectives for an organization. The profiles contain an organization's unique alignment of their organizational requirements and objectives, risk appetite, and resources using the desired outcomes of the framework core. The implementation tiers describe the degree to which an organization’s cybersecurity risk management practices exhibit the characteristics defined in the framework core.;992275841864;us-west-2;2026-08-18 15:47:07.870888;sc_4;Suppliers and third-party partners are routinely assessed using audits, test results, or other forms of evaluations to confirm they are meeting their contractual obligations.;Identify (ID);Supply Chain Risk Management (ID.SC);;aws;;FAIL;No CloudWatch log groups found with metric filters or alarms associated.;arn:aws:logs:us-west-2:992275841864:log-group;cloudwatch_log_metric_filter_authentication_failures;False;992275841864;NIST-CSF;National Institute of Standards and Technology (NIST) Cybersecurity Framework (CSF) v1.1;
aws;The NIST Cybersecurity Framework (CSF) is supported by governments and industries worldwide as a recommended baseline for use by any organization, regardless of sector or size. The NIST Cybersecurity Framework consists of three primary components: the framework core, the profiles, and the implementation tiers. The framework core contains desired cybersecurity activities and outcomes organized into 23 categories that cover the breadth of cybersecurity objectives for an organization. The profiles contain an organization's unique alignment of their organizational requirements and objectives, risk appetite, and resources using the desired outcomes of the framework core. The implementation tiers describe the degree to which an organization’s cybersecurity risk management practices exhibit the characteristics defined in the framework core.;992275841864;us-west-2;2026-08-18 15:47:07.870888;cm_2;The physical environment is monitored to detect potential cybersecurity events.;Detect (DE);Security Continuous Monitoring (DE.CM);;aws;;FAIL;No CloudWatch log groups found with metric filters or alarms associated.;arn:aws:logs:us-west-2:992275841864:log-group;cloudwatch_log_metric_filter_disable_or_scheduled_deletion_of_kms_cmk;False;992275841864;NIST-CSF;National Institute of Standards and Technology (NIST) Cybersecurity Framework (CSF) v1.1;
aws;The NIST Cybersecurity Framework (CSF) is supported by governments and industries worldwide as a recommended baseline for use by any organization, regardless of sector or size. The NIST Cybersecurity Framework consists of three primary components: the framework core, the profiles, and the implementation tiers. The framework core contains desired cybersecurity activities and outcomes organized into 23 categories that cover the breadth of cybersecurity objectives for an organization. The profiles contain an organization's unique alignment of their organizational requirements and objectives, risk appetite, and resources using the desired outcomes of the framework core. The implementation tiers describe the degree to which an organization’s cybersecurity risk management practices exhibit the characteristics defined in the framework core.;992275841864;us-west-2;2026-08-18 15:47:07.870888;ra_5;Threats, vulnerabilities, likelihoods, and impacts are used to determine risk.;Identify (ID);Risk Assessment (ID.RA);;aws;;FAIL;No CloudWatch log groups found with metric filters or alarms associated.;arn:aws:logs:us-west-2:992275841864:log-group;cloudwatch_log_metric_filter_disable_or_scheduled_deletion_of_kms_cmk;False;992275841864;NIST-CSF;National Institute of Standards and Technology (NIST) Cybersecurity Framework (CSF) v1.1;
aws;The NIST Cybersecurity Framework (CSF) is supported by governments and industries worldwide as a recommended baseline for use by any organization, regardless of sector or size. The NIST Cybersecurity Framework consists of three primary components: the framework core, the profiles, and the implementation tiers. The framework core contains desired cybersecurity activities and outcomes organized into 23 categories that cover the breadth of cybersecurity objectives for an organization. The profiles contain an organization's unique alignment of their organizational requirements and objectives, risk appetite, and resources using the desired outcomes of the framework core. The implementation tiers describe the degree to which an organization’s cybersecurity risk management practices exhibit the characteristics defined in the framework core.;992275841864;us-west-2;2026-08-18 15:47:07.870888;sc_4;Suppliers and third-party partners are routinely assessed using audits, test results, or other forms of evaluations to confirm they are meeting their contractual obligations.;Identify (ID);Supply Chain Risk Management (ID.SC);;aws;;FAIL;No CloudWatch log groups found with metric filters or alarms associated.;arn:aws:logs:us-west-2:992275841864:log-group;cloudwatch_log_metric_filter_disable_or_scheduled_deletion_of_kms_cmk;False;992275841864;NIST-CSF;National Institute of Standards and Technology (NIST) Cybersecurity Framework (CSF) v1.1;
aws;The NIST Cybersecurity Framework (CSF) is supported by governments and industries worldwide as a recommended baseline for use by any organization, regardless of sector or size. The NIST Cybersecurity Framework consists of three primary components: the framework core, the profiles, and the implementation tiers. The framework core contains desired cybersecurity activities and outcomes organized into 23 categories that cover the breadth of cybersecurity objectives for an organization. The profiles contain an organization's unique alignment of their organizational requirements and objectives, risk appetite, and resources using the desired outcomes of the framework core. The implementation tiers describe the degree to which an organization’s cybersecurity risk management practices exhibit the characteristics defined in the framework core.;992275841864;us-west-2;2026-08-18 15:47:07.870888;cm_2;The physical environment is monitored to detect potential cybersecurity events.;Detect (DE);Security Continuous Monitoring (DE.CM);;aws;;FAIL;No CloudWatch log groups found with metric filters or alarms associated.;arn:aws:logs:us-west-2:992275841864:log-group;cloudwatch_log_metric_filter_for_s3_bucket_policy_changes;False;992275841864;NIST-CSF;National Institute of Standards and Technology (NIST) Cybersecurity Framework (CSF) v1.1;
aws;The NIST Cybersecurity Framework (CSF) is supported by governments and industries worldwide as a recommended baseline for use by any organization, regardless of sector or size. The NIST Cybersecurity Framework consists of three primary components: the framework core, the profiles, and the implementation tiers. The framework core contains desired cybersecurity activities and outcomes organized into 23 categories that cover the breadth of cybersecurity objectives for an organization. The profiles contain an organization's unique alignment of their organizational requirements and objectives, risk appetite, and resources using the desired outcomes of the framework core. The implementation tiers describe the degree to which an organization’s cybersecurity risk management practices exhibit the characteristics defined in the framework core.;992275841864;us-west-2;2026-08-18 15:47:07.870888;ra_5;Threats, vulnerabilities, likelihoods, and impacts are used to determine risk.;Identify (ID);Risk Assessment (ID.RA);;aws;;FAIL;No CloudWatch log groups found with metric filters or alarms associated.;arn:aws:logs:us-west-2:992275841864:log-group;cloudwatch_log_metric_filter_for_s3_bucket_policy_changes;False;992275841864;NIST-CSF;National Institute of Standards and Technology (NIST) Cybersecurity Framework (CSF) v1.1;
aws;The NIST Cybersecurity Framework (CSF) is supported by governments and industries worldwide as a recommended baseline for use by any organization, regardless of sector or size. The NIST Cybersecurity Framework consists of three primary components: the framework core, the profiles, and the implementation tiers. The framework core contains desired cybersecurity activities and outcomes organized into 23 categories that cover the breadth of cybersecurity objectives for an organization. The profiles contain an organization's unique alignment of their organizational requirements and objectives, risk appetite, and resources using the desired outcomes of the framework core. The implementation tiers describe the degree to which an organization’s cybersecurity risk management practices exhibit the characteristics defined in the framework core.;992275841864;us-west-2;2026-08-18 15:47:07.870888;sc_4;Suppliers and third-party partners are routinely assessed using audits, test results, or other forms of evaluations to confirm they are meeting their contractual obligations.;Identify (ID);Supply Chain Risk Management (ID.SC);;aws;;FAIL;No CloudWatch log groups found with metric filters or alarms associated.;arn:aws:logs:us-west-2:992275841864:log-group;cloudwatch_log_metric_filter_for_s3_bucket_policy_changes;False;992275841864;NIST-CSF;National Institute of Standards and Technology (NIST) Cybersecurity Framework (CSF) v1.1;
aws;The NIST Cybersecurity Framework (CSF) is supported by governments and industries worldwide as a recommended baseline for use by any organization, regardless of sector or size. The NIST Cybersecurity Framework consists of three primary components: the framework core, the profiles, and the implementation tiers. The framework core contains desired cybersecurity activities and outcomes organized into 23 categories that cover the breadth of cybersecurity objectives for an organization. The profiles contain an organization's unique alignment of their organizational requirements and objectives, risk appetite, and resources using the desired outcomes of the framework core. The implementation tiers describe the degree to which an organization’s cybersecurity risk management practices exhibit the characteristics defined in the framework core.;992275841864;us-west-2;2026-08-18 15:47:07.870888;cm_2;The physical environment is monitored to detect potential cybersecurity events.;Detect (DE);Security Continuous Monitoring (DE.CM);;aws;;FAIL;No CloudWatch log groups found with metric filters or alarms associated.;arn:aws:logs:us-west-2:992275841864:log-group;cloudwatch_log_metric_filter_policy_changes;False;992275841864;NIST-CSF;National Institute of Standards and Technology (NIST) Cybersecurity Framework (CSF) v1.1;
aws;The NIST Cybersecurity Framework (CSF) is supported by governments and industries worldwide as a recommended baseline for use by any organization, regardless of sector or size. The NIST Cybersecurity Framework consists of three primary components: the framework core, the profiles, and the implementation tiers. The framework core contains desired cybersecurity activities and outcomes organized into 23 categories that cover the breadth of cybersecurity objectives for an organization. The profiles contain an organization's unique alignment of their organizational requirements and objectives, risk appetite, and resources using the desired outcomes of the framework core. The implementation tiers describe the degree to which an organization’s cybersecurity risk management practices exhibit the characteristics defined in the framework core.;992275841864;us-west-2;2026-08-18 15:47:07.870888;ra_5;Threats, vulnerabilities, likelihoods, and impacts are used to determine risk.;Identify (ID);Risk Assessment (ID.RA);;aws;;FAIL;No CloudWatch log groups found with metric filters or alarms associated.;arn:aws:logs:us-west-2:992275841864:log-group;cloudwatch_log_metric_filter_policy_changes;False;992275841864;NIST-CSF;National Institute of Standards and Technology (NIST) Cybersecurity Framework (CSF) v1.1;
aws;The NIST Cybersecurity Framework (CSF) is supported by governments and industries worldwide as a recommended baseline for use by any organization, regardless of sector or size. The NIST Cybersecurity Framework consists of three primary components: the framework core, the profiles, and the implementation tiers. The framework core contains desired cybersecurity activities and outcomes organized into 23 categories that cover the breadth of cybersecurity objectives for an organization. The profiles contain an organization's unique alignment of their organizational requirements and objectives, risk appetite, and resources using the desired outcomes of the framework core. The implementation tiers describe the degree to which an organization’s cybersecurity risk management practices exhibit the characteristics defined in the framework core.;992275841864;us-west-2;2026-08-18 15:47:07.870888;sc_4;Suppliers and third-party partners are routinely assessed using audits, test results, or other forms of evaluations to confirm they are meeting their contractual obligations.;Identify (ID);Supply Chain Risk Management (ID.SC);;aws;;FAIL;No CloudWatch log groups found with metric filters or alarms associated.;arn:aws:logs:us-west-2:992275841864:log-group;cloudwatch_log_metric_filter_policy_changes;False;992275841864;NIST-CSF;National Institute of Standards and Technology (NIST) Cybersecurity Framework (CSF) v1.1;
aws;The NIST Cybersecurity Framework (CSF) is supported by governments and industries worldwide as a recommended baseline for use by any organization, regardless of sector or size. The NIST Cybersecurity Framework consists of three primary components: the framework core, the profiles, and the implementation tiers. The framework core contains desired cybersecurity activities and outcomes organized into 23 categories that cover the breadth of cybersecurity objectives for an organization. The profiles contain an organization's unique alignment of their organizational requirements and objectives, risk appetite, and resources using the desired outcomes of the framework core. The implementation tiers describe the degree to which an organization’s cybersecurity risk management practices exhibit the characteristics defined in the framework core.;992275841864;us-west-2;2026-08-18 15:47:07.870888;cm_2;The physical environment is monitored to detect potential cybersecurity events.;Detect (DE);Security Continuous Monitoring (DE.CM);;aws;;FAIL;No CloudWatch log groups found with metric filters or alarms associated.;arn:aws:logs:us-west-2:992275841864:log-group;cloudwatch_log_metric_filter_root_usage;False;992275841864;NIST-CSF;National Institute of Standards and Technology (NIST) Cybersecurity Framework (CSF) v1.1;
aws;The NIST Cybersecurity Framework (CSF) is supported by governments and industries worldwide as a recommended baseline for use by any organization, regardless of sector or size. The NIST Cybersecurity Framework consists of three primary components: the framework core, the profiles, and the implementation tiers. The framework core contains desired cybersecurity activities and outcomes organized into 23 categories that cover the breadth of cybersecurity objectives for an organization. The profiles contain an organization's unique alignment of their organizational requirements and objectives, risk appetite, and resources using the desired outcomes of the framework core. The implementation tiers describe the degree to which an organization’s cybersecurity risk management practices exhibit the characteristics defined in the framework core.;992275841864;us-west-2;2026-08-18 15:47:07.870888;ra_5;Threats, vulnerabilities, likelihoods, and impacts are used to determine risk.;Identify (ID);Risk Assessment (ID.RA);;aws;;FAIL;No CloudWatch log groups found with metric filters or alarms associated.;arn:aws:logs:us-west-2:992275841864:log-group;cloudwatch_log_metric_filter_root_usage;False;992275841864;NIST-CSF;National Institute of Standards and Technology (NIST) Cybersecurity Framework (CSF) v1.1;
aws;The NIST Cybersecurity Framework (CSF) is supported by governments and industries worldwide as a recommended baseline for use by any organization, regardless of sector or size. The NIST Cybersecurity Framework consists of three primary components: the framework core, the profiles, and the implementation tiers. The framework core contains desired cybersecurity activities and outcomes organized into 23 categories that cover the breadth of cybersecurity objectives for an organization. The profiles contain an organization's unique alignment of their organizational requirements and objectives, risk appetite, and resources using the desired outcomes of the framework core. The implementation tiers describe the degree to which an organization’s cybersecurity risk management practices exhibit the characteristics defined in the framework core.;992275841864;us-west-2;2026-08-18 15:47:07.870888;sc_4;Suppliers and third-party partners are routinely assessed using audits, test results, or other forms of evaluations to confirm they are meeting their contractual obligations.;Identify (ID);Supply Chain Risk Management (ID.SC);;aws;;FAIL;No CloudWatch log groups found with metric filters or alarms associated.;arn:aws:logs:us-west-2:992275841864:log-group;cloudwatch_log_metric_filter_root_usage;False;992275841864;NIST-CSF;National Institute of Standards and Technology (NIST) Cybersecurity Framework (CSF) v1.1;
aws;The NIST Cybersecurity Framework (CSF) is supported by governments and industries worldwide as a recommended baseline for use by any organization, regardless of sector or size. The NIST Cybersecurity Framework consists of three primary components: the framework core, the profiles, and the implementation tiers. The framework core contains desired cybersecurity activities and outcomes organized into 23 categories that cover the breadth of cybersecurity objectives for an organization. The profiles contain an organization's unique alignment of their organizational requirements and objectives, risk appetite, and resources using the desired outcomes of the framework core. The implementation tiers describe the degree to which an organization’s cybersecurity risk management practices exhibit the characteristics defined in the framework core.;992275841864;us-west-2;2026-08-18 15:47:07.870888;cm_2;The physical environment is monitored to detect potential cybersecurity events.;Detect (DE);Security Continuous Monitoring (DE.CM);;aws;;FAIL;No CloudWatch log groups found with metric filters or alarms associated.;arn:aws:logs:us-west-2:992275841864:log-group;cloudwatch_log_metric_filter_security_group_changes;False;992275841864;NIST-CSF;National Institute of Standards and Technology (NIST) Cybersecurity Framework (CSF) v1.1;
aws;The NIST Cybersecurity Framework (CSF) is supported by governments and industries worldwide as a recommended baseline for use by any organization, regardless of sector or size. The NIST Cybersecurity Framework consists of three primary components: the framework core, the profiles, and the implementation tiers. The framework core contains desired cybersecurity activities and outcomes organized into 23 categories that cover the breadth of cybersecurity objectives for an organization. The profiles contain an organization's unique alignment of their organizational requirements and objectives, risk appetite, and resources using the desired outcomes of the framework core. The implementation tiers describe the degree to which an organization’s cybersecurity risk management practices exhibit the characteristics defined in the framework core.;992275841864;us-west-2;2026-08-18 15:47:07.870888;ra_5;Threats, vulnerabilities, likelihoods, and impacts are used to determine risk.;Identify (ID);Risk Assessment (ID.RA);;aws;;FAIL;No CloudWatch log groups found with metric filters or alarms associated.;arn:aws:logs:us-west-2:992275841864:log-group;cloudwatch_log_metric_filter_security_group_changes;False;992275841864;NIST-CSF;National Institute of Standards and Technology (NIST) Cybersecurity Framework (CSF) v1.1;
aws;The NIST Cybersecurity Framework (CSF) is supported by governments and industries worldwide as a recommended baseline for use by any organization, regardless of sector or size. The NIST Cybersecurity Framework consists of three primary components: the framework core, the profiles, and the implementation tiers. The framework core contains desired cybersecurity activities and outcomes organized into 23 categories that cover the breadth of cybersecurity objectives for an organization. The profiles contain an organization's unique alignment of their organizational requirements and objectives, risk appetite, and resources using the desired outcomes of the framework core. The implementation tiers describe the degree to which an organization’s cybersecurity risk management practices exhibit the characteristics defined in the framework core.;992275841864;us-west-2;2026-08-18 15:47:07.870888;sc_4;Suppliers and third-party partners are routinely assessed using audits, test results, or other forms of evaluations to confirm they are meeting their contractual obligations.;Identify (ID);Supply Chain Risk Management (ID.SC);;aws;;FAIL;No CloudWatch log groups found with metric filters or alarms associated.;arn:aws:logs:us-west-2:992275841864:log-group;cloudwatch_log_metric_filter_security_group_changes;False;992275841864;NIST-CSF;National Institute of Standards and Technology (NIST) Cybersecurity Framework (CSF) v1.1;
aws;The NIST Cybersecurity Framework (CSF) is supported by governments and industries worldwide as a recommended baseline for use by any organization, regardless of sector or size. The NIST Cybersecurity Framework consists of three primary components: the framework core, the profiles, and the implementation tiers. The framework core contains desired cybersecurity activities and outcomes organized into 23 categories that cover the breadth of cybersecurity objectives for an organization. The profiles contain an organization's unique alignment of their organizational requirements and objectives, risk appetite, and resources using the desired outcomes of the framework core. The implementation tiers describe the degree to which an organization’s cybersecurity risk management practices exhibit the characteristics defined in the framework core.;992275841864;us-west-2;2026-08-18 15:47:07.870888;cm_2;The physical environment is monitored to detect potential cybersecurity events.;Detect (DE);Security Continuous Monitoring (DE.CM);;aws;;FAIL;No CloudWatch log groups found with metric filters or alarms associated.;arn:aws:logs:us-west-2:992275841864:log-group;cloudwatch_log_metric_filter_sign_in_without_mfa;False;992275841864;NIST-CSF;National Institute of Standards and Technology (NIST) Cybersecurity Framework (CSF) v1.1;
aws;The NIST Cybersecurity Framework (CSF) is supported by governments and industries worldwide as a recommended baseline for use by any organization, regardless of sector or size. The NIST Cybersecurity Framework consists of three primary components: the framework core, the profiles, and the implementation tiers. The framework core contains desired cybersecurity activities and outcomes organized into 23 categories that cover the breadth of cybersecurity objectives for an organization. The profiles contain an organization's unique alignment of their organizational requirements and objectives, risk appetite, and resources using the desired outcomes of the framework core. The implementation tiers describe the degree to which an organization’s cybersecurity risk management practices exhibit the characteristics defined in the framework core.;992275841864;us-west-2;2026-08-18 15:47:07.870888;ra_5;Threats, vulnerabilities, likelihoods, and impacts are used to determine risk.;Identify (ID);Risk Assessment (ID.RA);;aws;;FAIL;No CloudWatch log groups found with metric filters or alarms associated.;arn:aws:logs:us-west-2:992275841864:log-group;cloudwatch_log_metric_filter_sign_in_without_mfa;False;992275841864;NIST-CSF;National Institute of Standards and Technology (NIST) Cybersecurity Framework (CSF) v1.1;
aws;The NIST Cybersecurity Framework (CSF) is supported by governments and industries worldwide as a recommended baseline for use by any organization, regardless of sector or size. The NIST Cybersecurity Framework consists of three primary components: the framework core, the profiles, and the implementation tiers. The framework core contains desired cybersecurity activities and outcomes organized into 23 categories that cover the breadth of cybersecurity objectives for an organization. The profiles contain an organization's unique alignment of their organizational requirements and objectives, risk appetite, and resources using the desired outcomes of the framework core. The implementation tiers describe the degree to which an organization’s cybersecurity risk management practices exhibit the characteristics defined in the framework core.;992275841864;us-west-2;2026-08-18 15:47:07.870888;sc_4;Suppliers and third-party partners are routinely assessed using audits, test results, or other forms of evaluations to confirm they are meeting their contractual obligations.;Identify (ID);Supply Chain Risk Management (ID.SC);;aws;;FAIL;No CloudWatch log groups found with metric filters or alarms associated.;arn:aws:logs:us-west-2:992275841864:log-group;cloudwatch_log_metric_filter_sign_in_without_mfa;False;992275841864;NIST-CSF;National Institute of Standards and Technology (NIST) Cybersecurity Framework (CSF) v1.1;
aws;The NIST Cybersecurity Framework (CSF) is supported by governments and industries worldwide as a recommended baseline for use by any organization, regardless of sector or size. The NIST Cybersecurity Framework consists of three primary components: the framework core, the profiles, and the implementation tiers. The framework core contains desired cybersecurity activities and outcomes organized into 23 categories that cover the breadth of cybersecurity objectives for an organization. The profiles contain an organization's unique alignment of their organizational requirements and objectives, risk appetite, and resources using the desired outcomes of the framework core. The implementation tiers describe the degree to which an organization’s cybersecurity risk management practices exhibit the characteristics defined in the framework core.;992275841864;us-west-2;2026-08-18 15:47:07.870888;cm_2;The physical environment is monitored to detect potential cybersecurity events.;Detect (DE);Security Continuous Monitoring (DE.CM);;aws;;FAIL;No CloudWatch log groups found with metric filters or alarms associated.;arn:aws:logs:us-west-2:992275841864:log-group;cloudwatch_log_metric_filter_unauthorized_api_calls;False;992275841864;NIST-CSF;National Institute of Standards and Technology (NIST) Cybersecurity Framework (CSF) v1.1;
aws;The NIST Cybersecurity Framework (CSF) is supported by governments and industries worldwide as a recommended baseline for use by any organization, regardless of sector or size. The NIST Cybersecurity Framework consists of three primary components: the framework core, the profiles, and the implementation tiers. The framework core contains desired cybersecurity activities and outcomes organized into 23 categories that cover the breadth of cybersecurity objectives for an organization. The profiles contain an organization's unique alignment of their organizational requirements and objectives, risk appetite, and resources using the desired outcomes of the framework core. The implementation tiers describe the degree to which an organization’s cybersecurity risk management practices exhibit the characteristics defined in the framework core.;992275841864;us-west-2;2026-08-18 15:47:07.870888;ra_5;Threats, vulnerabilities, likelihoods, and impacts are used to determine risk.;Identify (ID);Risk Assessment (ID.RA);;aws;;FAIL;No CloudWatch log groups found with metric filters or alarms associated.;arn:aws:logs:us-west-2:992275841864:log-group;cloudwatch_log_metric_filter_unauthorized_api_calls;False;992275841864;NIST-CSF;National Institute of Standards and Technology (NIST) Cybersecurity Framework (CSF) v1.1;
aws;The NIST Cybersecurity Framework (CSF) is supported by governments and industries worldwide as a recommended baseline for use by any organization, regardless of sector or size. The NIST Cybersecurity Framework consists of three primary components: the framework core, the profiles, and the implementation tiers. The framework core contains desired cybersecurity activities and outcomes organized into 23 categories that cover the breadth of cybersecurity objectives for an organization. The profiles contain an organization's unique alignment of their organizational requirements and objectives, risk appetite, and resources using the desired outcomes of the framework core. The implementation tiers describe the degree to which an organization’s cybersecurity risk management practices exhibit the characteristics defined in the framework core.;992275841864;us-west-2;2026-08-18 15:47:07.870888;sc_4;Suppliers and third-party partners are routinely assessed using audits, test results, or other forms of evaluations to confirm they are meeting their contractual obligations.;Identify (ID);Supply Chain Risk Management (ID.SC);;aws;;FAIL;No CloudWatch log groups found with metric filters or alarms associated.;arn:aws:logs:us-west-2:992275841864:log-group;cloudwatch_log_metric_filter_unauthorized_api_calls;False;992275841864;NIST-CSF;National Institute of Standards and Technology (NIST) Cybersecurity Framework (CSF) v1.1;
aws;The NIST Cybersecurity Framework (CSF) is supported by governments and industries worldwide as a recommended baseline for use by any organization, regardless of sector or size. The NIST Cybersecurity Framework consists of three primary components: the framework core, the profiles, and the implementation tiers. The framework core contains desired cybersecurity activities and outcomes organized into 23 categories that cover the breadth of cybersecurity objectives for an organization. The profiles contain an organization's unique alignment of their organizational requirements and objectives, risk appetite, and resources using the desired outcomes of the framework core. The implementation tiers describe the degree to which an organization’s cybersecurity risk management practices exhibit the characteristics defined in the framework core.;992275841864;ap-northeast-1;2026-08-18 15:47:07.870888;cm_2;The physical environment is monitored to detect potential cybersecurity events.;Detect (DE);Security Continuous Monitoring (DE.CM);;aws;;FAIL;AWS Config recorder 992275841864 is disabled.;arn:aws:config:ap-northeast-1:992275841864:recorder;config_recorder_all_regions_enabled;False;992275841864;NIST-CSF;National Institute of Standards and Technology (NIST) Cybersecurity Framework (CSF) v1.1;
aws;The NIST Cybersecurity Framework (CSF) is supported by governments and industries worldwide as a recommended baseline for use by any organization, regardless of sector or size. The NIST Cybersecurity Framework consists of three primary components: the framework core, the profiles, and the implementation tiers. The framework core contains desired cybersecurity activities and outcomes organized into 23 categories that cover the breadth of cybersecurity objectives for an organization. The profiles contain an organization's unique alignment of their organizational requirements and objectives, risk appetite, and resources using the desired outcomes of the framework core. The implementation tiers describe the degree to which an organization’s cybersecurity risk management practices exhibit the characteristics defined in the framework core.;992275841864;ap-northeast-1;2026-08-18 15:47:07.870888;am_1;Physical devices and systems within the organization are inventoried.;Identify (ID);Asset Management (ID.AM);;aws;;FAIL;AWS Config recorder 992275841864 is disabled.;arn:aws:config:ap-northeast-1:992275841864:recorder;config_recorder_all_regions_enabled;False;992275841864;NIST-CSF;National Institute of Standards and Technology (NIST) Cybersecurity Framework (CSF) v1.1;
aws;The NIST Cybersecurity Framework (CSF) is supported by governments and industries worldwide as a recommended baseline for use by any organization, regardless of sector or size. The NIST Cybersecurity Framework consists of three primary components: the framework core, the profiles, and the implementation tiers. The framework core contains desired cybersecurity activities and outcomes organized into 23 categories that cover the breadth of cybersecurity objectives for an organization. The profiles contain an organization's unique alignment of their organizational requirements and objectives, risk appetite, and resources using the desired outcomes of the framework core. The implementation tiers describe the degree to which an organization’s cybersecurity risk management practices exhibit the characteristics defined in the framework core.;992275841864;ap-northeast-1;2026-08-18 15:47:07.870888;ra_5;Threats, vulnerabilities, likelihoods, and impacts are used to determine risk.;Identify (ID);Risk Assessment (ID.RA);;aws;;FAIL;AWS Config recorder 992275841864 is disabled.;arn:aws:config:ap-northeast-1:992275841864:recorder;config_recorder_all_regions_enabled;False;992275841864;NIST-CSF;National Institute of Standards and Technology (NIST) Cybersecurity Framework (CSF) v1.1;
aws;The NIST Cybersecurity Framework (CSF) is supported by governments and industries worldwide as a recommended baseline for use by any organization, regardless of sector or size. The NIST Cybersecurity Framework consists of three primary components: the framework core, the profiles, and the implementation tiers. The framework core contains desired cybersecurity activities and outcomes organized into 23 categories that cover the breadth of cybersecurity objectives for an organization. The profiles contain an organization's unique alignment of their organizational requirements and objectives, risk appetite, and resources using the desired outcomes of the framework core. The implementation tiers describe the degree to which an organization’s cybersecurity risk management practices exhibit the characteristics defined in the framework core.;992275841864;ap-northeast-1;2026-08-18 15:47:07.870888;sc_4;Suppliers and third-party partners are routinely assessed using audits, test results, or other forms of evaluations to confirm they are meeting their contractual obligations.;Identify (ID);Supply Chain Risk Management (ID.SC);;aws;;FAIL;AWS Config recorder 992275841864 is disabled.;arn:aws:config:ap-northeast-1:992275841864:recorder;config_recorder_all_regions_enabled;False;992275841864;NIST-CSF;National Institute of Standards and Technology (NIST) Cybersecurity Framework (CSF) v1.1;
aws;The NIST Cybersecurity Framework (CSF) is supported by governments and industries worldwide as a recommended baseline for use by any organization, regardless of sector or size. The NIST Cybersecurity Framework consists of three primary components: the framework core, the profiles, and the implementation tiers. The framework core contains desired cybersecurity activities and outcomes organized into 23 categories that cover the breadth of cybersecurity objectives for an organization. The profiles contain an organization's unique alignment of their organizational requirements and objectives, risk appetite, and resources using the desired outcomes of the framework core. The implementation tiers describe the degree to which an organization’s cybersecurity risk management practices exhibit the characteristics defined in the framework core.;992275841864;ap-northeast-1;2026-08-18 15:47:07.870888;ip_12;A vulnerability management plan is developed and implemented.;Protect (PR);Information Protection Processes and Procedures (PR.IP);;aws;;FAIL;AWS Config recorder 992275841864 is disabled.;arn:aws:config:ap-northeast-1:992275841864:recorder;config_recorder_all_regions_enabled;False;992275841864;NIST-CSF;National Institute of Standards and Technology (NIST) Cybersecurity Framework (CSF) v1.1;
aws;The NIST Cybersecurity Framework (CSF) is supported by governments and industries worldwide as a recommended baseline for use by any organization, regardless of sector or size. The NIST Cybersecurity Framework consists of three primary components: the framework core, the profiles, and the implementation tiers. The framework core contains desired cybersecurity activities and outcomes organized into 23 categories that cover the breadth of cybersecurity objectives for an organization. The profiles contain an organization's unique alignment of their organizational requirements and objectives, risk appetite, and resources using the desired outcomes of the framework core. The implementation tiers describe the degree to which an organization’s cybersecurity risk management practices exhibit the characteristics defined in the framework core.;992275841864;ap-northeast-2;2026-08-18 15:47:07.870888;cm_2;The physical environment is monitored to detect potential cybersecurity events.;Detect (DE);Security Continuous Monitoring (DE.CM);;aws;;FAIL;AWS Config recorder 992275841864 is disabled.;arn:aws:config:ap-northeast-2:992275841864:recorder;config_recorder_all_regions_enabled;False;992275841864;NIST-CSF;National Institute of Standards and Technology (NIST) Cybersecurity Framework (CSF) v1.1;
aws;The NIST Cybersecurity Framework (CSF) is supported by governments and industries worldwide as a recommended baseline for use by any organization, regardless of sector or size. The NIST Cybersecurity Framework consists of three primary components: the framework core, the profiles, and the implementation tiers. The framework core contains desired cybersecurity activities and outcomes organized into 23 categories that cover the breadth of cybersecurity objectives for an organization. The profiles contain an organization's unique alignment of their organizational requirements and objectives, risk appetite, and resources using the desired outcomes of the framework core. The implementation tiers describe the degree to which an organization’s cybersecurity risk management practices exhibit the characteristics defined in the framework core.;992275841864;ap-northeast-2;2026-08-18 15:47:07.870888;am_1;Physical devices and systems within the organization are inventoried.;Identify (ID);Asset Management (ID.AM);;aws;;FAIL;AWS Config recorder 992275841864 is disabled.;arn:aws:config:ap-northeast-2:992275841864:recorder;config_recorder_all_regions_enabled;False;992275841864;NIST-CSF;National Institute of Standards and Technology (NIST) Cybersecurity Framework (CSF) v1.1;
aws;The NIST Cybersecurity Framework (CSF) is supported by governments and industries worldwide as a recommended baseline for use by any organization, regardless of sector or size. The NIST Cybersecurity Framework consists of three primary components: the framework core, the profiles, and the implementation tiers. The framework core contains desired cybersecurity activities and outcomes organized into 23 categories that cover the breadth of cybersecurity objectives for an organization. The profiles contain an organization's unique alignment of their organizational requirements and objectives, risk appetite, and resources using the desired outcomes of the framework core. The implementation tiers describe the degree to which an organization’s cybersecurity risk management practices exhibit the characteristics defined in the framework core.;992275841864;ap-northeast-2;2026-08-18 15:47:07.870888;ra_5;Threats, vulnerabilities, likelihoods, and impacts are used to determine risk.;Identify (ID);Risk Assessment (ID.RA);;aws;;FAIL;AWS Config recorder 992275841864 is disabled.;arn:aws:config:ap-northeast-2:992275841864:recorder;config_recorder_all_regions_enabled;False;992275841864;NIST-CSF;National Institute of Standards and Technology (NIST) Cybersecurity Framework (CSF) v1.1;
aws;The NIST Cybersecurity Framework (CSF) is supported by governments and industries worldwide as a recommended baseline for use by any organization, regardless of sector or size. The NIST Cybersecurity Framework consists of three primary components: the framework core, the profiles, and the implementation tiers. The framework core contains desired cybersecurity activities and outcomes organized into 23 categories that cover the breadth of cybersecurity objectives for an organization. The profiles contain an organization's unique alignment of their organizational requirements and objectives, risk appetite, and resources using the desired outcomes of the framework core. The implementation tiers describe the degree to which an organization’s cybersecurity risk management practices exhibit the characteristics defined in the framework core.;992275841864;ap-northeast-2;2026-08-18 15:47:07.870888;sc_4;Suppliers and third-party partners are routinely assessed using audits, test results, or other forms of evaluations to confirm they are meeting their contractual obligations.;Identify (ID);Supply Chain Risk Management (ID.SC);;aws;;FAIL;AWS Config recorder 992275841864 is disabled.;arn:aws:config:ap-northeast-2:992275841864:recorder;config_recorder_all_regions_enabled;False;992275841864;NIST-CSF;National Institute of Standards and Technology (NIST) Cybersecurity Framework (CSF) v1.1;
aws;The NIST Cybersecurity Framework (CSF) is supported by governments and industries worldwide as a recommended baseline for use by any organization, regardless of sector or size. The NIST Cybersecurity Framework consists of three primary components: the framework core, the profiles, and the implementation tiers. The framework core contains desired cybersecurity activities and outcomes organized into 23 categories that cover the breadth of cybersecurity objectives for an organization. The profiles contain an organization's unique alignment of their organizational requirements and objectives, risk appetite, and resources using the desired outcomes of the framework core. The implementation tiers describe the degree to which an organization’s cybersecurity risk management practices exhibit the characteristics defined in the framework core.;992275841864;ap-northeast-2;2026-08-18 15:47:07.870888;ip_12;A vulnerability management plan is developed and implemented.;Protect (PR);Information Protection Processes and Procedures (PR.IP);;aws;;FAIL;AWS Config recorder 992275841864 is disabled.;arn:aws:config:ap-northeast-2:992275841864:recorder;config_recorder_all_regions_enabled;False;992275841864;NIST-CSF;National Institute of Standards and Technology (NIST) Cybersecurity Framework (CSF) v1.1;
aws;The NIST Cybersecurity Framework (CSF) is supported by governments and industries worldwide as a recommended baseline for use by any organization, regardless of sector or size. The NIST Cybersecurity Framework consists of three primary components: the framework core, the profiles, and the implementation tiers. The framework core contains desired cybersecurity activities and outcomes organized into 23 categories that cover the breadth of cybersecurity objectives for an organization. The profiles contain an organization's unique alignment of their organizational requirements and objectives, risk appetite, and resources using the desired outcomes of the framework core. The implementation tiers describe the degree to which an organization’s cybersecurity risk management practices exhibit the characteristics defined in the framework core.;992275841864;ap-northeast-3;2026-08-18 15:47:07.870888;cm_2;The physical environment is monitored to detect potential cybersecurity events.;Detect (DE);Security Continuous Monitoring (DE.CM);;aws;;FAIL;AWS Config recorder 992275841864 is disabled.;arn:aws:config:ap-northeast-3:992275841864:recorder;config_recorder_all_regions_enabled;False;992275841864;NIST-CSF;National Institute of Standards and Technology (NIST) Cybersecurity Framework (CSF) v1.1;
aws;The NIST Cybersecurity Framework (CSF) is supported by governments and industries worldwide as a recommended baseline for use by any organization, regardless of sector or size. The NIST Cybersecurity Framework consists of three primary components: the framework core, the profiles, and the implementation tiers. The framework core contains desired cybersecurity activities and outcomes organized into 23 categories that cover the breadth of cybersecurity objectives for an organization. The profiles contain an organization's unique alignment of their organizational requirements and objectives, risk appetite, and resources using the desired outcomes of the framework core. The implementation tiers describe the degree to which an organization’s cybersecurity risk management practices exhibit the characteristics defined in the framework core.;992275841864;ap-northeast-3;2026-08-18 15:47:07.870888;am_1;Physical devices and systems within the organization are inventoried.;Identify (ID);Asset Management (ID.AM);;aws;;FAIL;AWS Config recorder 992275841864 is disabled.;arn:aws:config:ap-northeast-3:992275841864:recorder;config_recorder_all_regions_enabled;False;992275841864;NIST-CSF;National Institute of Standards and Technology (NIST) Cybersecurity Framework (CSF) v1.1;
aws;The NIST Cybersecurity Framework (CSF) is supported by governments and industries worldwide as a recommended baseline for use by any organization, regardless of sector or size. The NIST Cybersecurity Framework consists of three primary components: the framework core, the profiles, and the implementation tiers. The framework core contains desired cybersecurity activities and outcomes organized into 23 categories that cover the breadth of cybersecurity objectives for an organization. The profiles contain an organization's unique alignment of their organizational requirements and objectives, risk appetite, and resources using the desired outcomes of the framework core. The implementation tiers describe the degree to which an organization’s cybersecurity risk management practices exhibit the characteristics defined in the framework core.;992275841864;ap-northeast-3;2026-08-18 15:47:07.870888;ra_5;Threats, vulnerabilities, likelihoods, and impacts are used to determine risk.;Identify (ID);Risk Assessment (ID.RA);;aws;;FAIL;AWS Config recorder 992275841864 is disabled.;arn:aws:config:ap-northeast-3:992275841864:recorder;config_recorder_all_regions_enabled;False;992275841864;NIST-CSF;National Institute of Standards and Technology (NIST) Cybersecurity Framework (CSF) v1.1;
aws;The NIST Cybersecurity Framework (CSF) is supported by governments and industries worldwide as a recommended baseline for use by any organization, regardless of sector or size. The NIST Cybersecurity Framework consists of three primary components: the framework core, the profiles, and the implementation tiers. The framework core contains desired cybersecurity activities and outcomes organized into 23 categories that cover the breadth of cybersecurity objectives for an organization. The profiles contain an organization's unique alignment of their organizational requirements and objectives, risk appetite, and resources using the desired outcomes of the framework core. The implementation tiers describe the degree to which an organization’s cybersecurity risk management practices exhibit the characteristics defined in the framework core.;992275841864;ap-northeast-3;2026-08-18 15:47:07.870888;sc_4;Suppliers and third-party partners are routinely assessed using audits, test results, or other forms of evaluations to confirm they are meeting their contractual obligations.;Identify (ID);Supply Chain Risk Management (ID.SC);;aws;;FAIL;AWS Config recorder 992275841864 is disabled.;arn:aws:config:ap-northeast-3:992275841864:recorder;config_recorder_all_regions_enabled;False;992275841864;NIST-CSF;National Institute of Standards and Technology (NIST) Cybersecurity Framework (CSF) v1.1;
aws;The NIST Cybersecurity Framework (CSF) is supported by governments and industries worldwide as a recommended baseline for use by any organization, regardless of sector or size. The NIST Cybersecurity Framework consists of three primary components: the framework core, the profiles, and the implementation tiers. The framework core contains desired cybersecurity activities and outcomes organized into 23 categories that cover the breadth of cybersecurity objectives for an organization. The profiles contain an organization's unique alignment of their organizational requirements and objectives, risk appetite, and resources using the desired outcomes of the framework core. The implementation tiers describe the degree to which an organization’s cybersecurity risk management practices exhibit the characteristics defined in the framework core.;992275841864;ap-northeast-3;2026-08-18 15:47:07.870888;ip_12;A vulnerability management plan is developed and implemented.;Protect (PR);Information Protection Processes and Procedures (PR.IP);;aws;;FAIL;AWS Config recorder 992275841864 is disabled.;arn:aws:config:ap-northeast-3:992275841864:recorder;config_recorder_all_regions_enabled;False;992275841864;NIST-CSF;National Institute of Standards and Technology (NIST) Cybersecurity Framework (CSF) v1.1;
aws;The NIST Cybersecurity Framework (CSF) is supported by governments and industries worldwide as a recommended baseline for use by any organization, regardless of sector or size. The NIST Cybersecurity Framework consists of three primary components: the framework core, the profiles, and the implementation tiers. The framework core contains desired cybersecurity activities and outcomes organized into 23 categories that cover the breadth of cybersecurity objectives for an organization. The profiles contain an organization's unique alignment of their organizational requirements and objectives, risk appetite, and resources using the desired outcomes of the framework core. The implementation tiers describe the degree to which an organization’s cybersecurity risk management practices exhibit the characteristics defined in the framework core.;992275841864;ap-south-1;2026-08-18 15:47:07.870888;cm_2;The physical environment is monitored to detect potential cybersecurity events.;Detect (DE);Security Continuous Monitoring (DE.CM);;aws;;FAIL;AWS Config recorder 992275841864 is disabled.;arn:aws:config:ap-south-1:992275841864:recorder;config_recorder_all_regions_enabled;False;992275841864;NIST-CSF;National Institute of Standards and Technology (NIST) Cybersecurity Framework (CSF) v1.1;
aws;The NIST Cybersecurity Framework (CSF) is supported by governments and industries worldwide as a recommended baseline for use by any organization, regardless of sector or size. The NIST Cybersecurity Framework consists of three primary components: the framework core, the profiles, and the implementation tiers. The framework core contains desired cybersecurity activities and outcomes organized into 23 categories that cover the breadth of cybersecurity objectives for an organization. The profiles contain an organization's unique alignment of their organizational requirements and objectives, risk appetite, and resources using the desired outcomes of the framework core. The implementation tiers describe the degree to which an organization’s cybersecurity risk management practices exhibit the characteristics defined in the framework core.;992275841864;ap-south-1;2026-08-18 15:47:07.870888;am_1;Physical devices and systems within the organization are inventoried.;Identify (ID);Asset Management (ID.AM);;aws;;FAIL;AWS Config recorder 992275841864 is disabled.;arn:aws:config:ap-south-1:992275841864:recorder;config_recorder_all_regions_enabled;False;992275841864;NIST-CSF;National Institute of Standards and Technology (NIST) Cybersecurity Framework (CSF) v1.1;
aws;The NIST Cybersecurity Framework (CSF) is supported by governments and industries worldwide as a recommended baseline for use by any organization, regardless of sector or size. The NIST Cybersecurity Framework consists of three primary components: the framework core, the profiles, and the implementation tiers. The framework core contains desired cybersecurity activities and outcomes organized into 23 categories that cover the breadth of cybersecurity objectives for an organization. The profiles contain an organization's unique alignment of their organizational requirements and objectives, risk appetite, and resources using the desired outcomes of the framework core. The implementation tiers describe the degree to which an organization’s cybersecurity risk management practices exhibit the characteristics defined in the framework core.;992275841864;ap-south-1;2026-08-18 15:47:07.870888;ra_5;Threats, vulnerabilities, likelihoods, and impacts are used to determine risk.;Identify (ID);Risk Assessment (ID.RA);;aws;;FAIL;AWS Config recorder 992275841864 is disabled.;arn:aws:config:ap-south-1:992275841864:recorder;config_recorder_all_regions_enabled;False;992275841864;NIST-CSF;National Institute of Standards and Technology (NIST) Cybersecurity Framework (CSF) v1.1;
aws;The NIST Cybersecurity Framework (CSF) is supported by governments and industries worldwide as a recommended baseline for use by any organization, regardless of sector or size. The NIST Cybersecurity Framework consists of three primary components: the framework core, the profiles, and the implementation tiers. The framework core contains desired cybersecurity activities and outcomes organized into 23 categories that cover the breadth of cybersecurity objectives for an organization. The profiles contain an organization's unique alignment of their organizational requirements and objectives, risk appetite, and resources using the desired outcomes of the framework core. The implementation tiers describe the degree to which an organization’s cybersecurity risk management practices exhibit the characteristics defined in the framework core.;992275841864;ap-south-1;2026-08-18 15:47:07.870888;sc_4;Suppliers and third-party partners are routinely assessed using audits, test results, or other forms of evaluations to confirm they are meeting their contractual obligations.;Identify (ID);Supply Chain Risk Management (ID.SC);;aws;;FAIL;AWS Config recorder 992275841864 is disabled.;arn:aws:config:ap-south-1:992275841864:recorder;config_recorder_all_regions_enabled;False;992275841864;NIST-CSF;National Institute of Standards and Technology (NIST) Cybersecurity Framework (CSF) v1.1;
aws;The NIST Cybersecurity Framework (CSF) is supported by governments and industries worldwide as a recommended baseline for use by any organization, regardless of sector or size. The NIST Cybersecurity Framework consists of three primary components: the framework core, the profiles, and the implementation tiers. The framework core contains desired cybersecurity activities and outcomes organized into 23 categories that cover the breadth of cybersecurity objectives for an organization. The profiles contain an organization's unique alignment of their organizational requirements and objectives, risk appetite, and resources using the desired outcomes of the framework core. The implementation tiers describe the degree to which an organization’s cybersecurity risk management practices exhibit the characteristics defined in the framework core.;992275841864;ap-south-1;2026-08-18 15:47:07.870888;ip_12;A vulnerability management plan is developed and implemented.;Protect (PR);Information Protection Processes and Procedures (PR.IP);;aws;;FAIL;AWS Config recorder 992275841864 is disabled.;arn:aws:config:ap-south-1:992275841864:recorder;config_recorder_all_regions_enabled;False;992275841864;NIST-CSF;National Institute of Standards and Technology (NIST) Cybersecurity Framework (CSF) v1.1;
aws;The NIST Cybersecurity Framework (CSF) is supported by governments and industries worldwide as a recommended baseline for use by any organization, regardless of sector or size. The NIST Cybersecurity Framework consists of three primary components: the framework core, the profiles, and the implementation tiers. The framework core contains desired cybersecurity activities and outcomes organized into 23 categories that cover the breadth of cybersecurity objectives for an organization. The profiles contain an organization's unique alignment of their organizational requirements and objectives, risk appetite, and resources using the desired outcomes of the framework core. The implementation tiers describe the degree to which an organization’s cybersecurity risk management practices exhibit the characteristics defined in the framework core.;992275841864;ap-southeast-1;2026-08-18 15:47:07.870888;cm_2;The physical environment is monitored to detect potential cybersecurity events.;Detect (DE);Security Continuous Monitoring (DE.CM);;aws;;FAIL;AWS Config recorder 992275841864 is disabled.;arn:aws:config:ap-southeast-1:992275841864:recorder;config_recorder_all_regions_enabled;False;992275841864;NIST-CSF;National Institute of Standards and Technology (NIST) Cybersecurity Framework (CSF) v1.1;
aws;The NIST Cybersecurity Framework (CSF) is supported by governments and industries worldwide as a recommended baseline for use by any organization, regardless of sector or size. The NIST Cybersecurity Framework consists of three primary components: the framework core, the profiles, and the implementation tiers. The framework core contains desired cybersecurity activities and outcomes organized into 23 categories that cover the breadth of cybersecurity objectives for an organization. The profiles contain an organization's unique alignment of their organizational requirements and objectives, risk appetite, and resources using the desired outcomes of the framework core. The implementation tiers describe the degree to which an organization’s cybersecurity risk management practices exhibit the characteristics defined in the framework core.;992275841864;ap-southeast-1;2026-08-18 15:47:07.870888;am_1;Physical devices and systems within the organization are inventoried.;Identify (ID);Asset Management (ID.AM);;aws;;FAIL;AWS Config recorder 992275841864 is disabled.;arn:aws:config:ap-southeast-1:992275841864:recorder;config_recorder_all_regions_enabled;False;992275841864;NIST-CSF;National Institute of Standards and Technology (NIST) Cybersecurity Framework (CSF) v1.1;
aws;The NIST Cybersecurity Framework (CSF) is supported by governments and industries worldwide as a recommended baseline for use by any organization, regardless of sector or size. The NIST Cybersecurity Framework consists of three primary components: the framework core, the profiles, and the implementation tiers. The framework core contains desired cybersecurity activities and outcomes organized into 23 categories that cover the breadth of cybersecurity objectives for an organization. The profiles contain an organization's unique alignment of their organizational requirements and objectives, risk appetite, and resources using the desired outcomes of the framework core. The implementation tiers describe the degree to which an organization’s cybersecurity risk management practices exhibit the characteristics defined in the framework core.;992275841864;ap-southeast-1;2026-08-18 15:47:07.870888;ra_5;Threats, vulnerabilities, likelihoods, and impacts are used to determine risk.;Identify (ID);Risk Assessment (ID.RA);;aws;;FAIL;AWS Config recorder 992275841864 is disabled.;arn:aws:config:ap-southeast-1:992275841864:recorder;config_recorder_all_regions_enabled;False;992275841864;NIST-CSF;National Institute of Standards and Technology (NIST) Cybersecurity Framework (CSF) v1.1;
aws;The NIST Cybersecurity Framework (CSF) is supported by governments and industries worldwide as a recommended baseline for use by any organization, regardless of sector or size. The NIST Cybersecurity Framework consists of three primary components: the framework core, the profiles, and the implementation tiers. The framework core contains desired cybersecurity activities and outcomes organized into 23 categories that cover the breadth of cybersecurity objectives for an organization. The profiles contain an organization's unique alignment of their organizational requirements and objectives, risk appetite, and resources using the desired outcomes of the framework core. The implementation tiers describe the degree to which an organization’s cybersecurity risk management practices exhibit the characteristics defined in the framework core.;992275841864;ap-southeast-1;2026-08-18 15:47:07.870888;sc_4;Suppliers and third-party partners are routinely assessed using audits, test results, or other forms of evaluations to confirm they are meeting their contractual obligations.;Identify (ID);Supply Chain Risk Management (ID.SC);;aws;;FAIL;AWS Config recorder 992275841864 is disabled.;arn:aws:config:ap-southeast-1:992275841864:recorder;config_recorder_all_regions_enabled;False;992275841864;NIST-CSF;National Institute of Standards and Technology (NIST) Cybersecurity Framework (CSF) v1.1;
aws;The NIST Cybersecurity Framework (CSF) is supported by governments and industries worldwide as a recommended baseline for use by any organization, regardless of sector or size. The NIST Cybersecurity Framework consists of three primary components: the framework core, the profiles, and the implementation tiers. The framework core contains desired cybersecurity activities and outcomes organized into 23 categories that cover the breadth of cybersecurity objectives for an organization. The profiles contain an organization's unique alignment of their organizational requirements and objectives, risk appetite, and resources using the desired outcomes of the framework core. The implementation tiers describe the degree to which an organization’s cybersecurity risk management practices exhibit the characteristics defined in the framework core.;992275841864;ap-southeast-1;2026-08-18 15:47:07.870888;ip_12;A vulnerability management plan is developed and implemented.;Protect (PR);Information Protection Processes and Procedures (PR.IP);;aws;;FAIL;AWS Config recorder 992275841864 is disabled.;arn:aws:config:ap-southeast-1:992275841864:recorder;config_recorder_all_regions_enabled;False;992275841864;NIST-CSF;National Institute of Standards and Technology (NIST) Cybersecurity Framework (CSF) v1.1;
aws;The NIST Cybersecurity Framework (CSF) is supported by governments and industries worldwide as a recommended baseline for use by any organization, regardless of sector or size. The NIST Cybersecurity Framework consists of three primary components: the framework core, the profiles, and the implementation tiers. The framework core contains desired cybersecurity activities and outcomes organized into 23 categories that cover the breadth of cybersecurity objectives for an organization. The profiles contain an organization's unique alignment of their organizational requirements and objectives, risk appetite, and resources using the desired outcomes of the framework core. The implementation tiers describe the degree to which an organization’s cybersecurity risk management practices exhibit the characteristics defined in the framework core.;992275841864;ap-southeast-2;2026-08-18 15:47:07.870888;cm_2;The physical environment is monitored to detect potential cybersecurity events.;Detect (DE);Security Continuous Monitoring (DE.CM);;aws;;FAIL;AWS Config recorder 992275841864 is disabled.;arn:aws:config:ap-southeast-2:992275841864:recorder;config_recorder_all_regions_enabled;False;992275841864;NIST-CSF;National Institute of Standards and Technology (NIST) Cybersecurity Framework (CSF) v1.1;
aws;The NIST Cybersecurity Framework (CSF) is supported by governments and industries worldwide as a recommended baseline for use by any organization, regardless of sector or size. The NIST Cybersecurity Framework consists of three primary components: the framework core, the profiles, and the implementation tiers. The framework core contains desired cybersecurity activities and outcomes organized into 23 categories that cover the breadth of cybersecurity objectives for an organization. The profiles contain an organization's unique alignment of their organizational requirements and objectives, risk appetite, and resources using the desired outcomes of the framework core. The implementation tiers describe the degree to which an organization’s cybersecurity risk management practices exhibit the characteristics defined in the framework core.;992275841864;ap-southeast-2;2026-08-18 15:47:07.870888;am_1;Physical devices and systems within the organization are inventoried.;Identify (ID);Asset Management (ID.AM);;aws;;FAIL;AWS Config recorder 992275841864 is disabled.;arn:aws:config:ap-southeast-2:992275841864:recorder;config_recorder_all_regions_enabled;False;992275841864;NIST-CSF;National Institute of Standards and Technology (NIST) Cybersecurity Framework (CSF) v1.1;
aws;The NIST Cybersecurity Framework (CSF) is supported by governments and industries worldwide as a recommended baseline for use by any organization, regardless of sector or size. The NIST Cybersecurity Framework consists of three primary components: the framework core, the profiles, and the implementation tiers. The framework core contains desired cybersecurity activities and outcomes organized into 23 categories that cover the breadth of cybersecurity objectives for an organization. The profiles contain an organization's unique alignment of their organizational requirements and objectives, risk appetite, and resources using the desired outcomes of the framework core. The implementation tiers describe the degree to which an organization’s cybersecurity risk management practices exhibit the characteristics defined in the framework core.;992275841864;ap-southeast-2;2026-08-18 15:47:07.870888;ra_5;Threats, vulnerabilities, likelihoods, and impacts are used to determine risk.;Identify (ID);Risk Assessment (ID.RA);;aws;;FAIL;AWS Config recorder 992275841864 is disabled.;arn:aws:config:ap-southeast-2:992275841864:recorder;config_recorder_all_regions_enabled;False;992275841864;NIST-CSF;National Institute of Standards and Technology (NIST) Cybersecurity Framework (CSF) v1.1;
aws;The NIST Cybersecurity Framework (CSF) is supported by governments and industries worldwide as a recommended baseline for use by any organization, regardless of sector or size. The NIST Cybersecurity Framework consists of three primary components: the framework core, the profiles, and the implementation tiers. The framework core contains desired cybersecurity activities and outcomes organized into 23 categories that cover the breadth of cybersecurity objectives for an organization. The profiles contain an organization's unique alignment of their organizational requirements and objectives, risk appetite, and resources using the desired outcomes of the framework core. The implementation tiers describe the degree to which an organization’s cybersecurity risk management practices exhibit the characteristics defined in the framework core.;992275841864;ap-southeast-2;2026-08-18 15:47:07.870888;sc_4;Suppliers and third-party partners are routinely assessed using audits, test results, or other forms of evaluations to confirm they are meeting their contractual obligations.;Identify (ID);Supply Chain Risk Management (ID.SC);;aws;;FAIL;AWS Config recorder 992275841864 is disabled.;arn:aws:config:ap-southeast-2:992275841864:recorder;config_recorder_all_regions_enabled;False;992275841864;NIST-CSF;National Institute of Standards and Technology (NIST) Cybersecurity Framework (CSF) v1.1;
aws;The NIST Cybersecurity Framework (CSF) is supported by governments and industries worldwide as a recommended baseline for use by any organization, regardless of sector or size. The NIST Cybersecurity Framework consists of three primary components: the framework core, the profiles, and the implementation tiers. The framework core contains desired cybersecurity activities and outcomes organized into 23 categories that cover the breadth of cybersecurity objectives for an organization. The profiles contain an organization's unique alignment of their organizational requirements and objectives, risk appetite, and resources using the desired outcomes of the framework core. The implementation tiers describe the degree to which an organization’s cybersecurity risk management practices exhibit the characteristics defined in the framework core.;992275841864;ap-southeast-2;2026-08-18 15:47:07.870888;ip_12;A vulnerability management plan is developed and implemented.;Protect (PR);Information Protection Processes and Procedures (PR.IP);;aws;;FAIL;AWS Config recorder 992275841864 is disabled.;arn:aws:config:ap-southeast-2:992275841864:recorder;config_recorder_all_regions_enabled;False;992275841864;NIST-CSF;National Institute of Standards and Technology (NIST) Cybersecurity Framework (CSF) v1.1;
aws;The NIST Cybersecurity Framework (CSF) is supported by governments and industries worldwide as a recommended baseline for use by any organization, regardless of sector or size. The NIST Cybersecurity Framework consists of three primary components: the framework core, the profiles, and the implementation tiers. The framework core contains desired cybersecurity activities and outcomes organized into 23 categories that cover the breadth of cybersecurity objectives for an organization. The profiles contain an organization's unique alignment of their organizational requirements and objectives, risk appetite, and resources using the desired outcomes of the framework core. The implementation tiers describe the degree to which an organization’s cybersecurity risk management practices exhibit the characteristics defined in the framework core.;992275841864;ca-central-1;2026-08-18 15:47:07.870888;cm_2;The physical environment is monitored to detect potential cybersecurity events.;Detect (DE);Security Continuous Monitoring (DE.CM);;aws;;FAIL;AWS Config recorder 992275841864 is disabled.;arn:aws:config:ca-central-1:992275841864:recorder;config_recorder_all_regions_enabled;False;992275841864;NIST-CSF;National Institute of Standards and Technology (NIST) Cybersecurity Framework (CSF) v1.1;
aws;The NIST Cybersecurity Framework (CSF) is supported by governments and industries worldwide as a recommended baseline for use by any organization, regardless of sector or size. The NIST Cybersecurity Framework consists of three primary components: the framework core, the profiles, and the implementation tiers. The framework core contains desired cybersecurity activities and outcomes organized into 23 categories that cover the breadth of cybersecurity objectives for an organization. The profiles contain an organization's unique alignment of their organizational requirements and objectives, risk appetite, and resources using the desired outcomes of the framework core. The implementation tiers describe the degree to which an organization’s cybersecurity risk management practices exhibit the characteristics defined in the framework core.;992275841864;ca-central-1;2026-08-18 15:47:07.870888;am_1;Physical devices and systems within the organization are inventoried.;Identify (ID);Asset Management (ID.AM);;aws;;FAIL;AWS Config recorder 992275841864 is disabled.;arn:aws:config:ca-central-1:992275841864:recorder;config_recorder_all_regions_enabled;False;992275841864;NIST-CSF;National Institute of Standards and Technology (NIST) Cybersecurity Framework (CSF) v1.1;
aws;The NIST Cybersecurity Framework (CSF) is supported by governments and industries worldwide as a recommended baseline for use by any organization, regardless of sector or size. The NIST Cybersecurity Framework consists of three primary components: the framework core, the profiles, and the implementation tiers. The framework core contains desired cybersecurity activities and outcomes organized into 23 categories that cover the breadth of cybersecurity objectives for an organization. The profiles contain an organization's unique alignment of their organizational requirements and objectives, risk appetite, and resources using the desired outcomes of the framework core. The implementation tiers describe the degree to which an organization’s cybersecurity risk management practices exhibit the characteristics defined in the framework core.;992275841864;ca-central-1;2026-08-18 15:47:07.870888;ra_5;Threats, vulnerabilities, likelihoods, and impacts are used to determine risk.;Identify (ID);Risk Assessment (ID.RA);;aws;;FAIL;AWS Config recorder 992275841864 is disabled.;arn:aws:config:ca-central-1:992275841864:recorder;config_recorder_all_regions_enabled;False;992275841864;NIST-CSF;National Institute of Standards and Technology (NIST) Cybersecurity Framework (CSF) v1.1;
aws;The NIST Cybersecurity Framework (CSF) is supported by governments and industries worldwide as a recommended baseline for use by any organization, regardless of sector or size. The NIST Cybersecurity Framework consists of three primary components: the framework core, the profiles, and the implementation tiers. The framework core contains desired cybersecurity activities and outcomes organized into 23 categories that cover the breadth of cybersecurity objectives for an organization. The profiles contain an organization's unique alignment of their organizational requirements and objectives, risk appetite, and resources using the desired outcomes of the framework core. The implementation tiers describe the degree to which an organization’s cybersecurity risk management practices exhibit the characteristics defined in the framework core.;992275841864;ca-central-1;2026-08-18 15:47:07.870888;sc_4;Suppliers and third-party partners are routinely assessed using audits, test results, or other forms of evaluations to confirm they are meeting their contractual obligations.;Identify (ID);Supply Chain Risk Management (ID.SC);;aws;;FAIL;AWS Config recorder 992275841864 is disabled.;arn:aws:config:ca-central-1:992275841864:recorder;config_recorder_all_regions_enabled;False;992275841864;NIST-CSF;National Institute of Standards and Technology (NIST) Cybersecurity Framework (CSF) v1.1;
aws;The NIST Cybersecurity Framework (CSF) is supported by governments and industries worldwide as a recommended baseline for use by any organization, regardless of sector or size. The NIST Cybersecurity Framework consists of three primary components: the framework core, the profiles, and the implementation tiers. The framework core contains desired cybersecurity activities and outcomes organized into 23 categories that cover the breadth of cybersecurity objectives for an organization. The profiles contain an organization's unique alignment of their organizational requirements and objectives, risk appetite, and resources using the desired outcomes of the framework core. The implementation tiers describe the degree to which an organization’s cybersecurity risk management practices exhibit the characteristics defined in the framework core.;992275841864;ca-central-1;2026-08-18 15:47:07.870888;ip_12;A vulnerability management plan is developed and implemented.;Protect (PR);Information Protection Processes and Procedures (PR.IP);;aws;;FAIL;AWS Config recorder 992275841864 is disabled.;arn:aws:config:ca-central-1:992275841864:recorder;config_recorder_all_regions_enabled;False;992275841864;NIST-CSF;National Institute of Standards and Technology (NIST) Cybersecurity Framework (CSF) v1.1;
aws;The NIST Cybersecurity Framework (CSF) is supported by governments and industries worldwide as a recommended baseline for use by any organization, regardless of sector or size. The NIST Cybersecurity Framework consists of three primary components: the framework core, the profiles, and the implementation tiers. The framework core contains desired cybersecurity activities and outcomes organized into 23 categories that cover the breadth of cybersecurity objectives for an organization. The profiles contain an organization's unique alignment of their organizational requirements and objectives, risk appetite, and resources using the desired outcomes of the framework core. The implementation tiers describe the degree to which an organization’s cybersecurity risk management practices exhibit the characteristics defined in the framework core.;992275841864;eu-central-1;2026-08-18 15:47:07.870888;cm_2;The physical environment is monitored to detect potential cybersecurity events.;Detect (DE);Security Continuous Monitoring (DE.CM);;aws;;FAIL;AWS Config recorder 992275841864 is disabled.;arn:aws:config:eu-central-1:992275841864:recorder;config_recorder_all_regions_enabled;False;992275841864;NIST-CSF;National Institute of Standards and Technology (NIST) Cybersecurity Framework (CSF) v1.1;
aws;The NIST Cybersecurity Framework (CSF) is supported by governments and industries worldwide as a recommended baseline for use by any organization, regardless of sector or size. The NIST Cybersecurity Framework consists of three primary components: the framework core, the profiles, and the implementation tiers. The framework core contains desired cybersecurity activities and outcomes organized into 23 categories that cover the breadth of cybersecurity objectives for an organization. The profiles contain an organization's unique alignment of their organizational requirements and objectives, risk appetite, and resources using the desired outcomes of the framework core. The implementation tiers describe the degree to which an organization’s cybersecurity risk management practices exhibit the characteristics defined in the framework core.;992275841864;eu-central-1;2026-08-18 15:47:07.870888;am_1;Physical devices and systems within the organization are inventoried.;Identify (ID);Asset Management (ID.AM);;aws;;FAIL;AWS Config recorder 992275841864 is disabled.;arn:aws:config:eu-central-1:992275841864:recorder;config_recorder_all_regions_enabled;False;992275841864;NIST-CSF;National Institute of Standards and Technology (NIST) Cybersecurity Framework (CSF) v1.1;
aws;The NIST Cybersecurity Framework (CSF) is supported by governments and industries worldwide as a recommended baseline for use by any organization, regardless of sector or size. The NIST Cybersecurity Framework consists of three primary components: the framework core, the profiles, and the implementation tiers. The framework core contains desired cybersecurity activities and outcomes organized into 23 categories that cover the breadth of cybersecurity objectives for an organization. The profiles contain an organization's unique alignment of their organizational requirements and objectives, risk appetite, and resources using the desired outcomes of the framework core. The implementation tiers describe the degree to which an organization’s cybersecurity risk management practices exhibit the characteristics defined in the framework core.;992275841864;eu-central-1;2026-08-18 15:47:07.870888;ra_5;Threats, vulnerabilities, likelihoods, and impacts are used to determine risk.;Identify (ID);Risk Assessment (ID.RA);;aws;;FAIL;AWS Config recorder 992275841864 is disabled.;arn:aws:config:eu-central-1:992275841864:recorder;config_recorder_all_regions_enabled;False;992275841864;NIST-CSF;National Institute of Standards and Technology (NIST) Cybersecurity Framework (CSF) v1.1;
aws;The NIST Cybersecurity Framework (CSF) is supported by governments and industries worldwide as a recommended baseline for use by any organization, regardless of sector or size. The NIST Cybersecurity Framework consists of three primary components: the framework core, the profiles, and the implementation tiers. The framework core contains desired cybersecurity activities and outcomes organized into 23 categories that cover the breadth of cybersecurity objectives for an organization. The profiles contain an organization's unique alignment of their organizational requirements and objectives, risk appetite, and resources using the desired outcomes of the framework core. The implementation tiers describe the degree to which an organization’s cybersecurity risk management practices exhibit the characteristics defined in the framework core.;992275841864;eu-central-1;2026-08-18 15:47:07.870888;sc_4;Suppliers and third-party partners are routinely assessed using audits, test results, or other forms of evaluations to confirm they are meeting their contractual obligations.;Identify (ID);Supply Chain Risk Management (ID.SC);;aws;;FAIL;AWS Config recorder 992275841864 is disabled.;arn:aws:config:eu-central-1:992275841864:recorder;config_recorder_all_regions_enabled;False;992275841864;NIST-CSF;National Institute of Standards and Technology (NIST) Cybersecurity Framework (CSF) v1.1;
aws;The NIST Cybersecurity Framework (CSF) is supported by governments and industries worldwide as a recommended baseline for use by any organization, regardless of sector or size. The NIST Cybersecurity Framework consists of three primary components: the framework core, the profiles, and the implementation tiers. The framework core contains desired cybersecurity activities and outcomes organized into 23 categories that cover the breadth of cybersecurity objectives for an organization. The profiles contain an organization's unique alignment of their organizational requirements and objectives, risk appetite, and resources using the desired outcomes of the framework core. The implementation tiers describe the degree to which an organization’s cybersecurity risk management practices exhibit the characteristics defined in the framework core.;992275841864;eu-central-1;2026-08-18 15:47:07.870888;ip_12;A vulnerability management plan is developed and implemented.;Protect (PR);Information Protection Processes and Procedures (PR.IP);;aws;;FAIL;AWS Config recorder 992275841864 is disabled.;arn:aws:config:eu-central-1:992275841864:recorder;config_recorder_all_regions_enabled;False;992275841864;NIST-CSF;National Institute of Standards and Technology (NIST) Cybersecurity Framework (CSF) v1.1;
aws;The NIST Cybersecurity Framework (CSF) is supported by governments and industries worldwide as a recommended baseline for use by any organization, regardless of sector or size. The NIST Cybersecurity Framework consists of three primary components: the framework core, the profiles, and the implementation tiers. The framework core contains desired cybersecurity activities and outcomes organized into 23 categories that cover the breadth of cybersecurity objectives for an organization. The profiles contain an organization's unique alignment of their organizational requirements and objectives, risk appetite, and resources using the desired outcomes of the framework core. The implementation tiers describe the degree to which an organization’s cybersecurity risk management practices exhibit the characteristics defined in the framework core.;992275841864;eu-north-1;2026-08-18 15:47:07.870888;cm_2;The physical environment is monitored to detect potential cybersecurity events.;Detect (DE);Security Continuous Monitoring (DE.CM);;aws;;FAIL;AWS Config recorder 992275841864 is disabled.;arn:aws:config:eu-north-1:992275841864:recorder;config_recorder_all_regions_enabled;False;992275841864;NIST-CSF;National Institute of Standards and Technology (NIST) Cybersecurity Framework (CSF) v1.1;
aws;The NIST Cybersecurity Framework (CSF) is supported by governments and industries worldwide as a recommended baseline for use by any organization, regardless of sector or size. The NIST Cybersecurity Framework consists of three primary components: the framework core, the profiles, and the implementation tiers. The framework core contains desired cybersecurity activities and outcomes organized into 23 categories that cover the breadth of cybersecurity objectives for an organization. The profiles contain an organization's unique alignment of their organizational requirements and objectives, risk appetite, and resources using the desired outcomes of the framework core. The implementation tiers describe the degree to which an organization’s cybersecurity risk management practices exhibit the characteristics defined in the framework core.;992275841864;eu-north-1;2026-08-18 15:47:07.870888;am_1;Physical devices and systems within the organization are inventoried.;Identify (ID);Asset Management (ID.AM);;aws;;FAIL;AWS Config recorder 992275841864 is disabled.;arn:aws:config:eu-north-1:992275841864:recorder;config_recorder_all_regions_enabled;False;992275841864;NIST-CSF;National Institute of Standards and Technology (NIST) Cybersecurity Framework (CSF) v1.1;
aws;The NIST Cybersecurity Framework (CSF) is supported by governments and industries worldwide as a recommended baseline for use by any organization, regardless of sector or size. The NIST Cybersecurity Framework consists of three primary components: the framework core, the profiles, and the implementation tiers. The framework core contains desired cybersecurity activities and outcomes organized into 23 categories that cover the breadth of cybersecurity objectives for an organization. The profiles contain an organization's unique alignment of their organizational requirements and objectives, risk appetite, and resources using the desired outcomes of the framework core. The implementation tiers describe the degree to which an organization’s cybersecurity risk management practices exhibit the characteristics defined in the framework core.;992275841864;eu-north-1;2026-08-18 15:47:07.870888;ra_5;Threats, vulnerabilities, likelihoods, and impacts are used to determine risk.;Identify (ID);Risk Assessment (ID.RA);;aws;;FAIL;AWS Config recorder 992275841864 is disabled.;arn:aws:config:eu-north-1:992275841864:recorder;config_recorder_all_regions_enabled;False;992275841864;NIST-CSF;National Institute of Standards and Technology (NIST) Cybersecurity Framework (CSF) v1.1;
aws;The NIST Cybersecurity Framework (CSF) is supported by governments and industries worldwide as a recommended baseline for use by any organization, regardless of sector or size. The NIST Cybersecurity Framework consists of three primary components: the framework core, the profiles, and the implementation tiers. The framework core contains desired cybersecurity activities and outcomes organized into 23 categories that cover the breadth of cybersecurity objectives for an organization. The profiles contain an organization's unique alignment of their organizational requirements and objectives, risk appetite, and resources using the desired outcomes of the framework core. The implementation tiers describe the degree to which an organization’s cybersecurity risk management practices exhibit the characteristics defined in the framework core.;992275841864;eu-north-1;2026-08-18 15:47:07.870888;sc_4;Suppliers and third-party partners are routinely assessed using audits, test results, or other forms of evaluations to confirm they are meeting their contractual obligations.;Identify (ID);Supply Chain Risk Management (ID.SC);;aws;;FAIL;AWS Config recorder 992275841864 is disabled.;arn:aws:config:eu-north-1:992275841864:recorder;config_recorder_all_regions_enabled;False;992275841864;NIST-CSF;National Institute of Standards and Technology (NIST) Cybersecurity Framework (CSF) v1.1;
aws;The NIST Cybersecurity Framework (CSF) is supported by governments and industries worldwide as a recommended baseline for use by any organization, regardless of sector or size. The NIST Cybersecurity Framework consists of three primary components: the framework core, the profiles, and the implementation tiers. The framework core contains desired cybersecurity activities and outcomes organized into 23 categories that cover the breadth of cybersecurity objectives for an organization. The profiles contain an organization's unique alignment of their organizational requirements and objectives, risk appetite, and resources using the desired outcomes of the framework core. The implementation tiers describe the degree to which an organization’s cybersecurity risk management practices exhibit the characteristics defined in the framework core.;992275841864;eu-north-1;2026-08-18 15:47:07.870888;ip_12;A vulnerability management plan is developed and implemented.;Protect (PR);Information Protection Processes and Procedures (PR.IP);;aws;;FAIL;AWS Config recorder 992275841864 is disabled.;arn:aws:config:eu-north-1:992275841864:recorder;config_recorder_all_regions_enabled;False;992275841864;NIST-CSF;National Institute of Standards and Technology (NIST) Cybersecurity Framework (CSF) v1.1;
aws;The NIST Cybersecurity Framework (CSF) is supported by governments and industries worldwide as a recommended baseline for use by any organization, regardless of sector or size. The NIST Cybersecurity Framework consists of three primary components: the framework core, the profiles, and the implementation tiers. The framework core contains desired cybersecurity activities and outcomes organized into 23 categories that cover the breadth of cybersecurity objectives for an organization. The profiles contain an organization's unique alignment of their organizational requirements and objectives, risk appetite, and resources using the desired outcomes of the framework core. The implementation tiers describe the degree to which an organization’s cybersecurity risk management practices exhibit the characteristics defined in the framework core.;992275841864;eu-west-1;2026-08-18 15:47:07.870888;cm_2;The physical environment is monitored to detect potential cybersecurity events.;Detect (DE);Security Continuous Monitoring (DE.CM);;aws;;FAIL;AWS Config recorder 992275841864 is disabled.;arn:aws:config:eu-west-1:992275841864:recorder;config_recorder_all_regions_enabled;False;992275841864;NIST-CSF;National Institute of Standards and Technology (NIST) Cybersecurity Framework (CSF) v1.1;
aws;The NIST Cybersecurity Framework (CSF) is supported by governments and industries worldwide as a recommended baseline for use by any organization, regardless of sector or size. The NIST Cybersecurity Framework consists of three primary components: the framework core, the profiles, and the implementation tiers. The framework core contains desired cybersecurity activities and outcomes organized into 23 categories that cover the breadth of cybersecurity objectives for an organization. The profiles contain an organization's unique alignment of their organizational requirements and objectives, risk appetite, and resources using the desired outcomes of the framework core. The implementation tiers describe the degree to which an organization’s cybersecurity risk management practices exhibit the characteristics defined in the framework core.;992275841864;eu-west-1;2026-08-18 15:47:07.870888;am_1;Physical devices and systems within the organization are inventoried.;Identify (ID);Asset Management (ID.AM);;aws;;FAIL;AWS Config recorder 992275841864 is disabled.;arn:aws:config:eu-west-1:992275841864:recorder;config_recorder_all_regions_enabled;False;992275841864;NIST-CSF;National Institute of Standards and Technology (NIST) Cybersecurity Framework (CSF) v1.1;
aws;The NIST Cybersecurity Framework (CSF) is supported by governments and industries worldwide as a recommended baseline for use by any organization, regardless of sector or size. The NIST Cybersecurity Framework consists of three primary components: the framework core, the profiles, and the implementation tiers. The framework core contains desired cybersecurity activities and outcomes organized into 23 categories that cover the breadth of cybersecurity objectives for an organization. The profiles contain an organization's unique alignment of their organizational requirements and objectives, risk appetite, and resources using the desired outcomes of the framework core. The implementation tiers describe the degree to which an organization’s cybersecurity risk management practices exhibit the characteristics defined in the framework core.;992275841864;eu-west-1;2026-08-18 15:47:07.870888;ra_5;Threats, vulnerabilities, likelihoods, and impacts are used to determine risk.;Identify (ID);Risk Assessment (ID.RA);;aws;;FAIL;AWS Config recorder 992275841864 is disabled.;arn:aws:config:eu-west-1:992275841864:recorder;config_recorder_all_regions_enabled;False;992275841864;NIST-CSF;National Institute of Standards and Technology (NIST) Cybersecurity Framework (CSF) v1.1;
aws;The NIST Cybersecurity Framework (CSF) is supported by governments and industries worldwide as a recommended baseline for use by any organization, regardless of sector or size. The NIST Cybersecurity Framework consists of three primary components: the framework core, the profiles, and the implementation tiers. The framework core contains desired cybersecurity activities and outcomes organized into 23 categories that cover the breadth of cybersecurity objectives for an organization. The profiles contain an organization's unique alignment of their organizational requirements and objectives, risk appetite, and resources using the desired outcomes of the framework core. The implementation tiers describe the degree to which an organization’s cybersecurity risk management practices exhibit the characteristics defined in the framework core.;992275841864;eu-west-1;2026-08-18 15:47:07.870888;sc_4;Suppliers and third-party partners are routinely assessed using audits, test results, or other forms of evaluations to confirm they are meeting their contractual obligations.;Identify (ID);Supply Chain Risk Management (ID.SC);;aws;;FAIL;AWS Config recorder 992275841864 is disabled.;arn:aws:config:eu-west-1:992275841864:recorder;config_recorder_all_regions_enabled;False;992275841864;NIST-CSF;National Institute of Standards and Technology (NIST) Cybersecurity Framework (CSF) v1.1;
aws;The NIST Cybersecurity Framework (CSF) is supported by governments and industries worldwide as a recommended baseline for use by any organization, regardless of sector or size. The NIST Cybersecurity Framework consists of three primary components: the framework core, the profiles, and the implementation tiers. The framework core contains desired cybersecurity activities and outcomes organized into 23 categories that cover the breadth of cybersecurity objectives for an organization. The profiles contain an organization's unique alignment of their organizational requirements and objectives, risk appetite, and resources using the desired outcomes of the framework core. The implementation tiers describe the degree to which an organization’s cybersecurity risk management practices exhibit the characteristics defined in the framework core.;992275841864;eu-west-1;2026-08-18 15:47:07.870888;ip_12;A vulnerability management plan is developed and implemented.;Protect (PR);Information Protection Processes and Procedures (PR.IP);;aws;;FAIL;AWS Config recorder 992275841864 is disabled.;arn:aws:config:eu-west-1:992275841864:recorder;config_recorder_all_regions_enabled;False;992275841864;NIST-CSF;National Institute of Standards and Technology (NIST) Cybersecurity Framework (CSF) v1.1;
aws;The NIST Cybersecurity Framework (CSF) is supported by governments and industries worldwide as a recommended baseline for use by any organization, regardless of sector or size. The NIST Cybersecurity Framework consists of three primary components: the framework core, the profiles, and the implementation tiers. The framework core contains desired cybersecurity activities and outcomes organized into 23 categories that cover the breadth of cybersecurity objectives for an organization. The profiles contain an organization's unique alignment of their organizational requirements and objectives, risk appetite, and resources using the desired outcomes of the framework core. The implementation tiers describe the degree to which an organization’s cybersecurity risk management practices exhibit the characteristics defined in the framework core.;992275841864;eu-west-2;2026-08-18 15:47:07.870888;cm_2;The physical environment is monitored to detect potential cybersecurity events.;Detect (DE);Security Continuous Monitoring (DE.CM);;aws;;FAIL;AWS Config recorder 992275841864 is disabled.;arn:aws:config:eu-west-2:992275841864:recorder;config_recorder_all_regions_enabled;False;992275841864;NIST-CSF;National Institute of Standards and Technology (NIST) Cybersecurity Framework (CSF) v1.1;
aws;The NIST Cybersecurity Framework (CSF) is supported by governments and industries worldwide as a recommended baseline for use by any organization, regardless of sector or size. The NIST Cybersecurity Framework consists of three primary components: the framework core, the profiles, and the implementation tiers. The framework core contains desired cybersecurity activities and outcomes organized into 23 categories that cover the breadth of cybersecurity objectives for an organization. The profiles contain an organization's unique alignment of their organizational requirements and objectives, risk appetite, and resources using the desired outcomes of the framework core. The implementation tiers describe the degree to which an organization’s cybersecurity risk management practices exhibit the characteristics defined in the framework core.;992275841864;eu-west-2;2026-08-18 15:47:07.870888;am_1;Physical devices and systems within the organization are inventoried.;Identify (ID);Asset Management (ID.AM);;aws;;FAIL;AWS Config recorder 992275841864 is disabled.;arn:aws:config:eu-west-2:992275841864:recorder;config_recorder_all_regions_enabled;False;992275841864;NIST-CSF;National Institute of Standards and Technology (NIST) Cybersecurity Framework (CSF) v1.1;
aws;The NIST Cybersecurity Framework (CSF) is supported by governments and industries worldwide as a recommended baseline for use by any organization, regardless of sector or size. The NIST Cybersecurity Framework consists of three primary components: the framework core, the profiles, and the implementation tiers. The framework core contains desired cybersecurity activities and outcomes organized into 23 categories that cover the breadth of cybersecurity objectives for an organization. The profiles contain an organization's unique alignment of their organizational requirements and objectives, risk appetite, and resources using the desired outcomes of the framework core. The implementation tiers describe the degree to which an organization’s cybersecurity risk management practices exhibit the characteristics defined in the framework core.;992275841864;eu-west-2;2026-08-18 15:47:07.870888;ra_5;Threats, vulnerabilities, likelihoods, and impacts are used to determine risk.;Identify (ID);Risk Assessment (ID.RA);;aws;;FAIL;AWS Config recorder 992275841864 is disabled.;arn:aws:config:eu-west-2:992275841864:recorder;config_recorder_all_regions_enabled;False;992275841864;NIST-CSF;National Institute of Standards and Technology (NIST) Cybersecurity Framework (CSF) v1.1;
aws;The NIST Cybersecurity Framework (CSF) is supported by governments and industries worldwide as a recommended baseline for use by any organization, regardless of sector or size. The NIST Cybersecurity Framework consists of three primary components: the framework core, the profiles, and the implementation tiers. The framework core contains desired cybersecurity activities and outcomes organized into 23 categories that cover the breadth of cybersecurity objectives for an organization. The profiles contain an organization's unique alignment of their organizational requirements and objectives, risk appetite, and resources using the desired outcomes of the framework core. The implementation tiers describe the degree to which an organization’s cybersecurity risk management practices exhibit the characteristics defined in the framework core.;992275841864;eu-west-2;2026-08-18 15:47:07.870888;sc_4;Suppliers and third-party partners are routinely assessed using audits, test results, or other forms of evaluations to confirm they are meeting their contractual obligations.;Identify (ID);Supply Chain Risk Management (ID.SC);;aws;;FAIL;AWS Config recorder 992275841864 is disabled.;arn:aws:config:eu-west-2:992275841864:recorder;config_recorder_all_regions_enabled;False;992275841864;NIST-CSF;National Institute of Standards and Technology (NIST) Cybersecurity Framework (CSF) v1.1;
aws;The NIST Cybersecurity Framework (CSF) is supported by governments and industries worldwide as a recommended baseline for use by any organization, regardless of sector or size. The NIST Cybersecurity Framework consists of three primary components: the framework core, the profiles, and the implementation tiers. The framework core contains desired cybersecurity activities and outcomes organized into 23 categories that cover the breadth of cybersecurity objectives for an organization. The profiles contain an organization's unique alignment of their organizational requirements and objectives, risk appetite, and resources using the desired outcomes of the framework core. The implementation tiers describe the degree to which an organization’s cybersecurity risk management practices exhibit the characteristics defined in the framework core.;992275841864;eu-west-2;2026-08-18 15:47:07.870888;ip_12;A vulnerability management plan is developed and implemented.;Protect (PR);Information Protection Processes and Procedures (PR.IP);;aws;;FAIL;AWS Config recorder 992275841864 is disabled.;arn:aws:config:eu-west-2:992275841864:recorder;config_recorder_all_regions_enabled;False;992275841864;NIST-CSF;National Institute of Standards and Technology (NIST) Cybersecurity Framework (CSF) v1.1;
aws;The NIST Cybersecurity Framework (CSF) is supported by governments and industries worldwide as a recommended baseline for use by any organization, regardless of sector or size. The NIST Cybersecurity Framework consists of three primary components: the framework core, the profiles, and the implementation tiers. The framework core contains desired cybersecurity activities and outcomes organized into 23 categories that cover the breadth of cybersecurity objectives for an organization. The profiles contain an organization's unique alignment of their organizational requirements and objectives, risk appetite, and resources using the desired outcomes of the framework core. The implementation tiers describe the degree to which an organization’s cybersecurity risk management practices exhibit the characteristics defined in the framework core.;992275841864;eu-west-3;2026-08-18 15:47:07.870888;cm_2;The physical environment is monitored to detect potential cybersecurity events.;Detect (DE);Security Continuous Monitoring (DE.CM);;aws;;FAIL;AWS Config recorder 992275841864 is disabled.;arn:aws:config:eu-west-3:992275841864:recorder;config_recorder_all_regions_enabled;False;992275841864;NIST-CSF;National Institute of Standards and Technology (NIST) Cybersecurity Framework (CSF) v1.1;
aws;The NIST Cybersecurity Framework (CSF) is supported by governments and industries worldwide as a recommended baseline for use by any organization, regardless of sector or size. The NIST Cybersecurity Framework consists of three primary components: the framework core, the profiles, and the implementation tiers. The framework core contains desired cybersecurity activities and outcomes organized into 23 categories that cover the breadth of cybersecurity objectives for an organization. The profiles contain an organization's unique alignment of their organizational requirements and objectives, risk appetite, and resources using the desired outcomes of the framework core. The implementation tiers describe the degree to which an organization’s cybersecurity risk management practices exhibit the characteristics defined in the framework core.;992275841864;eu-west-3;2026-08-18 15:47:07.870888;am_1;Physical devices and systems within the organization are inventoried.;Identify (ID);Asset Management (ID.AM);;aws;;FAIL;AWS Config recorder 992275841864 is disabled.;arn:aws:config:eu-west-3:992275841864:recorder;config_recorder_all_regions_enabled;False;992275841864;NIST-CSF;National Institute of Standards and Technology (NIST) Cybersecurity Framework (CSF) v1.1;
aws;The NIST Cybersecurity Framework (CSF) is supported by governments and industries worldwide as a recommended baseline for use by any organization, regardless of sector or size. The NIST Cybersecurity Framework consists of three primary components: the framework core, the profiles, and the implementation tiers. The framework core contains desired cybersecurity activities and outcomes organized into 23 categories that cover the breadth of cybersecurity objectives for an organization. The profiles contain an organization's unique alignment of their organizational requirements and objectives, risk appetite, and resources using the desired outcomes of the framework core. The implementation tiers describe the degree to which an organization’s cybersecurity risk management practices exhibit the characteristics defined in the framework core.;992275841864;eu-west-3;2026-08-18 15:47:07.870888;ra_5;Threats, vulnerabilities, likelihoods, and impacts are used to determine risk.;Identify (ID);Risk Assessment (ID.RA);;aws;;FAIL;AWS Config recorder 992275841864 is disabled.;arn:aws:config:eu-west-3:992275841864:recorder;config_recorder_all_regions_enabled;False;992275841864;NIST-CSF;National Institute of Standards and Technology (NIST) Cybersecurity Framework (CSF) v1.1;
aws;The NIST Cybersecurity Framework (CSF) is supported by governments and industries worldwide as a recommended baseline for use by any organization, regardless of sector or size. The NIST Cybersecurity Framework consists of three primary components: the framework core, the profiles, and the implementation tiers. The framework core contains desired cybersecurity activities and outcomes organized into 23 categories that cover the breadth of cybersecurity objectives for an organization. The profiles contain an organization's unique alignment of their organizational requirements and objectives, risk appetite, and resources using the desired outcomes of the framework core. The implementation tiers describe the degree to which an organization’s cybersecurity risk management practices exhibit the characteristics defined in the framework core.;992275841864;eu-west-3;2026-08-18 15:47:07.870888;sc_4;Suppliers and third-party partners are routinely assessed using audits, test results, or other forms of evaluations to confirm they are meeting their contractual obligations.;Identify (ID);Supply Chain Risk Management (ID.SC);;aws;;FAIL;AWS Config recorder 992275841864 is disabled.;arn:aws:config:eu-west-3:992275841864:recorder;config_recorder_all_regions_enabled;False;992275841864;NIST-CSF;National Institute of Standards and Technology (NIST) Cybersecurity Framework (CSF) v1.1;
aws;The NIST Cybersecurity Framework (CSF) is supported by governments and industries worldwide as a recommended baseline for use by any organization, regardless of sector or size. The NIST Cybersecurity Framework consists of three primary components: the framework core, the profiles, and the implementation tiers. The framework core contains desired cybersecurity activities and outcomes organized into 23 categories that cover the breadth of cybersecurity objectives for an organization. The profiles contain an organization's unique alignment of their organizational requirements and objectives, risk appetite, and resources using the desired outcomes of the framework core. The implementation tiers describe the degree to which an organization’s cybersecurity risk management practices exhibit the characteristics defined in the framework core.;992275841864;eu-west-3;2026-08-18 15:47:07.870888;ip_12;A vulnerability management plan is developed and implemented.;Protect (PR);Information Protection Processes and Procedures (PR.IP);;aws;;FAIL;AWS Config recorder 992275841864 is disabled.;arn:aws:config:eu-west-3:992275841864:recorder;config_recorder_all_regions_enabled;False;992275841864;NIST-CSF;National Institute of Standards and Technology (NIST) Cybersecurity Framework (CSF) v1.1;
aws;The NIST Cybersecurity Framework (CSF) is supported by governments and industries worldwide as a recommended baseline for use by any organization, regardless of sector or size. The NIST Cybersecurity Framework consists of three primary components: the framework core, the profiles, and the implementation tiers. The framework core contains desired cybersecurity activities and outcomes organized into 23 categories that cover the breadth of cybersecurity objectives for an organization. The profiles contain an organization's unique alignment of their organizational requirements and objectives, risk appetite, and resources using the desired outcomes of the framework core. The implementation tiers describe the degree to which an organization’s cybersecurity risk management practices exhibit the characteristics defined in the framework core.;992275841864;sa-east-1;2026-08-18 15:47:07.870888;cm_2;The physical environment is monitored to detect potential cybersecurity events.;Detect (DE);Security Continuous Monitoring (DE.CM);;aws;;FAIL;AWS Config recorder 992275841864 is disabled.;arn:aws:config:sa-east-1:992275841864:recorder;config_recorder_all_regions_enabled;False;992275841864;NIST-CSF;National Institute of Standards and Technology (NIST) Cybersecurity Framework (CSF) v1.1;
aws;The NIST Cybersecurity Framework (CSF) is supported by governments and industries worldwide as a recommended baseline for use by any organization, regardless of sector or size. The NIST Cybersecurity Framework consists of three primary components: the framework core, the profiles, and the implementation tiers. The framework core contains desired cybersecurity activities and outcomes organized into 23 categories that cover the breadth of cybersecurity objectives for an organization. The profiles contain an organization's unique alignment of their organizational requirements and objectives, risk appetite, and resources using the desired outcomes of the framework core. The implementation tiers describe the degree to which an organization’s cybersecurity risk management practices exhibit the characteristics defined in the framework core.;992275841864;sa-east-1;2026-08-18 15:47:07.870888;am_1;Physical devices and systems within the organization are inventoried.;Identify (ID);Asset Management (ID.AM);;aws;;FAIL;AWS Config recorder 992275841864 is disabled.;arn:aws:config:sa-east-1:992275841864:recorder;config_recorder_all_regions_enabled;False;992275841864;NIST-CSF;National Institute of Standards and Technology (NIST) Cybersecurity Framework (CSF) v1.1;
aws;The NIST Cybersecurity Framework (CSF) is supported by governments and industries worldwide as a recommended baseline for use by any organization, regardless of sector or size. The NIST Cybersecurity Framework consists of three primary components: the framework core, the profiles, and the implementation tiers. The framework core contains desired cybersecurity activities and outcomes organized into 23 categories that cover the breadth of cybersecurity objectives for an organization. The profiles contain an organization's unique alignment of their organizational requirements and objectives, risk appetite, and resources using the desired outcomes of the framework core. The implementation tiers describe the degree to which an organization’s cybersecurity risk management practices exhibit the characteristics defined in the framework core.;992275841864;sa-east-1;2026-08-18 15:47:07.870888;ra_5;Threats, vulnerabilities, likelihoods, and impacts are used to determine risk.;Identify (ID);Risk Assessment (ID.RA);;aws;;FAIL;AWS Config recorder 992275841864 is disabled.;arn:aws:config:sa-east-1:992275841864:recorder;config_recorder_all_regions_enabled;False;992275841864;NIST-CSF;National Institute of Standards and Technology (NIST) Cybersecurity Framework (CSF) v1.1;
aws;The NIST Cybersecurity Framework (CSF) is supported by governments and industries worldwide as a recommended baseline for use by any organization, regardless of sector or size. The NIST Cybersecurity Framework consists of three primary components: the framework core, the profiles, and the implementation tiers. The framework core contains desired cybersecurity activities and outcomes organized into 23 categories that cover the breadth of cybersecurity objectives for an organization. The profiles contain an organization's unique alignment of their organizational requirements and objectives, risk appetite, and resources using the desired outcomes of the framework core. The implementation tiers describe the degree to which an organization’s cybersecurity risk management practices exhibit the characteristics defined in the framework core.;992275841864;sa-east-1;2026-08-18 15:47:07.870888;sc_4;Suppliers and third-party partners are routinely assessed using audits, test results, or other forms of evaluations to confirm they are meeting their contractual obligations.;Identify (ID);Supply Chain Risk Management (ID.SC);;aws;;FAIL;AWS Config recorder 992275841864 is disabled.;arn:aws:config:sa-east-1:992275841864:recorder;config_recorder_all_regions_enabled;False;992275841864;NIST-CSF;National Institute of Standards and Technology (NIST) Cybersecurity Framework (CSF) v1.1;
aws;The NIST Cybersecurity Framework (CSF) is supported by governments and industries worldwide as a recommended baseline for use by any organization, regardless of sector or size. The NIST Cybersecurity Framework consists of three primary components: the framework core, the profiles, and the implementation tiers. The framework core contains desired cybersecurity activities and outcomes organized into 23 categories that cover the breadth of cybersecurity objectives for an organization. The profiles contain an organization's unique alignment of their organizational requirements and objectives, risk appetite, and resources using the desired outcomes of the framework core. The implementation tiers describe the degree to which an organization’s cybersecurity risk management practices exhibit the characteristics defined in the framework core.;992275841864;sa-east-1;2026-08-18 15:47:07.870888;ip_12;A vulnerability management plan is developed and implemented.;Protect (PR);Information Protection Processes and Procedures (PR.IP);;aws;;FAIL;AWS Config recorder 992275841864 is disabled.;arn:aws:config:sa-east-1:992275841864:recorder;config_recorder_all_regions_enabled;False;992275841864;NIST-CSF;National Institute of Standards and Technology (NIST) Cybersecurity Framework (CSF) v1.1;
aws;The NIST Cybersecurity Framework (CSF) is supported by governments and industries worldwide as a recommended baseline for use by any organization, regardless of sector or size. The NIST Cybersecurity Framework consists of three primary components: the framework core, the profiles, and the implementation tiers. The framework core contains desired cybersecurity activities and outcomes organized into 23 categories that cover the breadth of cybersecurity objectives for an organization. The profiles contain an organization's unique alignment of their organizational requirements and objectives, risk appetite, and resources using the desired outcomes of the framework core. The implementation tiers describe the degree to which an organization’s cybersecurity risk management practices exhibit the characteristics defined in the framework core.;992275841864;us-east-1;2026-08-18 15:47:07.870888;cm_2;The physical environment is monitored to detect potential cybersecurity events.;Detect (DE);Security Continuous Monitoring (DE.CM);;aws;;FAIL;AWS Config recorder 992275841864 is disabled.;arn:aws:config:us-east-1:992275841864:recorder;config_recorder_all_regions_enabled;False;992275841864;NIST-CSF;National Institute of Standards and Technology (NIST) Cybersecurity Framework (CSF) v1.1;
aws;The NIST Cybersecurity Framework (CSF) is supported by governments and industries worldwide as a recommended baseline for use by any organization, regardless of sector or size. The NIST Cybersecurity Framework consists of three primary components: the framework core, the profiles, and the implementation tiers. The framework core contains desired cybersecurity activities and outcomes organized into 23 categories that cover the breadth of cybersecurity objectives for an organization. The profiles contain an organization's unique alignment of their organizational requirements and objectives, risk appetite, and resources using the desired outcomes of the framework core. The implementation tiers describe the degree to which an organization’s cybersecurity risk management practices exhibit the characteristics defined in the framework core.;992275841864;us-east-1;2026-08-18 15:47:07.870888;am_1;Physical devices and systems within the organization are inventoried.;Identify (ID);Asset Management (ID.AM);;aws;;FAIL;AWS Config recorder 992275841864 is disabled.;arn:aws:config:us-east-1:992275841864:recorder;config_recorder_all_regions_enabled;False;992275841864;NIST-CSF;National Institute of Standards and Technology (NIST) Cybersecurity Framework (CSF) v1.1;
aws;The NIST Cybersecurity Framework (CSF) is supported by governments and industries worldwide as a recommended baseline for use by any organization, regardless of sector or size. The NIST Cybersecurity Framework consists of three primary components: the framework core, the profiles, and the implementation tiers. The framework core contains desired cybersecurity activities and outcomes organized into 23 categories that cover the breadth of cybersecurity objectives for an organization. The profiles contain an organization's unique alignment of their organizational requirements and objectives, risk appetite, and resources using the desired outcomes of the framework core. The implementation tiers describe the degree to which an organization’s cybersecurity risk management practices exhibit the characteristics defined in the framework core.;992275841864;us-east-1;2026-08-18 15:47:07.870888;ra_5;Threats, vulnerabilities, likelihoods, and impacts are used to determine risk.;Identify (ID);Risk Assessment (ID.RA);;aws;;FAIL;AWS Config recorder 992275841864 is disabled.;arn:aws:config:us-east-1:992275841864:recorder;config_recorder_all_regions_enabled;False;992275841864;NIST-CSF;National Institute of Standards and Technology (NIST) Cybersecurity Framework (CSF) v1.1;
aws;The NIST Cybersecurity Framework (CSF) is supported by governments and industries worldwide as a recommended baseline for use by any organization, regardless of sector or size. The NIST Cybersecurity Framework consists of three primary components: the framework core, the profiles, and the implementation tiers. The framework core contains desired cybersecurity activities and outcomes organized into 23 categories that cover the breadth of cybersecurity objectives for an organization. The profiles contain an organization's unique alignment of their organizational requirements and objectives, risk appetite, and resources using the desired outcomes of the framework core. The implementation tiers describe the degree to which an organization’s cybersecurity risk management practices exhibit the characteristics defined in the framework core.;992275841864;us-east-1;2026-08-18 15:47:07.870888;sc_4;Suppliers and third-party partners are routinely assessed using audits, test results, or other forms of evaluations to confirm they are meeting their contractual obligations.;Identify (ID);Supply Chain Risk Management (ID.SC);;aws;;FAIL;AWS Config recorder 992275841864 is disabled.;arn:aws:config:us-east-1:992275841864:recorder;config_recorder_all_regions_enabled;False;992275841864;NIST-CSF;National Institute of Standards and Technology (NIST) Cybersecurity Framework (CSF) v1.1;
aws;The NIST Cybersecurity Framework (CSF) is supported by governments and industries worldwide as a recommended baseline for use by any organization, regardless of sector or size. The NIST Cybersecurity Framework consists of three primary components: the framework core, the profiles, and the implementation tiers. The framework core contains desired cybersecurity activities and outcomes organized into 23 categories that cover the breadth of cybersecurity objectives for an organization. The profiles contain an organization's unique alignment of their organizational requirements and objectives, risk appetite, and resources using the desired outcomes of the framework core. The implementation tiers describe the degree to which an organization’s cybersecurity risk management practices exhibit the characteristics defined in the framework core.;992275841864;us-east-1;2026-08-18 15:47:07.870888;ip_12;A vulnerability management plan is developed and implemented.;Protect (PR);Information Protection Processes and Procedures (PR.IP);;aws;;FAIL;AWS Config recorder 992275841864 is disabled.;arn:aws:config:us-east-1:992275841864:recorder;config_recorder_all_regions_enabled;False;992275841864;NIST-CSF;National Institute of Standards and Technology (NIST) Cybersecurity Framework (CSF) v1.1;
aws;The NIST Cybersecurity Framework (CSF) is supported by governments and industries worldwide as a recommended baseline for use by any organization, regardless of sector or size. The NIST Cybersecurity Framework consists of three primary components: the framework core, the profiles, and the implementation tiers. The framework core contains desired cybersecurity activities and outcomes organized into 23 categories that cover the breadth of cybersecurity objectives for an organization. The profiles contain an organization's unique alignment of their organizational requirements and objectives, risk appetite, and resources using the desired outcomes of the framework core. The implementation tiers describe the degree to which an organization’s cybersecurity risk management practices exhibit the characteristics defined in the framework core.;992275841864;us-east-2;2026-08-18 15:47:07.870888;cm_2;The physical environment is monitored to detect potential cybersecurity events.;Detect (DE);Security Continuous Monitoring (DE.CM);;aws;;FAIL;AWS Config recorder 992275841864 is disabled.;arn:aws:config:us-east-2:992275841864:recorder;config_recorder_all_regions_enabled;False;992275841864;NIST-CSF;National Institute of Standards and Technology (NIST) Cybersecurity Framework (CSF) v1.1;
aws;The NIST Cybersecurity Framework (CSF) is supported by governments and industries worldwide as a recommended baseline for use by any organization, regardless of sector or size. The NIST Cybersecurity Framework consists of three primary components: the framework core, the profiles, and the implementation tiers. The framework core contains desired cybersecurity activities and outcomes organized into 23 categories that cover the breadth of cybersecurity objectives for an organization. The profiles contain an organization's unique alignment of their organizational requirements and objectives, risk appetite, and resources using the desired outcomes of the framework core. The implementation tiers describe the degree to which an organization’s cybersecurity risk management practices exhibit the characteristics defined in the framework core.;992275841864;us-east-2;2026-08-18 15:47:07.870888;am_1;Physical devices and systems within the organization are inventoried.;Identify (ID);Asset Management (ID.AM);;aws;;FAIL;AWS Config recorder 992275841864 is disabled.;arn:aws:config:us-east-2:992275841864:recorder;config_recorder_all_regions_enabled;False;992275841864;NIST-CSF;National Institute of Standards and Technology (NIST) Cybersecurity Framework (CSF) v1.1;
aws;The NIST Cybersecurity Framework (CSF) is supported by governments and industries worldwide as a recommended baseline for use by any organization, regardless of sector or size. The NIST Cybersecurity Framework consists of three primary components: the framework core, the profiles, and the implementation tiers. The framework core contains desired cybersecurity activities and outcomes organized into 23 categories that cover the breadth of cybersecurity objectives for an organization. The profiles contain an organization's unique alignment of their organizational requirements and objectives, risk appetite, and resources using the desired outcomes of the framework core. The implementation tiers describe the degree to which an organization’s cybersecurity risk management practices exhibit the characteristics defined in the framework core.;992275841864;us-east-2;2026-08-18 15:47:07.870888;ra_5;Threats, vulnerabilities, likelihoods, and impacts are used to determine risk.;Identify (ID);Risk Assessment (ID.RA);;aws;;FAIL;AWS Config recorder 992275841864 is disabled.;arn:aws:config:us-east-2:992275841864:recorder;config_recorder_all_regions_enabled;False;992275841864;NIST-CSF;National Institute of Standards and Technology (NIST) Cybersecurity Framework (CSF) v1.1;
aws;The NIST Cybersecurity Framework (CSF) is supported by governments and industries worldwide as a recommended baseline for use by any organization, regardless of sector or size. The NIST Cybersecurity Framework consists of three primary components: the framework core, the profiles, and the implementation tiers. The framework core contains desired cybersecurity activities and outcomes organized into 23 categories that cover the breadth of cybersecurity objectives for an organization. The profiles contain an organization's unique alignment of their organizational requirements and objectives, risk appetite, and resources using the desired outcomes of the framework core. The implementation tiers describe the degree to which an organization’s cybersecurity risk management practices exhibit the characteristics defined in the framework core.;992275841864;us-east-2;2026-08-18 15:47:07.870888;sc_4;Suppliers and third-party partners are routinely assessed using audits, test results, or other forms of evaluations to confirm they are meeting their contractual obligations.;Identify (ID);Supply Chain Risk Management (ID.SC);;aws;;FAIL;AWS Config recorder 992275841864 is disabled.;arn:aws:config:us-east-2:992275841864:recorder;config_recorder_all_regions_enabled;False;992275841864;NIST-CSF;National Institute of Standards and Technology (NIST) Cybersecurity Framework (CSF) v1.1;
aws;The NIST Cybersecurity Framework (CSF) is supported by governments and industries worldwide as a recommended baseline for use by any organization, regardless of sector or size. The NIST Cybersecurity Framework consists of three primary components: the framework core, the profiles, and the implementation tiers. The framework core contains desired cybersecurity activities and outcomes organized into 23 categories that cover the breadth of cybersecurity objectives for an organization. The profiles contain an organization's unique alignment of their organizational requirements and objectives, risk appetite, and resources using the desired outcomes of the framework core. The implementation tiers describe the degree to which an organization’s cybersecurity risk management practices exhibit the characteristics defined in the framework core.;992275841864;us-east-2;2026-08-18 15:47:07.870888;ip_12;A vulnerability management plan is developed and implemented.;Protect (PR);Information Protection Processes and Procedures (PR.IP);;aws;;FAIL;AWS Config recorder 992275841864 is disabled.;arn:aws:config:us-east-2:992275841864:recorder;config_recorder_all_regions_enabled;False;992275841864;NIST-CSF;National Institute of Standards and Technology (NIST) Cybersecurity Framework (CSF) v1.1;
aws;The NIST Cybersecurity Framework (CSF) is supported by governments and industries worldwide as a recommended baseline for use by any organization, regardless of sector or size. The NIST Cybersecurity Framework consists of three primary components: the framework core, the profiles, and the implementation tiers. The framework core contains desired cybersecurity activities and outcomes organized into 23 categories that cover the breadth of cybersecurity objectives for an organization. The profiles contain an organization's unique alignment of their organizational requirements and objectives, risk appetite, and resources using the desired outcomes of the framework core. The implementation tiers describe the degree to which an organization’s cybersecurity risk management practices exhibit the characteristics defined in the framework core.;992275841864;us-west-1;2026-08-18 15:47:07.870888;cm_2;The physical environment is monitored to detect potential cybersecurity events.;Detect (DE);Security Continuous Monitoring (DE.CM);;aws;;FAIL;AWS Config recorder 992275841864 is disabled.;arn:aws:config:us-west-1:992275841864:recorder;config_recorder_all_regions_enabled;False;992275841864;NIST-CSF;National Institute of Standards and Technology (NIST) Cybersecurity Framework (CSF) v1.1;
aws;The NIST Cybersecurity Framework (CSF) is supported by governments and industries worldwide as a recommended baseline for use by any organization, regardless of sector or size. The NIST Cybersecurity Framework consists of three primary components: the framework core, the profiles, and the implementation tiers. The framework core contains desired cybersecurity activities and outcomes organized into 23 categories that cover the breadth of cybersecurity objectives for an organization. The profiles contain an organization's unique alignment of their organizational requirements and objectives, risk appetite, and resources using the desired outcomes of the framework core. The implementation tiers describe the degree to which an organization’s cybersecurity risk management practices exhibit the characteristics defined in the framework core.;992275841864;us-west-1;2026-08-18 15:47:07.870888;am_1;Physical devices and systems within the organization are inventoried.;Identify (ID);Asset Management (ID.AM);;aws;;FAIL;AWS Config recorder 992275841864 is disabled.;arn:aws:config:us-west-1:992275841864:recorder;config_recorder_all_regions_enabled;False;992275841864;NIST-CSF;National Institute of Standards and Technology (NIST) Cybersecurity Framework (CSF) v1.1;
aws;The NIST Cybersecurity Framework (CSF) is supported by governments and industries worldwide as a recommended baseline for use by any organization, regardless of sector or size. The NIST Cybersecurity Framework consists of three primary components: the framework core, the profiles, and the implementation tiers. The framework core contains desired cybersecurity activities and outcomes organized into 23 categories that cover the breadth of cybersecurity objectives for an organization. The profiles contain an organization's unique alignment of their organizational requirements and objectives, risk appetite, and resources using the desired outcomes of the framework core. The implementation tiers describe the degree to which an organization’s cybersecurity risk management practices exhibit the characteristics defined in the framework core.;992275841864;us-west-1;2026-08-18 15:47:07.870888;ra_5;Threats, vulnerabilities, likelihoods, and impacts are used to determine risk.;Identify (ID);Risk Assessment (ID.RA);;aws;;FAIL;AWS Config recorder 992275841864 is disabled.;arn:aws:config:us-west-1:992275841864:recorder;config_recorder_all_regions_enabled;False;992275841864;NIST-CSF;National Institute of Standards and Technology (NIST) Cybersecurity Framework (CSF) v1.1;
aws;The NIST Cybersecurity Framework (CSF) is supported by governments and industries worldwide as a recommended baseline for use by any organization, regardless of sector or size. The NIST Cybersecurity Framework consists of three primary components: the framework core, the profiles, and the implementation tiers. The framework core contains desired cybersecurity activities and outcomes organized into 23 categories that cover the breadth of cybersecurity objectives for an organization. The profiles contain an organization's unique alignment of their organizational requirements and objectives, risk appetite, and resources using the desired outcomes of the framework core. The implementation tiers describe the degree to which an organization’s cybersecurity risk management practices exhibit the characteristics defined in the framework core.;992275841864;us-west-1;2026-08-18 15:47:07.870888;sc_4;Suppliers and third-party partners are routinely assessed using audits, test results, or other forms of evaluations to confirm they are meeting their contractual obligations.;Identify (ID);Supply Chain Risk Management (ID.SC);;aws;;FAIL;AWS Config recorder 992275841864 is disabled.;arn:aws:config:us-west-1:992275841864:recorder;config_recorder_all_regions_enabled;False;992275841864;NIST-CSF;National Institute of Standards and Technology (NIST) Cybersecurity Framework (CSF) v1.1;
aws;The NIST Cybersecurity Framework (CSF) is supported by governments and industries worldwide as a recommended baseline for use by any organization, regardless of sector or size. The NIST Cybersecurity Framework consists of three primary components: the framework core, the profiles, and the implementation tiers. The framework core contains desired cybersecurity activities and outcomes organized into 23 categories that cover the breadth of cybersecurity objectives for an organization. The profiles contain an organization's unique alignment of their organizational requirements and objectives, risk appetite, and resources using the desired outcomes of the framework core. The implementation tiers describe the degree to which an organization’s cybersecurity risk management practices exhibit the characteristics defined in the framework core.;992275841864;us-west-1;2026-08-18 15:47:07.870888;ip_12;A vulnerability management plan is developed and implemented.;Protect (PR);Information Protection Processes and Procedures (PR.IP);;aws;;FAIL;AWS Config recorder 992275841864 is disabled.;arn:aws:config:us-west-1:992275841864:recorder;config_recorder_all_regions_enabled;False;992275841864;NIST-CSF;National Institute of Standards and Technology (NIST) Cybersecurity Framework (CSF) v1.1;
aws;The NIST Cybersecurity Framework (CSF) is supported by governments and industries worldwide as a recommended baseline for use by any organization, regardless of sector or size. The NIST Cybersecurity Framework consists of three primary components: the framework core, the profiles, and the implementation tiers. The framework core contains desired cybersecurity activities and outcomes organized into 23 categories that cover the breadth of cybersecurity objectives for an organization. The profiles contain an organization's unique alignment of their organizational requirements and objectives, risk appetite, and resources using the desired outcomes of the framework core. The implementation tiers describe the degree to which an organization’s cybersecurity risk management practices exhibit the characteristics defined in the framework core.;992275841864;us-west-2;2026-08-18 15:47:07.870888;cm_2;The physical environment is monitored to detect potential cybersecurity events.;Detect (DE);Security Continuous Monitoring (DE.CM);;aws;;FAIL;AWS Config recorder 992275841864 is disabled.;arn:aws:config:us-west-2:992275841864:recorder;config_recorder_all_regions_enabled;False;992275841864;NIST-CSF;National Institute of Standards and Technology (NIST) Cybersecurity Framework (CSF) v1.1;
aws;The NIST Cybersecurity Framework (CSF) is supported by governments and industries worldwide as a recommended baseline for use by any organization, regardless of sector or size. The NIST Cybersecurity Framework consists of three primary components: the framework core, the profiles, and the implementation tiers. The framework core contains desired cybersecurity activities and outcomes organized into 23 categories that cover the breadth of cybersecurity objectives for an organization. The profiles contain an organization's unique alignment of their organizational requirements and objectives, risk appetite, and resources using the desired outcomes of the framework core. The implementation tiers describe the degree to which an organization’s cybersecurity risk management practices exhibit the characteristics defined in the framework core.;992275841864;us-west-2;2026-08-18 15:47:07.870888;am_1;Physical devices and systems within the organization are inventoried.;Identify (ID);Asset Management (ID.AM);;aws;;FAIL;AWS Config recorder 992275841864 is disabled.;arn:aws:config:us-west-2:992275841864:recorder;config_recorder_all_regions_enabled;False;992275841864;NIST-CSF;National Institute of Standards and Technology (NIST) Cybersecurity Framework (CSF) v1.1;
aws;The NIST Cybersecurity Framework (CSF) is supported by governments and industries worldwide as a recommended baseline for use by any organization, regardless of sector or size. The NIST Cybersecurity Framework consists of three primary components: the framework core, the profiles, and the implementation tiers. The framework core contains desired cybersecurity activities and outcomes organized into 23 categories that cover the breadth of cybersecurity objectives for an organization. The profiles contain an organization's unique alignment of their organizational requirements and objectives, risk appetite, and resources using the desired outcomes of the framework core. The implementation tiers describe the degree to which an organization’s cybersecurity risk management practices exhibit the characteristics defined in the framework core.;992275841864;us-west-2;2026-08-18 15:47:07.870888;ra_5;Threats, vulnerabilities, likelihoods, and impacts are used to determine risk.;Identify (ID);Risk Assessment (ID.RA);;aws;;FAIL;AWS Config recorder 992275841864 is disabled.;arn:aws:config:us-west-2:992275841864:recorder;config_recorder_all_regions_enabled;False;992275841864;NIST-CSF;National Institute of Standards and Technology (NIST) Cybersecurity Framework (CSF) v1.1;
aws;The NIST Cybersecurity Framework (CSF) is supported by governments and industries worldwide as a recommended baseline for use by any organization, regardless of sector or size. The NIST Cybersecurity Framework consists of three primary components: the framework core, the profiles, and the implementation tiers. The framework core contains desired cybersecurity activities and outcomes organized into 23 categories that cover the breadth of cybersecurity objectives for an organization. The profiles contain an organization's unique alignment of their organizational requirements and objectives, risk appetite, and resources using the desired outcomes of the framework core. The implementation tiers describe the degree to which an organization’s cybersecurity risk management practices exhibit the characteristics defined in the framework core.;992275841864;us-west-2;2026-08-18 15:47:07.870888;sc_4;Suppliers and third-party partners are routinely assessed using audits, test results, or other forms of evaluations to confirm they are meeting their contractual obligations.;Identify (ID);Supply Chain Risk Management (ID.SC);;aws;;FAIL;AWS Config recorder 992275841864 is disabled.;arn:aws:config:us-west-2:992275841864:recorder;config_recorder_all_regions_enabled;False;992275841864;NIST-CSF;National Institute of Standards and Technology (NIST) Cybersecurity Framework (CSF) v1.1;
aws;The NIST Cybersecurity Framework (CSF) is supported by governments and industries worldwide as a recommended baseline for use by any organization, regardless of sector or size. The NIST Cybersecurity Framework consists of three primary components: the framework core, the profiles, and the implementation tiers. The framework core contains desired cybersecurity activities and outcomes organized into 23 categories that cover the breadth of cybersecurity objectives for an organization. The profiles contain an organization's unique alignment of their organizational requirements and objectives, risk appetite, and resources using the desired outcomes of the framework core. The implementation tiers describe the degree to which an organization’s cybersecurity risk management practices exhibit the characteristics defined in the framework core.;992275841864;us-west-2;2026-08-18 15:47:07.870888;ip_12;A vulnerability management plan is developed and implemented.;Protect (PR);Information Protection Processes and Procedures (PR.IP);;aws;;FAIL;AWS Config recorder 992275841864 is disabled.;arn:aws:config:us-west-2:992275841864:recorder;config_recorder_all_regions_enabled;False;992275841864;NIST-CSF;National Institute of Standards and Technology (NIST) Cybersecurity Framework (CSF) v1.1;
aws;The NIST Cybersecurity Framework (CSF) is supported by governments and industries worldwide as a recommended baseline for use by any organization, regardless of sector or size. The NIST Cybersecurity Framework consists of three primary components: the framework core, the profiles, and the implementation tiers. The framework core contains desired cybersecurity activities and outcomes organized into 23 categories that cover the breadth of cybersecurity objectives for an organization. The profiles contain an organization's unique alignment of their organizational requirements and objectives, risk appetite, and resources using the desired outcomes of the framework core. The implementation tiers describe the degree to which an organization’s cybersecurity risk management practices exhibit the characteristics defined in the framework core.;992275841864;us-west-2;2026-08-18 15:47:07.870888;ds_1;Data-at-rest is protected.;Protect (PR);Data Security (PR.DS);;aws;;FAIL;EBS Snapshot vol-0a713fa09f0b9c9b5 is unencrypted.;arn:aws:ec2:us-west-2:992275841864:volume/vol-0a713fa09f0b9c9b5;ec2_ebs_volume_encryption;False;vol-0a713fa09f0b9c9b5;NIST-CSF;National Institute of Standards and Technology (NIST) Cybersecurity Framework (CSF) v1.1;
aws;The NIST Cybersecurity Framework (CSF) is supported by governments and industries worldwide as a recommended baseline for use by any organization, regardless of sector or size. The NIST Cybersecurity Framework consists of three primary components: the framework core, the profiles, and the implementation tiers. The framework core contains desired cybersecurity activities and outcomes organized into 23 categories that cover the breadth of cybersecurity objectives for an organization. The profiles contain an organization's unique alignment of their organizational requirements and objectives, risk appetite, and resources using the desired outcomes of the framework core. The implementation tiers describe the degree to which an organization’s cybersecurity risk management practices exhibit the characteristics defined in the framework core.;992275841864;us-west-2;2026-08-18 15:47:07.870888;cm_2;The physical environment is monitored to detect potential cybersecurity events.;Detect (DE);Security Continuous Monitoring (DE.CM);;aws;;PASS;EC2 Instance i-0958fb219162a44d1 has IMDSv2 enabled and required.;arn:aws:ec2:us-west-2:992275841864:instance/i-0958fb219162a44d1;ec2_instance_imdsv2_enabled;False;i-0958fb219162a44d1;NIST-CSF;National Institute of Standards and Technology (NIST) Cybersecurity Framework (CSF) v1.1;
aws;The NIST Cybersecurity Framework (CSF) is supported by governments and industries worldwide as a recommended baseline for use by any organization, regardless of sector or size. The NIST Cybersecurity Framework consists of three primary components: the framework core, the profiles, and the implementation tiers. The framework core contains desired cybersecurity activities and outcomes organized into 23 categories that cover the breadth of cybersecurity objectives for an organization. The profiles contain an organization's unique alignment of their organizational requirements and objectives, risk appetite, and resources using the desired outcomes of the framework core. The implementation tiers describe the degree to which an organization’s cybersecurity risk management practices exhibit the characteristics defined in the framework core.;992275841864;us-west-2;2026-08-18 15:47:07.870888;cm_5;Unauthorized mobile code is detected.;Detect (DE);Security Continuous Monitoring (DE.CM);;aws;;PASS;EC2 Instance i-0958fb219162a44d1 has IMDSv2 enabled and required.;arn:aws:ec2:us-west-2:992275841864:instance/i-0958fb219162a44d1;ec2_instance_imdsv2_enabled;False;i-0958fb219162a44d1;NIST-CSF;National Institute of Standards and Technology (NIST) Cybersecurity Framework (CSF) v1.1;
aws;The NIST Cybersecurity Framework (CSF) is supported by governments and industries worldwide as a recommended baseline for use by any organization, regardless of sector or size. The NIST Cybersecurity Framework consists of three primary components: the framework core, the profiles, and the implementation tiers. The framework core contains desired cybersecurity activities and outcomes organized into 23 categories that cover the breadth of cybersecurity objectives for an organization. The profiles contain an organization's unique alignment of their organizational requirements and objectives, risk appetite, and resources using the desired outcomes of the framework core. The implementation tiers describe the degree to which an organization’s cybersecurity risk management practices exhibit the characteristics defined in the framework core.;992275841864;us-west-2;2026-08-18 15:47:07.870888;cp_4;Event detection information is communicated.;Detect (DE);Detection Processes (DE.DP);;aws;;PASS;EC2 Instance i-0958fb219162a44d1 has IMDSv2 enabled and required.;arn:aws:ec2:us-west-2:992275841864:instance/i-0958fb219162a44d1;ec2_instance_imdsv2_enabled;False;i-0958fb219162a44d1;NIST-CSF;National Institute of Standards and Technology (NIST) Cybersecurity Framework (CSF) v1.1;
aws;The NIST Cybersecurity Framework (CSF) is supported by governments and industries worldwide as a recommended baseline for use by any organization, regardless of sector or size. The NIST Cybersecurity Framework consists of three primary components: the framework core, the profiles, and the implementation tiers. The framework core contains desired cybersecurity activities and outcomes organized into 23 categories that cover the breadth of cybersecurity objectives for an organization. The profiles contain an organization's unique alignment of their organizational requirements and objectives, risk appetite, and resources using the desired outcomes of the framework core. The implementation tiers describe the degree to which an organization’s cybersecurity risk management practices exhibit the characteristics defined in the framework core.;992275841864;us-west-2;2026-08-18 15:47:07.870888;cp_5;Detection processes are continuously improved.;Detect (DE);Detection Processes (DE.DP);;ec2;;PASS;EC2 Instance i-0958fb219162a44d1 has IMDSv2 enabled and required.;arn:aws:ec2:us-west-2:992275841864:instance/i-0958fb219162a44d1;ec2_instance_imdsv2_enabled;False;i-0958fb219162a44d1;NIST-CSF;National Institute of Standards and Technology (NIST) Cybersecurity Framework (CSF) v1.1;
aws;The NIST Cybersecurity Framework (CSF) is supported by governments and industries worldwide as a recommended baseline for use by any organization, regardless of sector or size. The NIST Cybersecurity Framework consists of three primary components: the framework core, the profiles, and the implementation tiers. The framework core contains desired cybersecurity activities and outcomes organized into 23 categories that cover the breadth of cybersecurity objectives for an organization. The profiles contain an organization's unique alignment of their organizational requirements and objectives, risk appetite, and resources using the desired outcomes of the framework core. The implementation tiers describe the degree to which an organization’s cybersecurity risk management practices exhibit the characteristics defined in the framework core.;992275841864;us-west-2;2026-08-18 15:47:07.870888;ra_5;Threats, vulnerabilities, likelihoods, and impacts are used to determine risk.;Identify (ID);Risk Assessment (ID.RA);;aws;;PASS;EC2 Instance i-0958fb219162a44d1 has IMDSv2 enabled and required.;arn:aws:ec2:us-west-2:992275841864:instance/i-0958fb219162a44d1;ec2_instance_imdsv2_enabled;False;i-0958fb219162a44d1;NIST-CSF;National Institute of Standards and Technology (NIST) Cybersecurity Framework (CSF) v1.1;
aws;The NIST Cybersecurity Framework (CSF) is supported by governments and industries worldwide as a recommended baseline for use by any organization, regardless of sector or size. The NIST Cybersecurity Framework consists of three primary components: the framework core, the profiles, and the implementation tiers. The framework core contains desired cybersecurity activities and outcomes organized into 23 categories that cover the breadth of cybersecurity objectives for an organization. The profiles contain an organization's unique alignment of their organizational requirements and objectives, risk appetite, and resources using the desired outcomes of the framework core. The implementation tiers describe the degree to which an organization’s cybersecurity risk management practices exhibit the characteristics defined in the framework core.;992275841864;us-west-2;2026-08-18 15:47:07.870888;sc_4;Suppliers and third-party partners are routinely assessed using audits, test results, or other forms of evaluations to confirm they are meeting their contractual obligations.;Identify (ID);Supply Chain Risk Management (ID.SC);;aws;;PASS;EC2 Instance i-0958fb219162a44d1 has IMDSv2 enabled and required.;arn:aws:ec2:us-west-2:992275841864:instance/i-0958fb219162a44d1;ec2_instance_imdsv2_enabled;False;i-0958fb219162a44d1;NIST-CSF;National Institute of Standards and Technology (NIST) Cybersecurity Framework (CSF) v1.1;
aws;The NIST Cybersecurity Framework (CSF) is supported by governments and industries worldwide as a recommended baseline for use by any organization, regardless of sector or size. The NIST Cybersecurity Framework consists of three primary components: the framework core, the profiles, and the implementation tiers. The framework core contains desired cybersecurity activities and outcomes organized into 23 categories that cover the breadth of cybersecurity objectives for an organization. The profiles contain an organization's unique alignment of their organizational requirements and objectives, risk appetite, and resources using the desired outcomes of the framework core. The implementation tiers describe the degree to which an organization’s cybersecurity risk management practices exhibit the characteristics defined in the framework core.;992275841864;us-west-2;2026-08-18 15:47:07.870888;am_1;Physical devices and systems within the organization are inventoried.;Identify (ID);Asset Management (ID.AM);;aws;;FAIL;EC2 Instance i-0958fb219162a44d1 is not managed by Systems Manager.;arn:aws:ec2:us-west-2:992275841864:instance/i-0958fb219162a44d1;ec2_instance_managed_by_ssm;False;i-0958fb219162a44d1;NIST-CSF;National Institute of Standards and Technology (NIST) Cybersecurity Framework (CSF) v1.1;
aws;The NIST Cybersecurity Framework (CSF) is supported by governments and industries worldwide as a recommended baseline for use by any organization, regardless of sector or size. The NIST Cybersecurity Framework consists of three primary components: the framework core, the profiles, and the implementation tiers. The framework core contains desired cybersecurity activities and outcomes organized into 23 categories that cover the breadth of cybersecurity objectives for an organization. The profiles contain an organization's unique alignment of their organizational requirements and objectives, risk appetite, and resources using the desired outcomes of the framework core. The implementation tiers describe the degree to which an organization’s cybersecurity risk management practices exhibit the characteristics defined in the framework core.;992275841864;us-west-2;2026-08-18 15:47:07.870888;am_2;Software platforms and applications within the organization are inventoried.;Identify (ID);Asset Management (ID.AM);;aws;;FAIL;EC2 Instance i-0958fb219162a44d1 is not managed by Systems Manager.;arn:aws:ec2:us-west-2:992275841864:instance/i-0958fb219162a44d1;ec2_instance_managed_by_ssm;False;i-0958fb219162a44d1;NIST-CSF;National Institute of Standards and Technology (NIST) Cybersecurity Framework (CSF) v1.1;
aws;The NIST Cybersecurity Framework (CSF) is supported by governments and industries worldwide as a recommended baseline for use by any organization, regardless of sector or size. The NIST Cybersecurity Framework consists of three primary components: the framework core, the profiles, and the implementation tiers. The framework core contains desired cybersecurity activities and outcomes organized into 23 categories that cover the breadth of cybersecurity objectives for an organization. The profiles contain an organization's unique alignment of their organizational requirements and objectives, risk appetite, and resources using the desired outcomes of the framework core. The implementation tiers describe the degree to which an organization’s cybersecurity risk management practices exhibit the characteristics defined in the framework core.;992275841864;us-west-2;2026-08-18 15:47:07.870888;ds_3;Assets are formally managed throughout removal, transfers, and disposition.;Protect (PR);Data Security (PR.DS);;aws;;FAIL;EC2 Instance i-0958fb219162a44d1 is not managed by Systems Manager.;arn:aws:ec2:us-west-2:992275841864:instance/i-0958fb219162a44d1;ec2_instance_managed_by_ssm;False;i-0958fb219162a44d1;NIST-CSF;National Institute of Standards and Technology (NIST) Cybersecurity Framework (CSF) v1.1;
aws;The NIST Cybersecurity Framework (CSF) is supported by governments and industries worldwide as a recommended baseline for use by any organization, regardless of sector or size. The NIST Cybersecurity Framework consists of three primary components: the framework core, the profiles, and the implementation tiers. The framework core contains desired cybersecurity activities and outcomes organized into 23 categories that cover the breadth of cybersecurity objectives for an organization. The profiles contain an organization's unique alignment of their organizational requirements and objectives, risk appetite, and resources using the desired outcomes of the framework core. The implementation tiers describe the degree to which an organization’s cybersecurity risk management practices exhibit the characteristics defined in the framework core.;992275841864;us-west-2;2026-08-18 15:47:07.870888;ds_7;The development and testing environment(s) are separate from the production environment.;Protect (PR);Data Security (PR.DS);;aws;;FAIL;EC2 Instance i-0958fb219162a44d1 is not managed by Systems Manager.;arn:aws:ec2:us-west-2:992275841864:instance/i-0958fb219162a44d1;ec2_instance_managed_by_ssm;False;i-0958fb219162a44d1;NIST-CSF;National Institute of Standards and Technology (NIST) Cybersecurity Framework (CSF) v1.1;
aws;The NIST Cybersecurity Framework (CSF) is supported by governments and industries worldwide as a recommended baseline for use by any organization, regardless of sector or size. The NIST Cybersecurity Framework consists of three primary components: the framework core, the profiles, and the implementation tiers. The framework core contains desired cybersecurity activities and outcomes organized into 23 categories that cover the breadth of cybersecurity objectives for an organization. The profiles contain an organization's unique alignment of their organizational requirements and objectives, risk appetite, and resources using the desired outcomes of the framework core. The implementation tiers describe the degree to which an organization’s cybersecurity risk management practices exhibit the characteristics defined in the framework core.;992275841864;us-west-2;2026-08-18 15:47:07.870888;ds_8;Integrity checking mechanisms are used to verify hardware integrity.;Protect (PR);Data Security (PR.DS);;aws;;FAIL;EC2 Instance i-0958fb219162a44d1 is not managed by Systems Manager.;arn:aws:ec2:us-west-2:992275841864:instance/i-0958fb219162a44d1;ec2_instance_managed_by_ssm;False;i-0958fb219162a44d1;NIST-CSF;National Institute of Standards and Technology (NIST) Cybersecurity Framework (CSF) v1.1;
aws;The NIST Cybersecurity Framework (CSF) is supported by governments and industries worldwide as a recommended baseline for use by any organization, regardless of sector or size. The NIST Cybersecurity Framework consists of three primary components: the framework core, the profiles, and the implementation tiers. The framework core contains desired cybersecurity activities and outcomes organized into 23 categories that cover the breadth of cybersecurity objectives for an organization. The profiles contain an organization's unique alignment of their organizational requirements and objectives, risk appetite, and resources using the desired outcomes of the framework core. The implementation tiers describe the degree to which an organization’s cybersecurity risk management practices exhibit the characteristics defined in the framework core.;992275841864;us-west-2;2026-08-18 15:47:07.870888;ip_1;A baseline configuration of information technology/industrial control systems is created and maintained incorporating security principles (e.g. concept of least functionality).;Protect (PR);Information Protection Processes and Procedures (PR.IP);;aws;;FAIL;EC2 Instance i-0958fb219162a44d1 is not managed by Systems Manager.;arn:aws:ec2:us-west-2:992275841864:instance/i-0958fb219162a44d1;ec2_instance_managed_by_ssm;False;i-0958fb219162a44d1;NIST-CSF;National Institute of Standards and Technology (NIST) Cybersecurity Framework (CSF) v1.1;
aws;The NIST Cybersecurity Framework (CSF) is supported by governments and industries worldwide as a recommended baseline for use by any organization, regardless of sector or size. The NIST Cybersecurity Framework consists of three primary components: the framework core, the profiles, and the implementation tiers. The framework core contains desired cybersecurity activities and outcomes organized into 23 categories that cover the breadth of cybersecurity objectives for an organization. The profiles contain an organization's unique alignment of their organizational requirements and objectives, risk appetite, and resources using the desired outcomes of the framework core. The implementation tiers describe the degree to which an organization’s cybersecurity risk management practices exhibit the characteristics defined in the framework core.;992275841864;us-west-2;2026-08-18 15:47:07.870888;ip_2;A System Development Life Cycle to manage systems is implemented.;Protect (PR);Information Protection Processes and Procedures (PR.IP);;aws;;FAIL;EC2 Instance i-0958fb219162a44d1 is not managed by Systems Manager.;arn:aws:ec2:us-west-2:992275841864:instance/i-0958fb219162a44d1;ec2_instance_managed_by_ssm;False;i-0958fb219162a44d1;NIST-CSF;National Institute of Standards and Technology (NIST) Cybersecurity Framework (CSF) v1.1;
aws;The NIST Cybersecurity Framework (CSF) is supported by governments and industries worldwide as a recommended baseline for use by any organization, regardless of sector or size. The NIST Cybersecurity Framework consists of three primary components: the framework core, the profiles, and the implementation tiers. The framework core contains desired cybersecurity activities and outcomes organized into 23 categories that cover the breadth of cybersecurity objectives for an organization. The profiles contain an organization's unique alignment of their organizational requirements and objectives, risk appetite, and resources using the desired outcomes of the framework core. The implementation tiers describe the degree to which an organization’s cybersecurity risk management practices exhibit the characteristics defined in the framework core.;992275841864;us-west-2;2026-08-18 15:47:07.870888;ip_12;A vulnerability management plan is developed and implemented.;Protect (PR);Information Protection Processes and Procedures (PR.IP);;aws;;FAIL;EC2 Instance i-0958fb219162a44d1 is not managed by Systems Manager.;arn:aws:ec2:us-west-2:992275841864:instance/i-0958fb219162a44d1;ec2_instance_managed_by_ssm;False;i-0958fb219162a44d1;NIST-CSF;National Institute of Standards and Technology (NIST) Cybersecurity Framework (CSF) v1.1;
aws;The NIST Cybersecurity Framework (CSF) is supported by governments and industries worldwide as a recommended baseline for use by any organization, regardless of sector or size. The NIST Cybersecurity Framework consists of three primary components: the framework core, the profiles, and the implementation tiers. The framework core contains desired cybersecurity activities and outcomes organized into 23 categories that cover the breadth of cybersecurity objectives for an organization. The profiles contain an organization's unique alignment of their organizational requirements and objectives, risk appetite, and resources using the desired outcomes of the framework core. The implementation tiers describe the degree to which an organization’s cybersecurity risk management practices exhibit the characteristics defined in the framework core.;992275841864;us-west-2;2026-08-18 15:47:07.870888;ds_7;The development and testing environment(s) are separate from the production environment.;Protect (PR);Data Security (PR.DS);;aws;;PASS;EC2 Instance i-0958fb219162a44d1 is not older than 180 days (-1 days).;arn:aws:ec2:us-west-2:992275841864:instance/i-0958fb219162a44d1;ec2_instance_older_than_specific_days;False;i-0958fb219162a44d1;NIST-CSF;National Institute of Standards and Technology (NIST) Cybersecurity Framework (CSF) v1.1;
aws;The NIST Cybersecurity Framework (CSF) is supported by governments and industries worldwide as a recommended baseline for use by any organization, regardless of sector or size. The NIST Cybersecurity Framework consists of three primary components: the framework core, the profiles, and the implementation tiers. The framework core contains desired cybersecurity activities and outcomes organized into 23 categories that cover the breadth of cybersecurity objectives for an organization. The profiles contain an organization's unique alignment of their organizational requirements and objectives, risk appetite, and resources using the desired outcomes of the framework core. The implementation tiers describe the degree to which an organization’s cybersecurity risk management practices exhibit the characteristics defined in the framework core.;992275841864;us-west-2;2026-08-18 15:47:07.870888;ip_1;A baseline configuration of information technology/industrial control systems is created and maintained incorporating security principles (e.g. concept of least functionality).;Protect (PR);Information Protection Processes and Procedures (PR.IP);;aws;;PASS;EC2 Instance i-0958fb219162a44d1 is not older than 180 days (-1 days).;arn:aws:ec2:us-west-2:992275841864:instance/i-0958fb219162a44d1;ec2_instance_older_than_specific_days;False;i-0958fb219162a44d1;NIST-CSF;National Institute of Standards and Technology (NIST) Cybersecurity Framework (CSF) v1.1;
aws;The NIST Cybersecurity Framework (CSF) is supported by governments and industries worldwide as a recommended baseline for use by any organization, regardless of sector or size. The NIST Cybersecurity Framework consists of three primary components: the framework core, the profiles, and the implementation tiers. The framework core contains desired cybersecurity activities and outcomes organized into 23 categories that cover the breadth of cybersecurity objectives for an organization. The profiles contain an organization's unique alignment of their organizational requirements and objectives, risk appetite, and resources using the desired outcomes of the framework core. The implementation tiers describe the degree to which an organization’s cybersecurity risk management practices exhibit the characteristics defined in the framework core.;992275841864;us-west-2;2026-08-18 15:47:07.870888;ac_3;Remote access is managed.;Protect (PR);Identity Management and Access Control (PR.AC);;aws;;FAIL;EC2 Instance i-0958fb219162a44d1 has a Public IP: 54.200.178.186 (ec2-54-200-178-186.us-west-2.compute.amazonaws.com).;arn:aws:ec2:us-west-2:992275841864:instance/i-0958fb219162a44d1;ec2_instance_public_ip;False;i-0958fb219162a44d1;NIST-CSF;National Institute of Standards and Technology (NIST) Cybersecurity Framework (CSF) v1.1;
aws;The NIST Cybersecurity Framework (CSF) is supported by governments and industries worldwide as a recommended baseline for use by any organization, regardless of sector or size. The NIST Cybersecurity Framework consists of three primary components: the framework core, the profiles, and the implementation tiers. The framework core contains desired cybersecurity activities and outcomes organized into 23 categories that cover the breadth of cybersecurity objectives for an organization. The profiles contain an organization's unique alignment of their organizational requirements and objectives, risk appetite, and resources using the desired outcomes of the framework core. The implementation tiers describe the degree to which an organization’s cybersecurity risk management practices exhibit the characteristics defined in the framework core.;992275841864;us-west-2;2026-08-18 15:47:07.870888;ac_5;Network integrity is protected (e.g., network segregation, network segmentation).;Protect (PR);Identity Management and Access Control (PR.AC);;aws;;FAIL;EC2 Instance i-0958fb219162a44d1 has a Public IP: 54.200.178.186 (ec2-54-200-178-186.us-west-2.compute.amazonaws.com).;arn:aws:ec2:us-west-2:992275841864:instance/i-0958fb219162a44d1;ec2_instance_public_ip;False;i-0958fb219162a44d1;NIST-CSF;National Institute of Standards and Technology (NIST) Cybersecurity Framework (CSF) v1.1;
aws;The NIST Cybersecurity Framework (CSF) is supported by governments and industries worldwide as a recommended baseline for use by any organization, regardless of sector or size. The NIST Cybersecurity Framework consists of three primary components: the framework core, the profiles, and the implementation tiers. The framework core contains desired cybersecurity activities and outcomes organized into 23 categories that cover the breadth of cybersecurity objectives for an organization. The profiles contain an organization's unique alignment of their organizational requirements and objectives, risk appetite, and resources using the desired outcomes of the framework core. The implementation tiers describe the degree to which an organization’s cybersecurity risk management practices exhibit the characteristics defined in the framework core.;992275841864;us-west-2;2026-08-18 15:47:07.870888;ip_8;Effectiveness of protection technologies is shared.;Protect (PR);Information Protection Processes and Procedures (PR.IP);;aws;;FAIL;EC2 Instance i-0958fb219162a44d1 has a Public IP: 54.200.178.186 (ec2-54-200-178-186.us-west-2.compute.amazonaws.com).;arn:aws:ec2:us-west-2:992275841864:instance/i-0958fb219162a44d1;ec2_instance_public_ip;False;i-0958fb219162a44d1;NIST-CSF;National Institute of Standards and Technology (NIST) Cybersecurity Framework (CSF) v1.1;
aws;The NIST Cybersecurity Framework (CSF) is supported by governments and industries worldwide as a recommended baseline for use by any organization, regardless of sector or size. The NIST Cybersecurity Framework consists of three primary components: the framework core, the profiles, and the implementation tiers. The framework core contains desired cybersecurity activities and outcomes organized into 23 categories that cover the breadth of cybersecurity objectives for an organization. The profiles contain an organization's unique alignment of their organizational requirements and objectives, risk appetite, and resources using the desired outcomes of the framework core. The implementation tiers describe the degree to which an organization’s cybersecurity risk management practices exhibit the characteristics defined in the framework core.;992275841864;us-west-2;2026-08-18 15:47:07.870888;ae_1;A baseline of network operations and expected data flows for users and systems is established and managed.;Detect (DE);Anomalies and Events (DE.AE);;aws;;FAIL;Network ACL acl-0dfdb51f94f1455f7 has every port open to the Internet.;arn:aws:ec2:us-west-2:992275841864:network-acl/acl-0dfdb51f94f1455f7;ec2_networkacl_allow_ingress_any_port;False;acl-0dfdb51f94f1455f7;NIST-CSF;National Institute of Standards and Technology (NIST) Cybersecurity Framework (CSF) v1.1;
aws;The NIST Cybersecurity Framework (CSF) is supported by governments and industries worldwide as a recommended baseline for use by any organization, regardless of sector or size. The NIST Cybersecurity Framework consists of three primary components: the framework core, the profiles, and the implementation tiers. The framework core contains desired cybersecurity activities and outcomes organized into 23 categories that cover the breadth of cybersecurity objectives for an organization. The profiles contain an organization's unique alignment of their organizational requirements and objectives, risk appetite, and resources using the desired outcomes of the framework core. The implementation tiers describe the degree to which an organization’s cybersecurity risk management practices exhibit the characteristics defined in the framework core.;992275841864;us-west-2;2026-08-18 15:47:07.870888;ac_3;Remote access is managed.;Protect (PR);Identity Management and Access Control (PR.AC);;aws;;FAIL;Network ACL acl-0dfdb51f94f1455f7 has every port open to the Internet.;arn:aws:ec2:us-west-2:992275841864:network-acl/acl-0dfdb51f94f1455f7;ec2_networkacl_allow_ingress_any_port;False;acl-0dfdb51f94f1455f7;NIST-CSF;National Institute of Standards and Technology (NIST) Cybersecurity Framework (CSF) v1.1;
aws;The NIST Cybersecurity Framework (CSF) is supported by governments and industries worldwide as a recommended baseline for use by any organization, regardless of sector or size. The NIST Cybersecurity Framework consists of three primary components: the framework core, the profiles, and the implementation tiers. The framework core contains desired cybersecurity activities and outcomes organized into 23 categories that cover the breadth of cybersecurity objectives for an organization. The profiles contain an organization's unique alignment of their organizational requirements and objectives, risk appetite, and resources using the desired outcomes of the framework core. The implementation tiers describe the degree to which an organization’s cybersecurity risk management practices exhibit the characteristics defined in the framework core.;992275841864;us-west-2;2026-08-18 15:47:07.870888;ac_5;Network integrity is protected (e.g., network segregation, network segmentation).;Protect (PR);Identity Management and Access Control (PR.AC);;aws;;FAIL;Network ACL acl-0dfdb51f94f1455f7 has every port open to the Internet.;arn:aws:ec2:us-west-2:992275841864:network-acl/acl-0dfdb51f94f1455f7;ec2_networkacl_allow_ingress_any_port;False;acl-0dfdb51f94f1455f7;NIST-CSF;National Institute of Standards and Technology (NIST) Cybersecurity Framework (CSF) v1.1;
aws;The NIST Cybersecurity Framework (CSF) is supported by governments and industries worldwide as a recommended baseline for use by any organization, regardless of sector or size. The NIST Cybersecurity Framework consists of three primary components: the framework core, the profiles, and the implementation tiers. The framework core contains desired cybersecurity activities and outcomes organized into 23 categories that cover the breadth of cybersecurity objectives for an organization. The profiles contain an organization's unique alignment of their organizational requirements and objectives, risk appetite, and resources using the desired outcomes of the framework core. The implementation tiers describe the degree to which an organization’s cybersecurity risk management practices exhibit the characteristics defined in the framework core.;992275841864;us-west-2;2026-08-18 15:47:07.870888;pt_4;Communications and control networks are protected.;Protect (PR);Protective Technology (PR.PT);;aws;;FAIL;Network ACL acl-0dfdb51f94f1455f7 has every port open to the Internet.;arn:aws:ec2:us-west-2:992275841864:network-acl/acl-0dfdb51f94f1455f7;ec2_networkacl_allow_ingress_any_port;False;acl-0dfdb51f94f1455f7;NIST-CSF;National Institute of Standards and Technology (NIST) Cybersecurity Framework (CSF) v1.1;
aws;The NIST Cybersecurity Framework (CSF) is supported by governments and industries worldwide as a recommended baseline for use by any organization, regardless of sector or size. The NIST Cybersecurity Framework consists of three primary components: the framework core, the profiles, and the implementation tiers. The framework core contains desired cybersecurity activities and outcomes organized into 23 categories that cover the breadth of cybersecurity objectives for an organization. The profiles contain an organization's unique alignment of their organizational requirements and objectives, risk appetite, and resources using the desired outcomes of the framework core. The implementation tiers describe the degree to which an organization’s cybersecurity risk management practices exhibit the characteristics defined in the framework core.;992275841864;us-west-2;2026-08-18 15:47:07.870888;ae_1;A baseline of network operations and expected data flows for users and systems is established and managed.;Detect (DE);Anomalies and Events (DE.AE);;aws;;FAIL;Security group prowler-demo-no-ssh20260818223457969500000001 (sg-07f0313c121d1138a) has SSH port 22 open to the Internet.;arn:aws:ec2:us-west-2:992275841864:security-group/sg-07f0313c121d1138a;ec2_securitygroup_allow_ingress_from_internet_to_tcp_port_22;False;sg-07f0313c121d1138a;NIST-CSF;National Institute of Standards and Technology (NIST) Cybersecurity Framework (CSF) v1.1;
aws;The NIST Cybersecurity Framework (CSF) is supported by governments and industries worldwide as a recommended baseline for use by any organization, regardless of sector or size. The NIST Cybersecurity Framework consists of three primary components: the framework core, the profiles, and the implementation tiers. The framework core contains desired cybersecurity activities and outcomes organized into 23 categories that cover the breadth of cybersecurity objectives for an organization. The profiles contain an organization's unique alignment of their organizational requirements and objectives, risk appetite, and resources using the desired outcomes of the framework core. The implementation tiers describe the degree to which an organization’s cybersecurity risk management practices exhibit the characteristics defined in the framework core.;992275841864;us-west-2;2026-08-18 15:47:07.870888;ac_3;Remote access is managed.;Protect (PR);Identity Management and Access Control (PR.AC);;aws;;FAIL;Security group prowler-demo-no-ssh20260818223457969500000001 (sg-07f0313c121d1138a) has SSH port 22 open to the Internet.;arn:aws:ec2:us-west-2:992275841864:security-group/sg-07f0313c121d1138a;ec2_securitygroup_allow_ingress_from_internet_to_tcp_port_22;False;sg-07f0313c121d1138a;NIST-CSF;National Institute of Standards and Technology (NIST) Cybersecurity Framework (CSF) v1.1;
aws;The NIST Cybersecurity Framework (CSF) is supported by governments and industries worldwide as a recommended baseline for use by any organization, regardless of sector or size. The NIST Cybersecurity Framework consists of three primary components: the framework core, the profiles, and the implementation tiers. The framework core contains desired cybersecurity activities and outcomes organized into 23 categories that cover the breadth of cybersecurity objectives for an organization. The profiles contain an organization's unique alignment of their organizational requirements and objectives, risk appetite, and resources using the desired outcomes of the framework core. The implementation tiers describe the degree to which an organization’s cybersecurity risk management practices exhibit the characteristics defined in the framework core.;992275841864;us-west-2;2026-08-18 15:47:07.870888;ac_5;Network integrity is protected (e.g., network segregation, network segmentation).;Protect (PR);Identity Management and Access Control (PR.AC);;aws;;FAIL;Security group prowler-demo-no-ssh20260818223457969500000001 (sg-07f0313c121d1138a) has SSH port 22 open to the Internet.;arn:aws:ec2:us-west-2:992275841864:security-group/sg-07f0313c121d1138a;ec2_securitygroup_allow_ingress_from_internet_to_tcp_port_22;False;sg-07f0313c121d1138a;NIST-CSF;National Institute of Standards and Technology (NIST) Cybersecurity Framework (CSF) v1.1;
aws;The NIST Cybersecurity Framework (CSF) is supported by governments and industries worldwide as a recommended baseline for use by any organization, regardless of sector or size. The NIST Cybersecurity Framework consists of three primary components: the framework core, the profiles, and the implementation tiers. The framework core contains desired cybersecurity activities and outcomes organized into 23 categories that cover the breadth of cybersecurity objectives for an organization. The profiles contain an organization's unique alignment of their organizational requirements and objectives, risk appetite, and resources using the desired outcomes of the framework core. The implementation tiers describe the degree to which an organization’s cybersecurity risk management practices exhibit the characteristics defined in the framework core.;992275841864;us-west-2;2026-08-18 15:47:07.870888;ds_7;The development and testing environment(s) are separate from the production environment.;Protect (PR);Data Security (PR.DS);;aws;;FAIL;Security group prowler-demo-no-ssh20260818223457969500000001 (sg-07f0313c121d1138a) has SSH port 22 open to the Internet.;arn:aws:ec2:us-west-2:992275841864:security-group/sg-07f0313c121d1138a;ec2_securitygroup_allow_ingress_from_internet_to_tcp_port_22;False;sg-07f0313c121d1138a;NIST-CSF;National Institute of Standards and Technology (NIST) Cybersecurity Framework (CSF) v1.1;
aws;The NIST Cybersecurity Framework (CSF) is supported by governments and industries worldwide as a recommended baseline for use by any organization, regardless of sector or size. The NIST Cybersecurity Framework consists of three primary components: the framework core, the profiles, and the implementation tiers. The framework core contains desired cybersecurity activities and outcomes organized into 23 categories that cover the breadth of cybersecurity objectives for an organization. The profiles contain an organization's unique alignment of their organizational requirements and objectives, risk appetite, and resources using the desired outcomes of the framework core. The implementation tiers describe the degree to which an organization’s cybersecurity risk management practices exhibit the characteristics defined in the framework core.;992275841864;us-west-2;2026-08-18 15:47:07.870888;pt_4;Communications and control networks are protected.;Protect (PR);Protective Technology (PR.PT);;aws;;FAIL;Security group prowler-demo-no-ssh20260818223457969500000001 (sg-07f0313c121d1138a) has SSH port 22 open to the Internet.;arn:aws:ec2:us-west-2:992275841864:security-group/sg-07f0313c121d1138a;ec2_securitygroup_allow_ingress_from_internet_to_tcp_port_22;False;sg-07f0313c121d1138a;NIST-CSF;National Institute of Standards and Technology (NIST) Cybersecurity Framework (CSF) v1.1;
aws;The NIST Cybersecurity Framework (CSF) is supported by governments and industries worldwide as a recommended baseline for use by any organization, regardless of sector or size. The NIST Cybersecurity Framework consists of three primary components: the framework core, the profiles, and the implementation tiers. The framework core contains desired cybersecurity activities and outcomes organized into 23 categories that cover the breadth of cybersecurity objectives for an organization. The profiles contain an organization's unique alignment of their organizational requirements and objectives, risk appetite, and resources using the desired outcomes of the framework core. The implementation tiers describe the degree to which an organization’s cybersecurity risk management practices exhibit the characteristics defined in the framework core.;992275841864;us-west-2;2026-08-18 15:47:07.870888;ae_2;Detected events are analyzed to understand attack targets and methods.;Detect (DE);Anomalies and Events (DE.AE);;aws;;FAIL;GuardDuty is not enabled.;arn:aws:guardduty:us-west-2:992275841864:detector/unknown;guardduty_is_enabled;False;detector/unknown;NIST-CSF;National Institute of Standards and Technology (NIST) Cybersecurity Framework (CSF) v1.1;
aws;The NIST Cybersecurity Framework (CSF) is supported by governments and industries worldwide as a recommended baseline for use by any organization, regardless of sector or size. The NIST Cybersecurity Framework consists of three primary components: the framework core, the profiles, and the implementation tiers. The framework core contains desired cybersecurity activities and outcomes organized into 23 categories that cover the breadth of cybersecurity objectives for an organization. The profiles contain an organization's unique alignment of their organizational requirements and objectives, risk appetite, and resources using the desired outcomes of the framework core. The implementation tiers describe the degree to which an organization’s cybersecurity risk management practices exhibit the characteristics defined in the framework core.;992275841864;us-west-2;2026-08-18 15:47:07.870888;ae_4;Impact of events is determined.;Detect (DE);Anomalies and Events (DE.AE);;aws;;FAIL;GuardDuty is not enabled.;arn:aws:guardduty:us-west-2:992275841864:detector/unknown;guardduty_is_enabled;False;detector/unknown;NIST-CSF;National Institute of Standards and Technology (NIST) Cybersecurity Framework (CSF) v1.1;
aws;The NIST Cybersecurity Framework (CSF) is supported by governments and industries worldwide as a recommended baseline for use by any organization, regardless of sector or size. The NIST Cybersecurity Framework consists of three primary components: the framework core, the profiles, and the implementation tiers. The framework core contains desired cybersecurity activities and outcomes organized into 23 categories that cover the breadth of cybersecurity objectives for an organization. The profiles contain an organization's unique alignment of their organizational requirements and objectives, risk appetite, and resources using the desired outcomes of the framework core. The implementation tiers describe the degree to which an organization’s cybersecurity risk management practices exhibit the characteristics defined in the framework core.;992275841864;us-west-2;2026-08-18 15:47:07.870888;cm_1;The network is monitored to detect potential cybersecurity events.;Detect (DE);Security Continuous Monitoring (DE.CM);;aws;;FAIL;GuardDuty is not enabled.;arn:aws:guardduty:us-west-2:992275841864:detector/unknown;guardduty_is_enabled;False;detector/unknown;NIST-CSF;National Institute of Standards and Technology (NIST) Cybersecurity Framework (CSF) v1.1;
aws;The NIST Cybersecurity Framework (CSF) is supported by governments and industries worldwide as a recommended baseline for use by any organization, regardless of sector or size. The NIST Cybersecurity Framework consists of three primary components: the framework core, the profiles, and the implementation tiers. The framework core contains desired cybersecurity activities and outcomes organized into 23 categories that cover the breadth of cybersecurity objectives for an organization. The profiles contain an organization's unique alignment of their organizational requirements and objectives, risk appetite, and resources using the desired outcomes of the framework core. The implementation tiers describe the degree to which an organization’s cybersecurity risk management practices exhibit the characteristics defined in the framework core.;992275841864;us-west-2;2026-08-18 15:47:07.870888;cm_2;The physical environment is monitored to detect potential cybersecurity events.;Detect (DE);Security Continuous Monitoring (DE.CM);;aws;;FAIL;GuardDuty is not enabled.;arn:aws:guardduty:us-west-2:992275841864:detector/unknown;guardduty_is_enabled;False;detector/unknown;NIST-CSF;National Institute of Standards and Technology (NIST) Cybersecurity Framework (CSF) v1.1;
aws;The NIST Cybersecurity Framework (CSF) is supported by governments and industries worldwide as a recommended baseline for use by any organization, regardless of sector or size. The NIST Cybersecurity Framework consists of three primary components: the framework core, the profiles, and the implementation tiers. The framework core contains desired cybersecurity activities and outcomes organized into 23 categories that cover the breadth of cybersecurity objectives for an organization. The profiles contain an organization's unique alignment of their organizational requirements and objectives, risk appetite, and resources using the desired outcomes of the framework core. The implementation tiers describe the degree to which an organization’s cybersecurity risk management practices exhibit the characteristics defined in the framework core.;992275841864;us-west-2;2026-08-18 15:47:07.870888;cm_3;Personnel activity is monitored to detect potential cybersecurity events.;Detect (DE);Security Continuous Monitoring (DE.CM);;aws;;FAIL;GuardDuty is not enabled.;arn:aws:guardduty:us-west-2:992275841864:detector/unknown;guardduty_is_enabled;False;detector/unknown;NIST-CSF;National Institute of Standards and Technology (NIST) Cybersecurity Framework (CSF) v1.1;
aws;The NIST Cybersecurity Framework (CSF) is supported by governments and industries worldwide as a recommended baseline for use by any organization, regardless of sector or size. The NIST Cybersecurity Framework consists of three primary components: the framework core, the profiles, and the implementation tiers. The framework core contains desired cybersecurity activities and outcomes organized into 23 categories that cover the breadth of cybersecurity objectives for an organization. The profiles contain an organization's unique alignment of their organizational requirements and objectives, risk appetite, and resources using the desired outcomes of the framework core. The implementation tiers describe the degree to which an organization’s cybersecurity risk management practices exhibit the characteristics defined in the framework core.;992275841864;us-west-2;2026-08-18 15:47:07.870888;cm_4;Malicious code is detected.;Detect (DE);Security Continuous Monitoring (DE.CM);;aws;;FAIL;GuardDuty is not enabled.;arn:aws:guardduty:us-west-2:992275841864:detector/unknown;guardduty_is_enabled;False;detector/unknown;NIST-CSF;National Institute of Standards and Technology (NIST) Cybersecurity Framework (CSF) v1.1;
aws;The NIST Cybersecurity Framework (CSF) is supported by governments and industries worldwide as a recommended baseline for use by any organization, regardless of sector or size. The NIST Cybersecurity Framework consists of three primary components: the framework core, the profiles, and the implementation tiers. The framework core contains desired cybersecurity activities and outcomes organized into 23 categories that cover the breadth of cybersecurity objectives for an organization. The profiles contain an organization's unique alignment of their organizational requirements and objectives, risk appetite, and resources using the desired outcomes of the framework core. The implementation tiers describe the degree to which an organization’s cybersecurity risk management practices exhibit the characteristics defined in the framework core.;992275841864;us-west-2;2026-08-18 15:47:07.870888;cm_5;Unauthorized mobile code is detected.;Detect (DE);Security Continuous Monitoring (DE.CM);;aws;;FAIL;GuardDuty is not enabled.;arn:aws:guardduty:us-west-2:992275841864:detector/unknown;guardduty_is_enabled;False;detector/unknown;NIST-CSF;National Institute of Standards and Technology (NIST) Cybersecurity Framework (CSF) v1.1;
aws;The NIST Cybersecurity Framework (CSF) is supported by governments and industries worldwide as a recommended baseline for use by any organization, regardless of sector or size. The NIST Cybersecurity Framework consists of three primary components: the framework core, the profiles, and the implementation tiers. The framework core contains desired cybersecurity activities and outcomes organized into 23 categories that cover the breadth of cybersecurity objectives for an organization. The profiles contain an organization's unique alignment of their organizational requirements and objectives, risk appetite, and resources using the desired outcomes of the framework core. The implementation tiers describe the degree to which an organization’s cybersecurity risk management practices exhibit the characteristics defined in the framework core.;992275841864;us-west-2;2026-08-18 15:47:07.870888;cm_6;External service provider activity is monitored to detect potential cybersecurity events.;Detect (DE);Security Continuous Monitoring (DE.CM);;aws;;FAIL;GuardDuty is not enabled.;arn:aws:guardduty:us-west-2:992275841864:detector/unknown;guardduty_is_enabled;False;detector/unknown;NIST-CSF;National Institute of Standards and Technology (NIST) Cybersecurity Framework (CSF) v1.1;
aws;The NIST Cybersecurity Framework (CSF) is supported by governments and industries worldwide as a recommended baseline for use by any organization, regardless of sector or size. The NIST Cybersecurity Framework consists of three primary components: the framework core, the profiles, and the implementation tiers. The framework core contains desired cybersecurity activities and outcomes organized into 23 categories that cover the breadth of cybersecurity objectives for an organization. The profiles contain an organization's unique alignment of their organizational requirements and objectives, risk appetite, and resources using the desired outcomes of the framework core. The implementation tiers describe the degree to which an organization’s cybersecurity risk management practices exhibit the characteristics defined in the framework core.;992275841864;us-west-2;2026-08-18 15:47:07.870888;cm_7;Monitoring for unauthorized personnel, connections, devices, and software is performed.;Detect (DE);Security Continuous Monitoring (DE.CM);;aws;;FAIL;GuardDuty is not enabled.;arn:aws:guardduty:us-west-2:992275841864:detector/unknown;guardduty_is_enabled;False;detector/unknown;NIST-CSF;National Institute of Standards and Technology (NIST) Cybersecurity Framework (CSF) v1.1;
aws;The NIST Cybersecurity Framework (CSF) is supported by governments and industries worldwide as a recommended baseline for use by any organization, regardless of sector or size. The NIST Cybersecurity Framework consists of three primary components: the framework core, the profiles, and the implementation tiers. The framework core contains desired cybersecurity activities and outcomes organized into 23 categories that cover the breadth of cybersecurity objectives for an organization. The profiles contain an organization's unique alignment of their organizational requirements and objectives, risk appetite, and resources using the desired outcomes of the framework core. The implementation tiers describe the degree to which an organization’s cybersecurity risk management practices exhibit the characteristics defined in the framework core.;992275841864;us-west-2;2026-08-18 15:47:07.870888;cp_4;Event detection information is communicated.;Detect (DE);Detection Processes (DE.DP);;aws;;FAIL;GuardDuty is not enabled.;arn:aws:guardduty:us-west-2:992275841864:detector/unknown;guardduty_is_enabled;False;detector/unknown;NIST-CSF;National Institute of Standards and Technology (NIST) Cybersecurity Framework (CSF) v1.1;
aws;The NIST Cybersecurity Framework (CSF) is supported by governments and industries worldwide as a recommended baseline for use by any organization, regardless of sector or size. The NIST Cybersecurity Framework consists of three primary components: the framework core, the profiles, and the implementation tiers. The framework core contains desired cybersecurity activities and outcomes organized into 23 categories that cover the breadth of cybersecurity objectives for an organization. The profiles contain an organization's unique alignment of their organizational requirements and objectives, risk appetite, and resources using the desired outcomes of the framework core. The implementation tiers describe the degree to which an organization’s cybersecurity risk management practices exhibit the characteristics defined in the framework core.;992275841864;us-west-2;2026-08-18 15:47:07.870888;ra_1;Asset vulnerabilities are identified and documented.;Identify (ID);Risk Assessment (ID.RA);;aws;;FAIL;GuardDuty is not enabled.;arn:aws:guardduty:us-west-2:992275841864:detector/unknown;guardduty_is_enabled;False;detector/unknown;NIST-CSF;National Institute of Standards and Technology (NIST) Cybersecurity Framework (CSF) v1.1;
aws;The NIST Cybersecurity Framework (CSF) is supported by governments and industries worldwide as a recommended baseline for use by any organization, regardless of sector or size. The NIST Cybersecurity Framework consists of three primary components: the framework core, the profiles, and the implementation tiers. The framework core contains desired cybersecurity activities and outcomes organized into 23 categories that cover the breadth of cybersecurity objectives for an organization. The profiles contain an organization's unique alignment of their organizational requirements and objectives, risk appetite, and resources using the desired outcomes of the framework core. The implementation tiers describe the degree to which an organization’s cybersecurity risk management practices exhibit the characteristics defined in the framework core.;992275841864;us-west-2;2026-08-18 15:47:07.870888;ra_2;Cyber threat intelligence is received from information sharing forums and sources.;Identify (ID);Risk Assessment (ID.RA);;aws;;FAIL;GuardDuty is not enabled.;arn:aws:guardduty:us-west-2:992275841864:detector/unknown;guardduty_is_enabled;False;detector/unknown;NIST-CSF;National Institute of Standards and Technology (NIST) Cybersecurity Framework (CSF) v1.1;
aws;The NIST Cybersecurity Framework (CSF) is supported by governments and industries worldwide as a recommended baseline for use by any organization, regardless of sector or size. The NIST Cybersecurity Framework consists of three primary components: the framework core, the profiles, and the implementation tiers. The framework core contains desired cybersecurity activities and outcomes organized into 23 categories that cover the breadth of cybersecurity objectives for an organization. The profiles contain an organization's unique alignment of their organizational requirements and objectives, risk appetite, and resources using the desired outcomes of the framework core. The implementation tiers describe the degree to which an organization’s cybersecurity risk management practices exhibit the characteristics defined in the framework core.;992275841864;us-west-2;2026-08-18 15:47:07.870888;ra_3;Threats, both internal and external, are identified and documented.;Identify (ID);Risk Assessment (ID.RA);;aws;;FAIL;GuardDuty is not enabled.;arn:aws:guardduty:us-west-2:992275841864:detector/unknown;guardduty_is_enabled;False;detector/unknown;NIST-CSF;National Institute of Standards and Technology (NIST) Cybersecurity Framework (CSF) v1.1;
aws;The NIST Cybersecurity Framework (CSF) is supported by governments and industries worldwide as a recommended baseline for use by any organization, regardless of sector or size. The NIST Cybersecurity Framework consists of three primary components: the framework core, the profiles, and the implementation tiers. The framework core contains desired cybersecurity activities and outcomes organized into 23 categories that cover the breadth of cybersecurity objectives for an organization. The profiles contain an organization's unique alignment of their organizational requirements and objectives, risk appetite, and resources using the desired outcomes of the framework core. The implementation tiers describe the degree to which an organization’s cybersecurity risk management practices exhibit the characteristics defined in the framework core.;992275841864;us-west-2;2026-08-18 15:47:07.870888;ra_5;Threats, vulnerabilities, likelihoods, and impacts are used to determine risk.;Identify (ID);Risk Assessment (ID.RA);;aws;;FAIL;GuardDuty is not enabled.;arn:aws:guardduty:us-west-2:992275841864:detector/unknown;guardduty_is_enabled;False;detector/unknown;NIST-CSF;National Institute of Standards and Technology (NIST) Cybersecurity Framework (CSF) v1.1;
aws;The NIST Cybersecurity Framework (CSF) is supported by governments and industries worldwide as a recommended baseline for use by any organization, regardless of sector or size. The NIST Cybersecurity Framework consists of three primary components: the framework core, the profiles, and the implementation tiers. The framework core contains desired cybersecurity activities and outcomes organized into 23 categories that cover the breadth of cybersecurity objectives for an organization. The profiles contain an organization's unique alignment of their organizational requirements and objectives, risk appetite, and resources using the desired outcomes of the framework core. The implementation tiers describe the degree to which an organization’s cybersecurity risk management practices exhibit the characteristics defined in the framework core.;992275841864;us-west-2;2026-08-18 15:47:07.870888;sc_4;Suppliers and third-party partners are routinely assessed using audits, test results, or other forms of evaluations to confirm they are meeting their contractual obligations.;Identify (ID);Supply Chain Risk Management (ID.SC);;aws;;FAIL;GuardDuty is not enabled.;arn:aws:guardduty:us-west-2:992275841864:detector/unknown;guardduty_is_enabled;False;detector/unknown;NIST-CSF;National Institute of Standards and Technology (NIST) Cybersecurity Framework (CSF) v1.1;
aws;The NIST Cybersecurity Framework (CSF) is supported by governments and industries worldwide as a recommended baseline for use by any organization, regardless of sector or size. The NIST Cybersecurity Framework consists of three primary components: the framework core, the profiles, and the implementation tiers. The framework core contains desired cybersecurity activities and outcomes organized into 23 categories that cover the breadth of cybersecurity objectives for an organization. The profiles contain an organization's unique alignment of their organizational requirements and objectives, risk appetite, and resources using the desired outcomes of the framework core. The implementation tiers describe the degree to which an organization’s cybersecurity risk management practices exhibit the characteristics defined in the framework core.;992275841864;us-west-2;2026-08-18 15:47:07.870888;ds_5;Protections against data leaks are implemented.;Protect (PR);Data Security (PR.DS);;aws;;FAIL;GuardDuty is not enabled.;arn:aws:guardduty:us-west-2:992275841864:detector/unknown;guardduty_is_enabled;False;detector/unknown;NIST-CSF;National Institute of Standards and Technology (NIST) Cybersecurity Framework (CSF) v1.1;
aws;The NIST Cybersecurity Framework (CSF) is supported by governments and industries worldwide as a recommended baseline for use by any organization, regardless of sector or size. The NIST Cybersecurity Framework consists of three primary components: the framework core, the profiles, and the implementation tiers. The framework core contains desired cybersecurity activities and outcomes organized into 23 categories that cover the breadth of cybersecurity objectives for an organization. The profiles contain an organization's unique alignment of their organizational requirements and objectives, risk appetite, and resources using the desired outcomes of the framework core. The implementation tiers describe the degree to which an organization’s cybersecurity risk management practices exhibit the characteristics defined in the framework core.;992275841864;us-west-2;2026-08-18 15:47:07.870888;ac_1;Identities and credentials are issued, managed, verified, revoked, and audited for authorized devices, users and processes.;Protect (PR);Identity Management and Access Control (PR.AC);;aws;;PASS;AWS policy AWSSSOServiceRolePolicy is attached but does not allow '*:*' administrative privileges.;arn:aws:iam::aws:policy/aws-service-role/AWSSSOServiceRolePolicy;iam_aws_attached_policy_no_administrative_privileges;False;AWSSSOServiceRolePolicy;NIST-CSF;National Institute of Standards and Technology (NIST) Cybersecurity Framework (CSF) v1.1;
aws;The NIST Cybersecurity Framework (CSF) is supported by governments and industries worldwide as a recommended baseline for use by any organization, regardless of sector or size. The NIST Cybersecurity Framework consists of three primary components: the framework core, the profiles, and the implementation tiers. The framework core contains desired cybersecurity activities and outcomes organized into 23 categories that cover the breadth of cybersecurity objectives for an organization. The profiles contain an organization's unique alignment of their organizational requirements and objectives, risk appetite, and resources using the desired outcomes of the framework core. The implementation tiers describe the degree to which an organization’s cybersecurity risk management practices exhibit the characteristics defined in the framework core.;992275841864;us-west-2;2026-08-18 15:47:07.870888;ac_4;Access permissions and authorizations are managed, incorporating the principles of least privilege and separation of duties.;Protect (PR);Identity Management and Access Control (PR.AC);;aws;;PASS;AWS policy AWSSSOServiceRolePolicy is attached but does not allow '*:*' administrative privileges.;arn:aws:iam::aws:policy/aws-service-role/AWSSSOServiceRolePolicy;iam_aws_attached_policy_no_administrative_privileges;False;AWSSSOServiceRolePolicy;NIST-CSF;National Institute of Standards and Technology (NIST) Cybersecurity Framework (CSF) v1.1;
aws;The NIST Cybersecurity Framework (CSF) is supported by governments and industries worldwide as a recommended baseline for use by any organization, regardless of sector or size. The NIST Cybersecurity Framework consists of three primary components: the framework core, the profiles, and the implementation tiers. The framework core contains desired cybersecurity activities and outcomes organized into 23 categories that cover the breadth of cybersecurity objectives for an organization. The profiles contain an organization's unique alignment of their organizational requirements and objectives, risk appetite, and resources using the desired outcomes of the framework core. The implementation tiers describe the degree to which an organization’s cybersecurity risk management practices exhibit the characteristics defined in the framework core.;992275841864;us-west-2;2026-08-18 15:47:07.870888;pt_3;The principle of least functionality is incorporated by configuring systems to provide only essential capabilities.;Protect (PR);Protective Technology (PR.PT);;aws;;PASS;AWS policy AWSSSOServiceRolePolicy is attached but does not allow '*:*' administrative privileges.;arn:aws:iam::aws:policy/aws-service-role/AWSSSOServiceRolePolicy;iam_aws_attached_policy_no_administrative_privileges;False;AWSSSOServiceRolePolicy;NIST-CSF;National Institute of Standards and Technology (NIST) Cybersecurity Framework (CSF) v1.1;
aws;The NIST Cybersecurity Framework (CSF) is supported by governments and industries worldwide as a recommended baseline for use by any organization, regardless of sector or size. The NIST Cybersecurity Framework consists of three primary components: the framework core, the profiles, and the implementation tiers. The framework core contains desired cybersecurity activities and outcomes organized into 23 categories that cover the breadth of cybersecurity objectives for an organization. The profiles contain an organization's unique alignment of their organizational requirements and objectives, risk appetite, and resources using the desired outcomes of the framework core. The implementation tiers describe the degree to which an organization’s cybersecurity risk management practices exhibit the characteristics defined in the framework core.;992275841864;us-west-2;2026-08-18 15:47:07.870888;ac_1;Identities and credentials are issued, managed, verified, revoked, and audited for authorized devices, users and processes.;Protect (PR);Identity Management and Access Control (PR.AC);;aws;;PASS;AWS policy AWSOrganizationsServiceTrustPolicy is attached but does not allow '*:*' administrative privileges.;arn:aws:iam::aws:policy/aws-service-role/AWSOrganizationsServiceTrustPolicy;iam_aws_attached_policy_no_administrative_privileges;False;AWSOrganizationsServiceTrustPolicy;NIST-CSF;National Institute of Standards and Technology (NIST) Cybersecurity Framework (CSF) v1.1;
aws;The NIST Cybersecurity Framework (CSF) is supported by governments and industries worldwide as a recommended baseline for use by any organization, regardless of sector or size. The NIST Cybersecurity Framework consists of three primary components: the framework core, the profiles, and the implementation tiers. The framework core contains desired cybersecurity activities and outcomes organized into 23 categories that cover the breadth of cybersecurity objectives for an organization. The profiles contain an organization's unique alignment of their organizational requirements and objectives, risk appetite, and resources using the desired outcomes of the framework core. The implementation tiers describe the degree to which an organization’s cybersecurity risk management practices exhibit the characteristics defined in the framework core.;992275841864;us-west-2;2026-08-18 15:47:07.870888;ac_4;Access permissions and authorizations are managed, incorporating the principles of least privilege and separation of duties.;Protect (PR);Identity Management and Access Control (PR.AC);;aws;;PASS;AWS policy AWSOrganizationsServiceTrustPolicy is attached but does not allow '*:*' administrative privileges.;arn:aws:iam::aws:policy/aws-service-role/AWSOrganizationsServiceTrustPolicy;iam_aws_attached_policy_no_administrative_privileges;False;AWSOrganizationsServiceTrustPolicy;NIST-CSF;National Institute of Standards and Technology (NIST) Cybersecurity Framework (CSF) v1.1;
aws;The NIST Cybersecurity Framework (CSF) is supported by governments and industries worldwide as a recommended baseline for use by any organization, regardless of sector or size. The NIST Cybersecurity Framework consists of three primary components: the framework core, the profiles, and the implementation tiers. The framework core contains desired cybersecurity activities and outcomes organized into 23 categories that cover the breadth of cybersecurity objectives for an organization. The profiles contain an organization's unique alignment of their organizational requirements and objectives, risk appetite, and resources using the desired outcomes of the framework core. The implementation tiers describe the degree to which an organization’s cybersecurity risk management practices exhibit the characteristics defined in the framework core.;992275841864;us-west-2;2026-08-18 15:47:07.870888;pt_3;The principle of least functionality is incorporated by configuring systems to provide only essential capabilities.;Protect (PR);Protective Technology (PR.PT);;aws;;PASS;AWS policy AWSOrganizationsServiceTrustPolicy is attached but does not allow '*:*' administrative privileges.;arn:aws:iam::aws:policy/aws-service-role/AWSOrganizationsServiceTrustPolicy;iam_aws_attached_policy_no_administrative_privileges;False;AWSOrganizationsServiceTrustPolicy;NIST-CSF;National Institute of Standards and Technology (NIST) Cybersecurity Framework (CSF) v1.1;
aws;The NIST Cybersecurity Framework (CSF) is supported by governments and industries worldwide as a recommended baseline for use by any organization, regardless of sector or size. The NIST Cybersecurity Framework consists of three primary components: the framework core, the profiles, and the implementation tiers. The framework core contains desired cybersecurity activities and outcomes organized into 23 categories that cover the breadth of cybersecurity objectives for an organization. The profiles contain an organization's unique alignment of their organizational requirements and objectives, risk appetite, and resources using the desired outcomes of the framework core. The implementation tiers describe the degree to which an organization’s cybersecurity risk management practices exhibit the characteristics defined in the framework core.;992275841864;us-west-2;2026-08-18 15:47:07.870888;ac_1;Identities and credentials are issued, managed, verified, revoked, and audited for authorized devices, users and processes.;Protect (PR);Identity Management and Access Control (PR.AC);;aws;;PASS;AWS policy AWSTrustedAdvisorServiceRolePolicy is attached but does not allow '*:*' administrative privileges.;arn:aws:iam::aws:policy/aws-service-role/AWSTrustedAdvisorServiceRolePolicy;iam_aws_attached_policy_no_administrative_privileges;False;AWSTrustedAdvisorServiceRolePolicy;NIST-CSF;National Institute of Standards and Technology (NIST) Cybersecurity Framework (CSF) v1.1;
aws;The NIST Cybersecurity Framework (CSF) is supported by governments and industries worldwide as a recommended baseline for use by any organization, regardless of sector or size. The NIST Cybersecurity Framework consists of three primary components: the framework core, the profiles, and the implementation tiers. The framework core contains desired cybersecurity activities and outcomes organized into 23 categories that cover the breadth of cybersecurity objectives for an organization. The profiles contain an organization's unique alignment of their organizational requirements and objectives, risk appetite, and resources using the desired outcomes of the framework core. The implementation tiers describe the degree to which an organization’s cybersecurity risk management practices exhibit the characteristics defined in the framework core.;992275841864;us-west-2;2026-08-18 15:47:07.870888;ac_4;Access permissions and authorizations are managed, incorporating the principles of least privilege and separation of duties.;Protect (PR);Identity Management and Access Control (PR.AC);;aws;;PASS;AWS policy AWSTrustedAdvisorServiceRolePolicy is attached but does not allow '*:*' administrative privileges.;arn:aws:iam::aws:policy/aws-service-role/AWSTrustedAdvisorServiceRolePolicy;iam_aws_attached_policy_no_administrative_privileges;False;AWSTrustedAdvisorServiceRolePolicy;NIST-CSF;National Institute of Standards and Technology (NIST) Cybersecurity Framework (CSF) v1.1;
aws;The NIST Cybersecurity Framework (CSF) is supported by governments and industries worldwide as a recommended baseline for use by any organization, regardless of sector or size. The NIST Cybersecurity Framework consists of three primary components: the framework core, the profiles, and the implementation tiers. The framework core contains desired cybersecurity activities and outcomes organized into 23 categories that cover the breadth of cybersecurity objectives for an organization. The profiles contain an organization's unique alignment of their organizational requirements and objectives, risk appetite, and resources using the desired outcomes of the framework core. The implementation tiers describe the degree to which an organization’s cybersecurity risk management practices exhibit the characteristics defined in the framework core.;992275841864;us-west-2;2026-08-18 15:47:07.870888;pt_3;The principle of least functionality is incorporated by configuring systems to provide only essential capabilities.;Protect (PR);Protective Technology (PR.PT);;aws;;PASS;AWS policy AWSTrustedAdvisorServiceRolePolicy is attached but does not allow '*:*' administrative privileges.;arn:aws:iam::aws:policy/aws-service-role/AWSTrustedAdvisorServiceRolePolicy;iam_aws_attached_policy_no_administrative_privileges;False;AWSTrustedAdvisorServiceRolePolicy;NIST-CSF;National Institute of Standards and Technology (NIST) Cybersecurity Framework (CSF) v1.1;
aws;The NIST Cybersecurity Framework (CSF) is supported by governments and industries worldwide as a recommended baseline for use by any organization, regardless of sector or size. The NIST Cybersecurity Framework consists of three primary components: the framework core, the profiles, and the implementation tiers. The framework core contains desired cybersecurity activities and outcomes organized into 23 categories that cover the breadth of cybersecurity objectives for an organization. The profiles contain an organization's unique alignment of their organizational requirements and objectives, risk appetite, and resources using the desired outcomes of the framework core. The implementation tiers describe the degree to which an organization’s cybersecurity risk management practices exhibit the characteristics defined in the framework core.;992275841864;us-west-2;2026-08-18 15:47:07.870888;ac_1;Identities and credentials are issued, managed, verified, revoked, and audited for authorized devices, users and processes.;Protect (PR);Identity Management and Access Control (PR.AC);;aws;;FAIL;AWS policy AdministratorAccess is attached and allows '*:*' administrative privileges.;arn:aws:iam::aws:policy/AdministratorAccess;iam_aws_attached_policy_no_administrative_privileges;False;AdministratorAccess;NIST-CSF;National Institute of Standards and Technology (NIST) Cybersecurity Framework (CSF) v1.1;
aws;The NIST Cybersecurity Framework (CSF) is supported by governments and industries worldwide as a recommended baseline for use by any organization, regardless of sector or size. The NIST Cybersecurity Framework consists of three primary components: the framework core, the profiles, and the implementation tiers. The framework core contains desired cybersecurity activities and outcomes organized into 23 categories that cover the breadth of cybersecurity objectives for an organization. The profiles contain an organization's unique alignment of their organizational requirements and objectives, risk appetite, and resources using the desired outcomes of the framework core. The implementation tiers describe the degree to which an organization’s cybersecurity risk management practices exhibit the characteristics defined in the framework core.;992275841864;us-west-2;2026-08-18 15:47:07.870888;ac_4;Access permissions and authorizations are managed, incorporating the principles of least privilege and separation of duties.;Protect (PR);Identity Management and Access Control (PR.AC);;aws;;FAIL;AWS policy AdministratorAccess is attached and allows '*:*' administrative privileges.;arn:aws:iam::aws:policy/AdministratorAccess;iam_aws_attached_policy_no_administrative_privileges;False;AdministratorAccess;NIST-CSF;National Institute of Standards and Technology (NIST) Cybersecurity Framework (CSF) v1.1;
aws;The NIST Cybersecurity Framework (CSF) is supported by governments and industries worldwide as a recommended baseline for use by any organization, regardless of sector or size. The NIST Cybersecurity Framework consists of three primary components: the framework core, the profiles, and the implementation tiers. The framework core contains desired cybersecurity activities and outcomes organized into 23 categories that cover the breadth of cybersecurity objectives for an organization. The profiles contain an organization's unique alignment of their organizational requirements and objectives, risk appetite, and resources using the desired outcomes of the framework core. The implementation tiers describe the degree to which an organization’s cybersecurity risk management practices exhibit the characteristics defined in the framework core.;992275841864;us-west-2;2026-08-18 15:47:07.870888;pt_3;The principle of least functionality is incorporated by configuring systems to provide only essential capabilities.;Protect (PR);Protective Technology (PR.PT);;aws;;FAIL;AWS policy AdministratorAccess is attached and allows '*:*' administrative privileges.;arn:aws:iam::aws:policy/AdministratorAccess;iam_aws_attached_policy_no_administrative_privileges;False;AdministratorAccess;NIST-CSF;National Institute of Standards and Technology (NIST) Cybersecurity Framework (CSF) v1.1;
aws;The NIST Cybersecurity Framework (CSF) is supported by governments and industries worldwide as a recommended baseline for use by any organization, regardless of sector or size. The NIST Cybersecurity Framework consists of three primary components: the framework core, the profiles, and the implementation tiers. The framework core contains desired cybersecurity activities and outcomes organized into 23 categories that cover the breadth of cybersecurity objectives for an organization. The profiles contain an organization's unique alignment of their organizational requirements and objectives, risk appetite, and resources using the desired outcomes of the framework core. The implementation tiers describe the degree to which an organization’s cybersecurity risk management practices exhibit the characteristics defined in the framework core.;992275841864;us-west-2;2026-08-18 15:47:07.870888;ac_1;Identities and credentials are issued, managed, verified, revoked, and audited for authorized devices, users and processes.;Protect (PR);Identity Management and Access Control (PR.AC);;aws;;PASS;AWS policy AWSSupportServiceRolePolicy is attached but does not allow '*:*' administrative privileges.;arn:aws:iam::aws:policy/aws-service-role/AWSSupportServiceRolePolicy;iam_aws_attached_policy_no_administrative_privileges;False;AWSSupportServiceRolePolicy;NIST-CSF;National Institute of Standards and Technology (NIST) Cybersecurity Framework (CSF) v1.1;
aws;The NIST Cybersecurity Framework (CSF) is supported by governments and industries worldwide as a recommended baseline for use by any organization, regardless of sector or size. The NIST Cybersecurity Framework consists of three primary components: the framework core, the profiles, and the implementation tiers. The framework core contains desired cybersecurity activities and outcomes organized into 23 categories that cover the breadth of cybersecurity objectives for an organization. The profiles contain an organization's unique alignment of their organizational requirements and objectives, risk appetite, and resources using the desired outcomes of the framework core. The implementation tiers describe the degree to which an organization’s cybersecurity risk management practices exhibit the characteristics defined in the framework core.;992275841864;us-west-2;2026-08-18 15:47:07.870888;ac_4;Access permissions and authorizations are managed, incorporating the principles of least privilege and separation of duties.;Protect (PR);Identity Management and Access Control (PR.AC);;aws;;PASS;AWS policy AWSSupportServiceRolePolicy is attached but does not allow '*:*' administrative privileges.;arn:aws:iam::aws:policy/aws-service-role/AWSSupportServiceRolePolicy;iam_aws_attached_policy_no_administrative_privileges;False;AWSSupportServiceRolePolicy;NIST-CSF;National Institute of Standards and Technology (NIST) Cybersecurity Framework (CSF) v1.1;
aws;The NIST Cybersecurity Framework (CSF) is supported by governments and industries worldwide as a recommended baseline for use by any organization, regardless of sector or size. The NIST Cybersecurity Framework consists of three primary components: the framework core, the profiles, and the implementation tiers. The framework core contains desired cybersecurity activities and outcomes organized into 23 categories that cover the breadth of cybersecurity objectives for an organization. The profiles contain an organization's unique alignment of their organizational requirements and objectives, risk appetite, and resources using the desired outcomes of the framework core. The implementation tiers describe the degree to which an organization’s cybersecurity risk management practices exhibit the characteristics defined in the framework core.;992275841864;us-west-2;2026-08-18 15:47:07.870888;pt_3;The principle of least functionality is incorporated by configuring systems to provide only essential capabilities.;Protect (PR);Protective Technology (PR.PT);;aws;;PASS;AWS policy AWSSupportServiceRolePolicy is attached but does not allow '*:*' administrative privileges.;arn:aws:iam::aws:policy/aws-service-role/AWSSupportServiceRolePolicy;iam_aws_attached_policy_no_administrative_privileges;False;AWSSupportServiceRolePolicy;NIST-CSF;National Institute of Standards and Technology (NIST) Cybersecurity Framework (CSF) v1.1;
aws;The NIST Cybersecurity Framework (CSF) is supported by governments and industries worldwide as a recommended baseline for use by any organization, regardless of sector or size. The NIST Cybersecurity Framework consists of three primary components: the framework core, the profiles, and the implementation tiers. The framework core contains desired cybersecurity activities and outcomes organized into 23 categories that cover the breadth of cybersecurity objectives for an organization. The profiles contain an organization's unique alignment of their organizational requirements and objectives, risk appetite, and resources using the desired outcomes of the framework core. The implementation tiers describe the degree to which an organization’s cybersecurity risk management practices exhibit the characteristics defined in the framework core.;992275841864;us-west-2;2026-08-18 15:47:07.870888;ac_1;Identities and credentials are issued, managed, verified, revoked, and audited for authorized devices, users and processes.;Protect (PR);Identity Management and Access Control (PR.AC);;aws;;PASS;AWS policy ViewOnlyAccess is attached but does not allow '*:*' administrative privileges.;arn:aws:iam::aws:policy/job-function/ViewOnlyAccess;iam_aws_attached_policy_no_administrative_privileges;False;ViewOnlyAccess;NIST-CSF;National Institute of Standards and Technology (NIST) Cybersecurity Framework (CSF) v1.1;
aws;The NIST Cybersecurity Framework (CSF) is supported by governments and industries worldwide as a recommended baseline for use by any organization, regardless of sector or size. The NIST Cybersecurity Framework consists of three primary components: the framework core, the profiles, and the implementation tiers. The framework core contains desired cybersecurity activities and outcomes organized into 23 categories that cover the breadth of cybersecurity objectives for an organization. The profiles contain an organization's unique alignment of their organizational requirements and objectives, risk appetite, and resources using the desired outcomes of the framework core. The implementation tiers describe the degree to which an organization’s cybersecurity risk management practices exhibit the characteristics defined in the framework core.;992275841864;us-west-2;2026-08-18 15:47:07.870888;ac_4;Access permissions and authorizations are managed, incorporating the principles of least privilege and separation of duties.;Protect (PR);Identity Management and Access Control (PR.AC);;aws;;PASS;AWS policy ViewOnlyAccess is attached but does not allow '*:*' administrative privileges.;arn:aws:iam::aws:policy/job-function/ViewOnlyAccess;iam_aws_attached_policy_no_administrative_privileges;False;ViewOnlyAccess;NIST-CSF;National Institute of Standards and Technology (NIST) Cybersecurity Framework (CSF) v1.1;
aws;The NIST Cybersecurity Framework (CSF) is supported by governments and industries worldwide as a recommended baseline for use by any organization, regardless of sector or size. The NIST Cybersecurity Framework consists of three primary components: the framework core, the profiles, and the implementation tiers. The framework core contains desired cybersecurity activities and outcomes organized into 23 categories that cover the breadth of cybersecurity objectives for an organization. The profiles contain an organization's unique alignment of their organizational requirements and objectives, risk appetite, and resources using the desired outcomes of the framework core. The implementation tiers describe the degree to which an organization’s cybersecurity risk management practices exhibit the characteristics defined in the framework core.;992275841864;us-west-2;2026-08-18 15:47:07.870888;pt_3;The principle of least functionality is incorporated by configuring systems to provide only essential capabilities.;Protect (PR);Protective Technology (PR.PT);;aws;;PASS;AWS policy ViewOnlyAccess is attached but does not allow '*:*' administrative privileges.;arn:aws:iam::aws:policy/job-function/ViewOnlyAccess;iam_aws_attached_policy_no_administrative_privileges;False;ViewOnlyAccess;NIST-CSF;National Institute of Standards and Technology (NIST) Cybersecurity Framework (CSF) v1.1;
aws;The NIST Cybersecurity Framework (CSF) is supported by governments and industries worldwide as a recommended baseline for use by any organization, regardless of sector or size. The NIST Cybersecurity Framework consists of three primary components: the framework core, the profiles, and the implementation tiers. The framework core contains desired cybersecurity activities and outcomes organized into 23 categories that cover the breadth of cybersecurity objectives for an organization. The profiles contain an organization's unique alignment of their organizational requirements and objectives, risk appetite, and resources using the desired outcomes of the framework core. The implementation tiers describe the degree to which an organization’s cybersecurity risk management practices exhibit the characteristics defined in the framework core.;992275841864;us-west-2;2026-08-18 15:47:07.870888;ac_1;Identities and credentials are issued, managed, verified, revoked, and audited for authorized devices, users and processes.;Protect (PR);Identity Management and Access Control (PR.AC);;aws;;PASS;AWS policy SecurityAudit is attached but does not allow '*:*' administrative privileges.;arn:aws:iam::aws:policy/SecurityAudit;iam_aws_attached_policy_no_administrative_privileges;False;SecurityAudit;NIST-CSF;National Institute of Standards and Technology (NIST) Cybersecurity Framework (CSF) v1.1;
aws;The NIST Cybersecurity Framework (CSF) is supported by governments and industries worldwide as a recommended baseline for use by any organization, regardless of sector or size. The NIST Cybersecurity Framework consists of three primary components: the framework core, the profiles, and the implementation tiers. The framework core contains desired cybersecurity activities and outcomes organized into 23 categories that cover the breadth of cybersecurity objectives for an organization. The profiles contain an organization's unique alignment of their organizational requirements and objectives, risk appetite, and resources using the desired outcomes of the framework core. The implementation tiers describe the degree to which an organization’s cybersecurity risk management practices exhibit the characteristics defined in the framework core.;992275841864;us-west-2;2026-08-18 15:47:07.870888;ac_4;Access permissions and authorizations are managed, incorporating the principles of least privilege and separation of duties.;Protect (PR);Identity Management and Access Control (PR.AC);;aws;;PASS;AWS policy SecurityAudit is attached but does not allow '*:*' administrative privileges.;arn:aws:iam::aws:policy/SecurityAudit;iam_aws_attached_policy_no_administrative_privileges;False;SecurityAudit;NIST-CSF;National Institute of Standards and Technology (NIST) Cybersecurity Framework (CSF) v1.1;
aws;The NIST Cybersecurity Framework (CSF) is supported by governments and industries worldwide as a recommended baseline for use by any organization, regardless of sector or size. The NIST Cybersecurity Framework consists of three primary components: the framework core, the profiles, and the implementation tiers. The framework core contains desired cybersecurity activities and outcomes organized into 23 categories that cover the breadth of cybersecurity objectives for an organization. The profiles contain an organization's unique alignment of their organizational requirements and objectives, risk appetite, and resources using the desired outcomes of the framework core. The implementation tiers describe the degree to which an organization’s cybersecurity risk management practices exhibit the characteristics defined in the framework core.;992275841864;us-west-2;2026-08-18 15:47:07.870888;pt_3;The principle of least functionality is incorporated by configuring systems to provide only essential capabilities.;Protect (PR);Protective Technology (PR.PT);;aws;;PASS;AWS policy SecurityAudit is attached but does not allow '*:*' administrative privileges.;arn:aws:iam::aws:policy/SecurityAudit;iam_aws_attached_policy_no_administrative_privileges;False;SecurityAudit;NIST-CSF;National Institute of Standards and Technology (NIST) Cybersecurity Framework (CSF) v1.1;
aws;The NIST Cybersecurity Framework (CSF) is supported by governments and industries worldwide as a recommended baseline for use by any organization, regardless of sector or size. The NIST Cybersecurity Framework consists of three primary components: the framework core, the profiles, and the implementation tiers. The framework core contains desired cybersecurity activities and outcomes organized into 23 categories that cover the breadth of cybersecurity objectives for an organization. The profiles contain an organization's unique alignment of their organizational requirements and objectives, risk appetite, and resources using the desired outcomes of the framework core. The implementation tiers describe the degree to which an organization’s cybersecurity risk management practices exhibit the characteristics defined in the framework core.;992275841864;us-west-2;2026-08-18 15:47:07.870888;ac_1;Identities and credentials are issued, managed, verified, revoked, and audited for authorized devices, users and processes.;Protect (PR);Identity Management and Access Control (PR.AC);;aws;;PASS;AWS policy AWSResourceExplorerServiceRolePolicy is attached but does not allow '*:*' administrative privileges.;arn:aws:iam::aws:policy/aws-service-role/AWSResourceExplorerServiceRolePolicy;iam_aws_attached_policy_no_administrative_privileges;False;AWSResourceExplorerServiceRolePolicy;NIST-CSF;National Institute of Standards and Technology (NIST) Cybersecurity Framework (CSF) v1.1;
aws;The NIST Cybersecurity Framework (CSF) is supported by governments and industries worldwide as a recommended baseline for use by any organization, regardless of sector or size. The NIST Cybersecurity Framework consists of three primary components: the framework core, the profiles, and the implementation tiers. The framework core contains desired cybersecurity activities and outcomes organized into 23 categories that cover the breadth of cybersecurity objectives for an organization. The profiles contain an organization's unique alignment of their organizational requirements and objectives, risk appetite, and resources using the desired outcomes of the framework core. The implementation tiers describe the degree to which an organization’s cybersecurity risk management practices exhibit the characteristics defined in the framework core.;992275841864;us-west-2;2026-08-18 15:47:07.870888;ac_4;Access permissions and authorizations are managed, incorporating the principles of least privilege and separation of duties.;Protect (PR);Identity Management and Access Control (PR.AC);;aws;;PASS;AWS policy AWSResourceExplorerServiceRolePolicy is attached but does not allow '*:*' administrative privileges.;arn:aws:iam::aws:policy/aws-service-role/AWSResourceExplorerServiceRolePolicy;iam_aws_attached_policy_no_administrative_privileges;False;AWSResourceExplorerServiceRolePolicy;NIST-CSF;National Institute of Standards and Technology (NIST) Cybersecurity Framework (CSF) v1.1;
aws;The NIST Cybersecurity Framework (CSF) is supported by governments and industries worldwide as a recommended baseline for use by any organization, regardless of sector or size. The NIST Cybersecurity Framework consists of three primary components: the framework core, the profiles, and the implementation tiers. The framework core contains desired cybersecurity activities and outcomes organized into 23 categories that cover the breadth of cybersecurity objectives for an organization. The profiles contain an organization's unique alignment of their organizational requirements and objectives, risk appetite, and resources using the desired outcomes of the framework core. The implementation tiers describe the degree to which an organization’s cybersecurity risk management practices exhibit the characteristics defined in the framework core.;992275841864;us-west-2;2026-08-18 15:47:07.870888;pt_3;The principle of least functionality is incorporated by configuring systems to provide only essential capabilities.;Protect (PR);Protective Technology (PR.PT);;aws;;PASS;AWS policy AWSResourceExplorerServiceRolePolicy is attached but does not allow '*:*' administrative privileges.;arn:aws:iam::aws:policy/aws-service-role/AWSResourceExplorerServiceRolePolicy;iam_aws_attached_policy_no_administrative_privileges;False;AWSResourceExplorerServiceRolePolicy;NIST-CSF;National Institute of Standards and Technology (NIST) Cybersecurity Framework (CSF) v1.1;
aws;The NIST Cybersecurity Framework (CSF) is supported by governments and industries worldwide as a recommended baseline for use by any organization, regardless of sector or size. The NIST Cybersecurity Framework consists of three primary components: the framework core, the profiles, and the implementation tiers. The framework core contains desired cybersecurity activities and outcomes organized into 23 categories that cover the breadth of cybersecurity objectives for an organization. The profiles contain an organization's unique alignment of their organizational requirements and objectives, risk appetite, and resources using the desired outcomes of the framework core. The implementation tiers describe the degree to which an organization’s cybersecurity risk management practices exhibit the characteristics defined in the framework core.;992275841864;us-west-2;2026-08-18 15:47:07.870888;ac_1;Identities and credentials are issued, managed, verified, revoked, and audited for authorized devices, users and processes.;Protect (PR);Identity Management and Access Control (PR.AC);;aws;;PASS;Inline policy auto-shutdown-permissions attached to role auto-shutdown-lambda-role does not allow '*:*' administrative privileges.;arn:aws:iam::992275841864:role/auto-shutdown-lambda-role;iam_inline_policy_no_administrative_privileges;False;auto-shutdown-lambda-role/auto-shutdown-permissions;NIST-CSF;National Institute of Standards and Technology (NIST) Cybersecurity Framework (CSF) v1.1;
aws;The NIST Cybersecurity Framework (CSF) is supported by governments and industries worldwide as a recommended baseline for use by any organization, regardless of sector or size. The NIST Cybersecurity Framework consists of three primary components: the framework core, the profiles, and the implementation tiers. The framework core contains desired cybersecurity activities and outcomes organized into 23 categories that cover the breadth of cybersecurity objectives for an organization. The profiles contain an organization's unique alignment of their organizational requirements and objectives, risk appetite, and resources using the desired outcomes of the framework core. The implementation tiers describe the degree to which an organization’s cybersecurity risk management practices exhibit the characteristics defined in the framework core.;992275841864;us-west-2;2026-08-18 15:47:07.870888;ac_4;Access permissions and authorizations are managed, incorporating the principles of least privilege and separation of duties.;Protect (PR);Identity Management and Access Control (PR.AC);;aws;;PASS;Inline policy auto-shutdown-permissions attached to role auto-shutdown-lambda-role does not allow '*:*' administrative privileges.;arn:aws:iam::992275841864:role/auto-shutdown-lambda-role;iam_inline_policy_no_administrative_privileges;False;auto-shutdown-lambda-role/auto-shutdown-permissions;NIST-CSF;National Institute of Standards and Technology (NIST) Cybersecurity Framework (CSF) v1.1;
aws;The NIST Cybersecurity Framework (CSF) is supported by governments and industries worldwide as a recommended baseline for use by any organization, regardless of sector or size. The NIST Cybersecurity Framework consists of three primary components: the framework core, the profiles, and the implementation tiers. The framework core contains desired cybersecurity activities and outcomes organized into 23 categories that cover the breadth of cybersecurity objectives for an organization. The profiles contain an organization's unique alignment of their organizational requirements and objectives, risk appetite, and resources using the desired outcomes of the framework core. The implementation tiers describe the degree to which an organization’s cybersecurity risk management practices exhibit the characteristics defined in the framework core.;992275841864;us-west-2;2026-08-18 15:47:07.870888;pt_3;The principle of least functionality is incorporated by configuring systems to provide only essential capabilities.;Protect (PR);Protective Technology (PR.PT);;aws;;PASS;Inline policy auto-shutdown-permissions attached to role auto-shutdown-lambda-role does not allow '*:*' administrative privileges.;arn:aws:iam::992275841864:role/auto-shutdown-lambda-role;iam_inline_policy_no_administrative_privileges;False;auto-shutdown-lambda-role/auto-shutdown-permissions;NIST-CSF;National Institute of Standards and Technology (NIST) Cybersecurity Framework (CSF) v1.1;
aws;The NIST Cybersecurity Framework (CSF) is supported by governments and industries worldwide as a recommended baseline for use by any organization, regardless of sector or size. The NIST Cybersecurity Framework consists of three primary components: the framework core, the profiles, and the implementation tiers. The framework core contains desired cybersecurity activities and outcomes organized into 23 categories that cover the breadth of cybersecurity objectives for an organization. The profiles contain an organization's unique alignment of their organizational requirements and objectives, risk appetite, and resources using the desired outcomes of the framework core. The implementation tiers describe the degree to which an organization’s cybersecurity risk management practices exhibit the characteristics defined in the framework core.;992275841864;us-west-2;2026-08-18 15:47:07.870888;ac_4;Access permissions and authorizations are managed, incorporating the principles of least privilege and separation of duties.;Protect (PR);Identity Management and Access Control (PR.AC);;aws;;PASS;Inline policy auto-shutdown-permissions attached to role auto-shutdown-lambda-role does not allow 'aws-marketplace:Subscribe' on all resources.;arn:aws:iam::992275841864:role/auto-shutdown-lambda-role;iam_inline_policy_no_wildcard_marketplace_subscribe;False;auto-shutdown-lambda-role/auto-shutdown-permissions;NIST-CSF;National Institute of Standards and Technology (NIST) Cybersecurity Framework (CSF) v1.1;
aws;The NIST Cybersecurity Framework (CSF) is supported by governments and industries worldwide as a recommended baseline for use by any organization, regardless of sector or size. The NIST Cybersecurity Framework consists of three primary components: the framework core, the profiles, and the implementation tiers. The framework core contains desired cybersecurity activities and outcomes organized into 23 categories that cover the breadth of cybersecurity objectives for an organization. The profiles contain an organization's unique alignment of their organizational requirements and objectives, risk appetite, and resources using the desired outcomes of the framework core. The implementation tiers describe the degree to which an organization’s cybersecurity risk management practices exhibit the characteristics defined in the framework core.;992275841864;us-west-2;2026-08-18 15:47:07.870888;ac_1;Identities and credentials are issued, managed, verified, revoked, and audited for authorized devices, users and processes.;Protect (PR);Identity Management and Access Control (PR.AC);;aws;;FAIL;IAM password policy reuse prevention is less than 24 or not set.;arn:aws:iam:us-west-2:992275841864:password-policy;iam_password_policy_reuse_24;False;992275841864;NIST-CSF;National Institute of Standards and Technology (NIST) Cybersecurity Framework (CSF) v1.1;
aws;The NIST Cybersecurity Framework (CSF) is supported by governments and industries worldwide as a recommended baseline for use by any organization, regardless of sector or size. The NIST Cybersecurity Framework consists of three primary components: the framework core, the profiles, and the implementation tiers. The framework core contains desired cybersecurity activities and outcomes organized into 23 categories that cover the breadth of cybersecurity objectives for an organization. The profiles contain an organization's unique alignment of their organizational requirements and objectives, risk appetite, and resources using the desired outcomes of the framework core. The implementation tiers describe the degree to which an organization’s cybersecurity risk management practices exhibit the characteristics defined in the framework core.;992275841864;us-west-2;2026-08-18 15:47:07.870888;ac_1;Identities and credentials are issued, managed, verified, revoked, and audited for authorized devices, users and processes.;Protect (PR);Identity Management and Access Control (PR.AC);;aws;;FAIL;IAM Role AWSReservedSSO_AdministratorAccess_fe6ebb675b6c22d2 has Bedrock permissions but has never used them.;arn:aws:iam::992275841864:role/aws-reserved/sso.amazonaws.com/us-west-2/AWSReservedSSO_AdministratorAccess_fe6ebb675b6c22d2;iam_role_access_not_stale_to_bedrock;False;AWSReservedSSO_AdministratorAccess_fe6ebb675b6c22d2;NIST-CSF;National Institute of Standards and Technology (NIST) Cybersecurity Framework (CSF) v1.1;
aws;The NIST Cybersecurity Framework (CSF) is supported by governments and industries worldwide as a recommended baseline for use by any organization, regardless of sector or size. The NIST Cybersecurity Framework consists of three primary components: the framework core, the profiles, and the implementation tiers. The framework core contains desired cybersecurity activities and outcomes organized into 23 categories that cover the breadth of cybersecurity objectives for an organization. The profiles contain an organization's unique alignment of their organizational requirements and objectives, risk appetite, and resources using the desired outcomes of the framework core. The implementation tiers describe the degree to which an organization’s cybersecurity risk management practices exhibit the characteristics defined in the framework core.;992275841864;us-west-2;2026-08-18 15:47:07.870888;ac_4;Access permissions and authorizations are managed, incorporating the principles of least privilege and separation of duties.;Protect (PR);Identity Management and Access Control (PR.AC);;aws;;FAIL;IAM Role AWSReservedSSO_AdministratorAccess_fe6ebb675b6c22d2 has Bedrock permissions but has never used them.;arn:aws:iam::992275841864:role/aws-reserved/sso.amazonaws.com/us-west-2/AWSReservedSSO_AdministratorAccess_fe6ebb675b6c22d2;iam_role_access_not_stale_to_bedrock;False;AWSReservedSSO_AdministratorAccess_fe6ebb675b6c22d2;NIST-CSF;National Institute of Standards and Technology (NIST) Cybersecurity Framework (CSF) v1.1;
aws;The NIST Cybersecurity Framework (CSF) is supported by governments and industries worldwide as a recommended baseline for use by any organization, regardless of sector or size. The NIST Cybersecurity Framework consists of three primary components: the framework core, the profiles, and the implementation tiers. The framework core contains desired cybersecurity activities and outcomes organized into 23 categories that cover the breadth of cybersecurity objectives for an organization. The profiles contain an organization's unique alignment of their organizational requirements and objectives, risk appetite, and resources using the desired outcomes of the framework core. The implementation tiers describe the degree to which an organization’s cybersecurity risk management practices exhibit the characteristics defined in the framework core.;992275841864;us-west-2;2026-08-18 15:47:07.870888;ac_1;Identities and credentials are issued, managed, verified, revoked, and audited for authorized devices, users and processes.;Protect (PR);Identity Management and Access Control (PR.AC);;aws;;PASS;IAM Role AWSServiceRoleForResourceExplorer accessed Bedrock 0 days ago (threshold: 60 days).;arn:aws:iam::992275841864:role/aws-service-role/resource-explorer-2.amazonaws.com/AWSServiceRoleForResourceExplorer;iam_role_access_not_stale_to_bedrock;False;AWSServiceRoleForResourceExplorer;NIST-CSF;National Institute of Standards and Technology (NIST) Cybersecurity Framework (CSF) v1.1;
aws;The NIST Cybersecurity Framework (CSF) is supported by governments and industries worldwide as a recommended baseline for use by any organization, regardless of sector or size. The NIST Cybersecurity Framework consists of three primary components: the framework core, the profiles, and the implementation tiers. The framework core contains desired cybersecurity activities and outcomes organized into 23 categories that cover the breadth of cybersecurity objectives for an organization. The profiles contain an organization's unique alignment of their organizational requirements and objectives, risk appetite, and resources using the desired outcomes of the framework core. The implementation tiers describe the degree to which an organization’s cybersecurity risk management practices exhibit the characteristics defined in the framework core.;992275841864;us-west-2;2026-08-18 15:47:07.870888;ac_4;Access permissions and authorizations are managed, incorporating the principles of least privilege and separation of duties.;Protect (PR);Identity Management and Access Control (PR.AC);;aws;;PASS;IAM Role AWSServiceRoleForResourceExplorer accessed Bedrock 0 days ago (threshold: 60 days).;arn:aws:iam::992275841864:role/aws-service-role/resource-explorer-2.amazonaws.com/AWSServiceRoleForResourceExplorer;iam_role_access_not_stale_to_bedrock;False;AWSServiceRoleForResourceExplorer;NIST-CSF;National Institute of Standards and Technology (NIST) Cybersecurity Framework (CSF) v1.1;
aws;The NIST Cybersecurity Framework (CSF) is supported by governments and industries worldwide as a recommended baseline for use by any organization, regardless of sector or size. The NIST Cybersecurity Framework consists of three primary components: the framework core, the profiles, and the implementation tiers. The framework core contains desired cybersecurity activities and outcomes organized into 23 categories that cover the breadth of cybersecurity objectives for an organization. The profiles contain an organization's unique alignment of their organizational requirements and objectives, risk appetite, and resources using the desired outcomes of the framework core. The implementation tiers describe the degree to which an organization’s cybersecurity risk management practices exhibit the characteristics defined in the framework core.;992275841864;us-west-2;2026-08-18 15:47:07.870888;ac_1;Identities and credentials are issued, managed, verified, revoked, and audited for authorized devices, users and processes.;Protect (PR);Identity Management and Access Control (PR.AC);;aws;;FAIL;IAM Role AWSServiceRoleForSupport has Bedrock permissions but has never used them.;arn:aws:iam::992275841864:role/aws-service-role/support.amazonaws.com/AWSServiceRoleForSupport;iam_role_access_not_stale_to_bedrock;False;AWSServiceRoleForSupport;NIST-CSF;National Institute of Standards and Technology (NIST) Cybersecurity Framework (CSF) v1.1;
aws;The NIST Cybersecurity Framework (CSF) is supported by governments and industries worldwide as a recommended baseline for use by any organization, regardless of sector or size. The NIST Cybersecurity Framework consists of three primary components: the framework core, the profiles, and the implementation tiers. The framework core contains desired cybersecurity activities and outcomes organized into 23 categories that cover the breadth of cybersecurity objectives for an organization. The profiles contain an organization's unique alignment of their organizational requirements and objectives, risk appetite, and resources using the desired outcomes of the framework core. The implementation tiers describe the degree to which an organization’s cybersecurity risk management practices exhibit the characteristics defined in the framework core.;992275841864;us-west-2;2026-08-18 15:47:07.870888;ac_4;Access permissions and authorizations are managed, incorporating the principles of least privilege and separation of duties.;Protect (PR);Identity Management and Access Control (PR.AC);;aws;;FAIL;IAM Role AWSServiceRoleForSupport has Bedrock permissions but has never used them.;arn:aws:iam::992275841864:role/aws-service-role/support.amazonaws.com/AWSServiceRoleForSupport;iam_role_access_not_stale_to_bedrock;False;AWSServiceRoleForSupport;NIST-CSF;National Institute of Standards and Technology (NIST) Cybersecurity Framework (CSF) v1.1;
aws;The NIST Cybersecurity Framework (CSF) is supported by governments and industries worldwide as a recommended baseline for use by any organization, regardless of sector or size. The NIST Cybersecurity Framework consists of three primary components: the framework core, the profiles, and the implementation tiers. The framework core contains desired cybersecurity activities and outcomes organized into 23 categories that cover the breadth of cybersecurity objectives for an organization. The profiles contain an organization's unique alignment of their organizational requirements and objectives, risk appetite, and resources using the desired outcomes of the framework core. The implementation tiers describe the degree to which an organization’s cybersecurity risk management practices exhibit the characteristics defined in the framework core.;992275841864;us-west-2;2026-08-18 15:47:07.870888;ac_1;Identities and credentials are issued, managed, verified, revoked, and audited for authorized devices, users and processes.;Protect (PR);Identity Management and Access Control (PR.AC);;aws;;FAIL;IAM Role OrganizationAccountAccessRole has Bedrock permissions but has never used them.;arn:aws:iam::992275841864:role/OrganizationAccountAccessRole;iam_role_access_not_stale_to_bedrock;False;OrganizationAccountAccessRole;NIST-CSF;National Institute of Standards and Technology (NIST) Cybersecurity Framework (CSF) v1.1;
aws;The NIST Cybersecurity Framework (CSF) is supported by governments and industries worldwide as a recommended baseline for use by any organization, regardless of sector or size. The NIST Cybersecurity Framework consists of three primary components: the framework core, the profiles, and the implementation tiers. The framework core contains desired cybersecurity activities and outcomes organized into 23 categories that cover the breadth of cybersecurity objectives for an organization. The profiles contain an organization's unique alignment of their organizational requirements and objectives, risk appetite, and resources using the desired outcomes of the framework core. The implementation tiers describe the degree to which an organization’s cybersecurity risk management practices exhibit the characteristics defined in the framework core.;992275841864;us-west-2;2026-08-18 15:47:07.870888;ac_4;Access permissions and authorizations are managed, incorporating the principles of least privilege and separation of duties.;Protect (PR);Identity Management and Access Control (PR.AC);;aws;;FAIL;IAM Role OrganizationAccountAccessRole has Bedrock permissions but has never used them.;arn:aws:iam::992275841864:role/OrganizationAccountAccessRole;iam_role_access_not_stale_to_bedrock;False;OrganizationAccountAccessRole;NIST-CSF;National Institute of Standards and Technology (NIST) Cybersecurity Framework (CSF) v1.1;
aws;The NIST Cybersecurity Framework (CSF) is supported by governments and industries worldwide as a recommended baseline for use by any organization, regardless of sector or size. The NIST Cybersecurity Framework consists of three primary components: the framework core, the profiles, and the implementation tiers. The framework core contains desired cybersecurity activities and outcomes organized into 23 categories that cover the breadth of cybersecurity objectives for an organization. The profiles contain an organization's unique alignment of their organizational requirements and objectives, risk appetite, and resources using the desired outcomes of the framework core. The implementation tiers describe the degree to which an organization’s cybersecurity risk management practices exhibit the characteristics defined in the framework core.;992275841864;us-west-2;2026-08-18 15:47:07.870888;ac_1;Identities and credentials are issued, managed, verified, revoked, and audited for authorized devices, users and processes.;Protect (PR);Identity Management and Access Control (PR.AC);;aws;;PASS;User <root_account> does not have access keys.;arn:aws:iam::992275841864:root;iam_rotate_access_key_90_days;False;<root_account>;NIST-CSF;National Institute of Standards and Technology (NIST) Cybersecurity Framework (CSF) v1.1;
aws;The NIST Cybersecurity Framework (CSF) is supported by governments and industries worldwide as a recommended baseline for use by any organization, regardless of sector or size. The NIST Cybersecurity Framework consists of three primary components: the framework core, the profiles, and the implementation tiers. The framework core contains desired cybersecurity activities and outcomes organized into 23 categories that cover the breadth of cybersecurity objectives for an organization. The profiles contain an organization's unique alignment of their organizational requirements and objectives, risk appetite, and resources using the desired outcomes of the framework core. The implementation tiers describe the degree to which an organization’s cybersecurity risk management practices exhibit the characteristics defined in the framework core.;992275841864;us-west-2;2026-08-18 15:47:07.870888;ac_1;Identities and credentials are issued, managed, verified, revoked, and audited for authorized devices, users and processes.;Protect (PR);Identity Management and Access Control (PR.AC);;aws;;PASS;User demo-no-mfa-user does not have access keys older than 90 days.;arn:aws:iam::992275841864:user/demo-no-mfa-user;iam_rotate_access_key_90_days;False;demo-no-mfa-user;NIST-CSF;National Institute of Standards and Technology (NIST) Cybersecurity Framework (CSF) v1.1;
aws;The NIST Cybersecurity Framework (CSF) is supported by governments and industries worldwide as a recommended baseline for use by any organization, regardless of sector or size. The NIST Cybersecurity Framework consists of three primary components: the framework core, the profiles, and the implementation tiers. The framework core contains desired cybersecurity activities and outcomes organized into 23 categories that cover the breadth of cybersecurity objectives for an organization. The profiles contain an organization's unique alignment of their organizational requirements and objectives, risk appetite, and resources using the desired outcomes of the framework core. The implementation tiers describe the degree to which an organization’s cybersecurity risk management practices exhibit the characteristics defined in the framework core.;992275841864;us-west-2;2026-08-18 15:47:07.870888;ac_1;Identities and credentials are issued, managed, verified, revoked, and audited for authorized devices, users and processes.;Protect (PR);Identity Management and Access Control (PR.AC);;aws;;PASS;User prowler-readonly does not have access keys older than 90 days.;arn:aws:iam::992275841864:user/prowler-readonly;iam_rotate_access_key_90_days;False;prowler-readonly;NIST-CSF;National Institute of Standards and Technology (NIST) Cybersecurity Framework (CSF) v1.1;
aws;The NIST Cybersecurity Framework (CSF) is supported by governments and industries worldwide as a recommended baseline for use by any organization, regardless of sector or size. The NIST Cybersecurity Framework consists of three primary components: the framework core, the profiles, and the implementation tiers. The framework core contains desired cybersecurity activities and outcomes organized into 23 categories that cover the breadth of cybersecurity objectives for an organization. The profiles contain an organization's unique alignment of their organizational requirements and objectives, risk appetite, and resources using the desired outcomes of the framework core. The implementation tiers describe the degree to which an organization’s cybersecurity risk management practices exhibit the characteristics defined in the framework core.;992275841864;us-west-2;2026-08-18 15:47:07.870888;ac_1;Identities and credentials are issued, managed, verified, revoked, and audited for authorized devices, users and processes.;Protect (PR);Identity Management and Access Control (PR.AC);;aws;;FAIL;IAM User prowler-readonly has Bedrock permissions but has never used them.;arn:aws:iam::992275841864:user/prowler-readonly;iam_user_access_not_stale_to_bedrock;False;prowler-readonly;NIST-CSF;National Institute of Standards and Technology (NIST) Cybersecurity Framework (CSF) v1.1;
aws;The NIST Cybersecurity Framework (CSF) is supported by governments and industries worldwide as a recommended baseline for use by any organization, regardless of sector or size. The NIST Cybersecurity Framework consists of three primary components: the framework core, the profiles, and the implementation tiers. The framework core contains desired cybersecurity activities and outcomes organized into 23 categories that cover the breadth of cybersecurity objectives for an organization. The profiles contain an organization's unique alignment of their organizational requirements and objectives, risk appetite, and resources using the desired outcomes of the framework core. The implementation tiers describe the degree to which an organization’s cybersecurity risk management practices exhibit the characteristics defined in the framework core.;992275841864;us-west-2;2026-08-18 15:47:07.870888;ac_4;Access permissions and authorizations are managed, incorporating the principles of least privilege and separation of duties.;Protect (PR);Identity Management and Access Control (PR.AC);;aws;;FAIL;IAM User prowler-readonly has Bedrock permissions but has never used them.;arn:aws:iam::992275841864:user/prowler-readonly;iam_user_access_not_stale_to_bedrock;False;prowler-readonly;NIST-CSF;National Institute of Standards and Technology (NIST) Cybersecurity Framework (CSF) v1.1;
aws;The NIST Cybersecurity Framework (CSF) is supported by governments and industries worldwide as a recommended baseline for use by any organization, regardless of sector or size. The NIST Cybersecurity Framework consists of three primary components: the framework core, the profiles, and the implementation tiers. The framework core contains desired cybersecurity activities and outcomes organized into 23 categories that cover the breadth of cybersecurity objectives for an organization. The profiles contain an organization's unique alignment of their organizational requirements and objectives, risk appetite, and resources using the desired outcomes of the framework core. The implementation tiers describe the degree to which an organization’s cybersecurity risk management practices exhibit the characteristics defined in the framework core.;992275841864;us-west-2;2026-08-18 15:47:07.870888;ac_1;Identities and credentials are issued, managed, verified, revoked, and audited for authorized devices, users and processes.;Protect (PR);Identity Management and Access Control (PR.AC);;aws;;FAIL;IAM User prowler-readonly has SageMaker permissions but has never used them.;arn:aws:iam::992275841864:user/prowler-readonly;iam_user_access_not_stale_to_sagemaker;False;prowler-readonly;NIST-CSF;National Institute of Standards and Technology (NIST) Cybersecurity Framework (CSF) v1.1;
aws;The NIST Cybersecurity Framework (CSF) is supported by governments and industries worldwide as a recommended baseline for use by any organization, regardless of sector or size. The NIST Cybersecurity Framework consists of three primary components: the framework core, the profiles, and the implementation tiers. The framework core contains desired cybersecurity activities and outcomes organized into 23 categories that cover the breadth of cybersecurity objectives for an organization. The profiles contain an organization's unique alignment of their organizational requirements and objectives, risk appetite, and resources using the desired outcomes of the framework core. The implementation tiers describe the degree to which an organization’s cybersecurity risk management practices exhibit the characteristics defined in the framework core.;992275841864;us-west-2;2026-08-18 15:47:07.870888;ac_4;Access permissions and authorizations are managed, incorporating the principles of least privilege and separation of duties.;Protect (PR);Identity Management and Access Control (PR.AC);;aws;;FAIL;IAM User prowler-readonly has SageMaker permissions but has never used them.;arn:aws:iam::992275841864:user/prowler-readonly;iam_user_access_not_stale_to_sagemaker;False;prowler-readonly;NIST-CSF;National Institute of Standards and Technology (NIST) Cybersecurity Framework (CSF) v1.1;
aws;The NIST Cybersecurity Framework (CSF) is supported by governments and industries worldwide as a recommended baseline for use by any organization, regardless of sector or size. The NIST Cybersecurity Framework consists of three primary components: the framework core, the profiles, and the implementation tiers. The framework core contains desired cybersecurity activities and outcomes organized into 23 categories that cover the breadth of cybersecurity objectives for an organization. The profiles contain an organization's unique alignment of their organizational requirements and objectives, risk appetite, and resources using the desired outcomes of the framework core. The implementation tiers describe the degree to which an organization’s cybersecurity risk management practices exhibit the characteristics defined in the framework core.;992275841864;us-west-2;2026-08-18 15:47:07.870888;ac_1;Identities and credentials are issued, managed, verified, revoked, and audited for authorized devices, users and processes.;Protect (PR);Identity Management and Access Control (PR.AC);;aws;;PASS;User <root_account> does not have access keys.;arn:aws:iam::992275841864:root;iam_user_accesskey_unused;False;<root_account>;NIST-CSF;National Institute of Standards and Technology (NIST) Cybersecurity Framework (CSF) v1.1;
aws;The NIST Cybersecurity Framework (CSF) is supported by governments and industries worldwide as a recommended baseline for use by any organization, regardless of sector or size. The NIST Cybersecurity Framework consists of three primary components: the framework core, the profiles, and the implementation tiers. The framework core contains desired cybersecurity activities and outcomes organized into 23 categories that cover the breadth of cybersecurity objectives for an organization. The profiles contain an organization's unique alignment of their organizational requirements and objectives, risk appetite, and resources using the desired outcomes of the framework core. The implementation tiers describe the degree to which an organization’s cybersecurity risk management practices exhibit the characteristics defined in the framework core.;992275841864;us-west-2;2026-08-18 15:47:07.870888;ac_4;Access permissions and authorizations are managed, incorporating the principles of least privilege and separation of duties.;Protect (PR);Identity Management and Access Control (PR.AC);;aws;;PASS;User <root_account> does not have access keys.;arn:aws:iam::992275841864:root;iam_user_accesskey_unused;False;<root_account>;NIST-CSF;National Institute of Standards and Technology (NIST) Cybersecurity Framework (CSF) v1.1;
aws;The NIST Cybersecurity Framework (CSF) is supported by governments and industries worldwide as a recommended baseline for use by any organization, regardless of sector or size. The NIST Cybersecurity Framework consists of three primary components: the framework core, the profiles, and the implementation tiers. The framework core contains desired cybersecurity activities and outcomes organized into 23 categories that cover the breadth of cybersecurity objectives for an organization. The profiles contain an organization's unique alignment of their organizational requirements and objectives, risk appetite, and resources using the desired outcomes of the framework core. The implementation tiers describe the degree to which an organization’s cybersecurity risk management practices exhibit the characteristics defined in the framework core.;992275841864;us-west-2;2026-08-18 15:47:07.870888;ac_1;Identities and credentials are issued, managed, verified, revoked, and audited for authorized devices, users and processes.;Protect (PR);Identity Management and Access Control (PR.AC);;aws;;PASS;User demo-no-mfa-user does not have unused access keys for 45 days.;arn:aws:iam::992275841864:user/demo-no-mfa-user;iam_user_accesskey_unused;False;demo-no-mfa-user;NIST-CSF;National Institute of Standards and Technology (NIST) Cybersecurity Framework (CSF) v1.1;
aws;The NIST Cybersecurity Framework (CSF) is supported by governments and industries worldwide as a recommended baseline for use by any organization, regardless of sector or size. The NIST Cybersecurity Framework consists of three primary components: the framework core, the profiles, and the implementation tiers. The framework core contains desired cybersecurity activities and outcomes organized into 23 categories that cover the breadth of cybersecurity objectives for an organization. The profiles contain an organization's unique alignment of their organizational requirements and objectives, risk appetite, and resources using the desired outcomes of the framework core. The implementation tiers describe the degree to which an organization’s cybersecurity risk management practices exhibit the characteristics defined in the framework core.;992275841864;us-west-2;2026-08-18 15:47:07.870888;ac_4;Access permissions and authorizations are managed, incorporating the principles of least privilege and separation of duties.;Protect (PR);Identity Management and Access Control (PR.AC);;aws;;PASS;User demo-no-mfa-user does not have unused access keys for 45 days.;arn:aws:iam::992275841864:user/demo-no-mfa-user;iam_user_accesskey_unused;False;demo-no-mfa-user;NIST-CSF;National Institute of Standards and Technology (NIST) Cybersecurity Framework (CSF) v1.1;
aws;The NIST Cybersecurity Framework (CSF) is supported by governments and industries worldwide as a recommended baseline for use by any organization, regardless of sector or size. The NIST Cybersecurity Framework consists of three primary components: the framework core, the profiles, and the implementation tiers. The framework core contains desired cybersecurity activities and outcomes organized into 23 categories that cover the breadth of cybersecurity objectives for an organization. The profiles contain an organization's unique alignment of their organizational requirements and objectives, risk appetite, and resources using the desired outcomes of the framework core. The implementation tiers describe the degree to which an organization’s cybersecurity risk management practices exhibit the characteristics defined in the framework core.;992275841864;us-west-2;2026-08-18 15:47:07.870888;ac_1;Identities and credentials are issued, managed, verified, revoked, and audited for authorized devices, users and processes.;Protect (PR);Identity Management and Access Control (PR.AC);;aws;;PASS;User prowler-readonly does not have unused access keys for 45 days.;arn:aws:iam::992275841864:user/prowler-readonly;iam_user_accesskey_unused;False;prowler-readonly;NIST-CSF;National Institute of Standards and Technology (NIST) Cybersecurity Framework (CSF) v1.1;
aws;The NIST Cybersecurity Framework (CSF) is supported by governments and industries worldwide as a recommended baseline for use by any organization, regardless of sector or size. The NIST Cybersecurity Framework consists of three primary components: the framework core, the profiles, and the implementation tiers. The framework core contains desired cybersecurity activities and outcomes organized into 23 categories that cover the breadth of cybersecurity objectives for an organization. The profiles contain an organization's unique alignment of their organizational requirements and objectives, risk appetite, and resources using the desired outcomes of the framework core. The implementation tiers describe the degree to which an organization’s cybersecurity risk management practices exhibit the characteristics defined in the framework core.;992275841864;us-west-2;2026-08-18 15:47:07.870888;ac_4;Access permissions and authorizations are managed, incorporating the principles of least privilege and separation of duties.;Protect (PR);Identity Management and Access Control (PR.AC);;aws;;PASS;User prowler-readonly does not have unused access keys for 45 days.;arn:aws:iam::992275841864:user/prowler-readonly;iam_user_accesskey_unused;False;prowler-readonly;NIST-CSF;National Institute of Standards and Technology (NIST) Cybersecurity Framework (CSF) v1.1;
aws;The NIST Cybersecurity Framework (CSF) is supported by governments and industries worldwide as a recommended baseline for use by any organization, regardless of sector or size. The NIST Cybersecurity Framework consists of three primary components: the framework core, the profiles, and the implementation tiers. The framework core contains desired cybersecurity activities and outcomes organized into 23 categories that cover the breadth of cybersecurity objectives for an organization. The profiles contain an organization's unique alignment of their organizational requirements and objectives, risk appetite, and resources using the desired outcomes of the framework core. The implementation tiers describe the degree to which an organization’s cybersecurity risk management practices exhibit the characteristics defined in the framework core.;992275841864;us-west-2;2026-08-18 15:47:07.870888;ac_1;Identities and credentials are issued, managed, verified, revoked, and audited for authorized devices, users and processes.;Protect (PR);Identity Management and Access Control (PR.AC);;aws;;PASS;User demo-no-mfa-user does not have console access enabled or is unused.;arn:aws:iam::992275841864:user/demo-no-mfa-user;iam_user_console_access_unused;False;demo-no-mfa-user;NIST-CSF;National Institute of Standards and Technology (NIST) Cybersecurity Framework (CSF) v1.1;
aws;The NIST Cybersecurity Framework (CSF) is supported by governments and industries worldwide as a recommended baseline for use by any organization, regardless of sector or size. The NIST Cybersecurity Framework consists of three primary components: the framework core, the profiles, and the implementation tiers. The framework core contains desired cybersecurity activities and outcomes organized into 23 categories that cover the breadth of cybersecurity objectives for an organization. The profiles contain an organization's unique alignment of their organizational requirements and objectives, risk appetite, and resources using the desired outcomes of the framework core. The implementation tiers describe the degree to which an organization’s cybersecurity risk management practices exhibit the characteristics defined in the framework core.;992275841864;us-west-2;2026-08-18 15:47:07.870888;ac_4;Access permissions and authorizations are managed, incorporating the principles of least privilege and separation of duties.;Protect (PR);Identity Management and Access Control (PR.AC);;aws;;PASS;User demo-no-mfa-user does not have console access enabled or is unused.;arn:aws:iam::992275841864:user/demo-no-mfa-user;iam_user_console_access_unused;False;demo-no-mfa-user;NIST-CSF;National Institute of Standards and Technology (NIST) Cybersecurity Framework (CSF) v1.1;
aws;The NIST Cybersecurity Framework (CSF) is supported by governments and industries worldwide as a recommended baseline for use by any organization, regardless of sector or size. The NIST Cybersecurity Framework consists of three primary components: the framework core, the profiles, and the implementation tiers. The framework core contains desired cybersecurity activities and outcomes organized into 23 categories that cover the breadth of cybersecurity objectives for an organization. The profiles contain an organization's unique alignment of their organizational requirements and objectives, risk appetite, and resources using the desired outcomes of the framework core. The implementation tiers describe the degree to which an organization’s cybersecurity risk management practices exhibit the characteristics defined in the framework core.;992275841864;us-west-2;2026-08-18 15:47:07.870888;ac_1;Identities and credentials are issued, managed, verified, revoked, and audited for authorized devices, users and processes.;Protect (PR);Identity Management and Access Control (PR.AC);;aws;;PASS;User prowler-readonly does not have console access enabled or is unused.;arn:aws:iam::992275841864:user/prowler-readonly;iam_user_console_access_unused;False;prowler-readonly;NIST-CSF;National Institute of Standards and Technology (NIST) Cybersecurity Framework (CSF) v1.1;
aws;The NIST Cybersecurity Framework (CSF) is supported by governments and industries worldwide as a recommended baseline for use by any organization, regardless of sector or size. The NIST Cybersecurity Framework consists of three primary components: the framework core, the profiles, and the implementation tiers. The framework core contains desired cybersecurity activities and outcomes organized into 23 categories that cover the breadth of cybersecurity objectives for an organization. The profiles contain an organization's unique alignment of their organizational requirements and objectives, risk appetite, and resources using the desired outcomes of the framework core. The implementation tiers describe the degree to which an organization’s cybersecurity risk management practices exhibit the characteristics defined in the framework core.;992275841864;us-west-2;2026-08-18 15:47:07.870888;ac_4;Access permissions and authorizations are managed, incorporating the principles of least privilege and separation of duties.;Protect (PR);Identity Management and Access Control (PR.AC);;aws;;PASS;User prowler-readonly does not have console access enabled or is unused.;arn:aws:iam::992275841864:user/prowler-readonly;iam_user_console_access_unused;False;prowler-readonly;NIST-CSF;National Institute of Standards and Technology (NIST) Cybersecurity Framework (CSF) v1.1;
aws;The NIST Cybersecurity Framework (CSF) is supported by governments and industries worldwide as a recommended baseline for use by any organization, regardless of sector or size. The NIST Cybersecurity Framework consists of three primary components: the framework core, the profiles, and the implementation tiers. The framework core contains desired cybersecurity activities and outcomes organized into 23 categories that cover the breadth of cybersecurity objectives for an organization. The profiles contain an organization's unique alignment of their organizational requirements and objectives, risk appetite, and resources using the desired outcomes of the framework core. The implementation tiers describe the degree to which an organization’s cybersecurity risk management practices exhibit the characteristics defined in the framework core.;992275841864;us-west-2;2026-08-18 15:47:07.870888;ac_3;Remote access is managed.;Protect (PR);Identity Management and Access Control (PR.AC);;aws;;PASS;User demo-no-mfa-user does not have Console Password enabled.;arn:aws:iam::992275841864:user/demo-no-mfa-user;iam_user_mfa_enabled_console_access;False;demo-no-mfa-user;NIST-CSF;National Institute of Standards and Technology (NIST) Cybersecurity Framework (CSF) v1.1;
aws;The NIST Cybersecurity Framework (CSF) is supported by governments and industries worldwide as a recommended baseline for use by any organization, regardless of sector or size. The NIST Cybersecurity Framework consists of three primary components: the framework core, the profiles, and the implementation tiers. The framework core contains desired cybersecurity activities and outcomes organized into 23 categories that cover the breadth of cybersecurity objectives for an organization. The profiles contain an organization's unique alignment of their organizational requirements and objectives, risk appetite, and resources using the desired outcomes of the framework core. The implementation tiers describe the degree to which an organization’s cybersecurity risk management practices exhibit the characteristics defined in the framework core.;992275841864;us-west-2;2026-08-18 15:47:07.870888;ac_7;Users, devices, and other assets are authenticated (e.g., single-factor, multi-factor) commensurate with the risk of the transaction (e.g., individuals’ security and privacy risks and other organizational risks).;Protect (PR);Identity Management and Access Control (PR.AC);;iam;;PASS;User demo-no-mfa-user does not have Console Password enabled.;arn:aws:iam::992275841864:user/demo-no-mfa-user;iam_user_mfa_enabled_console_access;False;demo-no-mfa-user;NIST-CSF;National Institute of Standards and Technology (NIST) Cybersecurity Framework (CSF) v1.1;
aws;The NIST Cybersecurity Framework (CSF) is supported by governments and industries worldwide as a recommended baseline for use by any organization, regardless of sector or size. The NIST Cybersecurity Framework consists of three primary components: the framework core, the profiles, and the implementation tiers. The framework core contains desired cybersecurity activities and outcomes organized into 23 categories that cover the breadth of cybersecurity objectives for an organization. The profiles contain an organization's unique alignment of their organizational requirements and objectives, risk appetite, and resources using the desired outcomes of the framework core. The implementation tiers describe the degree to which an organization’s cybersecurity risk management practices exhibit the characteristics defined in the framework core.;992275841864;us-west-2;2026-08-18 15:47:07.870888;ac_3;Remote access is managed.;Protect (PR);Identity Management and Access Control (PR.AC);;aws;;PASS;User prowler-readonly does not have Console Password enabled.;arn:aws:iam::992275841864:user/prowler-readonly;iam_user_mfa_enabled_console_access;False;prowler-readonly;NIST-CSF;National Institute of Standards and Technology (NIST) Cybersecurity Framework (CSF) v1.1;
aws;The NIST Cybersecurity Framework (CSF) is supported by governments and industries worldwide as a recommended baseline for use by any organization, regardless of sector or size. The NIST Cybersecurity Framework consists of three primary components: the framework core, the profiles, and the implementation tiers. The framework core contains desired cybersecurity activities and outcomes organized into 23 categories that cover the breadth of cybersecurity objectives for an organization. The profiles contain an organization's unique alignment of their organizational requirements and objectives, risk appetite, and resources using the desired outcomes of the framework core. The implementation tiers describe the degree to which an organization’s cybersecurity risk management practices exhibit the characteristics defined in the framework core.;992275841864;us-west-2;2026-08-18 15:47:07.870888;ac_7;Users, devices, and other assets are authenticated (e.g., single-factor, multi-factor) commensurate with the risk of the transaction (e.g., individuals’ security and privacy risks and other organizational risks).;Protect (PR);Identity Management and Access Control (PR.AC);;iam;;PASS;User prowler-readonly does not have Console Password enabled.;arn:aws:iam::992275841864:user/prowler-readonly;iam_user_mfa_enabled_console_access;False;prowler-readonly;NIST-CSF;National Institute of Standards and Technology (NIST) Cybersecurity Framework (CSF) v1.1;
aws;The NIST Cybersecurity Framework (CSF) is supported by governments and industries worldwide as a recommended baseline for use by any organization, regardless of sector or size. The NIST Cybersecurity Framework consists of three primary components: the framework core, the profiles, and the implementation tiers. The framework core contains desired cybersecurity activities and outcomes organized into 23 categories that cover the breadth of cybersecurity objectives for an organization. The profiles contain an organization's unique alignment of their organizational requirements and objectives, risk appetite, and resources using the desired outcomes of the framework core. The implementation tiers describe the degree to which an organization’s cybersecurity risk management practices exhibit the characteristics defined in the framework core.;992275841864;us-west-2;2026-08-18 15:47:07.870888;ac_3;Remote access is managed.;Protect (PR);Identity Management and Access Control (PR.AC);;aws;;FAIL;Block Public Access is not configured for the account 992275841864.;arn:aws:s3:us-west-2:992275841864:account;s3_account_level_public_access_blocks;False;992275841864;NIST-CSF;National Institute of Standards and Technology (NIST) Cybersecurity Framework (CSF) v1.1;
aws;The NIST Cybersecurity Framework (CSF) is supported by governments and industries worldwide as a recommended baseline for use by any organization, regardless of sector or size. The NIST Cybersecurity Framework consists of three primary components: the framework core, the profiles, and the implementation tiers. The framework core contains desired cybersecurity activities and outcomes organized into 23 categories that cover the breadth of cybersecurity objectives for an organization. The profiles contain an organization's unique alignment of their organizational requirements and objectives, risk appetite, and resources using the desired outcomes of the framework core. The implementation tiers describe the degree to which an organization’s cybersecurity risk management practices exhibit the characteristics defined in the framework core.;992275841864;us-west-2;2026-08-18 15:47:07.870888;ac_5;Network integrity is protected (e.g., network segregation, network segmentation).;Protect (PR);Identity Management and Access Control (PR.AC);;aws;;FAIL;Block Public Access is not configured for the account 992275841864.;arn:aws:s3:us-west-2:992275841864:account;s3_account_level_public_access_blocks;False;992275841864;NIST-CSF;National Institute of Standards and Technology (NIST) Cybersecurity Framework (CSF) v1.1;
aws;The NIST Cybersecurity Framework (CSF) is supported by governments and industries worldwide as a recommended baseline for use by any organization, regardless of sector or size. The NIST Cybersecurity Framework consists of three primary components: the framework core, the profiles, and the implementation tiers. The framework core contains desired cybersecurity activities and outcomes organized into 23 categories that cover the breadth of cybersecurity objectives for an organization. The profiles contain an organization's unique alignment of their organizational requirements and objectives, risk appetite, and resources using the desired outcomes of the framework core. The implementation tiers describe the degree to which an organization’s cybersecurity risk management practices exhibit the characteristics defined in the framework core.;992275841864;us-west-2;2026-08-18 15:47:07.870888;ds_5;Protections against data leaks are implemented.;Protect (PR);Data Security (PR.DS);;aws;;FAIL;Block Public Access is not configured for the account 992275841864.;arn:aws:s3:us-west-2:992275841864:account;s3_account_level_public_access_blocks;False;992275841864;NIST-CSF;National Institute of Standards and Technology (NIST) Cybersecurity Framework (CSF) v1.1;
aws;The NIST Cybersecurity Framework (CSF) is supported by governments and industries worldwide as a recommended baseline for use by any organization, regardless of sector or size. The NIST Cybersecurity Framework consists of three primary components: the framework core, the profiles, and the implementation tiers. The framework core contains desired cybersecurity activities and outcomes organized into 23 categories that cover the breadth of cybersecurity objectives for an organization. The profiles contain an organization's unique alignment of their organizational requirements and objectives, risk appetite, and resources using the desired outcomes of the framework core. The implementation tiers describe the degree to which an organization’s cybersecurity risk management practices exhibit the characteristics defined in the framework core.;992275841864;us-west-2;2026-08-18 15:47:07.870888;ip_8;Effectiveness of protection technologies is shared.;Protect (PR);Information Protection Processes and Procedures (PR.IP);;aws;;FAIL;Block Public Access is not configured for the account 992275841864.;arn:aws:s3:us-west-2:992275841864:account;s3_account_level_public_access_blocks;False;992275841864;NIST-CSF;National Institute of Standards and Technology (NIST) Cybersecurity Framework (CSF) v1.1;
aws;The NIST Cybersecurity Framework (CSF) is supported by governments and industries worldwide as a recommended baseline for use by any organization, regardless of sector or size. The NIST Cybersecurity Framework consists of three primary components: the framework core, the profiles, and the implementation tiers. The framework core contains desired cybersecurity activities and outcomes organized into 23 categories that cover the breadth of cybersecurity objectives for an organization. The profiles contain an organization's unique alignment of their organizational requirements and objectives, risk appetite, and resources using the desired outcomes of the framework core. The implementation tiers describe the degree to which an organization’s cybersecurity risk management practices exhibit the characteristics defined in the framework core.;992275841864;us-west-2;2026-08-18 15:47:07.870888;pt_3;The principle of least functionality is incorporated by configuring systems to provide only essential capabilities.;Protect (PR);Protective Technology (PR.PT);;aws;;FAIL;Block Public Access is not configured for the account 992275841864.;arn:aws:s3:us-west-2:992275841864:account;s3_account_level_public_access_blocks;False;992275841864;NIST-CSF;National Institute of Standards and Technology (NIST) Cybersecurity Framework (CSF) v1.1;
aws;The NIST Cybersecurity Framework (CSF) is supported by governments and industries worldwide as a recommended baseline for use by any organization, regardless of sector or size. The NIST Cybersecurity Framework consists of three primary components: the framework core, the profiles, and the implementation tiers. The framework core contains desired cybersecurity activities and outcomes organized into 23 categories that cover the breadth of cybersecurity objectives for an organization. The profiles contain an organization's unique alignment of their organizational requirements and objectives, risk appetite, and resources using the desired outcomes of the framework core. The implementation tiers describe the degree to which an organization’s cybersecurity risk management practices exhibit the characteristics defined in the framework core.;992275841864;us-west-2;2026-08-18 15:47:07.870888;ds_1;Data-at-rest is protected.;Protect (PR);Data Security (PR.DS);;aws;;PASS;S3 Bucket eg-prowler-demo-intentionally-vulnerable has Server Side Encryption with AES256.;arn:aws:s3:::eg-prowler-demo-intentionally-vulnerable;s3_bucket_default_encryption;False;eg-prowler-demo-intentionally-vulnerable;NIST-CSF;National Institute of Standards and Technology (NIST) Cybersecurity Framework (CSF) v1.1;
aws;The NIST Cybersecurity Framework (CSF) is supported by governments and industries worldwide as a recommended baseline for use by any organization, regardless of sector or size. The NIST Cybersecurity Framework consists of three primary components: the framework core, the profiles, and the implementation tiers. The framework core contains desired cybersecurity activities and outcomes organized into 23 categories that cover the breadth of cybersecurity objectives for an organization. The profiles contain an organization's unique alignment of their organizational requirements and objectives, risk appetite, and resources using the desired outcomes of the framework core. The implementation tiers describe the degree to which an organization’s cybersecurity risk management practices exhibit the characteristics defined in the framework core.;992275841864;us-west-2;2026-08-18 15:47:07.870888;be_5;Resilience requirements to support delivery of critical services are established for all operating states (e.g. under duress/attack, during recovery, normal operations);Identify (ID);Business Environment (ID.BE);;aws;;FAIL;S3 Bucket eg-prowler-demo-intentionally-vulnerable has versioning disabled.;arn:aws:s3:::eg-prowler-demo-intentionally-vulnerable;s3_bucket_object_versioning;False;eg-prowler-demo-intentionally-vulnerable;NIST-CSF;National Institute of Standards and Technology (NIST) Cybersecurity Framework (CSF) v1.1;
aws;The NIST Cybersecurity Framework (CSF) is supported by governments and industries worldwide as a recommended baseline for use by any organization, regardless of sector or size. The NIST Cybersecurity Framework consists of three primary components: the framework core, the profiles, and the implementation tiers. The framework core contains desired cybersecurity activities and outcomes organized into 23 categories that cover the breadth of cybersecurity objectives for an organization. The profiles contain an organization's unique alignment of their organizational requirements and objectives, risk appetite, and resources using the desired outcomes of the framework core. The implementation tiers describe the degree to which an organization’s cybersecurity risk management practices exhibit the characteristics defined in the framework core.;992275841864;us-west-2;2026-08-18 15:47:07.870888;ds_4;Adequate capacity to ensure availability is maintained.;Protect (PR);Data Security (PR.DS);;aws;;FAIL;S3 Bucket eg-prowler-demo-intentionally-vulnerable has versioning disabled.;arn:aws:s3:::eg-prowler-demo-intentionally-vulnerable;s3_bucket_object_versioning;False;eg-prowler-demo-intentionally-vulnerable;NIST-CSF;National Institute of Standards and Technology (NIST) Cybersecurity Framework (CSF) v1.1;
aws;The NIST Cybersecurity Framework (CSF) is supported by governments and industries worldwide as a recommended baseline for use by any organization, regardless of sector or size. The NIST Cybersecurity Framework consists of three primary components: the framework core, the profiles, and the implementation tiers. The framework core contains desired cybersecurity activities and outcomes organized into 23 categories that cover the breadth of cybersecurity objectives for an organization. The profiles contain an organization's unique alignment of their organizational requirements and objectives, risk appetite, and resources using the desired outcomes of the framework core. The implementation tiers describe the degree to which an organization’s cybersecurity risk management practices exhibit the characteristics defined in the framework core.;992275841864;us-west-2;2026-08-18 15:47:07.870888;ip_4;Backups of information are conducted, maintained, and tested periodically.;Protect (PR);Information Protection Processes and Procedures (PR.IP);;aws;;FAIL;S3 Bucket eg-prowler-demo-intentionally-vulnerable has versioning disabled.;arn:aws:s3:::eg-prowler-demo-intentionally-vulnerable;s3_bucket_object_versioning;False;eg-prowler-demo-intentionally-vulnerable;NIST-CSF;National Institute of Standards and Technology (NIST) Cybersecurity Framework (CSF) v1.1;
aws;The NIST Cybersecurity Framework (CSF) is supported by governments and industries worldwide as a recommended baseline for use by any organization, regardless of sector or size. The NIST Cybersecurity Framework consists of three primary components: the framework core, the profiles, and the implementation tiers. The framework core contains desired cybersecurity activities and outcomes organized into 23 categories that cover the breadth of cybersecurity objectives for an organization. The profiles contain an organization's unique alignment of their organizational requirements and objectives, risk appetite, and resources using the desired outcomes of the framework core. The implementation tiers describe the degree to which an organization’s cybersecurity risk management practices exhibit the characteristics defined in the framework core.;992275841864;us-west-2;2026-08-18 15:47:07.870888;ip_9;Response plans (Incident Response and Business Continuity) and recovery plans (Incident Recovery and Disaster Recovery) are in place and managed.;Protect (PR);Information Protection Processes and Procedures (PR.IP);;aws;;FAIL;S3 Bucket eg-prowler-demo-intentionally-vulnerable has versioning disabled.;arn:aws:s3:::eg-prowler-demo-intentionally-vulnerable;s3_bucket_object_versioning;False;eg-prowler-demo-intentionally-vulnerable;NIST-CSF;National Institute of Standards and Technology (NIST) Cybersecurity Framework (CSF) v1.1;
aws;The NIST Cybersecurity Framework (CSF) is supported by governments and industries worldwide as a recommended baseline for use by any organization, regardless of sector or size. The NIST Cybersecurity Framework consists of three primary components: the framework core, the profiles, and the implementation tiers. The framework core contains desired cybersecurity activities and outcomes organized into 23 categories that cover the breadth of cybersecurity objectives for an organization. The profiles contain an organization's unique alignment of their organizational requirements and objectives, risk appetite, and resources using the desired outcomes of the framework core. The implementation tiers describe the degree to which an organization’s cybersecurity risk management practices exhibit the characteristics defined in the framework core.;992275841864;us-west-2;2026-08-18 15:47:07.870888;pt_5;Mechanisms (e.g., failsafe, load balancing, hot swap) are implemented to achieve resilience requirements in normal and adverse situations.;Protect (PR);Protective Technology (PR.PT);;aws;;FAIL;S3 Bucket eg-prowler-demo-intentionally-vulnerable has versioning disabled.;arn:aws:s3:::eg-prowler-demo-intentionally-vulnerable;s3_bucket_object_versioning;False;eg-prowler-demo-intentionally-vulnerable;NIST-CSF;National Institute of Standards and Technology (NIST) Cybersecurity Framework (CSF) v1.1;
aws;The NIST Cybersecurity Framework (CSF) is supported by governments and industries worldwide as a recommended baseline for use by any organization, regardless of sector or size. The NIST Cybersecurity Framework consists of three primary components: the framework core, the profiles, and the implementation tiers. The framework core contains desired cybersecurity activities and outcomes organized into 23 categories that cover the breadth of cybersecurity objectives for an organization. The profiles contain an organization's unique alignment of their organizational requirements and objectives, risk appetite, and resources using the desired outcomes of the framework core. The implementation tiers describe the degree to which an organization’s cybersecurity risk management practices exhibit the characteristics defined in the framework core.;992275841864;us-west-2;2026-08-18 15:47:07.870888;rp_1;Recovery plan is executed during or after a cybersecurity incident.;Recover (RC);Recovery Planning (RC.RP);;aws;;FAIL;S3 Bucket eg-prowler-demo-intentionally-vulnerable has versioning disabled.;arn:aws:s3:::eg-prowler-demo-intentionally-vulnerable;s3_bucket_object_versioning;False;eg-prowler-demo-intentionally-vulnerable;NIST-CSF;National Institute of Standards and Technology (NIST) Cybersecurity Framework (CSF) v1.1;
aws;The NIST Cybersecurity Framework (CSF) is supported by governments and industries worldwide as a recommended baseline for use by any organization, regardless of sector or size. The NIST Cybersecurity Framework consists of three primary components: the framework core, the profiles, and the implementation tiers. The framework core contains desired cybersecurity activities and outcomes organized into 23 categories that cover the breadth of cybersecurity objectives for an organization. The profiles contain an organization's unique alignment of their organizational requirements and objectives, risk appetite, and resources using the desired outcomes of the framework core. The implementation tiers describe the degree to which an organization’s cybersecurity risk management practices exhibit the characteristics defined in the framework core.;992275841864;us-west-2;2026-08-18 15:47:07.870888;rp_1;Response plan is executed during or after an incident.;Respond (RS);Response Planning (RS.RP);;aws;;FAIL;S3 Bucket eg-prowler-demo-intentionally-vulnerable has versioning disabled.;arn:aws:s3:::eg-prowler-demo-intentionally-vulnerable;s3_bucket_object_versioning;False;eg-prowler-demo-intentionally-vulnerable;NIST-CSF;National Institute of Standards and Technology (NIST) Cybersecurity Framework (CSF) v1.1;
aws;The NIST Cybersecurity Framework (CSF) is supported by governments and industries worldwide as a recommended baseline for use by any organization, regardless of sector or size. The NIST Cybersecurity Framework consists of three primary components: the framework core, the profiles, and the implementation tiers. The framework core contains desired cybersecurity activities and outcomes organized into 23 categories that cover the breadth of cybersecurity objectives for an organization. The profiles contain an organization's unique alignment of their organizational requirements and objectives, risk appetite, and resources using the desired outcomes of the framework core. The implementation tiers describe the degree to which an organization’s cybersecurity risk management practices exhibit the characteristics defined in the framework core.;992275841864;us-west-2;2026-08-18 15:47:07.870888;ac_3;Remote access is managed.;Protect (PR);Identity Management and Access Control (PR.AC);;aws;;PASS;S3 Bucket eg-prowler-demo-intentionally-vulnerable does not have a bucket policy.;arn:aws:s3:::eg-prowler-demo-intentionally-vulnerable;s3_bucket_policy_public_write_access;False;eg-prowler-demo-intentionally-vulnerable;NIST-CSF;National Institute of Standards and Technology (NIST) Cybersecurity Framework (CSF) v1.1;
aws;The NIST Cybersecurity Framework (CSF) is supported by governments and industries worldwide as a recommended baseline for use by any organization, regardless of sector or size. The NIST Cybersecurity Framework consists of three primary components: the framework core, the profiles, and the implementation tiers. The framework core contains desired cybersecurity activities and outcomes organized into 23 categories that cover the breadth of cybersecurity objectives for an organization. The profiles contain an organization's unique alignment of their organizational requirements and objectives, risk appetite, and resources using the desired outcomes of the framework core. The implementation tiers describe the degree to which an organization’s cybersecurity risk management practices exhibit the characteristics defined in the framework core.;992275841864;us-west-2;2026-08-18 15:47:07.870888;ac_5;Network integrity is protected (e.g., network segregation, network segmentation).;Protect (PR);Identity Management and Access Control (PR.AC);;aws;;PASS;S3 Bucket eg-prowler-demo-intentionally-vulnerable does not have a bucket policy.;arn:aws:s3:::eg-prowler-demo-intentionally-vulnerable;s3_bucket_policy_public_write_access;False;eg-prowler-demo-intentionally-vulnerable;NIST-CSF;National Institute of Standards and Technology (NIST) Cybersecurity Framework (CSF) v1.1;
aws;The NIST Cybersecurity Framework (CSF) is supported by governments and industries worldwide as a recommended baseline for use by any organization, regardless of sector or size. The NIST Cybersecurity Framework consists of three primary components: the framework core, the profiles, and the implementation tiers. The framework core contains desired cybersecurity activities and outcomes organized into 23 categories that cover the breadth of cybersecurity objectives for an organization. The profiles contain an organization's unique alignment of their organizational requirements and objectives, risk appetite, and resources using the desired outcomes of the framework core. The implementation tiers describe the degree to which an organization’s cybersecurity risk management practices exhibit the characteristics defined in the framework core.;992275841864;us-west-2;2026-08-18 15:47:07.870888;ds_5;Protections against data leaks are implemented.;Protect (PR);Data Security (PR.DS);;aws;;PASS;S3 Bucket eg-prowler-demo-intentionally-vulnerable does not have a bucket policy.;arn:aws:s3:::eg-prowler-demo-intentionally-vulnerable;s3_bucket_policy_public_write_access;False;eg-prowler-demo-intentionally-vulnerable;NIST-CSF;National Institute of Standards and Technology (NIST) Cybersecurity Framework (CSF) v1.1;
aws;The NIST Cybersecurity Framework (CSF) is supported by governments and industries worldwide as a recommended baseline for use by any organization, regardless of sector or size. The NIST Cybersecurity Framework consists of three primary components: the framework core, the profiles, and the implementation tiers. The framework core contains desired cybersecurity activities and outcomes organized into 23 categories that cover the breadth of cybersecurity objectives for an organization. The profiles contain an organization's unique alignment of their organizational requirements and objectives, risk appetite, and resources using the desired outcomes of the framework core. The implementation tiers describe the degree to which an organization’s cybersecurity risk management practices exhibit the characteristics defined in the framework core.;992275841864;us-west-2;2026-08-18 15:47:07.870888;ip_8;Effectiveness of protection technologies is shared.;Protect (PR);Information Protection Processes and Procedures (PR.IP);;aws;;PASS;S3 Bucket eg-prowler-demo-intentionally-vulnerable does not have a bucket policy.;arn:aws:s3:::eg-prowler-demo-intentionally-vulnerable;s3_bucket_policy_public_write_access;False;eg-prowler-demo-intentionally-vulnerable;NIST-CSF;National Institute of Standards and Technology (NIST) Cybersecurity Framework (CSF) v1.1;
aws;The NIST Cybersecurity Framework (CSF) is supported by governments and industries worldwide as a recommended baseline for use by any organization, regardless of sector or size. The NIST Cybersecurity Framework consists of three primary components: the framework core, the profiles, and the implementation tiers. The framework core contains desired cybersecurity activities and outcomes organized into 23 categories that cover the breadth of cybersecurity objectives for an organization. The profiles contain an organization's unique alignment of their organizational requirements and objectives, risk appetite, and resources using the desired outcomes of the framework core. The implementation tiers describe the degree to which an organization’s cybersecurity risk management practices exhibit the characteristics defined in the framework core.;992275841864;us-west-2;2026-08-18 15:47:07.870888;pt_3;The principle of least functionality is incorporated by configuring systems to provide only essential capabilities.;Protect (PR);Protective Technology (PR.PT);;aws;;PASS;S3 Bucket eg-prowler-demo-intentionally-vulnerable does not have a bucket policy.;arn:aws:s3:::eg-prowler-demo-intentionally-vulnerable;s3_bucket_policy_public_write_access;False;eg-prowler-demo-intentionally-vulnerable;NIST-CSF;National Institute of Standards and Technology (NIST) Cybersecurity Framework (CSF) v1.1;
aws;The NIST Cybersecurity Framework (CSF) is supported by governments and industries worldwide as a recommended baseline for use by any organization, regardless of sector or size. The NIST Cybersecurity Framework consists of three primary components: the framework core, the profiles, and the implementation tiers. The framework core contains desired cybersecurity activities and outcomes organized into 23 categories that cover the breadth of cybersecurity objectives for an organization. The profiles contain an organization's unique alignment of their organizational requirements and objectives, risk appetite, and resources using the desired outcomes of the framework core. The implementation tiers describe the degree to which an organization’s cybersecurity risk management practices exhibit the characteristics defined in the framework core.;992275841864;us-west-2;2026-08-18 15:47:07.870888;ac_3;Remote access is managed.;Protect (PR);Identity Management and Access Control (PR.AC);;aws;;PASS;S3 Bucket eg-prowler-demo-intentionally-vulnerable is not public.;arn:aws:s3:::eg-prowler-demo-intentionally-vulnerable;s3_bucket_public_access;False;eg-prowler-demo-intentionally-vulnerable;NIST-CSF;National Institute of Standards and Technology (NIST) Cybersecurity Framework (CSF) v1.1;
aws;The NIST Cybersecurity Framework (CSF) is supported by governments and industries worldwide as a recommended baseline for use by any organization, regardless of sector or size. The NIST Cybersecurity Framework consists of three primary components: the framework core, the profiles, and the implementation tiers. The framework core contains desired cybersecurity activities and outcomes organized into 23 categories that cover the breadth of cybersecurity objectives for an organization. The profiles contain an organization's unique alignment of their organizational requirements and objectives, risk appetite, and resources using the desired outcomes of the framework core. The implementation tiers describe the degree to which an organization’s cybersecurity risk management practices exhibit the characteristics defined in the framework core.;992275841864;us-west-2;2026-08-18 15:47:07.870888;ac_5;Network integrity is protected (e.g., network segregation, network segmentation).;Protect (PR);Identity Management and Access Control (PR.AC);;aws;;PASS;S3 Bucket eg-prowler-demo-intentionally-vulnerable is not public.;arn:aws:s3:::eg-prowler-demo-intentionally-vulnerable;s3_bucket_public_access;False;eg-prowler-demo-intentionally-vulnerable;NIST-CSF;National Institute of Standards and Technology (NIST) Cybersecurity Framework (CSF) v1.1;
aws;The NIST Cybersecurity Framework (CSF) is supported by governments and industries worldwide as a recommended baseline for use by any organization, regardless of sector or size. The NIST Cybersecurity Framework consists of three primary components: the framework core, the profiles, and the implementation tiers. The framework core contains desired cybersecurity activities and outcomes organized into 23 categories that cover the breadth of cybersecurity objectives for an organization. The profiles contain an organization's unique alignment of their organizational requirements and objectives, risk appetite, and resources using the desired outcomes of the framework core. The implementation tiers describe the degree to which an organization’s cybersecurity risk management practices exhibit the characteristics defined in the framework core.;992275841864;us-west-2;2026-08-18 15:47:07.870888;ds_5;Protections against data leaks are implemented.;Protect (PR);Data Security (PR.DS);;aws;;PASS;S3 Bucket eg-prowler-demo-intentionally-vulnerable is not public.;arn:aws:s3:::eg-prowler-demo-intentionally-vulnerable;s3_bucket_public_access;False;eg-prowler-demo-intentionally-vulnerable;NIST-CSF;National Institute of Standards and Technology (NIST) Cybersecurity Framework (CSF) v1.1;
aws;The NIST Cybersecurity Framework (CSF) is supported by governments and industries worldwide as a recommended baseline for use by any organization, regardless of sector or size. The NIST Cybersecurity Framework consists of three primary components: the framework core, the profiles, and the implementation tiers. The framework core contains desired cybersecurity activities and outcomes organized into 23 categories that cover the breadth of cybersecurity objectives for an organization. The profiles contain an organization's unique alignment of their organizational requirements and objectives, risk appetite, and resources using the desired outcomes of the framework core. The implementation tiers describe the degree to which an organization’s cybersecurity risk management practices exhibit the characteristics defined in the framework core.;992275841864;us-west-2;2026-08-18 15:47:07.870888;ip_8;Effectiveness of protection technologies is shared.;Protect (PR);Information Protection Processes and Procedures (PR.IP);;aws;;PASS;S3 Bucket eg-prowler-demo-intentionally-vulnerable is not public.;arn:aws:s3:::eg-prowler-demo-intentionally-vulnerable;s3_bucket_public_access;False;eg-prowler-demo-intentionally-vulnerable;NIST-CSF;National Institute of Standards and Technology (NIST) Cybersecurity Framework (CSF) v1.1;
aws;The NIST Cybersecurity Framework (CSF) is supported by governments and industries worldwide as a recommended baseline for use by any organization, regardless of sector or size. The NIST Cybersecurity Framework consists of three primary components: the framework core, the profiles, and the implementation tiers. The framework core contains desired cybersecurity activities and outcomes organized into 23 categories that cover the breadth of cybersecurity objectives for an organization. The profiles contain an organization's unique alignment of their organizational requirements and objectives, risk appetite, and resources using the desired outcomes of the framework core. The implementation tiers describe the degree to which an organization’s cybersecurity risk management practices exhibit the characteristics defined in the framework core.;992275841864;us-west-2;2026-08-18 15:47:07.870888;pt_3;The principle of least functionality is incorporated by configuring systems to provide only essential capabilities.;Protect (PR);Protective Technology (PR.PT);;aws;;PASS;S3 Bucket eg-prowler-demo-intentionally-vulnerable is not public.;arn:aws:s3:::eg-prowler-demo-intentionally-vulnerable;s3_bucket_public_access;False;eg-prowler-demo-intentionally-vulnerable;NIST-CSF;National Institute of Standards and Technology (NIST) Cybersecurity Framework (CSF) v1.1;
aws;The NIST Cybersecurity Framework (CSF) is supported by governments and industries worldwide as a recommended baseline for use by any organization, regardless of sector or size. The NIST Cybersecurity Framework consists of three primary components: the framework core, the profiles, and the implementation tiers. The framework core contains desired cybersecurity activities and outcomes organized into 23 categories that cover the breadth of cybersecurity objectives for an organization. The profiles contain an organization's unique alignment of their organizational requirements and objectives, risk appetite, and resources using the desired outcomes of the framework core. The implementation tiers describe the degree to which an organization’s cybersecurity risk management practices exhibit the characteristics defined in the framework core.;992275841864;us-west-2;2026-08-18 15:47:07.870888;ds_2;Data-in-transit is protected.;Protect (PR);Data Security (PR.DS);;aws;;FAIL;S3 Bucket eg-prowler-demo-intentionally-vulnerable does not have a bucket policy, thus it allows HTTP requests.;arn:aws:s3:::eg-prowler-demo-intentionally-vulnerable;s3_bucket_secure_transport_policy;False;eg-prowler-demo-intentionally-vulnerable;NIST-CSF;National Institute of Standards and Technology (NIST) Cybersecurity Framework (CSF) v1.1;
aws;The NIST Cybersecurity Framework (CSF) is supported by governments and industries worldwide as a recommended baseline for use by any organization, regardless of sector or size. The NIST Cybersecurity Framework consists of three primary components: the framework core, the profiles, and the implementation tiers. The framework core contains desired cybersecurity activities and outcomes organized into 23 categories that cover the breadth of cybersecurity objectives for an organization. The profiles contain an organization's unique alignment of their organizational requirements and objectives, risk appetite, and resources using the desired outcomes of the framework core. The implementation tiers describe the degree to which an organization’s cybersecurity risk management practices exhibit the characteristics defined in the framework core.;992275841864;us-west-2;2026-08-18 15:47:07.870888;ae_1;A baseline of network operations and expected data flows for users and systems is established and managed.;Detect (DE);Anomalies and Events (DE.AE);;aws;;FAIL;S3 Bucket eg-prowler-demo-intentionally-vulnerable has server access logging disabled.;arn:aws:s3:::eg-prowler-demo-intentionally-vulnerable;s3_bucket_server_access_logging_enabled;False;eg-prowler-demo-intentionally-vulnerable;NIST-CSF;National Institute of Standards and Technology (NIST) Cybersecurity Framework (CSF) v1.1;
aws;The NIST Cybersecurity Framework (CSF) is supported by governments and industries worldwide as a recommended baseline for use by any organization, regardless of sector or size. The NIST Cybersecurity Framework consists of three primary components: the framework core, the profiles, and the implementation tiers. The framework core contains desired cybersecurity activities and outcomes organized into 23 categories that cover the breadth of cybersecurity objectives for an organization. The profiles contain an organization's unique alignment of their organizational requirements and objectives, risk appetite, and resources using the desired outcomes of the framework core. The implementation tiers describe the degree to which an organization’s cybersecurity risk management practices exhibit the characteristics defined in the framework core.;992275841864;us-west-2;2026-08-18 15:47:07.870888;ae_3;Event data are collected and correlated from multiple sources and sensors.;Detect (DE);Anomalies and Events (DE.AE);;aws;;FAIL;S3 Bucket eg-prowler-demo-intentionally-vulnerable has server access logging disabled.;arn:aws:s3:::eg-prowler-demo-intentionally-vulnerable;s3_bucket_server_access_logging_enabled;False;eg-prowler-demo-intentionally-vulnerable;NIST-CSF;National Institute of Standards and Technology (NIST) Cybersecurity Framework (CSF) v1.1;
aws;The NIST Cybersecurity Framework (CSF) is supported by governments and industries worldwide as a recommended baseline for use by any organization, regardless of sector or size. The NIST Cybersecurity Framework consists of three primary components: the framework core, the profiles, and the implementation tiers. The framework core contains desired cybersecurity activities and outcomes organized into 23 categories that cover the breadth of cybersecurity objectives for an organization. The profiles contain an organization's unique alignment of their organizational requirements and objectives, risk appetite, and resources using the desired outcomes of the framework core. The implementation tiers describe the degree to which an organization’s cybersecurity risk management practices exhibit the characteristics defined in the framework core.;992275841864;us-west-2;2026-08-18 15:47:07.870888;ae_4;Impact of events is determined.;Detect (DE);Anomalies and Events (DE.AE);;aws;;FAIL;S3 Bucket eg-prowler-demo-intentionally-vulnerable has server access logging disabled.;arn:aws:s3:::eg-prowler-demo-intentionally-vulnerable;s3_bucket_server_access_logging_enabled;False;eg-prowler-demo-intentionally-vulnerable;NIST-CSF;National Institute of Standards and Technology (NIST) Cybersecurity Framework (CSF) v1.1;
aws;The NIST Cybersecurity Framework (CSF) is supported by governments and industries worldwide as a recommended baseline for use by any organization, regardless of sector or size. The NIST Cybersecurity Framework consists of three primary components: the framework core, the profiles, and the implementation tiers. The framework core contains desired cybersecurity activities and outcomes organized into 23 categories that cover the breadth of cybersecurity objectives for an organization. The profiles contain an organization's unique alignment of their organizational requirements and objectives, risk appetite, and resources using the desired outcomes of the framework core. The implementation tiers describe the degree to which an organization’s cybersecurity risk management practices exhibit the characteristics defined in the framework core.;992275841864;us-west-2;2026-08-18 15:47:07.870888;cm_1;The network is monitored to detect potential cybersecurity events.;Detect (DE);Security Continuous Monitoring (DE.CM);;aws;;FAIL;S3 Bucket eg-prowler-demo-intentionally-vulnerable has server access logging disabled.;arn:aws:s3:::eg-prowler-demo-intentionally-vulnerable;s3_bucket_server_access_logging_enabled;False;eg-prowler-demo-intentionally-vulnerable;NIST-CSF;National Institute of Standards and Technology (NIST) Cybersecurity Framework (CSF) v1.1;
aws;The NIST Cybersecurity Framework (CSF) is supported by governments and industries worldwide as a recommended baseline for use by any organization, regardless of sector or size. The NIST Cybersecurity Framework consists of three primary components: the framework core, the profiles, and the implementation tiers. The framework core contains desired cybersecurity activities and outcomes organized into 23 categories that cover the breadth of cybersecurity objectives for an organization. The profiles contain an organization's unique alignment of their organizational requirements and objectives, risk appetite, and resources using the desired outcomes of the framework core. The implementation tiers describe the degree to which an organization’s cybersecurity risk management practices exhibit the characteristics defined in the framework core.;992275841864;us-west-2;2026-08-18 15:47:07.870888;cm_3;Personnel activity is monitored to detect potential cybersecurity events.;Detect (DE);Security Continuous Monitoring (DE.CM);;aws;;FAIL;S3 Bucket eg-prowler-demo-intentionally-vulnerable has server access logging disabled.;arn:aws:s3:::eg-prowler-demo-intentionally-vulnerable;s3_bucket_server_access_logging_enabled;False;eg-prowler-demo-intentionally-vulnerable;NIST-CSF;National Institute of Standards and Technology (NIST) Cybersecurity Framework (CSF) v1.1;
aws;The NIST Cybersecurity Framework (CSF) is supported by governments and industries worldwide as a recommended baseline for use by any organization, regardless of sector or size. The NIST Cybersecurity Framework consists of three primary components: the framework core, the profiles, and the implementation tiers. The framework core contains desired cybersecurity activities and outcomes organized into 23 categories that cover the breadth of cybersecurity objectives for an organization. The profiles contain an organization's unique alignment of their organizational requirements and objectives, risk appetite, and resources using the desired outcomes of the framework core. The implementation tiers describe the degree to which an organization’s cybersecurity risk management practices exhibit the characteristics defined in the framework core.;992275841864;us-west-2;2026-08-18 15:47:07.870888;cm_6;External service provider activity is monitored to detect potential cybersecurity events.;Detect (DE);Security Continuous Monitoring (DE.CM);;aws;;FAIL;S3 Bucket eg-prowler-demo-intentionally-vulnerable has server access logging disabled.;arn:aws:s3:::eg-prowler-demo-intentionally-vulnerable;s3_bucket_server_access_logging_enabled;False;eg-prowler-demo-intentionally-vulnerable;NIST-CSF;National Institute of Standards and Technology (NIST) Cybersecurity Framework (CSF) v1.1;
aws;The NIST Cybersecurity Framework (CSF) is supported by governments and industries worldwide as a recommended baseline for use by any organization, regardless of sector or size. The NIST Cybersecurity Framework consists of three primary components: the framework core, the profiles, and the implementation tiers. The framework core contains desired cybersecurity activities and outcomes organized into 23 categories that cover the breadth of cybersecurity objectives for an organization. The profiles contain an organization's unique alignment of their organizational requirements and objectives, risk appetite, and resources using the desired outcomes of the framework core. The implementation tiers describe the degree to which an organization’s cybersecurity risk management practices exhibit the characteristics defined in the framework core.;992275841864;us-west-2;2026-08-18 15:47:07.870888;cm_7;Monitoring for unauthorized personnel, connections, devices, and software is performed.;Detect (DE);Security Continuous Monitoring (DE.CM);;aws;;FAIL;S3 Bucket eg-prowler-demo-intentionally-vulnerable has server access logging disabled.;arn:aws:s3:::eg-prowler-demo-intentionally-vulnerable;s3_bucket_server_access_logging_enabled;False;eg-prowler-demo-intentionally-vulnerable;NIST-CSF;National Institute of Standards and Technology (NIST) Cybersecurity Framework (CSF) v1.1;
aws;The NIST Cybersecurity Framework (CSF) is supported by governments and industries worldwide as a recommended baseline for use by any organization, regardless of sector or size. The NIST Cybersecurity Framework consists of three primary components: the framework core, the profiles, and the implementation tiers. The framework core contains desired cybersecurity activities and outcomes organized into 23 categories that cover the breadth of cybersecurity objectives for an organization. The profiles contain an organization's unique alignment of their organizational requirements and objectives, risk appetite, and resources using the desired outcomes of the framework core. The implementation tiers describe the degree to which an organization’s cybersecurity risk management practices exhibit the characteristics defined in the framework core.;992275841864;us-west-2;2026-08-18 15:47:07.870888;am_3;Organizational communication and data flows are mapped.;Identify (ID);Asset Management (ID.AM);;aws;;FAIL;S3 Bucket eg-prowler-demo-intentionally-vulnerable has server access logging disabled.;arn:aws:s3:::eg-prowler-demo-intentionally-vulnerable;s3_bucket_server_access_logging_enabled;False;eg-prowler-demo-intentionally-vulnerable;NIST-CSF;National Institute of Standards and Technology (NIST) Cybersecurity Framework (CSF) v1.1;
aws;The NIST Cybersecurity Framework (CSF) is supported by governments and industries worldwide as a recommended baseline for use by any organization, regardless of sector or size. The NIST Cybersecurity Framework consists of three primary components: the framework core, the profiles, and the implementation tiers. The framework core contains desired cybersecurity activities and outcomes organized into 23 categories that cover the breadth of cybersecurity objectives for an organization. The profiles contain an organization's unique alignment of their organizational requirements and objectives, risk appetite, and resources using the desired outcomes of the framework core. The implementation tiers describe the degree to which an organization’s cybersecurity risk management practices exhibit the characteristics defined in the framework core.;992275841864;us-west-2;2026-08-18 15:47:07.870888;ac_6;Identities are proofed and bound to credentials and asserted in interactions.;Protect (PR);Identity Management and Access Control (PR.AC);;aws;;FAIL;S3 Bucket eg-prowler-demo-intentionally-vulnerable has server access logging disabled.;arn:aws:s3:::eg-prowler-demo-intentionally-vulnerable;s3_bucket_server_access_logging_enabled;False;eg-prowler-demo-intentionally-vulnerable;NIST-CSF;National Institute of Standards and Technology (NIST) Cybersecurity Framework (CSF) v1.1;
aws;The NIST Cybersecurity Framework (CSF) is supported by governments and industries worldwide as a recommended baseline for use by any organization, regardless of sector or size. The NIST Cybersecurity Framework consists of three primary components: the framework core, the profiles, and the implementation tiers. The framework core contains desired cybersecurity activities and outcomes organized into 23 categories that cover the breadth of cybersecurity objectives for an organization. The profiles contain an organization's unique alignment of their organizational requirements and objectives, risk appetite, and resources using the desired outcomes of the framework core. The implementation tiers describe the degree to which an organization’s cybersecurity risk management practices exhibit the characteristics defined in the framework core.;992275841864;us-west-2;2026-08-18 15:47:07.870888;ds_5;Protections against data leaks are implemented.;Protect (PR);Data Security (PR.DS);;aws;;FAIL;S3 Bucket eg-prowler-demo-intentionally-vulnerable has server access logging disabled.;arn:aws:s3:::eg-prowler-demo-intentionally-vulnerable;s3_bucket_server_access_logging_enabled;False;eg-prowler-demo-intentionally-vulnerable;NIST-CSF;National Institute of Standards and Technology (NIST) Cybersecurity Framework (CSF) v1.1;
aws;The NIST Cybersecurity Framework (CSF) is supported by governments and industries worldwide as a recommended baseline for use by any organization, regardless of sector or size. The NIST Cybersecurity Framework consists of three primary components: the framework core, the profiles, and the implementation tiers. The framework core contains desired cybersecurity activities and outcomes organized into 23 categories that cover the breadth of cybersecurity objectives for an organization. The profiles contain an organization's unique alignment of their organizational requirements and objectives, risk appetite, and resources using the desired outcomes of the framework core. The implementation tiers describe the degree to which an organization’s cybersecurity risk management practices exhibit the characteristics defined in the framework core.;992275841864;us-west-2;2026-08-18 15:47:07.870888;pt_1;Audit/log records are determined, documented, implemented, and reviewed in accordance with policy.;Protect (PR);Protective Technology (PR.PT);;aws;;FAIL;S3 Bucket eg-prowler-demo-intentionally-vulnerable has server access logging disabled.;arn:aws:s3:::eg-prowler-demo-intentionally-vulnerable;s3_bucket_server_access_logging_enabled;False;eg-prowler-demo-intentionally-vulnerable;NIST-CSF;National Institute of Standards and Technology (NIST) Cybersecurity Framework (CSF) v1.1;
aws;The NIST Cybersecurity Framework (CSF) is supported by governments and industries worldwide as a recommended baseline for use by any organization, regardless of sector or size. The NIST Cybersecurity Framework consists of three primary components: the framework core, the profiles, and the implementation tiers. The framework core contains desired cybersecurity activities and outcomes organized into 23 categories that cover the breadth of cybersecurity objectives for an organization. The profiles contain an organization's unique alignment of their organizational requirements and objectives, risk appetite, and resources using the desired outcomes of the framework core. The implementation tiers describe the degree to which an organization’s cybersecurity risk management practices exhibit the characteristics defined in the framework core.;992275841864;us-west-2;2026-08-18 15:47:07.870888;ae_2;Detected events are analyzed to understand attack targets and methods.;Detect (DE);Anomalies and Events (DE.AE);;aws;;FAIL;Security Hub is not enabled.;arn:aws:securityhub:us-west-2:992275841864:hub/unknown;securityhub_enabled;False;hub/unknown;NIST-CSF;National Institute of Standards and Technology (NIST) Cybersecurity Framework (CSF) v1.1;
aws;The NIST Cybersecurity Framework (CSF) is supported by governments and industries worldwide as a recommended baseline for use by any organization, regardless of sector or size. The NIST Cybersecurity Framework consists of three primary components: the framework core, the profiles, and the implementation tiers. The framework core contains desired cybersecurity activities and outcomes organized into 23 categories that cover the breadth of cybersecurity objectives for an organization. The profiles contain an organization's unique alignment of their organizational requirements and objectives, risk appetite, and resources using the desired outcomes of the framework core. The implementation tiers describe the degree to which an organization’s cybersecurity risk management practices exhibit the characteristics defined in the framework core.;992275841864;us-west-2;2026-08-18 15:47:07.870888;ae_4;Impact of events is determined.;Detect (DE);Anomalies and Events (DE.AE);;aws;;FAIL;Security Hub is not enabled.;arn:aws:securityhub:us-west-2:992275841864:hub/unknown;securityhub_enabled;False;hub/unknown;NIST-CSF;National Institute of Standards and Technology (NIST) Cybersecurity Framework (CSF) v1.1;
aws;The NIST Cybersecurity Framework (CSF) is supported by governments and industries worldwide as a recommended baseline for use by any organization, regardless of sector or size. The NIST Cybersecurity Framework consists of three primary components: the framework core, the profiles, and the implementation tiers. The framework core contains desired cybersecurity activities and outcomes organized into 23 categories that cover the breadth of cybersecurity objectives for an organization. The profiles contain an organization's unique alignment of their organizational requirements and objectives, risk appetite, and resources using the desired outcomes of the framework core. The implementation tiers describe the degree to which an organization’s cybersecurity risk management practices exhibit the characteristics defined in the framework core.;992275841864;us-west-2;2026-08-18 15:47:07.870888;cm_1;The network is monitored to detect potential cybersecurity events.;Detect (DE);Security Continuous Monitoring (DE.CM);;aws;;FAIL;Security Hub is not enabled.;arn:aws:securityhub:us-west-2:992275841864:hub/unknown;securityhub_enabled;False;hub/unknown;NIST-CSF;National Institute of Standards and Technology (NIST) Cybersecurity Framework (CSF) v1.1;
aws;The NIST Cybersecurity Framework (CSF) is supported by governments and industries worldwide as a recommended baseline for use by any organization, regardless of sector or size. The NIST Cybersecurity Framework consists of three primary components: the framework core, the profiles, and the implementation tiers. The framework core contains desired cybersecurity activities and outcomes organized into 23 categories that cover the breadth of cybersecurity objectives for an organization. The profiles contain an organization's unique alignment of their organizational requirements and objectives, risk appetite, and resources using the desired outcomes of the framework core. The implementation tiers describe the degree to which an organization’s cybersecurity risk management practices exhibit the characteristics defined in the framework core.;992275841864;us-west-2;2026-08-18 15:47:07.870888;cm_2;The physical environment is monitored to detect potential cybersecurity events.;Detect (DE);Security Continuous Monitoring (DE.CM);;aws;;FAIL;Security Hub is not enabled.;arn:aws:securityhub:us-west-2:992275841864:hub/unknown;securityhub_enabled;False;hub/unknown;NIST-CSF;National Institute of Standards and Technology (NIST) Cybersecurity Framework (CSF) v1.1;
aws;The NIST Cybersecurity Framework (CSF) is supported by governments and industries worldwide as a recommended baseline for use by any organization, regardless of sector or size. The NIST Cybersecurity Framework consists of three primary components: the framework core, the profiles, and the implementation tiers. The framework core contains desired cybersecurity activities and outcomes organized into 23 categories that cover the breadth of cybersecurity objectives for an organization. The profiles contain an organization's unique alignment of their organizational requirements and objectives, risk appetite, and resources using the desired outcomes of the framework core. The implementation tiers describe the degree to which an organization’s cybersecurity risk management practices exhibit the characteristics defined in the framework core.;992275841864;us-west-2;2026-08-18 15:47:07.870888;cm_3;Personnel activity is monitored to detect potential cybersecurity events.;Detect (DE);Security Continuous Monitoring (DE.CM);;aws;;FAIL;Security Hub is not enabled.;arn:aws:securityhub:us-west-2:992275841864:hub/unknown;securityhub_enabled;False;hub/unknown;NIST-CSF;National Institute of Standards and Technology (NIST) Cybersecurity Framework (CSF) v1.1;
aws;The NIST Cybersecurity Framework (CSF) is supported by governments and industries worldwide as a recommended baseline for use by any organization, regardless of sector or size. The NIST Cybersecurity Framework consists of three primary components: the framework core, the profiles, and the implementation tiers. The framework core contains desired cybersecurity activities and outcomes organized into 23 categories that cover the breadth of cybersecurity objectives for an organization. The profiles contain an organization's unique alignment of their organizational requirements and objectives, risk appetite, and resources using the desired outcomes of the framework core. The implementation tiers describe the degree to which an organization’s cybersecurity risk management practices exhibit the characteristics defined in the framework core.;992275841864;us-west-2;2026-08-18 15:47:07.870888;cm_4;Malicious code is detected.;Detect (DE);Security Continuous Monitoring (DE.CM);;aws;;FAIL;Security Hub is not enabled.;arn:aws:securityhub:us-west-2:992275841864:hub/unknown;securityhub_enabled;False;hub/unknown;NIST-CSF;National Institute of Standards and Technology (NIST) Cybersecurity Framework (CSF) v1.1;
aws;The NIST Cybersecurity Framework (CSF) is supported by governments and industries worldwide as a recommended baseline for use by any organization, regardless of sector or size. The NIST Cybersecurity Framework consists of three primary components: the framework core, the profiles, and the implementation tiers. The framework core contains desired cybersecurity activities and outcomes organized into 23 categories that cover the breadth of cybersecurity objectives for an organization. The profiles contain an organization's unique alignment of their organizational requirements and objectives, risk appetite, and resources using the desired outcomes of the framework core. The implementation tiers describe the degree to which an organization’s cybersecurity risk management practices exhibit the characteristics defined in the framework core.;992275841864;us-west-2;2026-08-18 15:47:07.870888;cm_5;Unauthorized mobile code is detected.;Detect (DE);Security Continuous Monitoring (DE.CM);;aws;;FAIL;Security Hub is not enabled.;arn:aws:securityhub:us-west-2:992275841864:hub/unknown;securityhub_enabled;False;hub/unknown;NIST-CSF;National Institute of Standards and Technology (NIST) Cybersecurity Framework (CSF) v1.1;
aws;The NIST Cybersecurity Framework (CSF) is supported by governments and industries worldwide as a recommended baseline for use by any organization, regardless of sector or size. The NIST Cybersecurity Framework consists of three primary components: the framework core, the profiles, and the implementation tiers. The framework core contains desired cybersecurity activities and outcomes organized into 23 categories that cover the breadth of cybersecurity objectives for an organization. The profiles contain an organization's unique alignment of their organizational requirements and objectives, risk appetite, and resources using the desired outcomes of the framework core. The implementation tiers describe the degree to which an organization’s cybersecurity risk management practices exhibit the characteristics defined in the framework core.;992275841864;us-west-2;2026-08-18 15:47:07.870888;cm_6;External service provider activity is monitored to detect potential cybersecurity events.;Detect (DE);Security Continuous Monitoring (DE.CM);;aws;;FAIL;Security Hub is not enabled.;arn:aws:securityhub:us-west-2:992275841864:hub/unknown;securityhub_enabled;False;hub/unknown;NIST-CSF;National Institute of Standards and Technology (NIST) Cybersecurity Framework (CSF) v1.1;
aws;The NIST Cybersecurity Framework (CSF) is supported by governments and industries worldwide as a recommended baseline for use by any organization, regardless of sector or size. The NIST Cybersecurity Framework consists of three primary components: the framework core, the profiles, and the implementation tiers. The framework core contains desired cybersecurity activities and outcomes organized into 23 categories that cover the breadth of cybersecurity objectives for an organization. The profiles contain an organization's unique alignment of their organizational requirements and objectives, risk appetite, and resources using the desired outcomes of the framework core. The implementation tiers describe the degree to which an organization’s cybersecurity risk management practices exhibit the characteristics defined in the framework core.;992275841864;us-west-2;2026-08-18 15:47:07.870888;cm_7;Monitoring for unauthorized personnel, connections, devices, and software is performed.;Detect (DE);Security Continuous Monitoring (DE.CM);;aws;;FAIL;Security Hub is not enabled.;arn:aws:securityhub:us-west-2:992275841864:hub/unknown;securityhub_enabled;False;hub/unknown;NIST-CSF;National Institute of Standards and Technology (NIST) Cybersecurity Framework (CSF) v1.1;
aws;The NIST Cybersecurity Framework (CSF) is supported by governments and industries worldwide as a recommended baseline for use by any organization, regardless of sector or size. The NIST Cybersecurity Framework consists of three primary components: the framework core, the profiles, and the implementation tiers. The framework core contains desired cybersecurity activities and outcomes organized into 23 categories that cover the breadth of cybersecurity objectives for an organization. The profiles contain an organization's unique alignment of their organizational requirements and objectives, risk appetite, and resources using the desired outcomes of the framework core. The implementation tiers describe the degree to which an organization’s cybersecurity risk management practices exhibit the characteristics defined in the framework core.;992275841864;us-west-2;2026-08-18 15:47:07.870888;cp_4;Event detection information is communicated.;Detect (DE);Detection Processes (DE.DP);;aws;;FAIL;Security Hub is not enabled.;arn:aws:securityhub:us-west-2:992275841864:hub/unknown;securityhub_enabled;False;hub/unknown;NIST-CSF;National Institute of Standards and Technology (NIST) Cybersecurity Framework (CSF) v1.1;
aws;The NIST Cybersecurity Framework (CSF) is supported by governments and industries worldwide as a recommended baseline for use by any organization, regardless of sector or size. The NIST Cybersecurity Framework consists of three primary components: the framework core, the profiles, and the implementation tiers. The framework core contains desired cybersecurity activities and outcomes organized into 23 categories that cover the breadth of cybersecurity objectives for an organization. The profiles contain an organization's unique alignment of their organizational requirements and objectives, risk appetite, and resources using the desired outcomes of the framework core. The implementation tiers describe the degree to which an organization’s cybersecurity risk management practices exhibit the characteristics defined in the framework core.;992275841864;us-west-2;2026-08-18 15:47:07.870888;ra_1;Asset vulnerabilities are identified and documented.;Identify (ID);Risk Assessment (ID.RA);;aws;;FAIL;Security Hub is not enabled.;arn:aws:securityhub:us-west-2:992275841864:hub/unknown;securityhub_enabled;False;hub/unknown;NIST-CSF;National Institute of Standards and Technology (NIST) Cybersecurity Framework (CSF) v1.1;
aws;The NIST Cybersecurity Framework (CSF) is supported by governments and industries worldwide as a recommended baseline for use by any organization, regardless of sector or size. The NIST Cybersecurity Framework consists of three primary components: the framework core, the profiles, and the implementation tiers. The framework core contains desired cybersecurity activities and outcomes organized into 23 categories that cover the breadth of cybersecurity objectives for an organization. The profiles contain an organization's unique alignment of their organizational requirements and objectives, risk appetite, and resources using the desired outcomes of the framework core. The implementation tiers describe the degree to which an organization’s cybersecurity risk management practices exhibit the characteristics defined in the framework core.;992275841864;us-west-2;2026-08-18 15:47:07.870888;ra_2;Cyber threat intelligence is received from information sharing forums and sources.;Identify (ID);Risk Assessment (ID.RA);;aws;;FAIL;Security Hub is not enabled.;arn:aws:securityhub:us-west-2:992275841864:hub/unknown;securityhub_enabled;False;hub/unknown;NIST-CSF;National Institute of Standards and Technology (NIST) Cybersecurity Framework (CSF) v1.1;
aws;The NIST Cybersecurity Framework (CSF) is supported by governments and industries worldwide as a recommended baseline for use by any organization, regardless of sector or size. The NIST Cybersecurity Framework consists of three primary components: the framework core, the profiles, and the implementation tiers. The framework core contains desired cybersecurity activities and outcomes organized into 23 categories that cover the breadth of cybersecurity objectives for an organization. The profiles contain an organization's unique alignment of their organizational requirements and objectives, risk appetite, and resources using the desired outcomes of the framework core. The implementation tiers describe the degree to which an organization’s cybersecurity risk management practices exhibit the characteristics defined in the framework core.;992275841864;us-west-2;2026-08-18 15:47:07.870888;ra_3;Threats, both internal and external, are identified and documented.;Identify (ID);Risk Assessment (ID.RA);;aws;;FAIL;Security Hub is not enabled.;arn:aws:securityhub:us-west-2:992275841864:hub/unknown;securityhub_enabled;False;hub/unknown;NIST-CSF;National Institute of Standards and Technology (NIST) Cybersecurity Framework (CSF) v1.1;
aws;The NIST Cybersecurity Framework (CSF) is supported by governments and industries worldwide as a recommended baseline for use by any organization, regardless of sector or size. The NIST Cybersecurity Framework consists of three primary components: the framework core, the profiles, and the implementation tiers. The framework core contains desired cybersecurity activities and outcomes organized into 23 categories that cover the breadth of cybersecurity objectives for an organization. The profiles contain an organization's unique alignment of their organizational requirements and objectives, risk appetite, and resources using the desired outcomes of the framework core. The implementation tiers describe the degree to which an organization’s cybersecurity risk management practices exhibit the characteristics defined in the framework core.;992275841864;us-west-2;2026-08-18 15:47:07.870888;ra_5;Threats, vulnerabilities, likelihoods, and impacts are used to determine risk.;Identify (ID);Risk Assessment (ID.RA);;aws;;FAIL;Security Hub is not enabled.;arn:aws:securityhub:us-west-2:992275841864:hub/unknown;securityhub_enabled;False;hub/unknown;NIST-CSF;National Institute of Standards and Technology (NIST) Cybersecurity Framework (CSF) v1.1;
aws;The NIST Cybersecurity Framework (CSF) is supported by governments and industries worldwide as a recommended baseline for use by any organization, regardless of sector or size. The NIST Cybersecurity Framework consists of three primary components: the framework core, the profiles, and the implementation tiers. The framework core contains desired cybersecurity activities and outcomes organized into 23 categories that cover the breadth of cybersecurity objectives for an organization. The profiles contain an organization's unique alignment of their organizational requirements and objectives, risk appetite, and resources using the desired outcomes of the framework core. The implementation tiers describe the degree to which an organization’s cybersecurity risk management practices exhibit the characteristics defined in the framework core.;992275841864;us-west-2;2026-08-18 15:47:07.870888;sc_4;Suppliers and third-party partners are routinely assessed using audits, test results, or other forms of evaluations to confirm they are meeting their contractual obligations.;Identify (ID);Supply Chain Risk Management (ID.SC);;aws;;FAIL;Security Hub is not enabled.;arn:aws:securityhub:us-west-2:992275841864:hub/unknown;securityhub_enabled;False;hub/unknown;NIST-CSF;National Institute of Standards and Technology (NIST) Cybersecurity Framework (CSF) v1.1;
aws;The NIST Cybersecurity Framework (CSF) is supported by governments and industries worldwide as a recommended baseline for use by any organization, regardless of sector or size. The NIST Cybersecurity Framework consists of three primary components: the framework core, the profiles, and the implementation tiers. The framework core contains desired cybersecurity activities and outcomes organized into 23 categories that cover the breadth of cybersecurity objectives for an organization. The profiles contain an organization's unique alignment of their organizational requirements and objectives, risk appetite, and resources using the desired outcomes of the framework core. The implementation tiers describe the degree to which an organization’s cybersecurity risk management practices exhibit the characteristics defined in the framework core.;992275841864;us-west-2;2026-08-18 15:47:07.870888;ds_5;Protections against data leaks are implemented.;Protect (PR);Data Security (PR.DS);;aws;;FAIL;Security Hub is not enabled.;arn:aws:securityhub:us-west-2:992275841864:hub/unknown;securityhub_enabled;False;hub/unknown;NIST-CSF;National Institute of Standards and Technology (NIST) Cybersecurity Framework (CSF) v1.1;
aws;The NIST Cybersecurity Framework (CSF) is supported by governments and industries worldwide as a recommended baseline for use by any organization, regardless of sector or size. The NIST Cybersecurity Framework consists of three primary components: the framework core, the profiles, and the implementation tiers. The framework core contains desired cybersecurity activities and outcomes organized into 23 categories that cover the breadth of cybersecurity objectives for an organization. The profiles contain an organization's unique alignment of their organizational requirements and objectives, risk appetite, and resources using the desired outcomes of the framework core. The implementation tiers describe the degree to which an organization’s cybersecurity risk management practices exhibit the characteristics defined in the framework core.;992275841864;us-west-2;2026-08-18 15:47:07.870888;ds_8;Integrity checking mechanisms are used to verify hardware integrity.;Protect (PR);Data Security (PR.DS);;aws;;FAIL;Security Hub is not enabled.;arn:aws:securityhub:us-west-2:992275841864:hub/unknown;securityhub_enabled;False;hub/unknown;NIST-CSF;National Institute of Standards and Technology (NIST) Cybersecurity Framework (CSF) v1.1;
aws;The NIST Cybersecurity Framework (CSF) is supported by governments and industries worldwide as a recommended baseline for use by any organization, regardless of sector or size. The NIST Cybersecurity Framework consists of three primary components: the framework core, the profiles, and the implementation tiers. The framework core contains desired cybersecurity activities and outcomes organized into 23 categories that cover the breadth of cybersecurity objectives for an organization. The profiles contain an organization's unique alignment of their organizational requirements and objectives, risk appetite, and resources using the desired outcomes of the framework core. The implementation tiers describe the degree to which an organization’s cybersecurity risk management practices exhibit the characteristics defined in the framework core.;992275841864;us-west-2;2026-08-18 15:47:07.870888;ae_1;A baseline of network operations and expected data flows for users and systems is established and managed.;Detect (DE);Anomalies and Events (DE.AE);;aws;;FAIL;VPC vpc-0866e7410e62ffd29 Flow logs are disabled.;arn:aws:ec2:us-west-2:992275841864:vpc/vpc-0866e7410e62ffd29;vpc_flow_logs_enabled;False;vpc-0866e7410e62ffd29;NIST-CSF;National Institute of Standards and Technology (NIST) Cybersecurity Framework (CSF) v1.1;
aws;The NIST Cybersecurity Framework (CSF) is supported by governments and industries worldwide as a recommended baseline for use by any organization, regardless of sector or size. The NIST Cybersecurity Framework consists of three primary components: the framework core, the profiles, and the implementation tiers. The framework core contains desired cybersecurity activities and outcomes organized into 23 categories that cover the breadth of cybersecurity objectives for an organization. The profiles contain an organization's unique alignment of their organizational requirements and objectives, risk appetite, and resources using the desired outcomes of the framework core. The implementation tiers describe the degree to which an organization’s cybersecurity risk management practices exhibit the characteristics defined in the framework core.;992275841864;us-west-2;2026-08-18 15:47:07.870888;ae_3;Event data are collected and correlated from multiple sources and sensors.;Detect (DE);Anomalies and Events (DE.AE);;aws;;FAIL;VPC vpc-0866e7410e62ffd29 Flow logs are disabled.;arn:aws:ec2:us-west-2:992275841864:vpc/vpc-0866e7410e62ffd29;vpc_flow_logs_enabled;False;vpc-0866e7410e62ffd29;NIST-CSF;National Institute of Standards and Technology (NIST) Cybersecurity Framework (CSF) v1.1;
aws;The NIST Cybersecurity Framework (CSF) is supported by governments and industries worldwide as a recommended baseline for use by any organization, regardless of sector or size. The NIST Cybersecurity Framework consists of three primary components: the framework core, the profiles, and the implementation tiers. The framework core contains desired cybersecurity activities and outcomes organized into 23 categories that cover the breadth of cybersecurity objectives for an organization. The profiles contain an organization's unique alignment of their organizational requirements and objectives, risk appetite, and resources using the desired outcomes of the framework core. The implementation tiers describe the degree to which an organization’s cybersecurity risk management practices exhibit the characteristics defined in the framework core.;992275841864;us-west-2;2026-08-18 15:47:07.870888;cm_1;The network is monitored to detect potential cybersecurity events.;Detect (DE);Security Continuous Monitoring (DE.CM);;aws;;FAIL;VPC vpc-0866e7410e62ffd29 Flow logs are disabled.;arn:aws:ec2:us-west-2:992275841864:vpc/vpc-0866e7410e62ffd29;vpc_flow_logs_enabled;False;vpc-0866e7410e62ffd29;NIST-CSF;National Institute of Standards and Technology (NIST) Cybersecurity Framework (CSF) v1.1;
aws;The NIST Cybersecurity Framework (CSF) is supported by governments and industries worldwide as a recommended baseline for use by any organization, regardless of sector or size. The NIST Cybersecurity Framework consists of three primary components: the framework core, the profiles, and the implementation tiers. The framework core contains desired cybersecurity activities and outcomes organized into 23 categories that cover the breadth of cybersecurity objectives for an organization. The profiles contain an organization's unique alignment of their organizational requirements and objectives, risk appetite, and resources using the desired outcomes of the framework core. The implementation tiers describe the degree to which an organization’s cybersecurity risk management practices exhibit the characteristics defined in the framework core.;992275841864;us-west-2;2026-08-18 15:47:07.870888;cm_7;Monitoring for unauthorized personnel, connections, devices, and software is performed.;Detect (DE);Security Continuous Monitoring (DE.CM);;aws;;FAIL;VPC vpc-0866e7410e62ffd29 Flow logs are disabled.;arn:aws:ec2:us-west-2:992275841864:vpc/vpc-0866e7410e62ffd29;vpc_flow_logs_enabled;False;vpc-0866e7410e62ffd29;NIST-CSF;National Institute of Standards and Technology (NIST) Cybersecurity Framework (CSF) v1.1;
aws;The NIST Cybersecurity Framework (CSF) is supported by governments and industries worldwide as a recommended baseline for use by any organization, regardless of sector or size. The NIST Cybersecurity Framework consists of three primary components: the framework core, the profiles, and the implementation tiers. The framework core contains desired cybersecurity activities and outcomes organized into 23 categories that cover the breadth of cybersecurity objectives for an organization. The profiles contain an organization's unique alignment of their organizational requirements and objectives, risk appetite, and resources using the desired outcomes of the framework core. The implementation tiers describe the degree to which an organization’s cybersecurity risk management practices exhibit the characteristics defined in the framework core.;992275841864;us-west-2;2026-08-18 15:47:07.870888;am_3;Organizational communication and data flows are mapped.;Identify (ID);Asset Management (ID.AM);;aws;;FAIL;VPC vpc-0866e7410e62ffd29 Flow logs are disabled.;arn:aws:ec2:us-west-2:992275841864:vpc/vpc-0866e7410e62ffd29;vpc_flow_logs_enabled;False;vpc-0866e7410e62ffd29;NIST-CSF;National Institute of Standards and Technology (NIST) Cybersecurity Framework (CSF) v1.1;
aws;The NIST Cybersecurity Framework (CSF) is supported by governments and industries worldwide as a recommended baseline for use by any organization, regardless of sector or size. The NIST Cybersecurity Framework consists of three primary components: the framework core, the profiles, and the implementation tiers. The framework core contains desired cybersecurity activities and outcomes organized into 23 categories that cover the breadth of cybersecurity objectives for an organization. The profiles contain an organization's unique alignment of their organizational requirements and objectives, risk appetite, and resources using the desired outcomes of the framework core. The implementation tiers describe the degree to which an organization’s cybersecurity risk management practices exhibit the characteristics defined in the framework core.;992275841864;us-west-2;2026-08-18 15:47:07.870888;ds_5;Protections against data leaks are implemented.;Protect (PR);Data Security (PR.DS);;aws;;FAIL;VPC vpc-0866e7410e62ffd29 Flow logs are disabled.;arn:aws:ec2:us-west-2:992275841864:vpc/vpc-0866e7410e62ffd29;vpc_flow_logs_enabled;False;vpc-0866e7410e62ffd29;NIST-CSF;National Institute of Standards and Technology (NIST) Cybersecurity Framework (CSF) v1.1;
aws;The NIST Cybersecurity Framework (CSF) is supported by governments and industries worldwide as a recommended baseline for use by any organization, regardless of sector or size. The NIST Cybersecurity Framework consists of three primary components: the framework core, the profiles, and the implementation tiers. The framework core contains desired cybersecurity activities and outcomes organized into 23 categories that cover the breadth of cybersecurity objectives for an organization. The profiles contain an organization's unique alignment of their organizational requirements and objectives, risk appetite, and resources using the desired outcomes of the framework core. The implementation tiers describe the degree to which an organization’s cybersecurity risk management practices exhibit the characteristics defined in the framework core.;992275841864;us-west-2;2026-08-18 15:47:07.870888;pt_1;Audit/log records are determined, documented, implemented, and reviewed in accordance with policy.;Protect (PR);Protective Technology (PR.PT);;aws;;FAIL;VPC vpc-0866e7410e62ffd29 Flow logs are disabled.;arn:aws:ec2:us-west-2:992275841864:vpc/vpc-0866e7410e62ffd29;vpc_flow_logs_enabled;False;vpc-0866e7410e62ffd29;NIST-CSF;National Institute of Standards and Technology (NIST) Cybersecurity Framework (CSF) v1.1;
aws;The NIST Cybersecurity Framework (CSF) is supported by governments and industries worldwide as a recommended baseline for use by any organization, regardless of sector or size. The NIST Cybersecurity Framework consists of three primary components: the framework core, the profiles, and the implementation tiers. The framework core contains desired cybersecurity activities and outcomes organized into 23 categories that cover the breadth of cybersecurity objectives for an organization. The profiles contain an organization's unique alignment of their organizational requirements and objectives, risk appetite, and resources using the desired outcomes of the framework core. The implementation tiers describe the degree to which an organization’s cybersecurity risk management practices exhibit the characteristics defined in the framework core.;;;2026-08-18 15:47:07.870888;am_5;Resources (e.g., hardware, devices, data, time, personnel, and software) are prioritized based on their classification, criticality, and business value.;Identify (ID);Asset Management (ID.AM);;aws;;MANUAL;Manual check;manual_check;manual;False;Manual check;NIST-CSF;National Institute of Standards and Technology (NIST) Cybersecurity Framework (CSF) v1.1;
aws;The NIST Cybersecurity Framework (CSF) is supported by governments and industries worldwide as a recommended baseline for use by any organization, regardless of sector or size. The NIST Cybersecurity Framework consists of three primary components: the framework core, the profiles, and the implementation tiers. The framework core contains desired cybersecurity activities and outcomes organized into 23 categories that cover the breadth of cybersecurity objectives for an organization. The profiles contain an organization's unique alignment of their organizational requirements and objectives, risk appetite, and resources using the desired outcomes of the framework core. The implementation tiers describe the degree to which an organization’s cybersecurity risk management practices exhibit the characteristics defined in the framework core.;;;2026-08-18 15:47:07.870888;am_6;Cybersecurity roles and responsibilities for the entire workforce and third-party stakeholders (e.g., suppliers, customers, partners) are established.;Identify (ID);Asset Management (ID.AM);;iam;;MANUAL;Manual check;manual_check;manual;False;Manual check;NIST-CSF;National Institute of Standards and Technology (NIST) Cybersecurity Framework (CSF) v1.1;
aws;The NIST Cybersecurity Framework (CSF) is supported by governments and industries worldwide as a recommended baseline for use by any organization, regardless of sector or size. The NIST Cybersecurity Framework consists of three primary components: the framework core, the profiles, and the implementation tiers. The framework core contains desired cybersecurity activities and outcomes organized into 23 categories that cover the breadth of cybersecurity objectives for an organization. The profiles contain an organization's unique alignment of their organizational requirements and objectives, risk appetite, and resources using the desired outcomes of the framework core. The implementation tiers describe the degree to which an organization’s cybersecurity risk management practices exhibit the characteristics defined in the framework core.;;;2026-08-18 15:47:07.870888;ip_7;Protection processes are improved.;Protect (PR);Information Protection Processes and Procedures (PR.IP);;ec2;;MANUAL;Manual check;manual_check;manual;False;Manual check;NIST-CSF;National Institute of Standards and Technology (NIST) Cybersecurity Framework (CSF) v1.1;
