PROVIDER;DESCRIPTION;ACCOUNTID;REGION;ASSESSMENTDATE;REQUIREMENTS_ID;REQUIREMENTS_DESCRIPTION;REQUIREMENTS_ATTRIBUTES_PILLAR;REQUIREMENTS_ATTRIBUTES_ARTICLE;REQUIREMENTS_ATTRIBUTES_ARTICLETITLE;STATUS;STATUSEXTENDED;RESOURCEID;RESOURCENAME;CHECKID;MUTED;FRAMEWORK;NAME
aws;"The Digital Operational Resilience Act (DORA) is a European Union regulation (Regulation (EU) 2022/2554) that sets a uniform framework for the digital operational resilience of the EU financial sector. Mandatory since 17 January 2025, it applies to financial entities (banks, insurers, investment firms, payment institutions, etc.) and to ICT third-party service providers. DORA is structured around five pillars: ICT risk management, ICT-related incident reporting, digital operational resilience testing, ICT third-party risk management, and information sharing. This Prowler mapping covers the technical controls auditable from cloud configuration; the organisational, contractual and supervisory obligations defined in DORA must be addressed outside of Prowler.";992275841864;us-west-2;2026-08-18 15:47:07.870888;DORA-Art6;Financial entities shall have an ICT risk management framework that is sound, comprehensive and well-documented, enabling them to address ICT risk quickly, efficiently and comprehensively and to ensure a high level of digital operational resilience. This includes continuous configuration recording, security findings aggregation and an enterprise-wide visibility plane.;ICT Risk Management;Article 6;ICT risk management framework;FAIL;IAM Access Analyzer in account 992275841864 is not enabled.;arn:aws:accessanalyzer:us-west-2:992275841864:analyzer/unknown;analyzer/unknown;accessanalyzer_enabled;False;DORA;Digital Operational Resilience Act (Regulation (EU) 2022/2554)
aws;"The Digital Operational Resilience Act (DORA) is a European Union regulation (Regulation (EU) 2022/2554) that sets a uniform framework for the digital operational resilience of the EU financial sector. Mandatory since 17 January 2025, it applies to financial entities (banks, insurers, investment firms, payment institutions, etc.) and to ICT third-party service providers. DORA is structured around five pillars: ICT risk management, ICT-related incident reporting, digital operational resilience testing, ICT third-party risk management, and information sharing. This Prowler mapping covers the technical controls auditable from cloud configuration; the organisational, contractual and supervisory obligations defined in DORA must be addressed outside of Prowler.";992275841864;us-west-2;2026-08-18 15:47:07.870888;DORA-Art8;Financial entities shall identify, classify and adequately document all ICT supported business functions, roles and responsibilities, the information assets and ICT assets supporting them, and their interdependencies. They shall on a continuous basis identify all sources of ICT risk, in particular the risk exposure to and from other financial entities.;ICT Risk Management;Article 8;Identification;FAIL;IAM Access Analyzer in account 992275841864 is not enabled.;arn:aws:accessanalyzer:us-west-2:992275841864:analyzer/unknown;analyzer/unknown;accessanalyzer_enabled;False;DORA;Digital Operational Resilience Act (Regulation (EU) 2022/2554)
aws;"The Digital Operational Resilience Act (DORA) is a European Union regulation (Regulation (EU) 2022/2554) that sets a uniform framework for the digital operational resilience of the EU financial sector. Mandatory since 17 January 2025, it applies to financial entities (banks, insurers, investment firms, payment institutions, etc.) and to ICT third-party service providers. DORA is structured around five pillars: ICT risk management, ICT-related incident reporting, digital operational resilience testing, ICT third-party risk management, and information sharing. This Prowler mapping covers the technical controls auditable from cloud configuration; the organisational, contractual and supervisory obligations defined in DORA must be addressed outside of Prowler.";992275841864;us-west-2;2026-08-18 15:47:07.870888;DORA-Art28;Financial entities shall manage ICT third-party risk as an integral component of ICT risk within their ICT risk management framework. Cross-account access, trust boundaries, organization-level controls and dependency visibility are critical to monitor third-party exposure on AWS.;ICT Third-Party Risk Management;Article 28;General principles (ICT third-party risk);FAIL;IAM Access Analyzer in account 992275841864 is not enabled.;arn:aws:accessanalyzer:us-west-2:992275841864:analyzer/unknown;analyzer/unknown;accessanalyzer_enabled;False;DORA;Digital Operational Resilience Act (Regulation (EU) 2022/2554)
aws;"The Digital Operational Resilience Act (DORA) is a European Union regulation (Regulation (EU) 2022/2554) that sets a uniform framework for the digital operational resilience of the EU financial sector. Mandatory since 17 January 2025, it applies to financial entities (banks, insurers, investment firms, payment institutions, etc.) and to ICT third-party service providers. DORA is structured around five pillars: ICT risk management, ICT-related incident reporting, digital operational resilience testing, ICT third-party risk management, and information sharing. This Prowler mapping covers the technical controls auditable from cloud configuration; the organisational, contractual and supervisory obligations defined in DORA must be addressed outside of Prowler.";992275841864;us-west-2;2026-08-18 15:47:07.870888;DORA-Art30;Contractual arrangements with ICT third-party service providers shall be set out in writing and include, at minimum, agreed service levels and clear allocation of rights and obligations. Privilege boundaries, least-privilege policies and absence of administrative wildcards are the technical guardrails that enforce these contractual constraints inside AWS.;ICT Third-Party Risk Management;Article 30;Key contractual provisions;FAIL;IAM Access Analyzer in account 992275841864 is not enabled.;arn:aws:accessanalyzer:us-west-2:992275841864:analyzer/unknown;analyzer/unknown;accessanalyzer_enabled;False;DORA;Digital Operational Resilience Act (Regulation (EU) 2022/2554)
aws;"The Digital Operational Resilience Act (DORA) is a European Union regulation (Regulation (EU) 2022/2554) that sets a uniform framework for the digital operational resilience of the EU financial sector. Mandatory since 17 January 2025, it applies to financial entities (banks, insurers, investment firms, payment institutions, etc.) and to ICT third-party service providers. DORA is structured around five pillars: ICT risk management, ICT-related incident reporting, digital operational resilience testing, ICT third-party risk management, and information sharing. This Prowler mapping covers the technical controls auditable from cloud configuration; the organisational, contractual and supervisory obligations defined in DORA must be addressed outside of Prowler.";992275841864;us-west-2;2026-08-18 15:47:07.870888;DORA-Art9;Financial entities shall continuously monitor and control the security and functioning of ICT systems and tools and minimise the impact of ICT risk by deploying appropriate ICT security tools, policies and procedures. Encryption at rest and in transit, blocking of public exposure, network access controls, secret management and instance hardening are central to this article.;ICT Risk Management;Article 9;Protection and prevention;PASS;Lambda function auto-shutdown-untagged-instances has a resource-based policy without public access.;arn:aws:lambda:us-west-2:992275841864:function:auto-shutdown-untagged-instances;auto-shutdown-untagged-instances;awslambda_function_not_publicly_accessible;False;DORA;Digital Operational Resilience Act (Regulation (EU) 2022/2554)
aws;"The Digital Operational Resilience Act (DORA) is a European Union regulation (Regulation (EU) 2022/2554) that sets a uniform framework for the digital operational resilience of the EU financial sector. Mandatory since 17 January 2025, it applies to financial entities (banks, insurers, investment firms, payment institutions, etc.) and to ICT third-party service providers. DORA is structured around five pillars: ICT risk management, ICT-related incident reporting, digital operational resilience testing, ICT third-party risk management, and information sharing. This Prowler mapping covers the technical controls auditable from cloud configuration; the organisational, contractual and supervisory obligations defined in DORA must be addressed outside of Prowler.";992275841864;us-west-2;2026-08-18 15:47:07.870888;DORA-Art28;Financial entities shall manage ICT third-party risk as an integral component of ICT risk within their ICT risk management framework. Cross-account access, trust boundaries, organization-level controls and dependency visibility are critical to monitor third-party exposure on AWS.;ICT Third-Party Risk Management;Article 28;General principles (ICT third-party risk);PASS;Lambda function auto-shutdown-untagged-instances does not use any layers.;arn:aws:lambda:us-west-2:992275841864:function:auto-shutdown-untagged-instances;auto-shutdown-untagged-instances;awslambda_function_using_cross_account_layers;False;DORA;Digital Operational Resilience Act (Regulation (EU) 2022/2554)
aws;"The Digital Operational Resilience Act (DORA) is a European Union regulation (Regulation (EU) 2022/2554) that sets a uniform framework for the digital operational resilience of the EU financial sector. Mandatory since 17 January 2025, it applies to financial entities (banks, insurers, investment firms, payment institutions, etc.) and to ICT third-party service providers. DORA is structured around five pillars: ICT risk management, ICT-related incident reporting, digital operational resilience testing, ICT third-party risk management, and information sharing. This Prowler mapping covers the technical controls auditable from cloud configuration; the organisational, contractual and supervisory obligations defined in DORA must be addressed outside of Prowler.";992275841864;us-west-2;2026-08-18 15:47:07.870888;DORA-Art17;Financial entities shall define, establish and implement an ICT-related incident management process to detect, manage and notify ICT-related incidents. Comprehensive trail logging, log integrity protection, retention and centralisation of ICT events are foundational requirements.;ICT-Related Incident Reporting;Article 17;ICT-related incident management process;FAIL;No CloudTrail trails are configured to log Amazon Bedrock API calls.;arn:aws:cloudtrail:us-west-2:992275841864:trail;992275841864;cloudtrail_bedrock_logging_enabled;False;DORA;Digital Operational Resilience Act (Regulation (EU) 2022/2554)
aws;"The Digital Operational Resilience Act (DORA) is a European Union regulation (Regulation (EU) 2022/2554) that sets a uniform framework for the digital operational resilience of the EU financial sector. Mandatory since 17 January 2025, it applies to financial entities (banks, insurers, investment firms, payment institutions, etc.) and to ICT third-party service providers. DORA is structured around five pillars: ICT risk management, ICT-related incident reporting, digital operational resilience testing, ICT third-party risk management, and information sharing. This Prowler mapping covers the technical controls auditable from cloud configuration; the organisational, contractual and supervisory obligations defined in DORA must be addressed outside of Prowler.";992275841864;ap-northeast-1;2026-08-18 15:47:07.870888;DORA-Art17;Financial entities shall define, establish and implement an ICT-related incident management process to detect, manage and notify ICT-related incidents. Comprehensive trail logging, log integrity protection, retention and centralisation of ICT events are foundational requirements.;ICT-Related Incident Reporting;Article 17;ICT-related incident management process;FAIL;No CloudTrail trails enabled with logging were found.;arn:aws:cloudtrail:ap-northeast-1:992275841864:trail;992275841864;cloudtrail_multi_region_enabled;False;DORA;Digital Operational Resilience Act (Regulation (EU) 2022/2554)
aws;"The Digital Operational Resilience Act (DORA) is a European Union regulation (Regulation (EU) 2022/2554) that sets a uniform framework for the digital operational resilience of the EU financial sector. Mandatory since 17 January 2025, it applies to financial entities (banks, insurers, investment firms, payment institutions, etc.) and to ICT third-party service providers. DORA is structured around five pillars: ICT risk management, ICT-related incident reporting, digital operational resilience testing, ICT third-party risk management, and information sharing. This Prowler mapping covers the technical controls auditable from cloud configuration; the organisational, contractual and supervisory obligations defined in DORA must be addressed outside of Prowler.";992275841864;ap-northeast-2;2026-08-18 15:47:07.870888;DORA-Art17;Financial entities shall define, establish and implement an ICT-related incident management process to detect, manage and notify ICT-related incidents. Comprehensive trail logging, log integrity protection, retention and centralisation of ICT events are foundational requirements.;ICT-Related Incident Reporting;Article 17;ICT-related incident management process;FAIL;No CloudTrail trails enabled with logging were found.;arn:aws:cloudtrail:ap-northeast-2:992275841864:trail;992275841864;cloudtrail_multi_region_enabled;False;DORA;Digital Operational Resilience Act (Regulation (EU) 2022/2554)
aws;"The Digital Operational Resilience Act (DORA) is a European Union regulation (Regulation (EU) 2022/2554) that sets a uniform framework for the digital operational resilience of the EU financial sector. Mandatory since 17 January 2025, it applies to financial entities (banks, insurers, investment firms, payment institutions, etc.) and to ICT third-party service providers. DORA is structured around five pillars: ICT risk management, ICT-related incident reporting, digital operational resilience testing, ICT third-party risk management, and information sharing. This Prowler mapping covers the technical controls auditable from cloud configuration; the organisational, contractual and supervisory obligations defined in DORA must be addressed outside of Prowler.";992275841864;ap-northeast-3;2026-08-18 15:47:07.870888;DORA-Art17;Financial entities shall define, establish and implement an ICT-related incident management process to detect, manage and notify ICT-related incidents. Comprehensive trail logging, log integrity protection, retention and centralisation of ICT events are foundational requirements.;ICT-Related Incident Reporting;Article 17;ICT-related incident management process;FAIL;No CloudTrail trails enabled with logging were found.;arn:aws:cloudtrail:ap-northeast-3:992275841864:trail;992275841864;cloudtrail_multi_region_enabled;False;DORA;Digital Operational Resilience Act (Regulation (EU) 2022/2554)
aws;"The Digital Operational Resilience Act (DORA) is a European Union regulation (Regulation (EU) 2022/2554) that sets a uniform framework for the digital operational resilience of the EU financial sector. Mandatory since 17 January 2025, it applies to financial entities (banks, insurers, investment firms, payment institutions, etc.) and to ICT third-party service providers. DORA is structured around five pillars: ICT risk management, ICT-related incident reporting, digital operational resilience testing, ICT third-party risk management, and information sharing. This Prowler mapping covers the technical controls auditable from cloud configuration; the organisational, contractual and supervisory obligations defined in DORA must be addressed outside of Prowler.";992275841864;ap-south-1;2026-08-18 15:47:07.870888;DORA-Art17;Financial entities shall define, establish and implement an ICT-related incident management process to detect, manage and notify ICT-related incidents. Comprehensive trail logging, log integrity protection, retention and centralisation of ICT events are foundational requirements.;ICT-Related Incident Reporting;Article 17;ICT-related incident management process;FAIL;No CloudTrail trails enabled with logging were found.;arn:aws:cloudtrail:ap-south-1:992275841864:trail;992275841864;cloudtrail_multi_region_enabled;False;DORA;Digital Operational Resilience Act (Regulation (EU) 2022/2554)
aws;"The Digital Operational Resilience Act (DORA) is a European Union regulation (Regulation (EU) 2022/2554) that sets a uniform framework for the digital operational resilience of the EU financial sector. Mandatory since 17 January 2025, it applies to financial entities (banks, insurers, investment firms, payment institutions, etc.) and to ICT third-party service providers. DORA is structured around five pillars: ICT risk management, ICT-related incident reporting, digital operational resilience testing, ICT third-party risk management, and information sharing. This Prowler mapping covers the technical controls auditable from cloud configuration; the organisational, contractual and supervisory obligations defined in DORA must be addressed outside of Prowler.";992275841864;ap-southeast-1;2026-08-18 15:47:07.870888;DORA-Art17;Financial entities shall define, establish and implement an ICT-related incident management process to detect, manage and notify ICT-related incidents. Comprehensive trail logging, log integrity protection, retention and centralisation of ICT events are foundational requirements.;ICT-Related Incident Reporting;Article 17;ICT-related incident management process;FAIL;No CloudTrail trails enabled with logging were found.;arn:aws:cloudtrail:ap-southeast-1:992275841864:trail;992275841864;cloudtrail_multi_region_enabled;False;DORA;Digital Operational Resilience Act (Regulation (EU) 2022/2554)
aws;"The Digital Operational Resilience Act (DORA) is a European Union regulation (Regulation (EU) 2022/2554) that sets a uniform framework for the digital operational resilience of the EU financial sector. Mandatory since 17 January 2025, it applies to financial entities (banks, insurers, investment firms, payment institutions, etc.) and to ICT third-party service providers. DORA is structured around five pillars: ICT risk management, ICT-related incident reporting, digital operational resilience testing, ICT third-party risk management, and information sharing. This Prowler mapping covers the technical controls auditable from cloud configuration; the organisational, contractual and supervisory obligations defined in DORA must be addressed outside of Prowler.";992275841864;ap-southeast-2;2026-08-18 15:47:07.870888;DORA-Art17;Financial entities shall define, establish and implement an ICT-related incident management process to detect, manage and notify ICT-related incidents. Comprehensive trail logging, log integrity protection, retention and centralisation of ICT events are foundational requirements.;ICT-Related Incident Reporting;Article 17;ICT-related incident management process;FAIL;No CloudTrail trails enabled with logging were found.;arn:aws:cloudtrail:ap-southeast-2:992275841864:trail;992275841864;cloudtrail_multi_region_enabled;False;DORA;Digital Operational Resilience Act (Regulation (EU) 2022/2554)
aws;"The Digital Operational Resilience Act (DORA) is a European Union regulation (Regulation (EU) 2022/2554) that sets a uniform framework for the digital operational resilience of the EU financial sector. Mandatory since 17 January 2025, it applies to financial entities (banks, insurers, investment firms, payment institutions, etc.) and to ICT third-party service providers. DORA is structured around five pillars: ICT risk management, ICT-related incident reporting, digital operational resilience testing, ICT third-party risk management, and information sharing. This Prowler mapping covers the technical controls auditable from cloud configuration; the organisational, contractual and supervisory obligations defined in DORA must be addressed outside of Prowler.";992275841864;ca-central-1;2026-08-18 15:47:07.870888;DORA-Art17;Financial entities shall define, establish and implement an ICT-related incident management process to detect, manage and notify ICT-related incidents. Comprehensive trail logging, log integrity protection, retention and centralisation of ICT events are foundational requirements.;ICT-Related Incident Reporting;Article 17;ICT-related incident management process;FAIL;No CloudTrail trails enabled with logging were found.;arn:aws:cloudtrail:ca-central-1:992275841864:trail;992275841864;cloudtrail_multi_region_enabled;False;DORA;Digital Operational Resilience Act (Regulation (EU) 2022/2554)
aws;"The Digital Operational Resilience Act (DORA) is a European Union regulation (Regulation (EU) 2022/2554) that sets a uniform framework for the digital operational resilience of the EU financial sector. Mandatory since 17 January 2025, it applies to financial entities (banks, insurers, investment firms, payment institutions, etc.) and to ICT third-party service providers. DORA is structured around five pillars: ICT risk management, ICT-related incident reporting, digital operational resilience testing, ICT third-party risk management, and information sharing. This Prowler mapping covers the technical controls auditable from cloud configuration; the organisational, contractual and supervisory obligations defined in DORA must be addressed outside of Prowler.";992275841864;eu-central-1;2026-08-18 15:47:07.870888;DORA-Art17;Financial entities shall define, establish and implement an ICT-related incident management process to detect, manage and notify ICT-related incidents. Comprehensive trail logging, log integrity protection, retention and centralisation of ICT events are foundational requirements.;ICT-Related Incident Reporting;Article 17;ICT-related incident management process;FAIL;No CloudTrail trails enabled with logging were found.;arn:aws:cloudtrail:eu-central-1:992275841864:trail;992275841864;cloudtrail_multi_region_enabled;False;DORA;Digital Operational Resilience Act (Regulation (EU) 2022/2554)
aws;"The Digital Operational Resilience Act (DORA) is a European Union regulation (Regulation (EU) 2022/2554) that sets a uniform framework for the digital operational resilience of the EU financial sector. Mandatory since 17 January 2025, it applies to financial entities (banks, insurers, investment firms, payment institutions, etc.) and to ICT third-party service providers. DORA is structured around five pillars: ICT risk management, ICT-related incident reporting, digital operational resilience testing, ICT third-party risk management, and information sharing. This Prowler mapping covers the technical controls auditable from cloud configuration; the organisational, contractual and supervisory obligations defined in DORA must be addressed outside of Prowler.";992275841864;eu-north-1;2026-08-18 15:47:07.870888;DORA-Art17;Financial entities shall define, establish and implement an ICT-related incident management process to detect, manage and notify ICT-related incidents. Comprehensive trail logging, log integrity protection, retention and centralisation of ICT events are foundational requirements.;ICT-Related Incident Reporting;Article 17;ICT-related incident management process;FAIL;No CloudTrail trails enabled with logging were found.;arn:aws:cloudtrail:eu-north-1:992275841864:trail;992275841864;cloudtrail_multi_region_enabled;False;DORA;Digital Operational Resilience Act (Regulation (EU) 2022/2554)
aws;"The Digital Operational Resilience Act (DORA) is a European Union regulation (Regulation (EU) 2022/2554) that sets a uniform framework for the digital operational resilience of the EU financial sector. Mandatory since 17 January 2025, it applies to financial entities (banks, insurers, investment firms, payment institutions, etc.) and to ICT third-party service providers. DORA is structured around five pillars: ICT risk management, ICT-related incident reporting, digital operational resilience testing, ICT third-party risk management, and information sharing. This Prowler mapping covers the technical controls auditable from cloud configuration; the organisational, contractual and supervisory obligations defined in DORA must be addressed outside of Prowler.";992275841864;eu-west-1;2026-08-18 15:47:07.870888;DORA-Art17;Financial entities shall define, establish and implement an ICT-related incident management process to detect, manage and notify ICT-related incidents. Comprehensive trail logging, log integrity protection, retention and centralisation of ICT events are foundational requirements.;ICT-Related Incident Reporting;Article 17;ICT-related incident management process;FAIL;No CloudTrail trails enabled with logging were found.;arn:aws:cloudtrail:eu-west-1:992275841864:trail;992275841864;cloudtrail_multi_region_enabled;False;DORA;Digital Operational Resilience Act (Regulation (EU) 2022/2554)
aws;"The Digital Operational Resilience Act (DORA) is a European Union regulation (Regulation (EU) 2022/2554) that sets a uniform framework for the digital operational resilience of the EU financial sector. Mandatory since 17 January 2025, it applies to financial entities (banks, insurers, investment firms, payment institutions, etc.) and to ICT third-party service providers. DORA is structured around five pillars: ICT risk management, ICT-related incident reporting, digital operational resilience testing, ICT third-party risk management, and information sharing. This Prowler mapping covers the technical controls auditable from cloud configuration; the organisational, contractual and supervisory obligations defined in DORA must be addressed outside of Prowler.";992275841864;eu-west-2;2026-08-18 15:47:07.870888;DORA-Art17;Financial entities shall define, establish and implement an ICT-related incident management process to detect, manage and notify ICT-related incidents. Comprehensive trail logging, log integrity protection, retention and centralisation of ICT events are foundational requirements.;ICT-Related Incident Reporting;Article 17;ICT-related incident management process;FAIL;No CloudTrail trails enabled with logging were found.;arn:aws:cloudtrail:eu-west-2:992275841864:trail;992275841864;cloudtrail_multi_region_enabled;False;DORA;Digital Operational Resilience Act (Regulation (EU) 2022/2554)
aws;"The Digital Operational Resilience Act (DORA) is a European Union regulation (Regulation (EU) 2022/2554) that sets a uniform framework for the digital operational resilience of the EU financial sector. Mandatory since 17 January 2025, it applies to financial entities (banks, insurers, investment firms, payment institutions, etc.) and to ICT third-party service providers. DORA is structured around five pillars: ICT risk management, ICT-related incident reporting, digital operational resilience testing, ICT third-party risk management, and information sharing. This Prowler mapping covers the technical controls auditable from cloud configuration; the organisational, contractual and supervisory obligations defined in DORA must be addressed outside of Prowler.";992275841864;eu-west-3;2026-08-18 15:47:07.870888;DORA-Art17;Financial entities shall define, establish and implement an ICT-related incident management process to detect, manage and notify ICT-related incidents. Comprehensive trail logging, log integrity protection, retention and centralisation of ICT events are foundational requirements.;ICT-Related Incident Reporting;Article 17;ICT-related incident management process;FAIL;No CloudTrail trails enabled with logging were found.;arn:aws:cloudtrail:eu-west-3:992275841864:trail;992275841864;cloudtrail_multi_region_enabled;False;DORA;Digital Operational Resilience Act (Regulation (EU) 2022/2554)
aws;"The Digital Operational Resilience Act (DORA) is a European Union regulation (Regulation (EU) 2022/2554) that sets a uniform framework for the digital operational resilience of the EU financial sector. Mandatory since 17 January 2025, it applies to financial entities (banks, insurers, investment firms, payment institutions, etc.) and to ICT third-party service providers. DORA is structured around five pillars: ICT risk management, ICT-related incident reporting, digital operational resilience testing, ICT third-party risk management, and information sharing. This Prowler mapping covers the technical controls auditable from cloud configuration; the organisational, contractual and supervisory obligations defined in DORA must be addressed outside of Prowler.";992275841864;sa-east-1;2026-08-18 15:47:07.870888;DORA-Art17;Financial entities shall define, establish and implement an ICT-related incident management process to detect, manage and notify ICT-related incidents. Comprehensive trail logging, log integrity protection, retention and centralisation of ICT events are foundational requirements.;ICT-Related Incident Reporting;Article 17;ICT-related incident management process;FAIL;No CloudTrail trails enabled with logging were found.;arn:aws:cloudtrail:sa-east-1:992275841864:trail;992275841864;cloudtrail_multi_region_enabled;False;DORA;Digital Operational Resilience Act (Regulation (EU) 2022/2554)
aws;"The Digital Operational Resilience Act (DORA) is a European Union regulation (Regulation (EU) 2022/2554) that sets a uniform framework for the digital operational resilience of the EU financial sector. Mandatory since 17 January 2025, it applies to financial entities (banks, insurers, investment firms, payment institutions, etc.) and to ICT third-party service providers. DORA is structured around five pillars: ICT risk management, ICT-related incident reporting, digital operational resilience testing, ICT third-party risk management, and information sharing. This Prowler mapping covers the technical controls auditable from cloud configuration; the organisational, contractual and supervisory obligations defined in DORA must be addressed outside of Prowler.";992275841864;us-east-1;2026-08-18 15:47:07.870888;DORA-Art17;Financial entities shall define, establish and implement an ICT-related incident management process to detect, manage and notify ICT-related incidents. Comprehensive trail logging, log integrity protection, retention and centralisation of ICT events are foundational requirements.;ICT-Related Incident Reporting;Article 17;ICT-related incident management process;FAIL;No CloudTrail trails enabled with logging were found.;arn:aws:cloudtrail:us-east-1:992275841864:trail;992275841864;cloudtrail_multi_region_enabled;False;DORA;Digital Operational Resilience Act (Regulation (EU) 2022/2554)
aws;"The Digital Operational Resilience Act (DORA) is a European Union regulation (Regulation (EU) 2022/2554) that sets a uniform framework for the digital operational resilience of the EU financial sector. Mandatory since 17 January 2025, it applies to financial entities (banks, insurers, investment firms, payment institutions, etc.) and to ICT third-party service providers. DORA is structured around five pillars: ICT risk management, ICT-related incident reporting, digital operational resilience testing, ICT third-party risk management, and information sharing. This Prowler mapping covers the technical controls auditable from cloud configuration; the organisational, contractual and supervisory obligations defined in DORA must be addressed outside of Prowler.";992275841864;us-east-2;2026-08-18 15:47:07.870888;DORA-Art17;Financial entities shall define, establish and implement an ICT-related incident management process to detect, manage and notify ICT-related incidents. Comprehensive trail logging, log integrity protection, retention and centralisation of ICT events are foundational requirements.;ICT-Related Incident Reporting;Article 17;ICT-related incident management process;FAIL;No CloudTrail trails enabled with logging were found.;arn:aws:cloudtrail:us-east-2:992275841864:trail;992275841864;cloudtrail_multi_region_enabled;False;DORA;Digital Operational Resilience Act (Regulation (EU) 2022/2554)
aws;"The Digital Operational Resilience Act (DORA) is a European Union regulation (Regulation (EU) 2022/2554) that sets a uniform framework for the digital operational resilience of the EU financial sector. Mandatory since 17 January 2025, it applies to financial entities (banks, insurers, investment firms, payment institutions, etc.) and to ICT third-party service providers. DORA is structured around five pillars: ICT risk management, ICT-related incident reporting, digital operational resilience testing, ICT third-party risk management, and information sharing. This Prowler mapping covers the technical controls auditable from cloud configuration; the organisational, contractual and supervisory obligations defined in DORA must be addressed outside of Prowler.";992275841864;us-west-1;2026-08-18 15:47:07.870888;DORA-Art17;Financial entities shall define, establish and implement an ICT-related incident management process to detect, manage and notify ICT-related incidents. Comprehensive trail logging, log integrity protection, retention and centralisation of ICT events are foundational requirements.;ICT-Related Incident Reporting;Article 17;ICT-related incident management process;FAIL;No CloudTrail trails enabled with logging were found.;arn:aws:cloudtrail:us-west-1:992275841864:trail;992275841864;cloudtrail_multi_region_enabled;False;DORA;Digital Operational Resilience Act (Regulation (EU) 2022/2554)
aws;"The Digital Operational Resilience Act (DORA) is a European Union regulation (Regulation (EU) 2022/2554) that sets a uniform framework for the digital operational resilience of the EU financial sector. Mandatory since 17 January 2025, it applies to financial entities (banks, insurers, investment firms, payment institutions, etc.) and to ICT third-party service providers. DORA is structured around five pillars: ICT risk management, ICT-related incident reporting, digital operational resilience testing, ICT third-party risk management, and information sharing. This Prowler mapping covers the technical controls auditable from cloud configuration; the organisational, contractual and supervisory obligations defined in DORA must be addressed outside of Prowler.";992275841864;us-west-2;2026-08-18 15:47:07.870888;DORA-Art17;Financial entities shall define, establish and implement an ICT-related incident management process to detect, manage and notify ICT-related incidents. Comprehensive trail logging, log integrity protection, retention and centralisation of ICT events are foundational requirements.;ICT-Related Incident Reporting;Article 17;ICT-related incident management process;FAIL;No CloudTrail trails enabled with logging were found.;arn:aws:cloudtrail:us-west-2:992275841864:trail;992275841864;cloudtrail_multi_region_enabled;False;DORA;Digital Operational Resilience Act (Regulation (EU) 2022/2554)
aws;"The Digital Operational Resilience Act (DORA) is a European Union regulation (Regulation (EU) 2022/2554) that sets a uniform framework for the digital operational resilience of the EU financial sector. Mandatory since 17 January 2025, it applies to financial entities (banks, insurers, investment firms, payment institutions, etc.) and to ICT third-party service providers. DORA is structured around five pillars: ICT risk management, ICT-related incident reporting, digital operational resilience testing, ICT third-party risk management, and information sharing. This Prowler mapping covers the technical controls auditable from cloud configuration; the organisational, contractual and supervisory obligations defined in DORA must be addressed outside of Prowler.";992275841864;ap-northeast-1;2026-08-18 15:47:07.870888;DORA-Art17;Financial entities shall define, establish and implement an ICT-related incident management process to detect, manage and notify ICT-related incidents. Comprehensive trail logging, log integrity protection, retention and centralisation of ICT events are foundational requirements.;ICT-Related Incident Reporting;Article 17;ICT-related incident management process;FAIL;No CloudTrail trails enabled and logging management events were found.;arn:aws:cloudtrail:ap-northeast-1:992275841864:trail;992275841864;cloudtrail_multi_region_enabled_logging_management_events;False;DORA;Digital Operational Resilience Act (Regulation (EU) 2022/2554)
aws;"The Digital Operational Resilience Act (DORA) is a European Union regulation (Regulation (EU) 2022/2554) that sets a uniform framework for the digital operational resilience of the EU financial sector. Mandatory since 17 January 2025, it applies to financial entities (banks, insurers, investment firms, payment institutions, etc.) and to ICT third-party service providers. DORA is structured around five pillars: ICT risk management, ICT-related incident reporting, digital operational resilience testing, ICT third-party risk management, and information sharing. This Prowler mapping covers the technical controls auditable from cloud configuration; the organisational, contractual and supervisory obligations defined in DORA must be addressed outside of Prowler.";992275841864;ap-northeast-2;2026-08-18 15:47:07.870888;DORA-Art17;Financial entities shall define, establish and implement an ICT-related incident management process to detect, manage and notify ICT-related incidents. Comprehensive trail logging, log integrity protection, retention and centralisation of ICT events are foundational requirements.;ICT-Related Incident Reporting;Article 17;ICT-related incident management process;FAIL;No CloudTrail trails enabled and logging management events were found.;arn:aws:cloudtrail:ap-northeast-2:992275841864:trail;992275841864;cloudtrail_multi_region_enabled_logging_management_events;False;DORA;Digital Operational Resilience Act (Regulation (EU) 2022/2554)
aws;"The Digital Operational Resilience Act (DORA) is a European Union regulation (Regulation (EU) 2022/2554) that sets a uniform framework for the digital operational resilience of the EU financial sector. Mandatory since 17 January 2025, it applies to financial entities (banks, insurers, investment firms, payment institutions, etc.) and to ICT third-party service providers. DORA is structured around five pillars: ICT risk management, ICT-related incident reporting, digital operational resilience testing, ICT third-party risk management, and information sharing. This Prowler mapping covers the technical controls auditable from cloud configuration; the organisational, contractual and supervisory obligations defined in DORA must be addressed outside of Prowler.";992275841864;ap-northeast-3;2026-08-18 15:47:07.870888;DORA-Art17;Financial entities shall define, establish and implement an ICT-related incident management process to detect, manage and notify ICT-related incidents. Comprehensive trail logging, log integrity protection, retention and centralisation of ICT events are foundational requirements.;ICT-Related Incident Reporting;Article 17;ICT-related incident management process;FAIL;No CloudTrail trails enabled and logging management events were found.;arn:aws:cloudtrail:ap-northeast-3:992275841864:trail;992275841864;cloudtrail_multi_region_enabled_logging_management_events;False;DORA;Digital Operational Resilience Act (Regulation (EU) 2022/2554)
aws;"The Digital Operational Resilience Act (DORA) is a European Union regulation (Regulation (EU) 2022/2554) that sets a uniform framework for the digital operational resilience of the EU financial sector. Mandatory since 17 January 2025, it applies to financial entities (banks, insurers, investment firms, payment institutions, etc.) and to ICT third-party service providers. DORA is structured around five pillars: ICT risk management, ICT-related incident reporting, digital operational resilience testing, ICT third-party risk management, and information sharing. This Prowler mapping covers the technical controls auditable from cloud configuration; the organisational, contractual and supervisory obligations defined in DORA must be addressed outside of Prowler.";992275841864;ap-south-1;2026-08-18 15:47:07.870888;DORA-Art17;Financial entities shall define, establish and implement an ICT-related incident management process to detect, manage and notify ICT-related incidents. Comprehensive trail logging, log integrity protection, retention and centralisation of ICT events are foundational requirements.;ICT-Related Incident Reporting;Article 17;ICT-related incident management process;FAIL;No CloudTrail trails enabled and logging management events were found.;arn:aws:cloudtrail:ap-south-1:992275841864:trail;992275841864;cloudtrail_multi_region_enabled_logging_management_events;False;DORA;Digital Operational Resilience Act (Regulation (EU) 2022/2554)
aws;"The Digital Operational Resilience Act (DORA) is a European Union regulation (Regulation (EU) 2022/2554) that sets a uniform framework for the digital operational resilience of the EU financial sector. Mandatory since 17 January 2025, it applies to financial entities (banks, insurers, investment firms, payment institutions, etc.) and to ICT third-party service providers. DORA is structured around five pillars: ICT risk management, ICT-related incident reporting, digital operational resilience testing, ICT third-party risk management, and information sharing. This Prowler mapping covers the technical controls auditable from cloud configuration; the organisational, contractual and supervisory obligations defined in DORA must be addressed outside of Prowler.";992275841864;ap-southeast-1;2026-08-18 15:47:07.870888;DORA-Art17;Financial entities shall define, establish and implement an ICT-related incident management process to detect, manage and notify ICT-related incidents. Comprehensive trail logging, log integrity protection, retention and centralisation of ICT events are foundational requirements.;ICT-Related Incident Reporting;Article 17;ICT-related incident management process;FAIL;No CloudTrail trails enabled and logging management events were found.;arn:aws:cloudtrail:ap-southeast-1:992275841864:trail;992275841864;cloudtrail_multi_region_enabled_logging_management_events;False;DORA;Digital Operational Resilience Act (Regulation (EU) 2022/2554)
aws;"The Digital Operational Resilience Act (DORA) is a European Union regulation (Regulation (EU) 2022/2554) that sets a uniform framework for the digital operational resilience of the EU financial sector. Mandatory since 17 January 2025, it applies to financial entities (banks, insurers, investment firms, payment institutions, etc.) and to ICT third-party service providers. DORA is structured around five pillars: ICT risk management, ICT-related incident reporting, digital operational resilience testing, ICT third-party risk management, and information sharing. This Prowler mapping covers the technical controls auditable from cloud configuration; the organisational, contractual and supervisory obligations defined in DORA must be addressed outside of Prowler.";992275841864;ap-southeast-2;2026-08-18 15:47:07.870888;DORA-Art17;Financial entities shall define, establish and implement an ICT-related incident management process to detect, manage and notify ICT-related incidents. Comprehensive trail logging, log integrity protection, retention and centralisation of ICT events are foundational requirements.;ICT-Related Incident Reporting;Article 17;ICT-related incident management process;FAIL;No CloudTrail trails enabled and logging management events were found.;arn:aws:cloudtrail:ap-southeast-2:992275841864:trail;992275841864;cloudtrail_multi_region_enabled_logging_management_events;False;DORA;Digital Operational Resilience Act (Regulation (EU) 2022/2554)
aws;"The Digital Operational Resilience Act (DORA) is a European Union regulation (Regulation (EU) 2022/2554) that sets a uniform framework for the digital operational resilience of the EU financial sector. Mandatory since 17 January 2025, it applies to financial entities (banks, insurers, investment firms, payment institutions, etc.) and to ICT third-party service providers. DORA is structured around five pillars: ICT risk management, ICT-related incident reporting, digital operational resilience testing, ICT third-party risk management, and information sharing. This Prowler mapping covers the technical controls auditable from cloud configuration; the organisational, contractual and supervisory obligations defined in DORA must be addressed outside of Prowler.";992275841864;ca-central-1;2026-08-18 15:47:07.870888;DORA-Art17;Financial entities shall define, establish and implement an ICT-related incident management process to detect, manage and notify ICT-related incidents. Comprehensive trail logging, log integrity protection, retention and centralisation of ICT events are foundational requirements.;ICT-Related Incident Reporting;Article 17;ICT-related incident management process;FAIL;No CloudTrail trails enabled and logging management events were found.;arn:aws:cloudtrail:ca-central-1:992275841864:trail;992275841864;cloudtrail_multi_region_enabled_logging_management_events;False;DORA;Digital Operational Resilience Act (Regulation (EU) 2022/2554)
aws;"The Digital Operational Resilience Act (DORA) is a European Union regulation (Regulation (EU) 2022/2554) that sets a uniform framework for the digital operational resilience of the EU financial sector. Mandatory since 17 January 2025, it applies to financial entities (banks, insurers, investment firms, payment institutions, etc.) and to ICT third-party service providers. DORA is structured around five pillars: ICT risk management, ICT-related incident reporting, digital operational resilience testing, ICT third-party risk management, and information sharing. This Prowler mapping covers the technical controls auditable from cloud configuration; the organisational, contractual and supervisory obligations defined in DORA must be addressed outside of Prowler.";992275841864;eu-central-1;2026-08-18 15:47:07.870888;DORA-Art17;Financial entities shall define, establish and implement an ICT-related incident management process to detect, manage and notify ICT-related incidents. Comprehensive trail logging, log integrity protection, retention and centralisation of ICT events are foundational requirements.;ICT-Related Incident Reporting;Article 17;ICT-related incident management process;FAIL;No CloudTrail trails enabled and logging management events were found.;arn:aws:cloudtrail:eu-central-1:992275841864:trail;992275841864;cloudtrail_multi_region_enabled_logging_management_events;False;DORA;Digital Operational Resilience Act (Regulation (EU) 2022/2554)
aws;"The Digital Operational Resilience Act (DORA) is a European Union regulation (Regulation (EU) 2022/2554) that sets a uniform framework for the digital operational resilience of the EU financial sector. Mandatory since 17 January 2025, it applies to financial entities (banks, insurers, investment firms, payment institutions, etc.) and to ICT third-party service providers. DORA is structured around five pillars: ICT risk management, ICT-related incident reporting, digital operational resilience testing, ICT third-party risk management, and information sharing. This Prowler mapping covers the technical controls auditable from cloud configuration; the organisational, contractual and supervisory obligations defined in DORA must be addressed outside of Prowler.";992275841864;eu-north-1;2026-08-18 15:47:07.870888;DORA-Art17;Financial entities shall define, establish and implement an ICT-related incident management process to detect, manage and notify ICT-related incidents. Comprehensive trail logging, log integrity protection, retention and centralisation of ICT events are foundational requirements.;ICT-Related Incident Reporting;Article 17;ICT-related incident management process;FAIL;No CloudTrail trails enabled and logging management events were found.;arn:aws:cloudtrail:eu-north-1:992275841864:trail;992275841864;cloudtrail_multi_region_enabled_logging_management_events;False;DORA;Digital Operational Resilience Act (Regulation (EU) 2022/2554)
aws;"The Digital Operational Resilience Act (DORA) is a European Union regulation (Regulation (EU) 2022/2554) that sets a uniform framework for the digital operational resilience of the EU financial sector. Mandatory since 17 January 2025, it applies to financial entities (banks, insurers, investment firms, payment institutions, etc.) and to ICT third-party service providers. DORA is structured around five pillars: ICT risk management, ICT-related incident reporting, digital operational resilience testing, ICT third-party risk management, and information sharing. This Prowler mapping covers the technical controls auditable from cloud configuration; the organisational, contractual and supervisory obligations defined in DORA must be addressed outside of Prowler.";992275841864;eu-west-1;2026-08-18 15:47:07.870888;DORA-Art17;Financial entities shall define, establish and implement an ICT-related incident management process to detect, manage and notify ICT-related incidents. Comprehensive trail logging, log integrity protection, retention and centralisation of ICT events are foundational requirements.;ICT-Related Incident Reporting;Article 17;ICT-related incident management process;FAIL;No CloudTrail trails enabled and logging management events were found.;arn:aws:cloudtrail:eu-west-1:992275841864:trail;992275841864;cloudtrail_multi_region_enabled_logging_management_events;False;DORA;Digital Operational Resilience Act (Regulation (EU) 2022/2554)
aws;"The Digital Operational Resilience Act (DORA) is a European Union regulation (Regulation (EU) 2022/2554) that sets a uniform framework for the digital operational resilience of the EU financial sector. Mandatory since 17 January 2025, it applies to financial entities (banks, insurers, investment firms, payment institutions, etc.) and to ICT third-party service providers. DORA is structured around five pillars: ICT risk management, ICT-related incident reporting, digital operational resilience testing, ICT third-party risk management, and information sharing. This Prowler mapping covers the technical controls auditable from cloud configuration; the organisational, contractual and supervisory obligations defined in DORA must be addressed outside of Prowler.";992275841864;eu-west-2;2026-08-18 15:47:07.870888;DORA-Art17;Financial entities shall define, establish and implement an ICT-related incident management process to detect, manage and notify ICT-related incidents. Comprehensive trail logging, log integrity protection, retention and centralisation of ICT events are foundational requirements.;ICT-Related Incident Reporting;Article 17;ICT-related incident management process;FAIL;No CloudTrail trails enabled and logging management events were found.;arn:aws:cloudtrail:eu-west-2:992275841864:trail;992275841864;cloudtrail_multi_region_enabled_logging_management_events;False;DORA;Digital Operational Resilience Act (Regulation (EU) 2022/2554)
aws;"The Digital Operational Resilience Act (DORA) is a European Union regulation (Regulation (EU) 2022/2554) that sets a uniform framework for the digital operational resilience of the EU financial sector. Mandatory since 17 January 2025, it applies to financial entities (banks, insurers, investment firms, payment institutions, etc.) and to ICT third-party service providers. DORA is structured around five pillars: ICT risk management, ICT-related incident reporting, digital operational resilience testing, ICT third-party risk management, and information sharing. This Prowler mapping covers the technical controls auditable from cloud configuration; the organisational, contractual and supervisory obligations defined in DORA must be addressed outside of Prowler.";992275841864;eu-west-3;2026-08-18 15:47:07.870888;DORA-Art17;Financial entities shall define, establish and implement an ICT-related incident management process to detect, manage and notify ICT-related incidents. Comprehensive trail logging, log integrity protection, retention and centralisation of ICT events are foundational requirements.;ICT-Related Incident Reporting;Article 17;ICT-related incident management process;FAIL;No CloudTrail trails enabled and logging management events were found.;arn:aws:cloudtrail:eu-west-3:992275841864:trail;992275841864;cloudtrail_multi_region_enabled_logging_management_events;False;DORA;Digital Operational Resilience Act (Regulation (EU) 2022/2554)
aws;"The Digital Operational Resilience Act (DORA) is a European Union regulation (Regulation (EU) 2022/2554) that sets a uniform framework for the digital operational resilience of the EU financial sector. Mandatory since 17 January 2025, it applies to financial entities (banks, insurers, investment firms, payment institutions, etc.) and to ICT third-party service providers. DORA is structured around five pillars: ICT risk management, ICT-related incident reporting, digital operational resilience testing, ICT third-party risk management, and information sharing. This Prowler mapping covers the technical controls auditable from cloud configuration; the organisational, contractual and supervisory obligations defined in DORA must be addressed outside of Prowler.";992275841864;sa-east-1;2026-08-18 15:47:07.870888;DORA-Art17;Financial entities shall define, establish and implement an ICT-related incident management process to detect, manage and notify ICT-related incidents. Comprehensive trail logging, log integrity protection, retention and centralisation of ICT events are foundational requirements.;ICT-Related Incident Reporting;Article 17;ICT-related incident management process;FAIL;No CloudTrail trails enabled and logging management events were found.;arn:aws:cloudtrail:sa-east-1:992275841864:trail;992275841864;cloudtrail_multi_region_enabled_logging_management_events;False;DORA;Digital Operational Resilience Act (Regulation (EU) 2022/2554)
aws;"The Digital Operational Resilience Act (DORA) is a European Union regulation (Regulation (EU) 2022/2554) that sets a uniform framework for the digital operational resilience of the EU financial sector. Mandatory since 17 January 2025, it applies to financial entities (banks, insurers, investment firms, payment institutions, etc.) and to ICT third-party service providers. DORA is structured around five pillars: ICT risk management, ICT-related incident reporting, digital operational resilience testing, ICT third-party risk management, and information sharing. This Prowler mapping covers the technical controls auditable from cloud configuration; the organisational, contractual and supervisory obligations defined in DORA must be addressed outside of Prowler.";992275841864;us-east-1;2026-08-18 15:47:07.870888;DORA-Art17;Financial entities shall define, establish and implement an ICT-related incident management process to detect, manage and notify ICT-related incidents. Comprehensive trail logging, log integrity protection, retention and centralisation of ICT events are foundational requirements.;ICT-Related Incident Reporting;Article 17;ICT-related incident management process;FAIL;No CloudTrail trails enabled and logging management events were found.;arn:aws:cloudtrail:us-east-1:992275841864:trail;992275841864;cloudtrail_multi_region_enabled_logging_management_events;False;DORA;Digital Operational Resilience Act (Regulation (EU) 2022/2554)
aws;"The Digital Operational Resilience Act (DORA) is a European Union regulation (Regulation (EU) 2022/2554) that sets a uniform framework for the digital operational resilience of the EU financial sector. Mandatory since 17 January 2025, it applies to financial entities (banks, insurers, investment firms, payment institutions, etc.) and to ICT third-party service providers. DORA is structured around five pillars: ICT risk management, ICT-related incident reporting, digital operational resilience testing, ICT third-party risk management, and information sharing. This Prowler mapping covers the technical controls auditable from cloud configuration; the organisational, contractual and supervisory obligations defined in DORA must be addressed outside of Prowler.";992275841864;us-east-2;2026-08-18 15:47:07.870888;DORA-Art17;Financial entities shall define, establish and implement an ICT-related incident management process to detect, manage and notify ICT-related incidents. Comprehensive trail logging, log integrity protection, retention and centralisation of ICT events are foundational requirements.;ICT-Related Incident Reporting;Article 17;ICT-related incident management process;FAIL;No CloudTrail trails enabled and logging management events were found.;arn:aws:cloudtrail:us-east-2:992275841864:trail;992275841864;cloudtrail_multi_region_enabled_logging_management_events;False;DORA;Digital Operational Resilience Act (Regulation (EU) 2022/2554)
aws;"The Digital Operational Resilience Act (DORA) is a European Union regulation (Regulation (EU) 2022/2554) that sets a uniform framework for the digital operational resilience of the EU financial sector. Mandatory since 17 January 2025, it applies to financial entities (banks, insurers, investment firms, payment institutions, etc.) and to ICT third-party service providers. DORA is structured around five pillars: ICT risk management, ICT-related incident reporting, digital operational resilience testing, ICT third-party risk management, and information sharing. This Prowler mapping covers the technical controls auditable from cloud configuration; the organisational, contractual and supervisory obligations defined in DORA must be addressed outside of Prowler.";992275841864;us-west-1;2026-08-18 15:47:07.870888;DORA-Art17;Financial entities shall define, establish and implement an ICT-related incident management process to detect, manage and notify ICT-related incidents. Comprehensive trail logging, log integrity protection, retention and centralisation of ICT events are foundational requirements.;ICT-Related Incident Reporting;Article 17;ICT-related incident management process;FAIL;No CloudTrail trails enabled and logging management events were found.;arn:aws:cloudtrail:us-west-1:992275841864:trail;992275841864;cloudtrail_multi_region_enabled_logging_management_events;False;DORA;Digital Operational Resilience Act (Regulation (EU) 2022/2554)
aws;"The Digital Operational Resilience Act (DORA) is a European Union regulation (Regulation (EU) 2022/2554) that sets a uniform framework for the digital operational resilience of the EU financial sector. Mandatory since 17 January 2025, it applies to financial entities (banks, insurers, investment firms, payment institutions, etc.) and to ICT third-party service providers. DORA is structured around five pillars: ICT risk management, ICT-related incident reporting, digital operational resilience testing, ICT third-party risk management, and information sharing. This Prowler mapping covers the technical controls auditable from cloud configuration; the organisational, contractual and supervisory obligations defined in DORA must be addressed outside of Prowler.";992275841864;us-west-2;2026-08-18 15:47:07.870888;DORA-Art17;Financial entities shall define, establish and implement an ICT-related incident management process to detect, manage and notify ICT-related incidents. Comprehensive trail logging, log integrity protection, retention and centralisation of ICT events are foundational requirements.;ICT-Related Incident Reporting;Article 17;ICT-related incident management process;FAIL;No CloudTrail trails enabled and logging management events were found.;arn:aws:cloudtrail:us-west-2:992275841864:trail;992275841864;cloudtrail_multi_region_enabled_logging_management_events;False;DORA;Digital Operational Resilience Act (Regulation (EU) 2022/2554)
aws;"The Digital Operational Resilience Act (DORA) is a European Union regulation (Regulation (EU) 2022/2554) that sets a uniform framework for the digital operational resilience of the EU financial sector. Mandatory since 17 January 2025, it applies to financial entities (banks, insurers, investment firms, payment institutions, etc.) and to ICT third-party service providers. DORA is structured around five pillars: ICT risk management, ICT-related incident reporting, digital operational resilience testing, ICT third-party risk management, and information sharing. This Prowler mapping covers the technical controls auditable from cloud configuration; the organisational, contractual and supervisory obligations defined in DORA must be addressed outside of Prowler.";992275841864;us-west-2;2026-08-18 15:47:07.870888;DORA-Art17;Financial entities shall define, establish and implement an ICT-related incident management process to detect, manage and notify ICT-related incidents. Comprehensive trail logging, log integrity protection, retention and centralisation of ICT events are foundational requirements.;ICT-Related Incident Reporting;Article 17;ICT-related incident management process;FAIL;No CloudTrail trails have a data event to record all S3 object-level API operations.;arn:aws:cloudtrail:us-west-2:992275841864:trail;992275841864;cloudtrail_s3_dataevents_read_enabled;False;DORA;Digital Operational Resilience Act (Regulation (EU) 2022/2554)
aws;"The Digital Operational Resilience Act (DORA) is a European Union regulation (Regulation (EU) 2022/2554) that sets a uniform framework for the digital operational resilience of the EU financial sector. Mandatory since 17 January 2025, it applies to financial entities (banks, insurers, investment firms, payment institutions, etc.) and to ICT third-party service providers. DORA is structured around five pillars: ICT risk management, ICT-related incident reporting, digital operational resilience testing, ICT third-party risk management, and information sharing. This Prowler mapping covers the technical controls auditable from cloud configuration; the organisational, contractual and supervisory obligations defined in DORA must be addressed outside of Prowler.";992275841864;us-west-2;2026-08-18 15:47:07.870888;DORA-Art17;Financial entities shall define, establish and implement an ICT-related incident management process to detect, manage and notify ICT-related incidents. Comprehensive trail logging, log integrity protection, retention and centralisation of ICT events are foundational requirements.;ICT-Related Incident Reporting;Article 17;ICT-related incident management process;FAIL;No CloudTrail trails have a data event to record all S3 object-level API operations.;arn:aws:cloudtrail:us-west-2:992275841864:trail;992275841864;cloudtrail_s3_dataevents_write_enabled;False;DORA;Digital Operational Resilience Act (Regulation (EU) 2022/2554)
aws;"The Digital Operational Resilience Act (DORA) is a European Union regulation (Regulation (EU) 2022/2554) that sets a uniform framework for the digital operational resilience of the EU financial sector. Mandatory since 17 January 2025, it applies to financial entities (banks, insurers, investment firms, payment institutions, etc.) and to ICT third-party service providers. DORA is structured around five pillars: ICT risk management, ICT-related incident reporting, digital operational resilience testing, ICT third-party risk management, and information sharing. This Prowler mapping covers the technical controls auditable from cloud configuration; the organisational, contractual and supervisory obligations defined in DORA must be addressed outside of Prowler.";992275841864;us-west-2;2026-08-18 15:47:07.870888;DORA-Art19;Financial entities shall report major ICT-related incidents to the relevant competent authority and may, on a voluntary basis, notify significant cyber threats. Detective metric filters, change-tracking alarms and reliable notification topics are needed to surface and route reportable events.;ICT-Related Incident Reporting;Article 19;Reporting of major ICT-related incidents and voluntary notification of significant cyber threats;FAIL;No CloudWatch log groups found with metric filters or alarms associated.;arn:aws:logs:us-west-2:992275841864:log-group;992275841864;cloudwatch_changes_to_network_acls_alarm_configured;False;DORA;Digital Operational Resilience Act (Regulation (EU) 2022/2554)
aws;"The Digital Operational Resilience Act (DORA) is a European Union regulation (Regulation (EU) 2022/2554) that sets a uniform framework for the digital operational resilience of the EU financial sector. Mandatory since 17 January 2025, it applies to financial entities (banks, insurers, investment firms, payment institutions, etc.) and to ICT third-party service providers. DORA is structured around five pillars: ICT risk management, ICT-related incident reporting, digital operational resilience testing, ICT third-party risk management, and information sharing. This Prowler mapping covers the technical controls auditable from cloud configuration; the organisational, contractual and supervisory obligations defined in DORA must be addressed outside of Prowler.";992275841864;us-west-2;2026-08-18 15:47:07.870888;DORA-Art19;Financial entities shall report major ICT-related incidents to the relevant competent authority and may, on a voluntary basis, notify significant cyber threats. Detective metric filters, change-tracking alarms and reliable notification topics are needed to surface and route reportable events.;ICT-Related Incident Reporting;Article 19;Reporting of major ICT-related incidents and voluntary notification of significant cyber threats;FAIL;No CloudWatch log groups found with metric filters or alarms associated.;arn:aws:logs:us-west-2:992275841864:log-group;992275841864;cloudwatch_changes_to_network_gateways_alarm_configured;False;DORA;Digital Operational Resilience Act (Regulation (EU) 2022/2554)
aws;"The Digital Operational Resilience Act (DORA) is a European Union regulation (Regulation (EU) 2022/2554) that sets a uniform framework for the digital operational resilience of the EU financial sector. Mandatory since 17 January 2025, it applies to financial entities (banks, insurers, investment firms, payment institutions, etc.) and to ICT third-party service providers. DORA is structured around five pillars: ICT risk management, ICT-related incident reporting, digital operational resilience testing, ICT third-party risk management, and information sharing. This Prowler mapping covers the technical controls auditable from cloud configuration; the organisational, contractual and supervisory obligations defined in DORA must be addressed outside of Prowler.";992275841864;us-west-2;2026-08-18 15:47:07.870888;DORA-Art19;Financial entities shall report major ICT-related incidents to the relevant competent authority and may, on a voluntary basis, notify significant cyber threats. Detective metric filters, change-tracking alarms and reliable notification topics are needed to surface and route reportable events.;ICT-Related Incident Reporting;Article 19;Reporting of major ICT-related incidents and voluntary notification of significant cyber threats;FAIL;No CloudWatch log groups found with metric filters or alarms associated.;arn:aws:logs:us-west-2:992275841864:log-group;992275841864;cloudwatch_changes_to_network_route_tables_alarm_configured;False;DORA;Digital Operational Resilience Act (Regulation (EU) 2022/2554)
aws;"The Digital Operational Resilience Act (DORA) is a European Union regulation (Regulation (EU) 2022/2554) that sets a uniform framework for the digital operational resilience of the EU financial sector. Mandatory since 17 January 2025, it applies to financial entities (banks, insurers, investment firms, payment institutions, etc.) and to ICT third-party service providers. DORA is structured around five pillars: ICT risk management, ICT-related incident reporting, digital operational resilience testing, ICT third-party risk management, and information sharing. This Prowler mapping covers the technical controls auditable from cloud configuration; the organisational, contractual and supervisory obligations defined in DORA must be addressed outside of Prowler.";992275841864;us-west-2;2026-08-18 15:47:07.870888;DORA-Art19;Financial entities shall report major ICT-related incidents to the relevant competent authority and may, on a voluntary basis, notify significant cyber threats. Detective metric filters, change-tracking alarms and reliable notification topics are needed to surface and route reportable events.;ICT-Related Incident Reporting;Article 19;Reporting of major ICT-related incidents and voluntary notification of significant cyber threats;FAIL;No CloudWatch log groups found with metric filters or alarms associated.;arn:aws:logs:us-west-2:992275841864:log-group;992275841864;cloudwatch_changes_to_vpcs_alarm_configured;False;DORA;Digital Operational Resilience Act (Regulation (EU) 2022/2554)
aws;"The Digital Operational Resilience Act (DORA) is a European Union regulation (Regulation (EU) 2022/2554) that sets a uniform framework for the digital operational resilience of the EU financial sector. Mandatory since 17 January 2025, it applies to financial entities (banks, insurers, investment firms, payment institutions, etc.) and to ICT third-party service providers. DORA is structured around five pillars: ICT risk management, ICT-related incident reporting, digital operational resilience testing, ICT third-party risk management, and information sharing. This Prowler mapping covers the technical controls auditable from cloud configuration; the organisational, contractual and supervisory obligations defined in DORA must be addressed outside of Prowler.";992275841864;us-west-2;2026-08-18 15:47:07.870888;DORA-Art28;Financial entities shall manage ICT third-party risk as an integral component of ICT risk within their ICT risk management framework. Cross-account access, trust boundaries, organization-level controls and dependency visibility are critical to monitor third-party exposure on AWS.;ICT Third-Party Risk Management;Article 28;General principles (ICT third-party risk);PASS;CloudWatch doesn't allow cross-account sharing.;arn:aws:iam:us-west-2:992275841864:role;992275841864;cloudwatch_cross_account_sharing_disabled;False;DORA;Digital Operational Resilience Act (Regulation (EU) 2022/2554)
aws;"The Digital Operational Resilience Act (DORA) is a European Union regulation (Regulation (EU) 2022/2554) that sets a uniform framework for the digital operational resilience of the EU financial sector. Mandatory since 17 January 2025, it applies to financial entities (banks, insurers, investment firms, payment institutions, etc.) and to ICT third-party service providers. DORA is structured around five pillars: ICT risk management, ICT-related incident reporting, digital operational resilience testing, ICT third-party risk management, and information sharing. This Prowler mapping covers the technical controls auditable from cloud configuration; the organisational, contractual and supervisory obligations defined in DORA must be addressed outside of Prowler.";992275841864;us-west-2;2026-08-18 15:47:07.870888;DORA-Art17;Financial entities shall define, establish and implement an ICT-related incident management process to detect, manage and notify ICT-related incidents. Comprehensive trail logging, log integrity protection, retention and centralisation of ICT events are foundational requirements.;ICT-Related Incident Reporting;Article 17;ICT-related incident management process;FAIL;Log Group /aws/lambda/auto-shutdown-untagged-instances does not have AWS KMS keys associated.;arn:aws:logs:us-west-2:992275841864:log-group:/aws/lambda/auto-shutdown-untagged-instances:*;/aws/lambda/auto-shutdown-untagged-instances;cloudwatch_log_group_kms_encryption_enabled;False;DORA;Digital Operational Resilience Act (Regulation (EU) 2022/2554)
aws;"The Digital Operational Resilience Act (DORA) is a European Union regulation (Regulation (EU) 2022/2554) that sets a uniform framework for the digital operational resilience of the EU financial sector. Mandatory since 17 January 2025, it applies to financial entities (banks, insurers, investment firms, payment institutions, etc.) and to ICT third-party service providers. DORA is structured around five pillars: ICT risk management, ICT-related incident reporting, digital operational resilience testing, ICT third-party risk management, and information sharing. This Prowler mapping covers the technical controls auditable from cloud configuration; the organisational, contractual and supervisory obligations defined in DORA must be addressed outside of Prowler.";992275841864;us-west-2;2026-08-18 15:47:07.870888;DORA-Art17;Financial entities shall define, establish and implement an ICT-related incident management process to detect, manage and notify ICT-related incidents. Comprehensive trail logging, log integrity protection, retention and centralisation of ICT events are foundational requirements.;ICT-Related Incident Reporting;Article 17;ICT-related incident management process;PASS;No secrets found in /aws/lambda/auto-shutdown-untagged-instances log group.;arn:aws:logs:us-west-2:992275841864:log-group:/aws/lambda/auto-shutdown-untagged-instances:*;/aws/lambda/auto-shutdown-untagged-instances;cloudwatch_log_group_no_secrets_in_logs;False;DORA;Digital Operational Resilience Act (Regulation (EU) 2022/2554)
aws;"The Digital Operational Resilience Act (DORA) is a European Union regulation (Regulation (EU) 2022/2554) that sets a uniform framework for the digital operational resilience of the EU financial sector. Mandatory since 17 January 2025, it applies to financial entities (banks, insurers, investment firms, payment institutions, etc.) and to ICT third-party service providers. DORA is structured around five pillars: ICT risk management, ICT-related incident reporting, digital operational resilience testing, ICT third-party risk management, and information sharing. This Prowler mapping covers the technical controls auditable from cloud configuration; the organisational, contractual and supervisory obligations defined in DORA must be addressed outside of Prowler.";992275841864;us-west-2;2026-08-18 15:47:07.870888;DORA-Art17;Financial entities shall define, establish and implement an ICT-related incident management process to detect, manage and notify ICT-related incidents. Comprehensive trail logging, log integrity protection, retention and centralisation of ICT events are foundational requirements.;ICT-Related Incident Reporting;Article 17;ICT-related incident management process;PASS;Log Group /aws/lambda/auto-shutdown-untagged-instances is not publicly accessible.;arn:aws:logs:us-west-2:992275841864:log-group:/aws/lambda/auto-shutdown-untagged-instances:*;/aws/lambda/auto-shutdown-untagged-instances;cloudwatch_log_group_not_publicly_accessible;False;DORA;Digital Operational Resilience Act (Regulation (EU) 2022/2554)
aws;"The Digital Operational Resilience Act (DORA) is a European Union regulation (Regulation (EU) 2022/2554) that sets a uniform framework for the digital operational resilience of the EU financial sector. Mandatory since 17 January 2025, it applies to financial entities (banks, insurers, investment firms, payment institutions, etc.) and to ICT third-party service providers. DORA is structured around five pillars: ICT risk management, ICT-related incident reporting, digital operational resilience testing, ICT third-party risk management, and information sharing. This Prowler mapping covers the technical controls auditable from cloud configuration; the organisational, contractual and supervisory obligations defined in DORA must be addressed outside of Prowler.";992275841864;us-west-2;2026-08-18 15:47:07.870888;DORA-Art17;Financial entities shall define, establish and implement an ICT-related incident management process to detect, manage and notify ICT-related incidents. Comprehensive trail logging, log integrity protection, retention and centralisation of ICT events are foundational requirements.;ICT-Related Incident Reporting;Article 17;ICT-related incident management process;PASS;Log Group /aws/lambda/auto-shutdown-untagged-instances comply with 365 days retention period since it never expires.;arn:aws:logs:us-west-2:992275841864:log-group:/aws/lambda/auto-shutdown-untagged-instances:*;/aws/lambda/auto-shutdown-untagged-instances;cloudwatch_log_group_retention_policy_specific_days_enabled;False;DORA;Digital Operational Resilience Act (Regulation (EU) 2022/2554)
aws;"The Digital Operational Resilience Act (DORA) is a European Union regulation (Regulation (EU) 2022/2554) that sets a uniform framework for the digital operational resilience of the EU financial sector. Mandatory since 17 January 2025, it applies to financial entities (banks, insurers, investment firms, payment institutions, etc.) and to ICT third-party service providers. DORA is structured around five pillars: ICT risk management, ICT-related incident reporting, digital operational resilience testing, ICT third-party risk management, and information sharing. This Prowler mapping covers the technical controls auditable from cloud configuration; the organisational, contractual and supervisory obligations defined in DORA must be addressed outside of Prowler.";992275841864;us-west-2;2026-08-18 15:47:07.870888;DORA-Art19;Financial entities shall report major ICT-related incidents to the relevant competent authority and may, on a voluntary basis, notify significant cyber threats. Detective metric filters, change-tracking alarms and reliable notification topics are needed to surface and route reportable events.;ICT-Related Incident Reporting;Article 19;Reporting of major ICT-related incidents and voluntary notification of significant cyber threats;FAIL;No CloudWatch log groups found with metric filters or alarms associated.;arn:aws:logs:us-west-2:992275841864:log-group;992275841864;cloudwatch_log_metric_filter_and_alarm_for_aws_config_configuration_changes_enabled;False;DORA;Digital Operational Resilience Act (Regulation (EU) 2022/2554)
aws;"The Digital Operational Resilience Act (DORA) is a European Union regulation (Regulation (EU) 2022/2554) that sets a uniform framework for the digital operational resilience of the EU financial sector. Mandatory since 17 January 2025, it applies to financial entities (banks, insurers, investment firms, payment institutions, etc.) and to ICT third-party service providers. DORA is structured around five pillars: ICT risk management, ICT-related incident reporting, digital operational resilience testing, ICT third-party risk management, and information sharing. This Prowler mapping covers the technical controls auditable from cloud configuration; the organisational, contractual and supervisory obligations defined in DORA must be addressed outside of Prowler.";992275841864;us-west-2;2026-08-18 15:47:07.870888;DORA-Art19;Financial entities shall report major ICT-related incidents to the relevant competent authority and may, on a voluntary basis, notify significant cyber threats. Detective metric filters, change-tracking alarms and reliable notification topics are needed to surface and route reportable events.;ICT-Related Incident Reporting;Article 19;Reporting of major ICT-related incidents and voluntary notification of significant cyber threats;FAIL;No CloudWatch log groups found with metric filters or alarms associated.;arn:aws:logs:us-west-2:992275841864:log-group;992275841864;cloudwatch_log_metric_filter_and_alarm_for_cloudtrail_configuration_changes_enabled;False;DORA;Digital Operational Resilience Act (Regulation (EU) 2022/2554)
aws;"The Digital Operational Resilience Act (DORA) is a European Union regulation (Regulation (EU) 2022/2554) that sets a uniform framework for the digital operational resilience of the EU financial sector. Mandatory since 17 January 2025, it applies to financial entities (banks, insurers, investment firms, payment institutions, etc.) and to ICT third-party service providers. DORA is structured around five pillars: ICT risk management, ICT-related incident reporting, digital operational resilience testing, ICT third-party risk management, and information sharing. This Prowler mapping covers the technical controls auditable from cloud configuration; the organisational, contractual and supervisory obligations defined in DORA must be addressed outside of Prowler.";992275841864;us-west-2;2026-08-18 15:47:07.870888;DORA-Art19;Financial entities shall report major ICT-related incidents to the relevant competent authority and may, on a voluntary basis, notify significant cyber threats. Detective metric filters, change-tracking alarms and reliable notification topics are needed to surface and route reportable events.;ICT-Related Incident Reporting;Article 19;Reporting of major ICT-related incidents and voluntary notification of significant cyber threats;FAIL;No CloudWatch log groups found with metric filters or alarms associated.;arn:aws:logs:us-west-2:992275841864:log-group;992275841864;cloudwatch_log_metric_filter_authentication_failures;False;DORA;Digital Operational Resilience Act (Regulation (EU) 2022/2554)
aws;"The Digital Operational Resilience Act (DORA) is a European Union regulation (Regulation (EU) 2022/2554) that sets a uniform framework for the digital operational resilience of the EU financial sector. Mandatory since 17 January 2025, it applies to financial entities (banks, insurers, investment firms, payment institutions, etc.) and to ICT third-party service providers. DORA is structured around five pillars: ICT risk management, ICT-related incident reporting, digital operational resilience testing, ICT third-party risk management, and information sharing. This Prowler mapping covers the technical controls auditable from cloud configuration; the organisational, contractual and supervisory obligations defined in DORA must be addressed outside of Prowler.";992275841864;us-west-2;2026-08-18 15:47:07.870888;DORA-Art19;Financial entities shall report major ICT-related incidents to the relevant competent authority and may, on a voluntary basis, notify significant cyber threats. Detective metric filters, change-tracking alarms and reliable notification topics are needed to surface and route reportable events.;ICT-Related Incident Reporting;Article 19;Reporting of major ICT-related incidents and voluntary notification of significant cyber threats;FAIL;No CloudWatch log groups found with metric filters or alarms associated.;arn:aws:logs:us-west-2:992275841864:log-group;992275841864;cloudwatch_log_metric_filter_aws_organizations_changes;False;DORA;Digital Operational Resilience Act (Regulation (EU) 2022/2554)
aws;"The Digital Operational Resilience Act (DORA) is a European Union regulation (Regulation (EU) 2022/2554) that sets a uniform framework for the digital operational resilience of the EU financial sector. Mandatory since 17 January 2025, it applies to financial entities (banks, insurers, investment firms, payment institutions, etc.) and to ICT third-party service providers. DORA is structured around five pillars: ICT risk management, ICT-related incident reporting, digital operational resilience testing, ICT third-party risk management, and information sharing. This Prowler mapping covers the technical controls auditable from cloud configuration; the organisational, contractual and supervisory obligations defined in DORA must be addressed outside of Prowler.";992275841864;us-west-2;2026-08-18 15:47:07.870888;DORA-Art19;Financial entities shall report major ICT-related incidents to the relevant competent authority and may, on a voluntary basis, notify significant cyber threats. Detective metric filters, change-tracking alarms and reliable notification topics are needed to surface and route reportable events.;ICT-Related Incident Reporting;Article 19;Reporting of major ICT-related incidents and voluntary notification of significant cyber threats;FAIL;No CloudWatch log groups found with metric filters or alarms associated.;arn:aws:logs:us-west-2:992275841864:log-group;992275841864;cloudwatch_log_metric_filter_disable_or_scheduled_deletion_of_kms_cmk;False;DORA;Digital Operational Resilience Act (Regulation (EU) 2022/2554)
aws;"The Digital Operational Resilience Act (DORA) is a European Union regulation (Regulation (EU) 2022/2554) that sets a uniform framework for the digital operational resilience of the EU financial sector. Mandatory since 17 January 2025, it applies to financial entities (banks, insurers, investment firms, payment institutions, etc.) and to ICT third-party service providers. DORA is structured around five pillars: ICT risk management, ICT-related incident reporting, digital operational resilience testing, ICT third-party risk management, and information sharing. This Prowler mapping covers the technical controls auditable from cloud configuration; the organisational, contractual and supervisory obligations defined in DORA must be addressed outside of Prowler.";992275841864;us-west-2;2026-08-18 15:47:07.870888;DORA-Art19;Financial entities shall report major ICT-related incidents to the relevant competent authority and may, on a voluntary basis, notify significant cyber threats. Detective metric filters, change-tracking alarms and reliable notification topics are needed to surface and route reportable events.;ICT-Related Incident Reporting;Article 19;Reporting of major ICT-related incidents and voluntary notification of significant cyber threats;FAIL;No CloudWatch log groups found with metric filters or alarms associated.;arn:aws:logs:us-west-2:992275841864:log-group;992275841864;cloudwatch_log_metric_filter_for_s3_bucket_policy_changes;False;DORA;Digital Operational Resilience Act (Regulation (EU) 2022/2554)
aws;"The Digital Operational Resilience Act (DORA) is a European Union regulation (Regulation (EU) 2022/2554) that sets a uniform framework for the digital operational resilience of the EU financial sector. Mandatory since 17 January 2025, it applies to financial entities (banks, insurers, investment firms, payment institutions, etc.) and to ICT third-party service providers. DORA is structured around five pillars: ICT risk management, ICT-related incident reporting, digital operational resilience testing, ICT third-party risk management, and information sharing. This Prowler mapping covers the technical controls auditable from cloud configuration; the organisational, contractual and supervisory obligations defined in DORA must be addressed outside of Prowler.";992275841864;us-west-2;2026-08-18 15:47:07.870888;DORA-Art19;Financial entities shall report major ICT-related incidents to the relevant competent authority and may, on a voluntary basis, notify significant cyber threats. Detective metric filters, change-tracking alarms and reliable notification topics are needed to surface and route reportable events.;ICT-Related Incident Reporting;Article 19;Reporting of major ICT-related incidents and voluntary notification of significant cyber threats;FAIL;No CloudWatch log groups found with metric filters or alarms associated.;arn:aws:logs:us-west-2:992275841864:log-group;992275841864;cloudwatch_log_metric_filter_policy_changes;False;DORA;Digital Operational Resilience Act (Regulation (EU) 2022/2554)
aws;"The Digital Operational Resilience Act (DORA) is a European Union regulation (Regulation (EU) 2022/2554) that sets a uniform framework for the digital operational resilience of the EU financial sector. Mandatory since 17 January 2025, it applies to financial entities (banks, insurers, investment firms, payment institutions, etc.) and to ICT third-party service providers. DORA is structured around five pillars: ICT risk management, ICT-related incident reporting, digital operational resilience testing, ICT third-party risk management, and information sharing. This Prowler mapping covers the technical controls auditable from cloud configuration; the organisational, contractual and supervisory obligations defined in DORA must be addressed outside of Prowler.";992275841864;us-west-2;2026-08-18 15:47:07.870888;DORA-Art19;Financial entities shall report major ICT-related incidents to the relevant competent authority and may, on a voluntary basis, notify significant cyber threats. Detective metric filters, change-tracking alarms and reliable notification topics are needed to surface and route reportable events.;ICT-Related Incident Reporting;Article 19;Reporting of major ICT-related incidents and voluntary notification of significant cyber threats;FAIL;No CloudWatch log groups found with metric filters or alarms associated.;arn:aws:logs:us-west-2:992275841864:log-group;992275841864;cloudwatch_log_metric_filter_root_usage;False;DORA;Digital Operational Resilience Act (Regulation (EU) 2022/2554)
aws;"The Digital Operational Resilience Act (DORA) is a European Union regulation (Regulation (EU) 2022/2554) that sets a uniform framework for the digital operational resilience of the EU financial sector. Mandatory since 17 January 2025, it applies to financial entities (banks, insurers, investment firms, payment institutions, etc.) and to ICT third-party service providers. DORA is structured around five pillars: ICT risk management, ICT-related incident reporting, digital operational resilience testing, ICT third-party risk management, and information sharing. This Prowler mapping covers the technical controls auditable from cloud configuration; the organisational, contractual and supervisory obligations defined in DORA must be addressed outside of Prowler.";992275841864;us-west-2;2026-08-18 15:47:07.870888;DORA-Art19;Financial entities shall report major ICT-related incidents to the relevant competent authority and may, on a voluntary basis, notify significant cyber threats. Detective metric filters, change-tracking alarms and reliable notification topics are needed to surface and route reportable events.;ICT-Related Incident Reporting;Article 19;Reporting of major ICT-related incidents and voluntary notification of significant cyber threats;FAIL;No CloudWatch log groups found with metric filters or alarms associated.;arn:aws:logs:us-west-2:992275841864:log-group;992275841864;cloudwatch_log_metric_filter_security_group_changes;False;DORA;Digital Operational Resilience Act (Regulation (EU) 2022/2554)
aws;"The Digital Operational Resilience Act (DORA) is a European Union regulation (Regulation (EU) 2022/2554) that sets a uniform framework for the digital operational resilience of the EU financial sector. Mandatory since 17 January 2025, it applies to financial entities (banks, insurers, investment firms, payment institutions, etc.) and to ICT third-party service providers. DORA is structured around five pillars: ICT risk management, ICT-related incident reporting, digital operational resilience testing, ICT third-party risk management, and information sharing. This Prowler mapping covers the technical controls auditable from cloud configuration; the organisational, contractual and supervisory obligations defined in DORA must be addressed outside of Prowler.";992275841864;us-west-2;2026-08-18 15:47:07.870888;DORA-Art19;Financial entities shall report major ICT-related incidents to the relevant competent authority and may, on a voluntary basis, notify significant cyber threats. Detective metric filters, change-tracking alarms and reliable notification topics are needed to surface and route reportable events.;ICT-Related Incident Reporting;Article 19;Reporting of major ICT-related incidents and voluntary notification of significant cyber threats;FAIL;No CloudWatch log groups found with metric filters or alarms associated.;arn:aws:logs:us-west-2:992275841864:log-group;992275841864;cloudwatch_log_metric_filter_sign_in_without_mfa;False;DORA;Digital Operational Resilience Act (Regulation (EU) 2022/2554)
aws;"The Digital Operational Resilience Act (DORA) is a European Union regulation (Regulation (EU) 2022/2554) that sets a uniform framework for the digital operational resilience of the EU financial sector. Mandatory since 17 January 2025, it applies to financial entities (banks, insurers, investment firms, payment institutions, etc.) and to ICT third-party service providers. DORA is structured around five pillars: ICT risk management, ICT-related incident reporting, digital operational resilience testing, ICT third-party risk management, and information sharing. This Prowler mapping covers the technical controls auditable from cloud configuration; the organisational, contractual and supervisory obligations defined in DORA must be addressed outside of Prowler.";992275841864;us-west-2;2026-08-18 15:47:07.870888;DORA-Art19;Financial entities shall report major ICT-related incidents to the relevant competent authority and may, on a voluntary basis, notify significant cyber threats. Detective metric filters, change-tracking alarms and reliable notification topics are needed to surface and route reportable events.;ICT-Related Incident Reporting;Article 19;Reporting of major ICT-related incidents and voluntary notification of significant cyber threats;FAIL;No CloudWatch log groups found with metric filters or alarms associated.;arn:aws:logs:us-west-2:992275841864:log-group;992275841864;cloudwatch_log_metric_filter_unauthorized_api_calls;False;DORA;Digital Operational Resilience Act (Regulation (EU) 2022/2554)
aws;"The Digital Operational Resilience Act (DORA) is a European Union regulation (Regulation (EU) 2022/2554) that sets a uniform framework for the digital operational resilience of the EU financial sector. Mandatory since 17 January 2025, it applies to financial entities (banks, insurers, investment firms, payment institutions, etc.) and to ICT third-party service providers. DORA is structured around five pillars: ICT risk management, ICT-related incident reporting, digital operational resilience testing, ICT third-party risk management, and information sharing. This Prowler mapping covers the technical controls auditable from cloud configuration; the organisational, contractual and supervisory obligations defined in DORA must be addressed outside of Prowler.";992275841864;ap-northeast-1;2026-08-18 15:47:07.870888;DORA-Art6;Financial entities shall have an ICT risk management framework that is sound, comprehensive and well-documented, enabling them to address ICT risk quickly, efficiently and comprehensively and to ensure a high level of digital operational resilience. This includes continuous configuration recording, security findings aggregation and an enterprise-wide visibility plane.;ICT Risk Management;Article 6;ICT risk management framework;FAIL;AWS Config recorder 992275841864 is disabled.;arn:aws:config:ap-northeast-1:992275841864:recorder;992275841864;config_recorder_all_regions_enabled;False;DORA;Digital Operational Resilience Act (Regulation (EU) 2022/2554)
aws;"The Digital Operational Resilience Act (DORA) is a European Union regulation (Regulation (EU) 2022/2554) that sets a uniform framework for the digital operational resilience of the EU financial sector. Mandatory since 17 January 2025, it applies to financial entities (banks, insurers, investment firms, payment institutions, etc.) and to ICT third-party service providers. DORA is structured around five pillars: ICT risk management, ICT-related incident reporting, digital operational resilience testing, ICT third-party risk management, and information sharing. This Prowler mapping covers the technical controls auditable from cloud configuration; the organisational, contractual and supervisory obligations defined in DORA must be addressed outside of Prowler.";992275841864;ap-northeast-1;2026-08-18 15:47:07.870888;DORA-Art25;Financial entities shall ensure that tests are undertaken on ICT tools and systems, on critical ICT systems supporting all critical or important functions, at least yearly. Vulnerability assessments, deprecated component detection and certificate hygiene must be tracked.;Digital Operational Resilience Testing;Article 25;Testing of ICT tools and systems;FAIL;AWS Config recorder 992275841864 is disabled.;arn:aws:config:ap-northeast-1:992275841864:recorder;992275841864;config_recorder_all_regions_enabled;False;DORA;Digital Operational Resilience Act (Regulation (EU) 2022/2554)
aws;"The Digital Operational Resilience Act (DORA) is a European Union regulation (Regulation (EU) 2022/2554) that sets a uniform framework for the digital operational resilience of the EU financial sector. Mandatory since 17 January 2025, it applies to financial entities (banks, insurers, investment firms, payment institutions, etc.) and to ICT third-party service providers. DORA is structured around five pillars: ICT risk management, ICT-related incident reporting, digital operational resilience testing, ICT third-party risk management, and information sharing. This Prowler mapping covers the technical controls auditable from cloud configuration; the organisational, contractual and supervisory obligations defined in DORA must be addressed outside of Prowler.";992275841864;ap-northeast-2;2026-08-18 15:47:07.870888;DORA-Art6;Financial entities shall have an ICT risk management framework that is sound, comprehensive and well-documented, enabling them to address ICT risk quickly, efficiently and comprehensively and to ensure a high level of digital operational resilience. This includes continuous configuration recording, security findings aggregation and an enterprise-wide visibility plane.;ICT Risk Management;Article 6;ICT risk management framework;FAIL;AWS Config recorder 992275841864 is disabled.;arn:aws:config:ap-northeast-2:992275841864:recorder;992275841864;config_recorder_all_regions_enabled;False;DORA;Digital Operational Resilience Act (Regulation (EU) 2022/2554)
aws;"The Digital Operational Resilience Act (DORA) is a European Union regulation (Regulation (EU) 2022/2554) that sets a uniform framework for the digital operational resilience of the EU financial sector. Mandatory since 17 January 2025, it applies to financial entities (banks, insurers, investment firms, payment institutions, etc.) and to ICT third-party service providers. DORA is structured around five pillars: ICT risk management, ICT-related incident reporting, digital operational resilience testing, ICT third-party risk management, and information sharing. This Prowler mapping covers the technical controls auditable from cloud configuration; the organisational, contractual and supervisory obligations defined in DORA must be addressed outside of Prowler.";992275841864;ap-northeast-2;2026-08-18 15:47:07.870888;DORA-Art25;Financial entities shall ensure that tests are undertaken on ICT tools and systems, on critical ICT systems supporting all critical or important functions, at least yearly. Vulnerability assessments, deprecated component detection and certificate hygiene must be tracked.;Digital Operational Resilience Testing;Article 25;Testing of ICT tools and systems;FAIL;AWS Config recorder 992275841864 is disabled.;arn:aws:config:ap-northeast-2:992275841864:recorder;992275841864;config_recorder_all_regions_enabled;False;DORA;Digital Operational Resilience Act (Regulation (EU) 2022/2554)
aws;"The Digital Operational Resilience Act (DORA) is a European Union regulation (Regulation (EU) 2022/2554) that sets a uniform framework for the digital operational resilience of the EU financial sector. Mandatory since 17 January 2025, it applies to financial entities (banks, insurers, investment firms, payment institutions, etc.) and to ICT third-party service providers. DORA is structured around five pillars: ICT risk management, ICT-related incident reporting, digital operational resilience testing, ICT third-party risk management, and information sharing. This Prowler mapping covers the technical controls auditable from cloud configuration; the organisational, contractual and supervisory obligations defined in DORA must be addressed outside of Prowler.";992275841864;ap-northeast-3;2026-08-18 15:47:07.870888;DORA-Art6;Financial entities shall have an ICT risk management framework that is sound, comprehensive and well-documented, enabling them to address ICT risk quickly, efficiently and comprehensively and to ensure a high level of digital operational resilience. This includes continuous configuration recording, security findings aggregation and an enterprise-wide visibility plane.;ICT Risk Management;Article 6;ICT risk management framework;FAIL;AWS Config recorder 992275841864 is disabled.;arn:aws:config:ap-northeast-3:992275841864:recorder;992275841864;config_recorder_all_regions_enabled;False;DORA;Digital Operational Resilience Act (Regulation (EU) 2022/2554)
aws;"The Digital Operational Resilience Act (DORA) is a European Union regulation (Regulation (EU) 2022/2554) that sets a uniform framework for the digital operational resilience of the EU financial sector. Mandatory since 17 January 2025, it applies to financial entities (banks, insurers, investment firms, payment institutions, etc.) and to ICT third-party service providers. DORA is structured around five pillars: ICT risk management, ICT-related incident reporting, digital operational resilience testing, ICT third-party risk management, and information sharing. This Prowler mapping covers the technical controls auditable from cloud configuration; the organisational, contractual and supervisory obligations defined in DORA must be addressed outside of Prowler.";992275841864;ap-northeast-3;2026-08-18 15:47:07.870888;DORA-Art25;Financial entities shall ensure that tests are undertaken on ICT tools and systems, on critical ICT systems supporting all critical or important functions, at least yearly. Vulnerability assessments, deprecated component detection and certificate hygiene must be tracked.;Digital Operational Resilience Testing;Article 25;Testing of ICT tools and systems;FAIL;AWS Config recorder 992275841864 is disabled.;arn:aws:config:ap-northeast-3:992275841864:recorder;992275841864;config_recorder_all_regions_enabled;False;DORA;Digital Operational Resilience Act (Regulation (EU) 2022/2554)
aws;"The Digital Operational Resilience Act (DORA) is a European Union regulation (Regulation (EU) 2022/2554) that sets a uniform framework for the digital operational resilience of the EU financial sector. Mandatory since 17 January 2025, it applies to financial entities (banks, insurers, investment firms, payment institutions, etc.) and to ICT third-party service providers. DORA is structured around five pillars: ICT risk management, ICT-related incident reporting, digital operational resilience testing, ICT third-party risk management, and information sharing. This Prowler mapping covers the technical controls auditable from cloud configuration; the organisational, contractual and supervisory obligations defined in DORA must be addressed outside of Prowler.";992275841864;ap-south-1;2026-08-18 15:47:07.870888;DORA-Art6;Financial entities shall have an ICT risk management framework that is sound, comprehensive and well-documented, enabling them to address ICT risk quickly, efficiently and comprehensively and to ensure a high level of digital operational resilience. This includes continuous configuration recording, security findings aggregation and an enterprise-wide visibility plane.;ICT Risk Management;Article 6;ICT risk management framework;FAIL;AWS Config recorder 992275841864 is disabled.;arn:aws:config:ap-south-1:992275841864:recorder;992275841864;config_recorder_all_regions_enabled;False;DORA;Digital Operational Resilience Act (Regulation (EU) 2022/2554)
aws;"The Digital Operational Resilience Act (DORA) is a European Union regulation (Regulation (EU) 2022/2554) that sets a uniform framework for the digital operational resilience of the EU financial sector. Mandatory since 17 January 2025, it applies to financial entities (banks, insurers, investment firms, payment institutions, etc.) and to ICT third-party service providers. DORA is structured around five pillars: ICT risk management, ICT-related incident reporting, digital operational resilience testing, ICT third-party risk management, and information sharing. This Prowler mapping covers the technical controls auditable from cloud configuration; the organisational, contractual and supervisory obligations defined in DORA must be addressed outside of Prowler.";992275841864;ap-south-1;2026-08-18 15:47:07.870888;DORA-Art25;Financial entities shall ensure that tests are undertaken on ICT tools and systems, on critical ICT systems supporting all critical or important functions, at least yearly. Vulnerability assessments, deprecated component detection and certificate hygiene must be tracked.;Digital Operational Resilience Testing;Article 25;Testing of ICT tools and systems;FAIL;AWS Config recorder 992275841864 is disabled.;arn:aws:config:ap-south-1:992275841864:recorder;992275841864;config_recorder_all_regions_enabled;False;DORA;Digital Operational Resilience Act (Regulation (EU) 2022/2554)
aws;"The Digital Operational Resilience Act (DORA) is a European Union regulation (Regulation (EU) 2022/2554) that sets a uniform framework for the digital operational resilience of the EU financial sector. Mandatory since 17 January 2025, it applies to financial entities (banks, insurers, investment firms, payment institutions, etc.) and to ICT third-party service providers. DORA is structured around five pillars: ICT risk management, ICT-related incident reporting, digital operational resilience testing, ICT third-party risk management, and information sharing. This Prowler mapping covers the technical controls auditable from cloud configuration; the organisational, contractual and supervisory obligations defined in DORA must be addressed outside of Prowler.";992275841864;ap-southeast-1;2026-08-18 15:47:07.870888;DORA-Art6;Financial entities shall have an ICT risk management framework that is sound, comprehensive and well-documented, enabling them to address ICT risk quickly, efficiently and comprehensively and to ensure a high level of digital operational resilience. This includes continuous configuration recording, security findings aggregation and an enterprise-wide visibility plane.;ICT Risk Management;Article 6;ICT risk management framework;FAIL;AWS Config recorder 992275841864 is disabled.;arn:aws:config:ap-southeast-1:992275841864:recorder;992275841864;config_recorder_all_regions_enabled;False;DORA;Digital Operational Resilience Act (Regulation (EU) 2022/2554)
aws;"The Digital Operational Resilience Act (DORA) is a European Union regulation (Regulation (EU) 2022/2554) that sets a uniform framework for the digital operational resilience of the EU financial sector. Mandatory since 17 January 2025, it applies to financial entities (banks, insurers, investment firms, payment institutions, etc.) and to ICT third-party service providers. DORA is structured around five pillars: ICT risk management, ICT-related incident reporting, digital operational resilience testing, ICT third-party risk management, and information sharing. This Prowler mapping covers the technical controls auditable from cloud configuration; the organisational, contractual and supervisory obligations defined in DORA must be addressed outside of Prowler.";992275841864;ap-southeast-1;2026-08-18 15:47:07.870888;DORA-Art25;Financial entities shall ensure that tests are undertaken on ICT tools and systems, on critical ICT systems supporting all critical or important functions, at least yearly. Vulnerability assessments, deprecated component detection and certificate hygiene must be tracked.;Digital Operational Resilience Testing;Article 25;Testing of ICT tools and systems;FAIL;AWS Config recorder 992275841864 is disabled.;arn:aws:config:ap-southeast-1:992275841864:recorder;992275841864;config_recorder_all_regions_enabled;False;DORA;Digital Operational Resilience Act (Regulation (EU) 2022/2554)
aws;"The Digital Operational Resilience Act (DORA) is a European Union regulation (Regulation (EU) 2022/2554) that sets a uniform framework for the digital operational resilience of the EU financial sector. Mandatory since 17 January 2025, it applies to financial entities (banks, insurers, investment firms, payment institutions, etc.) and to ICT third-party service providers. DORA is structured around five pillars: ICT risk management, ICT-related incident reporting, digital operational resilience testing, ICT third-party risk management, and information sharing. This Prowler mapping covers the technical controls auditable from cloud configuration; the organisational, contractual and supervisory obligations defined in DORA must be addressed outside of Prowler.";992275841864;ap-southeast-2;2026-08-18 15:47:07.870888;DORA-Art6;Financial entities shall have an ICT risk management framework that is sound, comprehensive and well-documented, enabling them to address ICT risk quickly, efficiently and comprehensively and to ensure a high level of digital operational resilience. This includes continuous configuration recording, security findings aggregation and an enterprise-wide visibility plane.;ICT Risk Management;Article 6;ICT risk management framework;FAIL;AWS Config recorder 992275841864 is disabled.;arn:aws:config:ap-southeast-2:992275841864:recorder;992275841864;config_recorder_all_regions_enabled;False;DORA;Digital Operational Resilience Act (Regulation (EU) 2022/2554)
aws;"The Digital Operational Resilience Act (DORA) is a European Union regulation (Regulation (EU) 2022/2554) that sets a uniform framework for the digital operational resilience of the EU financial sector. Mandatory since 17 January 2025, it applies to financial entities (banks, insurers, investment firms, payment institutions, etc.) and to ICT third-party service providers. DORA is structured around five pillars: ICT risk management, ICT-related incident reporting, digital operational resilience testing, ICT third-party risk management, and information sharing. This Prowler mapping covers the technical controls auditable from cloud configuration; the organisational, contractual and supervisory obligations defined in DORA must be addressed outside of Prowler.";992275841864;ap-southeast-2;2026-08-18 15:47:07.870888;DORA-Art25;Financial entities shall ensure that tests are undertaken on ICT tools and systems, on critical ICT systems supporting all critical or important functions, at least yearly. Vulnerability assessments, deprecated component detection and certificate hygiene must be tracked.;Digital Operational Resilience Testing;Article 25;Testing of ICT tools and systems;FAIL;AWS Config recorder 992275841864 is disabled.;arn:aws:config:ap-southeast-2:992275841864:recorder;992275841864;config_recorder_all_regions_enabled;False;DORA;Digital Operational Resilience Act (Regulation (EU) 2022/2554)
aws;"The Digital Operational Resilience Act (DORA) is a European Union regulation (Regulation (EU) 2022/2554) that sets a uniform framework for the digital operational resilience of the EU financial sector. Mandatory since 17 January 2025, it applies to financial entities (banks, insurers, investment firms, payment institutions, etc.) and to ICT third-party service providers. DORA is structured around five pillars: ICT risk management, ICT-related incident reporting, digital operational resilience testing, ICT third-party risk management, and information sharing. This Prowler mapping covers the technical controls auditable from cloud configuration; the organisational, contractual and supervisory obligations defined in DORA must be addressed outside of Prowler.";992275841864;ca-central-1;2026-08-18 15:47:07.870888;DORA-Art6;Financial entities shall have an ICT risk management framework that is sound, comprehensive and well-documented, enabling them to address ICT risk quickly, efficiently and comprehensively and to ensure a high level of digital operational resilience. This includes continuous configuration recording, security findings aggregation and an enterprise-wide visibility plane.;ICT Risk Management;Article 6;ICT risk management framework;FAIL;AWS Config recorder 992275841864 is disabled.;arn:aws:config:ca-central-1:992275841864:recorder;992275841864;config_recorder_all_regions_enabled;False;DORA;Digital Operational Resilience Act (Regulation (EU) 2022/2554)
aws;"The Digital Operational Resilience Act (DORA) is a European Union regulation (Regulation (EU) 2022/2554) that sets a uniform framework for the digital operational resilience of the EU financial sector. Mandatory since 17 January 2025, it applies to financial entities (banks, insurers, investment firms, payment institutions, etc.) and to ICT third-party service providers. DORA is structured around five pillars: ICT risk management, ICT-related incident reporting, digital operational resilience testing, ICT third-party risk management, and information sharing. This Prowler mapping covers the technical controls auditable from cloud configuration; the organisational, contractual and supervisory obligations defined in DORA must be addressed outside of Prowler.";992275841864;ca-central-1;2026-08-18 15:47:07.870888;DORA-Art25;Financial entities shall ensure that tests are undertaken on ICT tools and systems, on critical ICT systems supporting all critical or important functions, at least yearly. Vulnerability assessments, deprecated component detection and certificate hygiene must be tracked.;Digital Operational Resilience Testing;Article 25;Testing of ICT tools and systems;FAIL;AWS Config recorder 992275841864 is disabled.;arn:aws:config:ca-central-1:992275841864:recorder;992275841864;config_recorder_all_regions_enabled;False;DORA;Digital Operational Resilience Act (Regulation (EU) 2022/2554)
aws;"The Digital Operational Resilience Act (DORA) is a European Union regulation (Regulation (EU) 2022/2554) that sets a uniform framework for the digital operational resilience of the EU financial sector. Mandatory since 17 January 2025, it applies to financial entities (banks, insurers, investment firms, payment institutions, etc.) and to ICT third-party service providers. DORA is structured around five pillars: ICT risk management, ICT-related incident reporting, digital operational resilience testing, ICT third-party risk management, and information sharing. This Prowler mapping covers the technical controls auditable from cloud configuration; the organisational, contractual and supervisory obligations defined in DORA must be addressed outside of Prowler.";992275841864;eu-central-1;2026-08-18 15:47:07.870888;DORA-Art6;Financial entities shall have an ICT risk management framework that is sound, comprehensive and well-documented, enabling them to address ICT risk quickly, efficiently and comprehensively and to ensure a high level of digital operational resilience. This includes continuous configuration recording, security findings aggregation and an enterprise-wide visibility plane.;ICT Risk Management;Article 6;ICT risk management framework;FAIL;AWS Config recorder 992275841864 is disabled.;arn:aws:config:eu-central-1:992275841864:recorder;992275841864;config_recorder_all_regions_enabled;False;DORA;Digital Operational Resilience Act (Regulation (EU) 2022/2554)
aws;"The Digital Operational Resilience Act (DORA) is a European Union regulation (Regulation (EU) 2022/2554) that sets a uniform framework for the digital operational resilience of the EU financial sector. Mandatory since 17 January 2025, it applies to financial entities (banks, insurers, investment firms, payment institutions, etc.) and to ICT third-party service providers. DORA is structured around five pillars: ICT risk management, ICT-related incident reporting, digital operational resilience testing, ICT third-party risk management, and information sharing. This Prowler mapping covers the technical controls auditable from cloud configuration; the organisational, contractual and supervisory obligations defined in DORA must be addressed outside of Prowler.";992275841864;eu-central-1;2026-08-18 15:47:07.870888;DORA-Art25;Financial entities shall ensure that tests are undertaken on ICT tools and systems, on critical ICT systems supporting all critical or important functions, at least yearly. Vulnerability assessments, deprecated component detection and certificate hygiene must be tracked.;Digital Operational Resilience Testing;Article 25;Testing of ICT tools and systems;FAIL;AWS Config recorder 992275841864 is disabled.;arn:aws:config:eu-central-1:992275841864:recorder;992275841864;config_recorder_all_regions_enabled;False;DORA;Digital Operational Resilience Act (Regulation (EU) 2022/2554)
aws;"The Digital Operational Resilience Act (DORA) is a European Union regulation (Regulation (EU) 2022/2554) that sets a uniform framework for the digital operational resilience of the EU financial sector. Mandatory since 17 January 2025, it applies to financial entities (banks, insurers, investment firms, payment institutions, etc.) and to ICT third-party service providers. DORA is structured around five pillars: ICT risk management, ICT-related incident reporting, digital operational resilience testing, ICT third-party risk management, and information sharing. This Prowler mapping covers the technical controls auditable from cloud configuration; the organisational, contractual and supervisory obligations defined in DORA must be addressed outside of Prowler.";992275841864;eu-north-1;2026-08-18 15:47:07.870888;DORA-Art6;Financial entities shall have an ICT risk management framework that is sound, comprehensive and well-documented, enabling them to address ICT risk quickly, efficiently and comprehensively and to ensure a high level of digital operational resilience. This includes continuous configuration recording, security findings aggregation and an enterprise-wide visibility plane.;ICT Risk Management;Article 6;ICT risk management framework;FAIL;AWS Config recorder 992275841864 is disabled.;arn:aws:config:eu-north-1:992275841864:recorder;992275841864;config_recorder_all_regions_enabled;False;DORA;Digital Operational Resilience Act (Regulation (EU) 2022/2554)
aws;"The Digital Operational Resilience Act (DORA) is a European Union regulation (Regulation (EU) 2022/2554) that sets a uniform framework for the digital operational resilience of the EU financial sector. Mandatory since 17 January 2025, it applies to financial entities (banks, insurers, investment firms, payment institutions, etc.) and to ICT third-party service providers. DORA is structured around five pillars: ICT risk management, ICT-related incident reporting, digital operational resilience testing, ICT third-party risk management, and information sharing. This Prowler mapping covers the technical controls auditable from cloud configuration; the organisational, contractual and supervisory obligations defined in DORA must be addressed outside of Prowler.";992275841864;eu-north-1;2026-08-18 15:47:07.870888;DORA-Art25;Financial entities shall ensure that tests are undertaken on ICT tools and systems, on critical ICT systems supporting all critical or important functions, at least yearly. Vulnerability assessments, deprecated component detection and certificate hygiene must be tracked.;Digital Operational Resilience Testing;Article 25;Testing of ICT tools and systems;FAIL;AWS Config recorder 992275841864 is disabled.;arn:aws:config:eu-north-1:992275841864:recorder;992275841864;config_recorder_all_regions_enabled;False;DORA;Digital Operational Resilience Act (Regulation (EU) 2022/2554)
aws;"The Digital Operational Resilience Act (DORA) is a European Union regulation (Regulation (EU) 2022/2554) that sets a uniform framework for the digital operational resilience of the EU financial sector. Mandatory since 17 January 2025, it applies to financial entities (banks, insurers, investment firms, payment institutions, etc.) and to ICT third-party service providers. DORA is structured around five pillars: ICT risk management, ICT-related incident reporting, digital operational resilience testing, ICT third-party risk management, and information sharing. This Prowler mapping covers the technical controls auditable from cloud configuration; the organisational, contractual and supervisory obligations defined in DORA must be addressed outside of Prowler.";992275841864;eu-west-1;2026-08-18 15:47:07.870888;DORA-Art6;Financial entities shall have an ICT risk management framework that is sound, comprehensive and well-documented, enabling them to address ICT risk quickly, efficiently and comprehensively and to ensure a high level of digital operational resilience. This includes continuous configuration recording, security findings aggregation and an enterprise-wide visibility plane.;ICT Risk Management;Article 6;ICT risk management framework;FAIL;AWS Config recorder 992275841864 is disabled.;arn:aws:config:eu-west-1:992275841864:recorder;992275841864;config_recorder_all_regions_enabled;False;DORA;Digital Operational Resilience Act (Regulation (EU) 2022/2554)
aws;"The Digital Operational Resilience Act (DORA) is a European Union regulation (Regulation (EU) 2022/2554) that sets a uniform framework for the digital operational resilience of the EU financial sector. Mandatory since 17 January 2025, it applies to financial entities (banks, insurers, investment firms, payment institutions, etc.) and to ICT third-party service providers. DORA is structured around five pillars: ICT risk management, ICT-related incident reporting, digital operational resilience testing, ICT third-party risk management, and information sharing. This Prowler mapping covers the technical controls auditable from cloud configuration; the organisational, contractual and supervisory obligations defined in DORA must be addressed outside of Prowler.";992275841864;eu-west-1;2026-08-18 15:47:07.870888;DORA-Art25;Financial entities shall ensure that tests are undertaken on ICT tools and systems, on critical ICT systems supporting all critical or important functions, at least yearly. Vulnerability assessments, deprecated component detection and certificate hygiene must be tracked.;Digital Operational Resilience Testing;Article 25;Testing of ICT tools and systems;FAIL;AWS Config recorder 992275841864 is disabled.;arn:aws:config:eu-west-1:992275841864:recorder;992275841864;config_recorder_all_regions_enabled;False;DORA;Digital Operational Resilience Act (Regulation (EU) 2022/2554)
aws;"The Digital Operational Resilience Act (DORA) is a European Union regulation (Regulation (EU) 2022/2554) that sets a uniform framework for the digital operational resilience of the EU financial sector. Mandatory since 17 January 2025, it applies to financial entities (banks, insurers, investment firms, payment institutions, etc.) and to ICT third-party service providers. DORA is structured around five pillars: ICT risk management, ICT-related incident reporting, digital operational resilience testing, ICT third-party risk management, and information sharing. This Prowler mapping covers the technical controls auditable from cloud configuration; the organisational, contractual and supervisory obligations defined in DORA must be addressed outside of Prowler.";992275841864;eu-west-2;2026-08-18 15:47:07.870888;DORA-Art6;Financial entities shall have an ICT risk management framework that is sound, comprehensive and well-documented, enabling them to address ICT risk quickly, efficiently and comprehensively and to ensure a high level of digital operational resilience. This includes continuous configuration recording, security findings aggregation and an enterprise-wide visibility plane.;ICT Risk Management;Article 6;ICT risk management framework;FAIL;AWS Config recorder 992275841864 is disabled.;arn:aws:config:eu-west-2:992275841864:recorder;992275841864;config_recorder_all_regions_enabled;False;DORA;Digital Operational Resilience Act (Regulation (EU) 2022/2554)
aws;"The Digital Operational Resilience Act (DORA) is a European Union regulation (Regulation (EU) 2022/2554) that sets a uniform framework for the digital operational resilience of the EU financial sector. Mandatory since 17 January 2025, it applies to financial entities (banks, insurers, investment firms, payment institutions, etc.) and to ICT third-party service providers. DORA is structured around five pillars: ICT risk management, ICT-related incident reporting, digital operational resilience testing, ICT third-party risk management, and information sharing. This Prowler mapping covers the technical controls auditable from cloud configuration; the organisational, contractual and supervisory obligations defined in DORA must be addressed outside of Prowler.";992275841864;eu-west-2;2026-08-18 15:47:07.870888;DORA-Art25;Financial entities shall ensure that tests are undertaken on ICT tools and systems, on critical ICT systems supporting all critical or important functions, at least yearly. Vulnerability assessments, deprecated component detection and certificate hygiene must be tracked.;Digital Operational Resilience Testing;Article 25;Testing of ICT tools and systems;FAIL;AWS Config recorder 992275841864 is disabled.;arn:aws:config:eu-west-2:992275841864:recorder;992275841864;config_recorder_all_regions_enabled;False;DORA;Digital Operational Resilience Act (Regulation (EU) 2022/2554)
aws;"The Digital Operational Resilience Act (DORA) is a European Union regulation (Regulation (EU) 2022/2554) that sets a uniform framework for the digital operational resilience of the EU financial sector. Mandatory since 17 January 2025, it applies to financial entities (banks, insurers, investment firms, payment institutions, etc.) and to ICT third-party service providers. DORA is structured around five pillars: ICT risk management, ICT-related incident reporting, digital operational resilience testing, ICT third-party risk management, and information sharing. This Prowler mapping covers the technical controls auditable from cloud configuration; the organisational, contractual and supervisory obligations defined in DORA must be addressed outside of Prowler.";992275841864;eu-west-3;2026-08-18 15:47:07.870888;DORA-Art6;Financial entities shall have an ICT risk management framework that is sound, comprehensive and well-documented, enabling them to address ICT risk quickly, efficiently and comprehensively and to ensure a high level of digital operational resilience. This includes continuous configuration recording, security findings aggregation and an enterprise-wide visibility plane.;ICT Risk Management;Article 6;ICT risk management framework;FAIL;AWS Config recorder 992275841864 is disabled.;arn:aws:config:eu-west-3:992275841864:recorder;992275841864;config_recorder_all_regions_enabled;False;DORA;Digital Operational Resilience Act (Regulation (EU) 2022/2554)
aws;"The Digital Operational Resilience Act (DORA) is a European Union regulation (Regulation (EU) 2022/2554) that sets a uniform framework for the digital operational resilience of the EU financial sector. Mandatory since 17 January 2025, it applies to financial entities (banks, insurers, investment firms, payment institutions, etc.) and to ICT third-party service providers. DORA is structured around five pillars: ICT risk management, ICT-related incident reporting, digital operational resilience testing, ICT third-party risk management, and information sharing. This Prowler mapping covers the technical controls auditable from cloud configuration; the organisational, contractual and supervisory obligations defined in DORA must be addressed outside of Prowler.";992275841864;eu-west-3;2026-08-18 15:47:07.870888;DORA-Art25;Financial entities shall ensure that tests are undertaken on ICT tools and systems, on critical ICT systems supporting all critical or important functions, at least yearly. Vulnerability assessments, deprecated component detection and certificate hygiene must be tracked.;Digital Operational Resilience Testing;Article 25;Testing of ICT tools and systems;FAIL;AWS Config recorder 992275841864 is disabled.;arn:aws:config:eu-west-3:992275841864:recorder;992275841864;config_recorder_all_regions_enabled;False;DORA;Digital Operational Resilience Act (Regulation (EU) 2022/2554)
aws;"The Digital Operational Resilience Act (DORA) is a European Union regulation (Regulation (EU) 2022/2554) that sets a uniform framework for the digital operational resilience of the EU financial sector. Mandatory since 17 January 2025, it applies to financial entities (banks, insurers, investment firms, payment institutions, etc.) and to ICT third-party service providers. DORA is structured around five pillars: ICT risk management, ICT-related incident reporting, digital operational resilience testing, ICT third-party risk management, and information sharing. This Prowler mapping covers the technical controls auditable from cloud configuration; the organisational, contractual and supervisory obligations defined in DORA must be addressed outside of Prowler.";992275841864;sa-east-1;2026-08-18 15:47:07.870888;DORA-Art6;Financial entities shall have an ICT risk management framework that is sound, comprehensive and well-documented, enabling them to address ICT risk quickly, efficiently and comprehensively and to ensure a high level of digital operational resilience. This includes continuous configuration recording, security findings aggregation and an enterprise-wide visibility plane.;ICT Risk Management;Article 6;ICT risk management framework;FAIL;AWS Config recorder 992275841864 is disabled.;arn:aws:config:sa-east-1:992275841864:recorder;992275841864;config_recorder_all_regions_enabled;False;DORA;Digital Operational Resilience Act (Regulation (EU) 2022/2554)
aws;"The Digital Operational Resilience Act (DORA) is a European Union regulation (Regulation (EU) 2022/2554) that sets a uniform framework for the digital operational resilience of the EU financial sector. Mandatory since 17 January 2025, it applies to financial entities (banks, insurers, investment firms, payment institutions, etc.) and to ICT third-party service providers. DORA is structured around five pillars: ICT risk management, ICT-related incident reporting, digital operational resilience testing, ICT third-party risk management, and information sharing. This Prowler mapping covers the technical controls auditable from cloud configuration; the organisational, contractual and supervisory obligations defined in DORA must be addressed outside of Prowler.";992275841864;sa-east-1;2026-08-18 15:47:07.870888;DORA-Art25;Financial entities shall ensure that tests are undertaken on ICT tools and systems, on critical ICT systems supporting all critical or important functions, at least yearly. Vulnerability assessments, deprecated component detection and certificate hygiene must be tracked.;Digital Operational Resilience Testing;Article 25;Testing of ICT tools and systems;FAIL;AWS Config recorder 992275841864 is disabled.;arn:aws:config:sa-east-1:992275841864:recorder;992275841864;config_recorder_all_regions_enabled;False;DORA;Digital Operational Resilience Act (Regulation (EU) 2022/2554)
aws;"The Digital Operational Resilience Act (DORA) is a European Union regulation (Regulation (EU) 2022/2554) that sets a uniform framework for the digital operational resilience of the EU financial sector. Mandatory since 17 January 2025, it applies to financial entities (banks, insurers, investment firms, payment institutions, etc.) and to ICT third-party service providers. DORA is structured around five pillars: ICT risk management, ICT-related incident reporting, digital operational resilience testing, ICT third-party risk management, and information sharing. This Prowler mapping covers the technical controls auditable from cloud configuration; the organisational, contractual and supervisory obligations defined in DORA must be addressed outside of Prowler.";992275841864;us-east-1;2026-08-18 15:47:07.870888;DORA-Art6;Financial entities shall have an ICT risk management framework that is sound, comprehensive and well-documented, enabling them to address ICT risk quickly, efficiently and comprehensively and to ensure a high level of digital operational resilience. This includes continuous configuration recording, security findings aggregation and an enterprise-wide visibility plane.;ICT Risk Management;Article 6;ICT risk management framework;FAIL;AWS Config recorder 992275841864 is disabled.;arn:aws:config:us-east-1:992275841864:recorder;992275841864;config_recorder_all_regions_enabled;False;DORA;Digital Operational Resilience Act (Regulation (EU) 2022/2554)
aws;"The Digital Operational Resilience Act (DORA) is a European Union regulation (Regulation (EU) 2022/2554) that sets a uniform framework for the digital operational resilience of the EU financial sector. Mandatory since 17 January 2025, it applies to financial entities (banks, insurers, investment firms, payment institutions, etc.) and to ICT third-party service providers. DORA is structured around five pillars: ICT risk management, ICT-related incident reporting, digital operational resilience testing, ICT third-party risk management, and information sharing. This Prowler mapping covers the technical controls auditable from cloud configuration; the organisational, contractual and supervisory obligations defined in DORA must be addressed outside of Prowler.";992275841864;us-east-1;2026-08-18 15:47:07.870888;DORA-Art25;Financial entities shall ensure that tests are undertaken on ICT tools and systems, on critical ICT systems supporting all critical or important functions, at least yearly. Vulnerability assessments, deprecated component detection and certificate hygiene must be tracked.;Digital Operational Resilience Testing;Article 25;Testing of ICT tools and systems;FAIL;AWS Config recorder 992275841864 is disabled.;arn:aws:config:us-east-1:992275841864:recorder;992275841864;config_recorder_all_regions_enabled;False;DORA;Digital Operational Resilience Act (Regulation (EU) 2022/2554)
aws;"The Digital Operational Resilience Act (DORA) is a European Union regulation (Regulation (EU) 2022/2554) that sets a uniform framework for the digital operational resilience of the EU financial sector. Mandatory since 17 January 2025, it applies to financial entities (banks, insurers, investment firms, payment institutions, etc.) and to ICT third-party service providers. DORA is structured around five pillars: ICT risk management, ICT-related incident reporting, digital operational resilience testing, ICT third-party risk management, and information sharing. This Prowler mapping covers the technical controls auditable from cloud configuration; the organisational, contractual and supervisory obligations defined in DORA must be addressed outside of Prowler.";992275841864;us-east-2;2026-08-18 15:47:07.870888;DORA-Art6;Financial entities shall have an ICT risk management framework that is sound, comprehensive and well-documented, enabling them to address ICT risk quickly, efficiently and comprehensively and to ensure a high level of digital operational resilience. This includes continuous configuration recording, security findings aggregation and an enterprise-wide visibility plane.;ICT Risk Management;Article 6;ICT risk management framework;FAIL;AWS Config recorder 992275841864 is disabled.;arn:aws:config:us-east-2:992275841864:recorder;992275841864;config_recorder_all_regions_enabled;False;DORA;Digital Operational Resilience Act (Regulation (EU) 2022/2554)
aws;"The Digital Operational Resilience Act (DORA) is a European Union regulation (Regulation (EU) 2022/2554) that sets a uniform framework for the digital operational resilience of the EU financial sector. Mandatory since 17 January 2025, it applies to financial entities (banks, insurers, investment firms, payment institutions, etc.) and to ICT third-party service providers. DORA is structured around five pillars: ICT risk management, ICT-related incident reporting, digital operational resilience testing, ICT third-party risk management, and information sharing. This Prowler mapping covers the technical controls auditable from cloud configuration; the organisational, contractual and supervisory obligations defined in DORA must be addressed outside of Prowler.";992275841864;us-east-2;2026-08-18 15:47:07.870888;DORA-Art25;Financial entities shall ensure that tests are undertaken on ICT tools and systems, on critical ICT systems supporting all critical or important functions, at least yearly. Vulnerability assessments, deprecated component detection and certificate hygiene must be tracked.;Digital Operational Resilience Testing;Article 25;Testing of ICT tools and systems;FAIL;AWS Config recorder 992275841864 is disabled.;arn:aws:config:us-east-2:992275841864:recorder;992275841864;config_recorder_all_regions_enabled;False;DORA;Digital Operational Resilience Act (Regulation (EU) 2022/2554)
aws;"The Digital Operational Resilience Act (DORA) is a European Union regulation (Regulation (EU) 2022/2554) that sets a uniform framework for the digital operational resilience of the EU financial sector. Mandatory since 17 January 2025, it applies to financial entities (banks, insurers, investment firms, payment institutions, etc.) and to ICT third-party service providers. DORA is structured around five pillars: ICT risk management, ICT-related incident reporting, digital operational resilience testing, ICT third-party risk management, and information sharing. This Prowler mapping covers the technical controls auditable from cloud configuration; the organisational, contractual and supervisory obligations defined in DORA must be addressed outside of Prowler.";992275841864;us-west-1;2026-08-18 15:47:07.870888;DORA-Art6;Financial entities shall have an ICT risk management framework that is sound, comprehensive and well-documented, enabling them to address ICT risk quickly, efficiently and comprehensively and to ensure a high level of digital operational resilience. This includes continuous configuration recording, security findings aggregation and an enterprise-wide visibility plane.;ICT Risk Management;Article 6;ICT risk management framework;FAIL;AWS Config recorder 992275841864 is disabled.;arn:aws:config:us-west-1:992275841864:recorder;992275841864;config_recorder_all_regions_enabled;False;DORA;Digital Operational Resilience Act (Regulation (EU) 2022/2554)
aws;"The Digital Operational Resilience Act (DORA) is a European Union regulation (Regulation (EU) 2022/2554) that sets a uniform framework for the digital operational resilience of the EU financial sector. Mandatory since 17 January 2025, it applies to financial entities (banks, insurers, investment firms, payment institutions, etc.) and to ICT third-party service providers. DORA is structured around five pillars: ICT risk management, ICT-related incident reporting, digital operational resilience testing, ICT third-party risk management, and information sharing. This Prowler mapping covers the technical controls auditable from cloud configuration; the organisational, contractual and supervisory obligations defined in DORA must be addressed outside of Prowler.";992275841864;us-west-1;2026-08-18 15:47:07.870888;DORA-Art25;Financial entities shall ensure that tests are undertaken on ICT tools and systems, on critical ICT systems supporting all critical or important functions, at least yearly. Vulnerability assessments, deprecated component detection and certificate hygiene must be tracked.;Digital Operational Resilience Testing;Article 25;Testing of ICT tools and systems;FAIL;AWS Config recorder 992275841864 is disabled.;arn:aws:config:us-west-1:992275841864:recorder;992275841864;config_recorder_all_regions_enabled;False;DORA;Digital Operational Resilience Act (Regulation (EU) 2022/2554)
aws;"The Digital Operational Resilience Act (DORA) is a European Union regulation (Regulation (EU) 2022/2554) that sets a uniform framework for the digital operational resilience of the EU financial sector. Mandatory since 17 January 2025, it applies to financial entities (banks, insurers, investment firms, payment institutions, etc.) and to ICT third-party service providers. DORA is structured around five pillars: ICT risk management, ICT-related incident reporting, digital operational resilience testing, ICT third-party risk management, and information sharing. This Prowler mapping covers the technical controls auditable from cloud configuration; the organisational, contractual and supervisory obligations defined in DORA must be addressed outside of Prowler.";992275841864;us-west-2;2026-08-18 15:47:07.870888;DORA-Art6;Financial entities shall have an ICT risk management framework that is sound, comprehensive and well-documented, enabling them to address ICT risk quickly, efficiently and comprehensively and to ensure a high level of digital operational resilience. This includes continuous configuration recording, security findings aggregation and an enterprise-wide visibility plane.;ICT Risk Management;Article 6;ICT risk management framework;FAIL;AWS Config recorder 992275841864 is disabled.;arn:aws:config:us-west-2:992275841864:recorder;992275841864;config_recorder_all_regions_enabled;False;DORA;Digital Operational Resilience Act (Regulation (EU) 2022/2554)
aws;"The Digital Operational Resilience Act (DORA) is a European Union regulation (Regulation (EU) 2022/2554) that sets a uniform framework for the digital operational resilience of the EU financial sector. Mandatory since 17 January 2025, it applies to financial entities (banks, insurers, investment firms, payment institutions, etc.) and to ICT third-party service providers. DORA is structured around five pillars: ICT risk management, ICT-related incident reporting, digital operational resilience testing, ICT third-party risk management, and information sharing. This Prowler mapping covers the technical controls auditable from cloud configuration; the organisational, contractual and supervisory obligations defined in DORA must be addressed outside of Prowler.";992275841864;us-west-2;2026-08-18 15:47:07.870888;DORA-Art25;Financial entities shall ensure that tests are undertaken on ICT tools and systems, on critical ICT systems supporting all critical or important functions, at least yearly. Vulnerability assessments, deprecated component detection and certificate hygiene must be tracked.;Digital Operational Resilience Testing;Article 25;Testing of ICT tools and systems;FAIL;AWS Config recorder 992275841864 is disabled.;arn:aws:config:us-west-2:992275841864:recorder;992275841864;config_recorder_all_regions_enabled;False;DORA;Digital Operational Resilience Act (Regulation (EU) 2022/2554)
aws;"The Digital Operational Resilience Act (DORA) is a European Union regulation (Regulation (EU) 2022/2554) that sets a uniform framework for the digital operational resilience of the EU financial sector. Mandatory since 17 January 2025, it applies to financial entities (banks, insurers, investment firms, payment institutions, etc.) and to ICT third-party service providers. DORA is structured around five pillars: ICT risk management, ICT-related incident reporting, digital operational resilience testing, ICT third-party risk management, and information sharing. This Prowler mapping covers the technical controls auditable from cloud configuration; the organisational, contractual and supervisory obligations defined in DORA must be addressed outside of Prowler.";992275841864;us-west-2;2026-08-18 15:47:07.870888;DORA-Art7;Financial entities shall use and maintain updated ICT systems, protocols and tools that are appropriate to the magnitude of operations supporting ICT functions, technologically resilient, and adequately equipped to securely process data. Cryptographic primitives, certificate hygiene and network segmentation are core to this requirement.;ICT Risk Management;Article 7;ICT systems, protocols and tools;FAIL;EBS Default Encryption is not activated.;arn:aws:ec2:us-west-2:992275841864:volume;992275841864;ec2_ebs_default_encryption;False;DORA;Digital Operational Resilience Act (Regulation (EU) 2022/2554)
aws;"The Digital Operational Resilience Act (DORA) is a European Union regulation (Regulation (EU) 2022/2554) that sets a uniform framework for the digital operational resilience of the EU financial sector. Mandatory since 17 January 2025, it applies to financial entities (banks, insurers, investment firms, payment institutions, etc.) and to ICT third-party service providers. DORA is structured around five pillars: ICT risk management, ICT-related incident reporting, digital operational resilience testing, ICT third-party risk management, and information sharing. This Prowler mapping covers the technical controls auditable from cloud configuration; the organisational, contractual and supervisory obligations defined in DORA must be addressed outside of Prowler.";992275841864;us-west-2;2026-08-18 15:47:07.870888;DORA-Art9;Financial entities shall continuously monitor and control the security and functioning of ICT systems and tools and minimise the impact of ICT risk by deploying appropriate ICT security tools, policies and procedures. Encryption at rest and in transit, blocking of public exposure, network access controls, secret management and instance hardening are central to this article.;ICT Risk Management;Article 9;Protection and prevention;FAIL;EBS Snapshot vol-0a713fa09f0b9c9b5 is unencrypted.;arn:aws:ec2:us-west-2:992275841864:volume/vol-0a713fa09f0b9c9b5;vol-0a713fa09f0b9c9b5;ec2_ebs_volume_encryption;False;DORA;Digital Operational Resilience Act (Regulation (EU) 2022/2554)
aws;"The Digital Operational Resilience Act (DORA) is a European Union regulation (Regulation (EU) 2022/2554) that sets a uniform framework for the digital operational resilience of the EU financial sector. Mandatory since 17 January 2025, it applies to financial entities (banks, insurers, investment firms, payment institutions, etc.) and to ICT third-party service providers. DORA is structured around five pillars: ICT risk management, ICT-related incident reporting, digital operational resilience testing, ICT third-party risk management, and information sharing. This Prowler mapping covers the technical controls auditable from cloud configuration; the organisational, contractual and supervisory obligations defined in DORA must be addressed outside of Prowler.";992275841864;us-west-2;2026-08-18 15:47:07.870888;DORA-Art12;Financial entities shall develop and document backup policies and procedures specifying the scope of data subject to backup and the minimum frequency of the backup, as well as restoration and recovery procedures and methods. Backups must be encrypted, retained, and resources must be designed for recoverability across availability zones and regions.;ICT Risk Management;Article 12;Backup policies and procedures, restoration and recovery procedures and methods;FAIL;EBS Volume vol-0a713fa09f0b9c9b5 is not protected by a backup plan.;arn:aws:ec2:us-west-2:992275841864:volume/vol-0a713fa09f0b9c9b5;vol-0a713fa09f0b9c9b5;ec2_ebs_volume_protected_by_backup_plan;False;DORA;Digital Operational Resilience Act (Regulation (EU) 2022/2554)
aws;"The Digital Operational Resilience Act (DORA) is a European Union regulation (Regulation (EU) 2022/2554) that sets a uniform framework for the digital operational resilience of the EU financial sector. Mandatory since 17 January 2025, it applies to financial entities (banks, insurers, investment firms, payment institutions, etc.) and to ICT third-party service providers. DORA is structured around five pillars: ICT risk management, ICT-related incident reporting, digital operational resilience testing, ICT third-party risk management, and information sharing. This Prowler mapping covers the technical controls auditable from cloud configuration; the organisational, contractual and supervisory obligations defined in DORA must be addressed outside of Prowler.";992275841864;us-west-2;2026-08-18 15:47:07.870888;DORA-Art12;Financial entities shall develop and document backup policies and procedures specifying the scope of data subject to backup and the minimum frequency of the backup, as well as restoration and recovery procedures and methods. Backups must be encrypted, retained, and resources must be designed for recoverability across availability zones and regions.;ICT Risk Management;Article 12;Backup policies and procedures, restoration and recovery procedures and methods;FAIL;Snapshots not found for the EBS volume vol-0a713fa09f0b9c9b5.;arn:aws:ec2:us-west-2:992275841864:volume/vol-0a713fa09f0b9c9b5;vol-0a713fa09f0b9c9b5;ec2_ebs_volume_snapshots_exists;False;DORA;Digital Operational Resilience Act (Regulation (EU) 2022/2554)
aws;"The Digital Operational Resilience Act (DORA) is a European Union regulation (Regulation (EU) 2022/2554) that sets a uniform framework for the digital operational resilience of the EU financial sector. Mandatory since 17 January 2025, it applies to financial entities (banks, insurers, investment firms, payment institutions, etc.) and to ICT third-party service providers. DORA is structured around five pillars: ICT risk management, ICT-related incident reporting, digital operational resilience testing, ICT third-party risk management, and information sharing. This Prowler mapping covers the technical controls auditable from cloud configuration; the organisational, contractual and supervisory obligations defined in DORA must be addressed outside of Prowler.";992275841864;us-west-2;2026-08-18 15:47:07.870888;DORA-Art9;Financial entities shall continuously monitor and control the security and functioning of ICT systems and tools and minimise the impact of ICT risk by deploying appropriate ICT security tools, policies and procedures. Encryption at rest and in transit, blocking of public exposure, network access controls, secret management and instance hardening are central to this article.;ICT Risk Management;Article 9;Protection and prevention;FAIL;IMDSv2 is not enabled by default for EC2 instances.;arn:aws:ec2:us-west-2:992275841864:account;992275841864;ec2_instance_account_imdsv2_enabled;False;DORA;Digital Operational Resilience Act (Regulation (EU) 2022/2554)
aws;"The Digital Operational Resilience Act (DORA) is a European Union regulation (Regulation (EU) 2022/2554) that sets a uniform framework for the digital operational resilience of the EU financial sector. Mandatory since 17 January 2025, it applies to financial entities (banks, insurers, investment firms, payment institutions, etc.) and to ICT third-party service providers. DORA is structured around five pillars: ICT risk management, ICT-related incident reporting, digital operational resilience testing, ICT third-party risk management, and information sharing. This Prowler mapping covers the technical controls auditable from cloud configuration; the organisational, contractual and supervisory obligations defined in DORA must be addressed outside of Prowler.";992275841864;us-west-2;2026-08-18 15:47:07.870888;DORA-Art9;Financial entities shall continuously monitor and control the security and functioning of ICT systems and tools and minimise the impact of ICT risk by deploying appropriate ICT security tools, policies and procedures. Encryption at rest and in transit, blocking of public exposure, network access controls, secret management and instance hardening are central to this article.;ICT Risk Management;Article 9;Protection and prevention;PASS;EC2 Instance i-0958fb219162a44d1 has IMDSv2 enabled and required.;arn:aws:ec2:us-west-2:992275841864:instance/i-0958fb219162a44d1;i-0958fb219162a44d1;ec2_instance_imdsv2_enabled;False;DORA;Digital Operational Resilience Act (Regulation (EU) 2022/2554)
aws;"The Digital Operational Resilience Act (DORA) is a European Union regulation (Regulation (EU) 2022/2554) that sets a uniform framework for the digital operational resilience of the EU financial sector. Mandatory since 17 January 2025, it applies to financial entities (banks, insurers, investment firms, payment institutions, etc.) and to ICT third-party service providers. DORA is structured around five pillars: ICT risk management, ICT-related incident reporting, digital operational resilience testing, ICT third-party risk management, and information sharing. This Prowler mapping covers the technical controls auditable from cloud configuration; the organisational, contractual and supervisory obligations defined in DORA must be addressed outside of Prowler.";992275841864;us-west-2;2026-08-18 15:47:07.870888;DORA-Art24;Financial entities shall establish, maintain and review a sound and comprehensive digital operational resilience testing programme, as an integral part of the ICT risk management framework. Continuous vulnerability discovery, configuration assessment and instance manageability are foundational.;Digital Operational Resilience Testing;Article 24;General requirements for the performance of digital operational resilience testing;FAIL;EC2 Instance i-0958fb219162a44d1 is not managed by Systems Manager.;arn:aws:ec2:us-west-2:992275841864:instance/i-0958fb219162a44d1;i-0958fb219162a44d1;ec2_instance_managed_by_ssm;False;DORA;Digital Operational Resilience Act (Regulation (EU) 2022/2554)
aws;"The Digital Operational Resilience Act (DORA) is a European Union regulation (Regulation (EU) 2022/2554) that sets a uniform framework for the digital operational resilience of the EU financial sector. Mandatory since 17 January 2025, it applies to financial entities (banks, insurers, investment firms, payment institutions, etc.) and to ICT third-party service providers. DORA is structured around five pillars: ICT risk management, ICT-related incident reporting, digital operational resilience testing, ICT third-party risk management, and information sharing. This Prowler mapping covers the technical controls auditable from cloud configuration; the organisational, contractual and supervisory obligations defined in DORA must be addressed outside of Prowler.";992275841864;us-west-2;2026-08-18 15:47:07.870888;DORA-Art25;Financial entities shall ensure that tests are undertaken on ICT tools and systems, on critical ICT systems supporting all critical or important functions, at least yearly. Vulnerability assessments, deprecated component detection and certificate hygiene must be tracked.;Digital Operational Resilience Testing;Article 25;Testing of ICT tools and systems;FAIL;EC2 Instance i-0958fb219162a44d1 is not managed by Systems Manager.;arn:aws:ec2:us-west-2:992275841864:instance/i-0958fb219162a44d1;i-0958fb219162a44d1;ec2_instance_managed_by_ssm;False;DORA;Digital Operational Resilience Act (Regulation (EU) 2022/2554)
aws;"The Digital Operational Resilience Act (DORA) is a European Union regulation (Regulation (EU) 2022/2554) that sets a uniform framework for the digital operational resilience of the EU financial sector. Mandatory since 17 January 2025, it applies to financial entities (banks, insurers, investment firms, payment institutions, etc.) and to ICT third-party service providers. DORA is structured around five pillars: ICT risk management, ICT-related incident reporting, digital operational resilience testing, ICT third-party risk management, and information sharing. This Prowler mapping covers the technical controls auditable from cloud configuration; the organisational, contractual and supervisory obligations defined in DORA must be addressed outside of Prowler.";992275841864;us-west-2;2026-08-18 15:47:07.870888;DORA-Art25;Financial entities shall ensure that tests are undertaken on ICT tools and systems, on critical ICT systems supporting all critical or important functions, at least yearly. Vulnerability assessments, deprecated component detection and certificate hygiene must be tracked.;Digital Operational Resilience Testing;Article 25;Testing of ICT tools and systems;PASS;EC2 Instance i-0958fb219162a44d1 virtualization type is set to HVM.;arn:aws:ec2:us-west-2:992275841864:instance/i-0958fb219162a44d1;i-0958fb219162a44d1;ec2_instance_paravirtual_type;False;DORA;Digital Operational Resilience Act (Regulation (EU) 2022/2554)
aws;"The Digital Operational Resilience Act (DORA) is a European Union regulation (Regulation (EU) 2022/2554) that sets a uniform framework for the digital operational resilience of the EU financial sector. Mandatory since 17 January 2025, it applies to financial entities (banks, insurers, investment firms, payment institutions, etc.) and to ICT third-party service providers. DORA is structured around five pillars: ICT risk management, ICT-related incident reporting, digital operational resilience testing, ICT third-party risk management, and information sharing. This Prowler mapping covers the technical controls auditable from cloud configuration; the organisational, contractual and supervisory obligations defined in DORA must be addressed outside of Prowler.";992275841864;us-west-2;2026-08-18 15:47:07.870888;DORA-Art24;Financial entities shall establish, maintain and review a sound and comprehensive digital operational resilience testing programme, as an integral part of the ICT risk management framework. Continuous vulnerability discovery, configuration assessment and instance manageability are foundational.;Digital Operational Resilience Testing;Article 24;General requirements for the performance of digital operational resilience testing;PASS;EC2 Instance i-0958fb219162a44d1 is not using an outdated AMI.;arn:aws:ec2:us-west-2:992275841864:instance/i-0958fb219162a44d1;i-0958fb219162a44d1;ec2_instance_with_outdated_ami;False;DORA;Digital Operational Resilience Act (Regulation (EU) 2022/2554)
aws;"The Digital Operational Resilience Act (DORA) is a European Union regulation (Regulation (EU) 2022/2554) that sets a uniform framework for the digital operational resilience of the EU financial sector. Mandatory since 17 January 2025, it applies to financial entities (banks, insurers, investment firms, payment institutions, etc.) and to ICT third-party service providers. DORA is structured around five pillars: ICT risk management, ICT-related incident reporting, digital operational resilience testing, ICT third-party risk management, and information sharing. This Prowler mapping covers the technical controls auditable from cloud configuration; the organisational, contractual and supervisory obligations defined in DORA must be addressed outside of Prowler.";992275841864;us-west-2;2026-08-18 15:47:07.870888;DORA-Art25;Financial entities shall ensure that tests are undertaken on ICT tools and systems, on critical ICT systems supporting all critical or important functions, at least yearly. Vulnerability assessments, deprecated component detection and certificate hygiene must be tracked.;Digital Operational Resilience Testing;Article 25;Testing of ICT tools and systems;PASS;EC2 Instance i-0958fb219162a44d1 is not using an outdated AMI.;arn:aws:ec2:us-west-2:992275841864:instance/i-0958fb219162a44d1;i-0958fb219162a44d1;ec2_instance_with_outdated_ami;False;DORA;Digital Operational Resilience Act (Regulation (EU) 2022/2554)
aws;"The Digital Operational Resilience Act (DORA) is a European Union regulation (Regulation (EU) 2022/2554) that sets a uniform framework for the digital operational resilience of the EU financial sector. Mandatory since 17 January 2025, it applies to financial entities (banks, insurers, investment firms, payment institutions, etc.) and to ICT third-party service providers. DORA is structured around five pillars: ICT risk management, ICT-related incident reporting, digital operational resilience testing, ICT third-party risk management, and information sharing. This Prowler mapping covers the technical controls auditable from cloud configuration; the organisational, contractual and supervisory obligations defined in DORA must be addressed outside of Prowler.";992275841864;us-west-2;2026-08-18 15:47:07.870888;DORA-Art9;Financial entities shall continuously monitor and control the security and functioning of ICT systems and tools and minimise the impact of ICT risk by deploying appropriate ICT security tools, policies and procedures. Encryption at rest and in transit, blocking of public exposure, network access controls, secret management and instance hardening are central to this article.;ICT Risk Management;Article 9;Protection and prevention;PASS;Security group prowler-demo-no-ssh20260818223457969500000001 (sg-07f0313c121d1138a) does not have all ports open to the Internet.;arn:aws:ec2:us-west-2:992275841864:security-group/sg-07f0313c121d1138a;sg-07f0313c121d1138a;ec2_securitygroup_allow_ingress_from_internet_to_all_ports;False;DORA;Digital Operational Resilience Act (Regulation (EU) 2022/2554)
aws;"The Digital Operational Resilience Act (DORA) is a European Union regulation (Regulation (EU) 2022/2554) that sets a uniform framework for the digital operational resilience of the EU financial sector. Mandatory since 17 January 2025, it applies to financial entities (banks, insurers, investment firms, payment institutions, etc.) and to ICT third-party service providers. DORA is structured around five pillars: ICT risk management, ICT-related incident reporting, digital operational resilience testing, ICT third-party risk management, and information sharing. This Prowler mapping covers the technical controls auditable from cloud configuration; the organisational, contractual and supervisory obligations defined in DORA must be addressed outside of Prowler.";992275841864;us-west-2;2026-08-18 15:47:07.870888;DORA-Art9;Financial entities shall continuously monitor and control the security and functioning of ICT systems and tools and minimise the impact of ICT risk by deploying appropriate ICT security tools, policies and procedures. Encryption at rest and in transit, blocking of public exposure, network access controls, secret management and instance hardening are central to this article.;ICT Risk Management;Article 9;Protection and prevention;FAIL;Security group prowler-demo-no-ssh20260818223457969500000001 (sg-07f0313c121d1138a) has at least one port open to the Internet but its network interface type (interface) is not allowed.;arn:aws:ec2:us-west-2:992275841864:security-group/sg-07f0313c121d1138a;sg-07f0313c121d1138a;ec2_securitygroup_allow_ingress_from_internet_to_any_port;False;DORA;Digital Operational Resilience Act (Regulation (EU) 2022/2554)
aws;"The Digital Operational Resilience Act (DORA) is a European Union regulation (Regulation (EU) 2022/2554) that sets a uniform framework for the digital operational resilience of the EU financial sector. Mandatory since 17 January 2025, it applies to financial entities (banks, insurers, investment firms, payment institutions, etc.) and to ICT third-party service providers. DORA is structured around five pillars: ICT risk management, ICT-related incident reporting, digital operational resilience testing, ICT third-party risk management, and information sharing. This Prowler mapping covers the technical controls auditable from cloud configuration; the organisational, contractual and supervisory obligations defined in DORA must be addressed outside of Prowler.";992275841864;us-west-2;2026-08-18 15:47:07.870888;DORA-Art9;Financial entities shall continuously monitor and control the security and functioning of ICT systems and tools and minimise the impact of ICT risk by deploying appropriate ICT security tools, policies and procedures. Encryption at rest and in transit, blocking of public exposure, network access controls, secret management and instance hardening are central to this article.;ICT Risk Management;Article 9;Protection and prevention;PASS;Security group prowler-demo-no-ssh20260818223457969500000001 (sg-07f0313c121d1138a) does not have any high-risk port open to the Internet.;arn:aws:ec2:us-west-2:992275841864:security-group/sg-07f0313c121d1138a;sg-07f0313c121d1138a;ec2_securitygroup_allow_ingress_from_internet_to_high_risk_tcp_ports;False;DORA;Digital Operational Resilience Act (Regulation (EU) 2022/2554)
aws;"The Digital Operational Resilience Act (DORA) is a European Union regulation (Regulation (EU) 2022/2554) that sets a uniform framework for the digital operational resilience of the EU financial sector. Mandatory since 17 January 2025, it applies to financial entities (banks, insurers, investment firms, payment institutions, etc.) and to ICT third-party service providers. DORA is structured around five pillars: ICT risk management, ICT-related incident reporting, digital operational resilience testing, ICT third-party risk management, and information sharing. This Prowler mapping covers the technical controls auditable from cloud configuration; the organisational, contractual and supervisory obligations defined in DORA must be addressed outside of Prowler.";992275841864;us-west-2;2026-08-18 15:47:07.870888;DORA-Art9;Financial entities shall continuously monitor and control the security and functioning of ICT systems and tools and minimise the impact of ICT risk by deploying appropriate ICT security tools, policies and procedures. Encryption at rest and in transit, blocking of public exposure, network access controls, secret management and instance hardening are central to this article.;ICT Risk Management;Article 9;Protection and prevention;FAIL;Security group prowler-demo-no-ssh20260818223457969500000001 (sg-07f0313c121d1138a) has SSH port 22 open to the Internet.;arn:aws:ec2:us-west-2:992275841864:security-group/sg-07f0313c121d1138a;sg-07f0313c121d1138a;ec2_securitygroup_allow_ingress_from_internet_to_tcp_port_22;False;DORA;Digital Operational Resilience Act (Regulation (EU) 2022/2554)
aws;"The Digital Operational Resilience Act (DORA) is a European Union regulation (Regulation (EU) 2022/2554) that sets a uniform framework for the digital operational resilience of the EU financial sector. Mandatory since 17 January 2025, it applies to financial entities (banks, insurers, investment firms, payment institutions, etc.) and to ICT third-party service providers. DORA is structured around five pillars: ICT risk management, ICT-related incident reporting, digital operational resilience testing, ICT third-party risk management, and information sharing. This Prowler mapping covers the technical controls auditable from cloud configuration; the organisational, contractual and supervisory obligations defined in DORA must be addressed outside of Prowler.";992275841864;us-west-2;2026-08-18 15:47:07.870888;DORA-Art9;Financial entities shall continuously monitor and control the security and functioning of ICT systems and tools and minimise the impact of ICT risk by deploying appropriate ICT security tools, policies and procedures. Encryption at rest and in transit, blocking of public exposure, network access controls, secret management and instance hardening are central to this article.;ICT Risk Management;Article 9;Protection and prevention;PASS;Security group prowler-demo-no-ssh20260818223457969500000001 (sg-07f0313c121d1138a) does not have Microsoft RDP port 3389 open to the Internet.;arn:aws:ec2:us-west-2:992275841864:security-group/sg-07f0313c121d1138a;sg-07f0313c121d1138a;ec2_securitygroup_allow_ingress_from_internet_to_tcp_port_3389;False;DORA;Digital Operational Resilience Act (Regulation (EU) 2022/2554)
aws;"The Digital Operational Resilience Act (DORA) is a European Union regulation (Regulation (EU) 2022/2554) that sets a uniform framework for the digital operational resilience of the EU financial sector. Mandatory since 17 January 2025, it applies to financial entities (banks, insurers, investment firms, payment institutions, etc.) and to ICT third-party service providers. DORA is structured around five pillars: ICT risk management, ICT-related incident reporting, digital operational resilience testing, ICT third-party risk management, and information sharing. This Prowler mapping covers the technical controls auditable from cloud configuration; the organisational, contractual and supervisory obligations defined in DORA must be addressed outside of Prowler.";992275841864;us-west-2;2026-08-18 15:47:07.870888;DORA-Art8;Financial entities shall identify, classify and adequately document all ICT supported business functions, roles and responsibilities, the information assets and ICT assets supporting them, and their interdependencies. They shall on a continuous basis identify all sources of ICT risk, in particular the risk exposure to and from other financial entities.;ICT Risk Management;Article 8;Identification;PASS;Security group prowler-demo-no-ssh20260818223457969500000001 (sg-07f0313c121d1138a) it is being used.;arn:aws:ec2:us-west-2:992275841864:security-group/sg-07f0313c121d1138a;sg-07f0313c121d1138a;ec2_securitygroup_not_used;False;DORA;Digital Operational Resilience Act (Regulation (EU) 2022/2554)
aws;"The Digital Operational Resilience Act (DORA) is a European Union regulation (Regulation (EU) 2022/2554) that sets a uniform framework for the digital operational resilience of the EU financial sector. Mandatory since 17 January 2025, it applies to financial entities (banks, insurers, investment firms, payment institutions, etc.) and to ICT third-party service providers. DORA is structured around five pillars: ICT risk management, ICT-related incident reporting, digital operational resilience testing, ICT third-party risk management, and information sharing. This Prowler mapping covers the technical controls auditable from cloud configuration; the organisational, contractual and supervisory obligations defined in DORA must be addressed outside of Prowler.";992275841864;us-west-2;2026-08-18 15:47:07.870888;DORA-Art14;As part of the ICT risk management framework, financial entities shall have in place crisis communication plans enabling a responsible disclosure of ICT-related incidents or major vulnerabilities to clients, counterparts and the public. Reliable, encrypted and access-controlled notification channels are required.;ICT Risk Management;Article 14;Communication;PASS;EventBridge event bus default does not allow cross-account access.;arn:aws:events:us-west-2:992275841864:event-bus/default;default;eventbridge_bus_cross_account_access;False;DORA;Digital Operational Resilience Act (Regulation (EU) 2022/2554)
aws;"The Digital Operational Resilience Act (DORA) is a European Union regulation (Regulation (EU) 2022/2554) that sets a uniform framework for the digital operational resilience of the EU financial sector. Mandatory since 17 January 2025, it applies to financial entities (banks, insurers, investment firms, payment institutions, etc.) and to ICT third-party service providers. DORA is structured around five pillars: ICT risk management, ICT-related incident reporting, digital operational resilience testing, ICT third-party risk management, and information sharing. This Prowler mapping covers the technical controls auditable from cloud configuration; the organisational, contractual and supervisory obligations defined in DORA must be addressed outside of Prowler.";992275841864;us-west-2;2026-08-18 15:47:07.870888;DORA-Art28;Financial entities shall manage ICT third-party risk as an integral component of ICT risk within their ICT risk management framework. Cross-account access, trust boundaries, organization-level controls and dependency visibility are critical to monitor third-party exposure on AWS.;ICT Third-Party Risk Management;Article 28;General principles (ICT third-party risk);PASS;EventBridge event bus default does not allow cross-account access.;arn:aws:events:us-west-2:992275841864:event-bus/default;default;eventbridge_bus_cross_account_access;False;DORA;Digital Operational Resilience Act (Regulation (EU) 2022/2554)
aws;"The Digital Operational Resilience Act (DORA) is a European Union regulation (Regulation (EU) 2022/2554) that sets a uniform framework for the digital operational resilience of the EU financial sector. Mandatory since 17 January 2025, it applies to financial entities (banks, insurers, investment firms, payment institutions, etc.) and to ICT third-party service providers. DORA is structured around five pillars: ICT risk management, ICT-related incident reporting, digital operational resilience testing, ICT third-party risk management, and information sharing. This Prowler mapping covers the technical controls auditable from cloud configuration; the organisational, contractual and supervisory obligations defined in DORA must be addressed outside of Prowler.";992275841864;us-west-2;2026-08-18 15:47:07.870888;DORA-Art14;As part of the ICT risk management framework, financial entities shall have in place crisis communication plans enabling a responsible disclosure of ICT-related incidents or major vulnerabilities to clients, counterparts and the public. Reliable, encrypted and access-controlled notification channels are required.;ICT Risk Management;Article 14;Communication;PASS;EventBridge event bus default is not exposed to everyone.;arn:aws:events:us-west-2:992275841864:event-bus/default;default;eventbridge_bus_exposed;False;DORA;Digital Operational Resilience Act (Regulation (EU) 2022/2554)
aws;"The Digital Operational Resilience Act (DORA) is a European Union regulation (Regulation (EU) 2022/2554) that sets a uniform framework for the digital operational resilience of the EU financial sector. Mandatory since 17 January 2025, it applies to financial entities (banks, insurers, investment firms, payment institutions, etc.) and to ICT third-party service providers. DORA is structured around five pillars: ICT risk management, ICT-related incident reporting, digital operational resilience testing, ICT third-party risk management, and information sharing. This Prowler mapping covers the technical controls auditable from cloud configuration; the organisational, contractual and supervisory obligations defined in DORA must be addressed outside of Prowler.";992275841864;us-west-2;2026-08-18 15:47:07.870888;DORA-Art6;Financial entities shall have an ICT risk management framework that is sound, comprehensive and well-documented, enabling them to address ICT risk quickly, efficiently and comprehensively and to ensure a high level of digital operational resilience. This includes continuous configuration recording, security findings aggregation and an enterprise-wide visibility plane.;ICT Risk Management;Article 6;ICT risk management framework;FAIL;GuardDuty in region us-west-2 has issues: no delegated administrator configured, detector not enabled.;arn:aws:guardduty:us-west-2:992275841864:detector/unknown;detector/unknown;guardduty_delegated_admin_enabled_all_regions;False;DORA;Digital Operational Resilience Act (Regulation (EU) 2022/2554)
aws;"The Digital Operational Resilience Act (DORA) is a European Union regulation (Regulation (EU) 2022/2554) that sets a uniform framework for the digital operational resilience of the EU financial sector. Mandatory since 17 January 2025, it applies to financial entities (banks, insurers, investment firms, payment institutions, etc.) and to ICT third-party service providers. DORA is structured around five pillars: ICT risk management, ICT-related incident reporting, digital operational resilience testing, ICT third-party risk management, and information sharing. This Prowler mapping covers the technical controls auditable from cloud configuration; the organisational, contractual and supervisory obligations defined in DORA must be addressed outside of Prowler.";992275841864;us-west-2;2026-08-18 15:47:07.870888;DORA-Art18;Financial entities shall classify ICT-related incidents and shall determine their impact based on criteria such as the number of clients affected, duration, geographical spread, data losses, and criticality of the services affected. Severity-aware threat detection across the estate underpins this classification.;ICT-Related Incident Reporting;Article 18;Classification of ICT-related incidents and cyber threats;FAIL;GuardDuty in region us-west-2 has issues: no delegated administrator configured, detector not enabled.;arn:aws:guardduty:us-west-2:992275841864:detector/unknown;detector/unknown;guardduty_delegated_admin_enabled_all_regions;False;DORA;Digital Operational Resilience Act (Regulation (EU) 2022/2554)
aws;"The Digital Operational Resilience Act (DORA) is a European Union regulation (Regulation (EU) 2022/2554) that sets a uniform framework for the digital operational resilience of the EU financial sector. Mandatory since 17 January 2025, it applies to financial entities (banks, insurers, investment firms, payment institutions, etc.) and to ICT third-party service providers. DORA is structured around five pillars: ICT risk management, ICT-related incident reporting, digital operational resilience testing, ICT third-party risk management, and information sharing. This Prowler mapping covers the technical controls auditable from cloud configuration; the organisational, contractual and supervisory obligations defined in DORA must be addressed outside of Prowler.";992275841864;us-west-2;2026-08-18 15:47:07.870888;DORA-Art10;Financial entities shall have in place mechanisms to promptly detect anomalous activities, including ICT network performance issues and ICT-related incidents, and to identify potential single points of failure. Threat detection across compute, identity, storage and the API control plane is required for timely detection.;ICT Risk Management;Article 10;Detection;FAIL;GuardDuty is not enabled.;arn:aws:guardduty:us-west-2:992275841864:detector/unknown;detector/unknown;guardduty_is_enabled;False;DORA;Digital Operational Resilience Act (Regulation (EU) 2022/2554)
aws;"The Digital Operational Resilience Act (DORA) is a European Union regulation (Regulation (EU) 2022/2554) that sets a uniform framework for the digital operational resilience of the EU financial sector. Mandatory since 17 January 2025, it applies to financial entities (banks, insurers, investment firms, payment institutions, etc.) and to ICT third-party service providers. DORA is structured around five pillars: ICT risk management, ICT-related incident reporting, digital operational resilience testing, ICT third-party risk management, and information sharing. This Prowler mapping covers the technical controls auditable from cloud configuration; the organisational, contractual and supervisory obligations defined in DORA must be addressed outside of Prowler.";992275841864;us-west-2;2026-08-18 15:47:07.870888;DORA-Art25;Financial entities shall ensure that tests are undertaken on ICT tools and systems, on critical ICT systems supporting all critical or important functions, at least yearly. Vulnerability assessments, deprecated component detection and certificate hygiene must be tracked.;Digital Operational Resilience Testing;Article 25;Testing of ICT tools and systems;FAIL;GuardDuty is not enabled.;arn:aws:guardduty:us-west-2:992275841864:detector/unknown;detector/unknown;guardduty_is_enabled;False;DORA;Digital Operational Resilience Act (Regulation (EU) 2022/2554)
aws;"The Digital Operational Resilience Act (DORA) is a European Union regulation (Regulation (EU) 2022/2554) that sets a uniform framework for the digital operational resilience of the EU financial sector. Mandatory since 17 January 2025, it applies to financial entities (banks, insurers, investment firms, payment institutions, etc.) and to ICT third-party service providers. DORA is structured around five pillars: ICT risk management, ICT-related incident reporting, digital operational resilience testing, ICT third-party risk management, and information sharing. This Prowler mapping covers the technical controls auditable from cloud configuration; the organisational, contractual and supervisory obligations defined in DORA must be addressed outside of Prowler.";992275841864;us-west-2;2026-08-18 15:47:07.870888;DORA-Art45;Financial entities may exchange amongst themselves cyber threat information and intelligence, including indicators of compromise, tactics, techniques and procedures, cyber security alerts and configuration tools. Centralised threat detection, sensitive data discovery and trail-based intelligence enable participation in such information-sharing arrangements.;Information Sharing;Article 45;Information-sharing arrangements on cyber threat information and intelligence;FAIL;GuardDuty is not enabled.;arn:aws:guardduty:us-west-2:992275841864:detector/unknown;detector/unknown;guardduty_is_enabled;False;DORA;Digital Operational Resilience Act (Regulation (EU) 2022/2554)
aws;"The Digital Operational Resilience Act (DORA) is a European Union regulation (Regulation (EU) 2022/2554) that sets a uniform framework for the digital operational resilience of the EU financial sector. Mandatory since 17 January 2025, it applies to financial entities (banks, insurers, investment firms, payment institutions, etc.) and to ICT third-party service providers. DORA is structured around five pillars: ICT risk management, ICT-related incident reporting, digital operational resilience testing, ICT third-party risk management, and information sharing. This Prowler mapping covers the technical controls auditable from cloud configuration; the organisational, contractual and supervisory obligations defined in DORA must be addressed outside of Prowler.";992275841864;us-west-2;2026-08-18 15:47:07.870888;DORA-Art5;Financial entities shall have a sound, comprehensive and well-documented ICT internal governance and control framework. Senior management is accountable for ICT risk and shall enforce strong identity, authentication and least-privilege policies for privileged identities, including the root account.;ICT Risk Management;Article 5;Governance and organisation;PASS;Root user in the account wasn't accessed in the last 1 days.;arn:aws:iam::992275841864:root;<root_account>;iam_avoid_root_usage;False;DORA;Digital Operational Resilience Act (Regulation (EU) 2022/2554)
aws;"The Digital Operational Resilience Act (DORA) is a European Union regulation (Regulation (EU) 2022/2554) that sets a uniform framework for the digital operational resilience of the EU financial sector. Mandatory since 17 January 2025, it applies to financial entities (banks, insurers, investment firms, payment institutions, etc.) and to ICT third-party service providers. DORA is structured around five pillars: ICT risk management, ICT-related incident reporting, digital operational resilience testing, ICT third-party risk management, and information sharing. This Prowler mapping covers the technical controls auditable from cloud configuration; the organisational, contractual and supervisory obligations defined in DORA must be addressed outside of Prowler.";992275841864;us-west-2;2026-08-18 15:47:07.870888;DORA-Art30;Contractual arrangements with ICT third-party service providers shall be set out in writing and include, at minimum, agreed service levels and clear allocation of rights and obligations. Privilege boundaries, least-privilege policies and absence of administrative wildcards are the technical guardrails that enforce these contractual constraints inside AWS.;ICT Third-Party Risk Management;Article 30;Key contractual provisions;PASS;AWS policy AWSSSOServiceRolePolicy is attached but does not allow '*:*' administrative privileges.;arn:aws:iam::aws:policy/aws-service-role/AWSSSOServiceRolePolicy;AWSSSOServiceRolePolicy;iam_aws_attached_policy_no_administrative_privileges;False;DORA;Digital Operational Resilience Act (Regulation (EU) 2022/2554)
aws;"The Digital Operational Resilience Act (DORA) is a European Union regulation (Regulation (EU) 2022/2554) that sets a uniform framework for the digital operational resilience of the EU financial sector. Mandatory since 17 January 2025, it applies to financial entities (banks, insurers, investment firms, payment institutions, etc.) and to ICT third-party service providers. DORA is structured around five pillars: ICT risk management, ICT-related incident reporting, digital operational resilience testing, ICT third-party risk management, and information sharing. This Prowler mapping covers the technical controls auditable from cloud configuration; the organisational, contractual and supervisory obligations defined in DORA must be addressed outside of Prowler.";992275841864;us-west-2;2026-08-18 15:47:07.870888;DORA-Art30;Contractual arrangements with ICT third-party service providers shall be set out in writing and include, at minimum, agreed service levels and clear allocation of rights and obligations. Privilege boundaries, least-privilege policies and absence of administrative wildcards are the technical guardrails that enforce these contractual constraints inside AWS.;ICT Third-Party Risk Management;Article 30;Key contractual provisions;PASS;AWS policy AWSOrganizationsServiceTrustPolicy is attached but does not allow '*:*' administrative privileges.;arn:aws:iam::aws:policy/aws-service-role/AWSOrganizationsServiceTrustPolicy;AWSOrganizationsServiceTrustPolicy;iam_aws_attached_policy_no_administrative_privileges;False;DORA;Digital Operational Resilience Act (Regulation (EU) 2022/2554)
aws;"The Digital Operational Resilience Act (DORA) is a European Union regulation (Regulation (EU) 2022/2554) that sets a uniform framework for the digital operational resilience of the EU financial sector. Mandatory since 17 January 2025, it applies to financial entities (banks, insurers, investment firms, payment institutions, etc.) and to ICT third-party service providers. DORA is structured around five pillars: ICT risk management, ICT-related incident reporting, digital operational resilience testing, ICT third-party risk management, and information sharing. This Prowler mapping covers the technical controls auditable from cloud configuration; the organisational, contractual and supervisory obligations defined in DORA must be addressed outside of Prowler.";992275841864;us-west-2;2026-08-18 15:47:07.870888;DORA-Art30;Contractual arrangements with ICT third-party service providers shall be set out in writing and include, at minimum, agreed service levels and clear allocation of rights and obligations. Privilege boundaries, least-privilege policies and absence of administrative wildcards are the technical guardrails that enforce these contractual constraints inside AWS.;ICT Third-Party Risk Management;Article 30;Key contractual provisions;PASS;AWS policy AWSTrustedAdvisorServiceRolePolicy is attached but does not allow '*:*' administrative privileges.;arn:aws:iam::aws:policy/aws-service-role/AWSTrustedAdvisorServiceRolePolicy;AWSTrustedAdvisorServiceRolePolicy;iam_aws_attached_policy_no_administrative_privileges;False;DORA;Digital Operational Resilience Act (Regulation (EU) 2022/2554)
aws;"The Digital Operational Resilience Act (DORA) is a European Union regulation (Regulation (EU) 2022/2554) that sets a uniform framework for the digital operational resilience of the EU financial sector. Mandatory since 17 January 2025, it applies to financial entities (banks, insurers, investment firms, payment institutions, etc.) and to ICT third-party service providers. DORA is structured around five pillars: ICT risk management, ICT-related incident reporting, digital operational resilience testing, ICT third-party risk management, and information sharing. This Prowler mapping covers the technical controls auditable from cloud configuration; the organisational, contractual and supervisory obligations defined in DORA must be addressed outside of Prowler.";992275841864;us-west-2;2026-08-18 15:47:07.870888;DORA-Art30;Contractual arrangements with ICT third-party service providers shall be set out in writing and include, at minimum, agreed service levels and clear allocation of rights and obligations. Privilege boundaries, least-privilege policies and absence of administrative wildcards are the technical guardrails that enforce these contractual constraints inside AWS.;ICT Third-Party Risk Management;Article 30;Key contractual provisions;FAIL;AWS policy AdministratorAccess is attached and allows '*:*' administrative privileges.;arn:aws:iam::aws:policy/AdministratorAccess;AdministratorAccess;iam_aws_attached_policy_no_administrative_privileges;False;DORA;Digital Operational Resilience Act (Regulation (EU) 2022/2554)
aws;"The Digital Operational Resilience Act (DORA) is a European Union regulation (Regulation (EU) 2022/2554) that sets a uniform framework for the digital operational resilience of the EU financial sector. Mandatory since 17 January 2025, it applies to financial entities (banks, insurers, investment firms, payment institutions, etc.) and to ICT third-party service providers. DORA is structured around five pillars: ICT risk management, ICT-related incident reporting, digital operational resilience testing, ICT third-party risk management, and information sharing. This Prowler mapping covers the technical controls auditable from cloud configuration; the organisational, contractual and supervisory obligations defined in DORA must be addressed outside of Prowler.";992275841864;us-west-2;2026-08-18 15:47:07.870888;DORA-Art30;Contractual arrangements with ICT third-party service providers shall be set out in writing and include, at minimum, agreed service levels and clear allocation of rights and obligations. Privilege boundaries, least-privilege policies and absence of administrative wildcards are the technical guardrails that enforce these contractual constraints inside AWS.;ICT Third-Party Risk Management;Article 30;Key contractual provisions;PASS;AWS policy AWSSupportServiceRolePolicy is attached but does not allow '*:*' administrative privileges.;arn:aws:iam::aws:policy/aws-service-role/AWSSupportServiceRolePolicy;AWSSupportServiceRolePolicy;iam_aws_attached_policy_no_administrative_privileges;False;DORA;Digital Operational Resilience Act (Regulation (EU) 2022/2554)
aws;"The Digital Operational Resilience Act (DORA) is a European Union regulation (Regulation (EU) 2022/2554) that sets a uniform framework for the digital operational resilience of the EU financial sector. Mandatory since 17 January 2025, it applies to financial entities (banks, insurers, investment firms, payment institutions, etc.) and to ICT third-party service providers. DORA is structured around five pillars: ICT risk management, ICT-related incident reporting, digital operational resilience testing, ICT third-party risk management, and information sharing. This Prowler mapping covers the technical controls auditable from cloud configuration; the organisational, contractual and supervisory obligations defined in DORA must be addressed outside of Prowler.";992275841864;us-west-2;2026-08-18 15:47:07.870888;DORA-Art30;Contractual arrangements with ICT third-party service providers shall be set out in writing and include, at minimum, agreed service levels and clear allocation of rights and obligations. Privilege boundaries, least-privilege policies and absence of administrative wildcards are the technical guardrails that enforce these contractual constraints inside AWS.;ICT Third-Party Risk Management;Article 30;Key contractual provisions;PASS;AWS policy ViewOnlyAccess is attached but does not allow '*:*' administrative privileges.;arn:aws:iam::aws:policy/job-function/ViewOnlyAccess;ViewOnlyAccess;iam_aws_attached_policy_no_administrative_privileges;False;DORA;Digital Operational Resilience Act (Regulation (EU) 2022/2554)
aws;"The Digital Operational Resilience Act (DORA) is a European Union regulation (Regulation (EU) 2022/2554) that sets a uniform framework for the digital operational resilience of the EU financial sector. Mandatory since 17 January 2025, it applies to financial entities (banks, insurers, investment firms, payment institutions, etc.) and to ICT third-party service providers. DORA is structured around five pillars: ICT risk management, ICT-related incident reporting, digital operational resilience testing, ICT third-party risk management, and information sharing. This Prowler mapping covers the technical controls auditable from cloud configuration; the organisational, contractual and supervisory obligations defined in DORA must be addressed outside of Prowler.";992275841864;us-west-2;2026-08-18 15:47:07.870888;DORA-Art30;Contractual arrangements with ICT third-party service providers shall be set out in writing and include, at minimum, agreed service levels and clear allocation of rights and obligations. Privilege boundaries, least-privilege policies and absence of administrative wildcards are the technical guardrails that enforce these contractual constraints inside AWS.;ICT Third-Party Risk Management;Article 30;Key contractual provisions;PASS;AWS policy SecurityAudit is attached but does not allow '*:*' administrative privileges.;arn:aws:iam::aws:policy/SecurityAudit;SecurityAudit;iam_aws_attached_policy_no_administrative_privileges;False;DORA;Digital Operational Resilience Act (Regulation (EU) 2022/2554)
aws;"The Digital Operational Resilience Act (DORA) is a European Union regulation (Regulation (EU) 2022/2554) that sets a uniform framework for the digital operational resilience of the EU financial sector. Mandatory since 17 January 2025, it applies to financial entities (banks, insurers, investment firms, payment institutions, etc.) and to ICT third-party service providers. DORA is structured around five pillars: ICT risk management, ICT-related incident reporting, digital operational resilience testing, ICT third-party risk management, and information sharing. This Prowler mapping covers the technical controls auditable from cloud configuration; the organisational, contractual and supervisory obligations defined in DORA must be addressed outside of Prowler.";992275841864;us-west-2;2026-08-18 15:47:07.870888;DORA-Art30;Contractual arrangements with ICT third-party service providers shall be set out in writing and include, at minimum, agreed service levels and clear allocation of rights and obligations. Privilege boundaries, least-privilege policies and absence of administrative wildcards are the technical guardrails that enforce these contractual constraints inside AWS.;ICT Third-Party Risk Management;Article 30;Key contractual provisions;PASS;AWS policy AWSResourceExplorerServiceRolePolicy is attached but does not allow '*:*' administrative privileges.;arn:aws:iam::aws:policy/aws-service-role/AWSResourceExplorerServiceRolePolicy;AWSResourceExplorerServiceRolePolicy;iam_aws_attached_policy_no_administrative_privileges;False;DORA;Digital Operational Resilience Act (Regulation (EU) 2022/2554)
aws;"The Digital Operational Resilience Act (DORA) is a European Union regulation (Regulation (EU) 2022/2554) that sets a uniform framework for the digital operational resilience of the EU financial sector. Mandatory since 17 January 2025, it applies to financial entities (banks, insurers, investment firms, payment institutions, etc.) and to ICT third-party service providers. DORA is structured around five pillars: ICT risk management, ICT-related incident reporting, digital operational resilience testing, ICT third-party risk management, and information sharing. This Prowler mapping covers the technical controls auditable from cloud configuration; the organisational, contractual and supervisory obligations defined in DORA must be addressed outside of Prowler.";992275841864;us-west-2;2026-08-18 15:47:07.870888;DORA-Art30;Contractual arrangements with ICT third-party service providers shall be set out in writing and include, at minimum, agreed service levels and clear allocation of rights and obligations. Privilege boundaries, least-privilege policies and absence of administrative wildcards are the technical guardrails that enforce these contractual constraints inside AWS.;ICT Third-Party Risk Management;Article 30;Key contractual provisions;PASS;Inline policy auto-shutdown-permissions attached to role auto-shutdown-lambda-role does not allow privilege escalation.;arn:aws:iam::992275841864:role/auto-shutdown-lambda-role;auto-shutdown-lambda-role/auto-shutdown-permissions;iam_inline_policy_allows_privilege_escalation;False;DORA;Digital Operational Resilience Act (Regulation (EU) 2022/2554)
aws;"The Digital Operational Resilience Act (DORA) is a European Union regulation (Regulation (EU) 2022/2554) that sets a uniform framework for the digital operational resilience of the EU financial sector. Mandatory since 17 January 2025, it applies to financial entities (banks, insurers, investment firms, payment institutions, etc.) and to ICT third-party service providers. DORA is structured around five pillars: ICT risk management, ICT-related incident reporting, digital operational resilience testing, ICT third-party risk management, and information sharing. This Prowler mapping covers the technical controls auditable from cloud configuration; the organisational, contractual and supervisory obligations defined in DORA must be addressed outside of Prowler.";992275841864;us-west-2;2026-08-18 15:47:07.870888;DORA-Art30;Contractual arrangements with ICT third-party service providers shall be set out in writing and include, at minimum, agreed service levels and clear allocation of rights and obligations. Privilege boundaries, least-privilege policies and absence of administrative wildcards are the technical guardrails that enforce these contractual constraints inside AWS.;ICT Third-Party Risk Management;Article 30;Key contractual provisions;PASS;Inline policy auto-shutdown-permissions attached to role auto-shutdown-lambda-role does not allow '*:*' administrative privileges.;arn:aws:iam::992275841864:role/auto-shutdown-lambda-role;auto-shutdown-lambda-role/auto-shutdown-permissions;iam_inline_policy_no_administrative_privileges;False;DORA;Digital Operational Resilience Act (Regulation (EU) 2022/2554)
aws;"The Digital Operational Resilience Act (DORA) is a European Union regulation (Regulation (EU) 2022/2554) that sets a uniform framework for the digital operational resilience of the EU financial sector. Mandatory since 17 January 2025, it applies to financial entities (banks, insurers, investment firms, payment institutions, etc.) and to ICT third-party service providers. DORA is structured around five pillars: ICT risk management, ICT-related incident reporting, digital operational resilience testing, ICT third-party risk management, and information sharing. This Prowler mapping covers the technical controls auditable from cloud configuration; the organisational, contractual and supervisory obligations defined in DORA must be addressed outside of Prowler.";992275841864;us-west-2;2026-08-18 15:47:07.870888;DORA-Art30;Contractual arrangements with ICT third-party service providers shall be set out in writing and include, at minimum, agreed service levels and clear allocation of rights and obligations. Privilege boundaries, least-privilege policies and absence of administrative wildcards are the technical guardrails that enforce these contractual constraints inside AWS.;ICT Third-Party Risk Management;Article 30;Key contractual provisions;PASS;Inline policy auto-shutdown-permissions attached to role auto-shutdown-lambda-role does not allow 'cloudtrail:*' privileges.;arn:aws:iam::992275841864:role/auto-shutdown-lambda-role;auto-shutdown-lambda-role/auto-shutdown-permissions;iam_inline_policy_no_full_access_to_cloudtrail;False;DORA;Digital Operational Resilience Act (Regulation (EU) 2022/2554)
aws;"The Digital Operational Resilience Act (DORA) is a European Union regulation (Regulation (EU) 2022/2554) that sets a uniform framework for the digital operational resilience of the EU financial sector. Mandatory since 17 January 2025, it applies to financial entities (banks, insurers, investment firms, payment institutions, etc.) and to ICT third-party service providers. DORA is structured around five pillars: ICT risk management, ICT-related incident reporting, digital operational resilience testing, ICT third-party risk management, and information sharing. This Prowler mapping covers the technical controls auditable from cloud configuration; the organisational, contractual and supervisory obligations defined in DORA must be addressed outside of Prowler.";992275841864;us-west-2;2026-08-18 15:47:07.870888;DORA-Art30;Contractual arrangements with ICT third-party service providers shall be set out in writing and include, at minimum, agreed service levels and clear allocation of rights and obligations. Privilege boundaries, least-privilege policies and absence of administrative wildcards are the technical guardrails that enforce these contractual constraints inside AWS.;ICT Third-Party Risk Management;Article 30;Key contractual provisions;PASS;Inline policy auto-shutdown-permissions attached to role auto-shutdown-lambda-role does not allow 'kms:*' privileges.;arn:aws:iam::992275841864:role/auto-shutdown-lambda-role;auto-shutdown-lambda-role/auto-shutdown-permissions;iam_inline_policy_no_full_access_to_kms;False;DORA;Digital Operational Resilience Act (Regulation (EU) 2022/2554)
aws;"The Digital Operational Resilience Act (DORA) is a European Union regulation (Regulation (EU) 2022/2554) that sets a uniform framework for the digital operational resilience of the EU financial sector. Mandatory since 17 January 2025, it applies to financial entities (banks, insurers, investment firms, payment institutions, etc.) and to ICT third-party service providers. DORA is structured around five pillars: ICT risk management, ICT-related incident reporting, digital operational resilience testing, ICT third-party risk management, and information sharing. This Prowler mapping covers the technical controls auditable from cloud configuration; the organisational, contractual and supervisory obligations defined in DORA must be addressed outside of Prowler.";992275841864;us-west-2;2026-08-18 15:47:07.870888;DORA-Art5;Financial entities shall have a sound, comprehensive and well-documented ICT internal governance and control framework. Senior management is accountable for ICT risk and shall enforce strong identity, authentication and least-privilege policies for privileged identities, including the root account.;ICT Risk Management;Article 5;Governance and organisation;FAIL;Password expiration is not set.;arn:aws:iam:us-west-2:992275841864:password-policy;992275841864;iam_password_policy_expires_passwords_within_90_days_or_less;False;DORA;Digital Operational Resilience Act (Regulation (EU) 2022/2554)
aws;"The Digital Operational Resilience Act (DORA) is a European Union regulation (Regulation (EU) 2022/2554) that sets a uniform framework for the digital operational resilience of the EU financial sector. Mandatory since 17 January 2025, it applies to financial entities (banks, insurers, investment firms, payment institutions, etc.) and to ICT third-party service providers. DORA is structured around five pillars: ICT risk management, ICT-related incident reporting, digital operational resilience testing, ICT third-party risk management, and information sharing. This Prowler mapping covers the technical controls auditable from cloud configuration; the organisational, contractual and supervisory obligations defined in DORA must be addressed outside of Prowler.";992275841864;us-west-2;2026-08-18 15:47:07.870888;DORA-Art5;Financial entities shall have a sound, comprehensive and well-documented ICT internal governance and control framework. Senior management is accountable for ICT risk and shall enforce strong identity, authentication and least-privilege policies for privileged identities, including the root account.;ICT Risk Management;Article 5;Governance and organisation;FAIL;IAM password policy does not require at least one lowercase letter.;arn:aws:iam:us-west-2:992275841864:password-policy;992275841864;iam_password_policy_lowercase;False;DORA;Digital Operational Resilience Act (Regulation (EU) 2022/2554)
aws;"The Digital Operational Resilience Act (DORA) is a European Union regulation (Regulation (EU) 2022/2554) that sets a uniform framework for the digital operational resilience of the EU financial sector. Mandatory since 17 January 2025, it applies to financial entities (banks, insurers, investment firms, payment institutions, etc.) and to ICT third-party service providers. DORA is structured around five pillars: ICT risk management, ICT-related incident reporting, digital operational resilience testing, ICT third-party risk management, and information sharing. This Prowler mapping covers the technical controls auditable from cloud configuration; the organisational, contractual and supervisory obligations defined in DORA must be addressed outside of Prowler.";992275841864;us-west-2;2026-08-18 15:47:07.870888;DORA-Art5;Financial entities shall have a sound, comprehensive and well-documented ICT internal governance and control framework. Senior management is accountable for ICT risk and shall enforce strong identity, authentication and least-privilege policies for privileged identities, including the root account.;ICT Risk Management;Article 5;Governance and organisation;FAIL;IAM password policy does not require minimum length of 14 characters.;arn:aws:iam:us-west-2:992275841864:password-policy;992275841864;iam_password_policy_minimum_length_14;False;DORA;Digital Operational Resilience Act (Regulation (EU) 2022/2554)
aws;"The Digital Operational Resilience Act (DORA) is a European Union regulation (Regulation (EU) 2022/2554) that sets a uniform framework for the digital operational resilience of the EU financial sector. Mandatory since 17 January 2025, it applies to financial entities (banks, insurers, investment firms, payment institutions, etc.) and to ICT third-party service providers. DORA is structured around five pillars: ICT risk management, ICT-related incident reporting, digital operational resilience testing, ICT third-party risk management, and information sharing. This Prowler mapping covers the technical controls auditable from cloud configuration; the organisational, contractual and supervisory obligations defined in DORA must be addressed outside of Prowler.";992275841864;us-west-2;2026-08-18 15:47:07.870888;DORA-Art5;Financial entities shall have a sound, comprehensive and well-documented ICT internal governance and control framework. Senior management is accountable for ICT risk and shall enforce strong identity, authentication and least-privilege policies for privileged identities, including the root account.;ICT Risk Management;Article 5;Governance and organisation;FAIL;IAM password policy does not require at least one number.;arn:aws:iam:us-west-2:992275841864:password-policy;992275841864;iam_password_policy_number;False;DORA;Digital Operational Resilience Act (Regulation (EU) 2022/2554)
aws;"The Digital Operational Resilience Act (DORA) is a European Union regulation (Regulation (EU) 2022/2554) that sets a uniform framework for the digital operational resilience of the EU financial sector. Mandatory since 17 January 2025, it applies to financial entities (banks, insurers, investment firms, payment institutions, etc.) and to ICT third-party service providers. DORA is structured around five pillars: ICT risk management, ICT-related incident reporting, digital operational resilience testing, ICT third-party risk management, and information sharing. This Prowler mapping covers the technical controls auditable from cloud configuration; the organisational, contractual and supervisory obligations defined in DORA must be addressed outside of Prowler.";992275841864;us-west-2;2026-08-18 15:47:07.870888;DORA-Art5;Financial entities shall have a sound, comprehensive and well-documented ICT internal governance and control framework. Senior management is accountable for ICT risk and shall enforce strong identity, authentication and least-privilege policies for privileged identities, including the root account.;ICT Risk Management;Article 5;Governance and organisation;FAIL;IAM password policy reuse prevention is less than 24 or not set.;arn:aws:iam:us-west-2:992275841864:password-policy;992275841864;iam_password_policy_reuse_24;False;DORA;Digital Operational Resilience Act (Regulation (EU) 2022/2554)
aws;"The Digital Operational Resilience Act (DORA) is a European Union regulation (Regulation (EU) 2022/2554) that sets a uniform framework for the digital operational resilience of the EU financial sector. Mandatory since 17 January 2025, it applies to financial entities (banks, insurers, investment firms, payment institutions, etc.) and to ICT third-party service providers. DORA is structured around five pillars: ICT risk management, ICT-related incident reporting, digital operational resilience testing, ICT third-party risk management, and information sharing. This Prowler mapping covers the technical controls auditable from cloud configuration; the organisational, contractual and supervisory obligations defined in DORA must be addressed outside of Prowler.";992275841864;us-west-2;2026-08-18 15:47:07.870888;DORA-Art5;Financial entities shall have a sound, comprehensive and well-documented ICT internal governance and control framework. Senior management is accountable for ICT risk and shall enforce strong identity, authentication and least-privilege policies for privileged identities, including the root account.;ICT Risk Management;Article 5;Governance and organisation;FAIL;IAM password policy does not require at least one symbol.;arn:aws:iam:us-west-2:992275841864:password-policy;992275841864;iam_password_policy_symbol;False;DORA;Digital Operational Resilience Act (Regulation (EU) 2022/2554)
aws;"The Digital Operational Resilience Act (DORA) is a European Union regulation (Regulation (EU) 2022/2554) that sets a uniform framework for the digital operational resilience of the EU financial sector. Mandatory since 17 January 2025, it applies to financial entities (banks, insurers, investment firms, payment institutions, etc.) and to ICT third-party service providers. DORA is structured around five pillars: ICT risk management, ICT-related incident reporting, digital operational resilience testing, ICT third-party risk management, and information sharing. This Prowler mapping covers the technical controls auditable from cloud configuration; the organisational, contractual and supervisory obligations defined in DORA must be addressed outside of Prowler.";992275841864;us-west-2;2026-08-18 15:47:07.870888;DORA-Art5;Financial entities shall have a sound, comprehensive and well-documented ICT internal governance and control framework. Senior management is accountable for ICT risk and shall enforce strong identity, authentication and least-privilege policies for privileged identities, including the root account.;ICT Risk Management;Article 5;Governance and organisation;FAIL;IAM password policy does not require at least one uppercase letter.;arn:aws:iam:us-west-2:992275841864:password-policy;992275841864;iam_password_policy_uppercase;False;DORA;Digital Operational Resilience Act (Regulation (EU) 2022/2554)
aws;"The Digital Operational Resilience Act (DORA) is a European Union regulation (Regulation (EU) 2022/2554) that sets a uniform framework for the digital operational resilience of the EU financial sector. Mandatory since 17 January 2025, it applies to financial entities (banks, insurers, investment firms, payment institutions, etc.) and to ICT third-party service providers. DORA is structured around five pillars: ICT risk management, ICT-related incident reporting, digital operational resilience testing, ICT third-party risk management, and information sharing. This Prowler mapping covers the technical controls auditable from cloud configuration; the organisational, contractual and supervisory obligations defined in DORA must be addressed outside of Prowler.";992275841864;us-west-2;2026-08-18 15:47:07.870888;DORA-Art30;Contractual arrangements with ICT third-party service providers shall be set out in writing and include, at minimum, agreed service levels and clear allocation of rights and obligations. Privilege boundaries, least-privilege policies and absence of administrative wildcards are the technical guardrails that enforce these contractual constraints inside AWS.;ICT Third-Party Risk Management;Article 30;Key contractual provisions;PASS;User demo-no-mfa-user has no inline or attached policies.;arn:aws:iam::992275841864:user/demo-no-mfa-user;demo-no-mfa-user;iam_policy_attached_only_to_group_or_roles;False;DORA;Digital Operational Resilience Act (Regulation (EU) 2022/2554)
aws;"The Digital Operational Resilience Act (DORA) is a European Union regulation (Regulation (EU) 2022/2554) that sets a uniform framework for the digital operational resilience of the EU financial sector. Mandatory since 17 January 2025, it applies to financial entities (banks, insurers, investment firms, payment institutions, etc.) and to ICT third-party service providers. DORA is structured around five pillars: ICT risk management, ICT-related incident reporting, digital operational resilience testing, ICT third-party risk management, and information sharing. This Prowler mapping covers the technical controls auditable from cloud configuration; the organisational, contractual and supervisory obligations defined in DORA must be addressed outside of Prowler.";992275841864;us-west-2;2026-08-18 15:47:07.870888;DORA-Art30;Contractual arrangements with ICT third-party service providers shall be set out in writing and include, at minimum, agreed service levels and clear allocation of rights and obligations. Privilege boundaries, least-privilege policies and absence of administrative wildcards are the technical guardrails that enforce these contractual constraints inside AWS.;ICT Third-Party Risk Management;Article 30;Key contractual provisions;FAIL;User prowler-readonly has the policy ViewOnlyAccess attached.;arn:aws:iam::992275841864:user/prowler-readonly;prowler-readonly/ViewOnlyAccess;iam_policy_attached_only_to_group_or_roles;False;DORA;Digital Operational Resilience Act (Regulation (EU) 2022/2554)
aws;"The Digital Operational Resilience Act (DORA) is a European Union regulation (Regulation (EU) 2022/2554) that sets a uniform framework for the digital operational resilience of the EU financial sector. Mandatory since 17 January 2025, it applies to financial entities (banks, insurers, investment firms, payment institutions, etc.) and to ICT third-party service providers. DORA is structured around five pillars: ICT risk management, ICT-related incident reporting, digital operational resilience testing, ICT third-party risk management, and information sharing. This Prowler mapping covers the technical controls auditable from cloud configuration; the organisational, contractual and supervisory obligations defined in DORA must be addressed outside of Prowler.";992275841864;us-west-2;2026-08-18 15:47:07.870888;DORA-Art30;Contractual arrangements with ICT third-party service providers shall be set out in writing and include, at minimum, agreed service levels and clear allocation of rights and obligations. Privilege boundaries, least-privilege policies and absence of administrative wildcards are the technical guardrails that enforce these contractual constraints inside AWS.;ICT Third-Party Risk Management;Article 30;Key contractual provisions;FAIL;User prowler-readonly has the policy SecurityAudit attached.;arn:aws:iam::992275841864:user/prowler-readonly;prowler-readonly/SecurityAudit;iam_policy_attached_only_to_group_or_roles;False;DORA;Digital Operational Resilience Act (Regulation (EU) 2022/2554)
aws;"The Digital Operational Resilience Act (DORA) is a European Union regulation (Regulation (EU) 2022/2554) that sets a uniform framework for the digital operational resilience of the EU financial sector. Mandatory since 17 January 2025, it applies to financial entities (banks, insurers, investment firms, payment institutions, etc.) and to ICT third-party service providers. DORA is structured around five pillars: ICT risk management, ICT-related incident reporting, digital operational resilience testing, ICT third-party risk management, and information sharing. This Prowler mapping covers the technical controls auditable from cloud configuration; the organisational, contractual and supervisory obligations defined in DORA must be addressed outside of Prowler.";992275841864;us-west-2;2026-08-18 15:47:07.870888;DORA-Art30;Contractual arrangements with ICT third-party service providers shall be set out in writing and include, at minimum, agreed service levels and clear allocation of rights and obligations. Privilege boundaries, least-privilege policies and absence of administrative wildcards are the technical guardrails that enforce these contractual constraints inside AWS.;ICT Third-Party Risk Management;Article 30;Key contractual provisions;FAIL;IAM Role AWSReservedSSO_AdministratorAccess_fe6ebb675b6c22d2 has AdministratorAccess policy attached.;arn:aws:iam::992275841864:role/aws-reserved/sso.amazonaws.com/us-west-2/AWSReservedSSO_AdministratorAccess_fe6ebb675b6c22d2;AWSReservedSSO_AdministratorAccess_fe6ebb675b6c22d2;iam_role_administratoraccess_policy;False;DORA;Digital Operational Resilience Act (Regulation (EU) 2022/2554)
aws;"The Digital Operational Resilience Act (DORA) is a European Union regulation (Regulation (EU) 2022/2554) that sets a uniform framework for the digital operational resilience of the EU financial sector. Mandatory since 17 January 2025, it applies to financial entities (banks, insurers, investment firms, payment institutions, etc.) and to ICT third-party service providers. DORA is structured around five pillars: ICT risk management, ICT-related incident reporting, digital operational resilience testing, ICT third-party risk management, and information sharing. This Prowler mapping covers the technical controls auditable from cloud configuration; the organisational, contractual and supervisory obligations defined in DORA must be addressed outside of Prowler.";992275841864;us-west-2;2026-08-18 15:47:07.870888;DORA-Art30;Contractual arrangements with ICT third-party service providers shall be set out in writing and include, at minimum, agreed service levels and clear allocation of rights and obligations. Privilege boundaries, least-privilege policies and absence of administrative wildcards are the technical guardrails that enforce these contractual constraints inside AWS.;ICT Third-Party Risk Management;Article 30;Key contractual provisions;FAIL;IAM Role OrganizationAccountAccessRole has AdministratorAccess policy attached.;arn:aws:iam::992275841864:role/OrganizationAccountAccessRole;OrganizationAccountAccessRole;iam_role_administratoraccess_policy;False;DORA;Digital Operational Resilience Act (Regulation (EU) 2022/2554)
aws;"The Digital Operational Resilience Act (DORA) is a European Union regulation (Regulation (EU) 2022/2554) that sets a uniform framework for the digital operational resilience of the EU financial sector. Mandatory since 17 January 2025, it applies to financial entities (banks, insurers, investment firms, payment institutions, etc.) and to ICT third-party service providers. DORA is structured around five pillars: ICT risk management, ICT-related incident reporting, digital operational resilience testing, ICT third-party risk management, and information sharing. This Prowler mapping covers the technical controls auditable from cloud configuration; the organisational, contractual and supervisory obligations defined in DORA must be addressed outside of Prowler.";992275841864;us-west-2;2026-08-18 15:47:07.870888;DORA-Art28;Financial entities shall manage ICT third-party risk as an integral component of ICT risk within their ICT risk management framework. Cross-account access, trust boundaries, organization-level controls and dependency visibility are critical to monitor third-party exposure on AWS.;ICT Third-Party Risk Management;Article 28;General principles (ICT third-party risk);PASS;IAM Role AWSReservedSSO_AdministratorAccess_fe6ebb675b6c22d2 does not have ReadOnlyAccess policy.;arn:aws:iam::992275841864:role/aws-reserved/sso.amazonaws.com/us-west-2/AWSReservedSSO_AdministratorAccess_fe6ebb675b6c22d2;AWSReservedSSO_AdministratorAccess_fe6ebb675b6c22d2;iam_role_cross_account_readonlyaccess_policy;False;DORA;Digital Operational Resilience Act (Regulation (EU) 2022/2554)
aws;"The Digital Operational Resilience Act (DORA) is a European Union regulation (Regulation (EU) 2022/2554) that sets a uniform framework for the digital operational resilience of the EU financial sector. Mandatory since 17 January 2025, it applies to financial entities (banks, insurers, investment firms, payment institutions, etc.) and to ICT third-party service providers. DORA is structured around five pillars: ICT risk management, ICT-related incident reporting, digital operational resilience testing, ICT third-party risk management, and information sharing. This Prowler mapping covers the technical controls auditable from cloud configuration; the organisational, contractual and supervisory obligations defined in DORA must be addressed outside of Prowler.";992275841864;us-west-2;2026-08-18 15:47:07.870888;DORA-Art28;Financial entities shall manage ICT third-party risk as an integral component of ICT risk within their ICT risk management framework. Cross-account access, trust boundaries, organization-level controls and dependency visibility are critical to monitor third-party exposure on AWS.;ICT Third-Party Risk Management;Article 28;General principles (ICT third-party risk);PASS;IAM Role OrganizationAccountAccessRole does not have ReadOnlyAccess policy.;arn:aws:iam::992275841864:role/OrganizationAccountAccessRole;OrganizationAccountAccessRole;iam_role_cross_account_readonlyaccess_policy;False;DORA;Digital Operational Resilience Act (Regulation (EU) 2022/2554)
aws;"The Digital Operational Resilience Act (DORA) is a European Union regulation (Regulation (EU) 2022/2554) that sets a uniform framework for the digital operational resilience of the EU financial sector. Mandatory since 17 January 2025, it applies to financial entities (banks, insurers, investment firms, payment institutions, etc.) and to ICT third-party service providers. DORA is structured around five pillars: ICT risk management, ICT-related incident reporting, digital operational resilience testing, ICT third-party risk management, and information sharing. This Prowler mapping covers the technical controls auditable from cloud configuration; the organisational, contractual and supervisory obligations defined in DORA must be addressed outside of Prowler.";992275841864;us-west-2;2026-08-18 15:47:07.870888;DORA-Art28;Financial entities shall manage ICT third-party risk as an integral component of ICT risk within their ICT risk management framework. Cross-account access, trust boundaries, organization-level controls and dependency visibility are critical to monitor third-party exposure on AWS.;ICT Third-Party Risk Management;Article 28;General principles (ICT third-party risk);FAIL;IAM Service Role auto-shutdown-lambda-role does not prevent against a cross-service confused deputy attack.;arn:aws:iam::992275841864:role/auto-shutdown-lambda-role;auto-shutdown-lambda-role;iam_role_cross_service_confused_deputy_prevention;False;DORA;Digital Operational Resilience Act (Regulation (EU) 2022/2554)
aws;"The Digital Operational Resilience Act (DORA) is a European Union regulation (Regulation (EU) 2022/2554) that sets a uniform framework for the digital operational resilience of the EU financial sector. Mandatory since 17 January 2025, it applies to financial entities (banks, insurers, investment firms, payment institutions, etc.) and to ICT third-party service providers. DORA is structured around five pillars: ICT risk management, ICT-related incident reporting, digital operational resilience testing, ICT third-party risk management, and information sharing. This Prowler mapping covers the technical controls auditable from cloud configuration; the organisational, contractual and supervisory obligations defined in DORA must be addressed outside of Prowler.";992275841864;us-west-2;2026-08-18 15:47:07.870888;DORA-Art5;Financial entities shall have a sound, comprehensive and well-documented ICT internal governance and control framework. Senior management is accountable for ICT risk and shall enforce strong identity, authentication and least-privilege policies for privileged identities, including the root account.;ICT Risk Management;Article 5;Governance and organisation;FAIL;Root credentials management is not enabled.;arn:aws:iam::992275841864:root;992275841864;iam_root_credentials_management_enabled;False;DORA;Digital Operational Resilience Act (Regulation (EU) 2022/2554)
aws;"The Digital Operational Resilience Act (DORA) is a European Union regulation (Regulation (EU) 2022/2554) that sets a uniform framework for the digital operational resilience of the EU financial sector. Mandatory since 17 January 2025, it applies to financial entities (banks, insurers, investment firms, payment institutions, etc.) and to ICT third-party service providers. DORA is structured around five pillars: ICT risk management, ICT-related incident reporting, digital operational resilience testing, ICT third-party risk management, and information sharing. This Prowler mapping covers the technical controls auditable from cloud configuration; the organisational, contractual and supervisory obligations defined in DORA must be addressed outside of Prowler.";992275841864;us-west-2;2026-08-18 15:47:07.870888;DORA-Art5;Financial entities shall have a sound, comprehensive and well-documented ICT internal governance and control framework. Senior management is accountable for ICT risk and shall enforce strong identity, authentication and least-privilege policies for privileged identities, including the root account.;ICT Risk Management;Article 5;Governance and organisation;FAIL;SecurityAudit policy is not attached to any role.;arn:aws:iam::aws:policy/SecurityAudit;SecurityAudit;iam_securityaudit_role_created;False;DORA;Digital Operational Resilience Act (Regulation (EU) 2022/2554)
aws;"The Digital Operational Resilience Act (DORA) is a European Union regulation (Regulation (EU) 2022/2554) that sets a uniform framework for the digital operational resilience of the EU financial sector. Mandatory since 17 January 2025, it applies to financial entities (banks, insurers, investment firms, payment institutions, etc.) and to ICT third-party service providers. DORA is structured around five pillars: ICT risk management, ICT-related incident reporting, digital operational resilience testing, ICT third-party risk management, and information sharing. This Prowler mapping covers the technical controls auditable from cloud configuration; the organisational, contractual and supervisory obligations defined in DORA must be addressed outside of Prowler.";992275841864;us-west-2;2026-08-18 15:47:07.870888;DORA-Art5;Financial entities shall have a sound, comprehensive and well-documented ICT internal governance and control framework. Senior management is accountable for ICT risk and shall enforce strong identity, authentication and least-privilege policies for privileged identities, including the root account.;ICT Risk Management;Article 5;Governance and organisation;FAIL;AWS Support Access policy is not attached to any role.;arn:aws:iam::aws:policy/AWSSupportAccess;992275841864;iam_support_role_created;False;DORA;Digital Operational Resilience Act (Regulation (EU) 2022/2554)
aws;"The Digital Operational Resilience Act (DORA) is a European Union regulation (Regulation (EU) 2022/2554) that sets a uniform framework for the digital operational resilience of the EU financial sector. Mandatory since 17 January 2025, it applies to financial entities (banks, insurers, investment firms, payment institutions, etc.) and to ICT third-party service providers. DORA is structured around five pillars: ICT risk management, ICT-related incident reporting, digital operational resilience testing, ICT third-party risk management, and information sharing. This Prowler mapping covers the technical controls auditable from cloud configuration; the organisational, contractual and supervisory obligations defined in DORA must be addressed outside of Prowler.";992275841864;us-west-2;2026-08-18 15:47:07.870888;DORA-Art30;Contractual arrangements with ICT third-party service providers shall be set out in writing and include, at minimum, agreed service levels and clear allocation of rights and obligations. Privilege boundaries, least-privilege policies and absence of administrative wildcards are the technical guardrails that enforce these contractual constraints inside AWS.;ICT Third-Party Risk Management;Article 30;Key contractual provisions;PASS;IAM User demo-no-mfa-user does not have AdministratorAccess policy.;arn:aws:iam::992275841864:user/demo-no-mfa-user;demo-no-mfa-user;iam_user_administrator_access_policy;False;DORA;Digital Operational Resilience Act (Regulation (EU) 2022/2554)
aws;"The Digital Operational Resilience Act (DORA) is a European Union regulation (Regulation (EU) 2022/2554) that sets a uniform framework for the digital operational resilience of the EU financial sector. Mandatory since 17 January 2025, it applies to financial entities (banks, insurers, investment firms, payment institutions, etc.) and to ICT third-party service providers. DORA is structured around five pillars: ICT risk management, ICT-related incident reporting, digital operational resilience testing, ICT third-party risk management, and information sharing. This Prowler mapping covers the technical controls auditable from cloud configuration; the organisational, contractual and supervisory obligations defined in DORA must be addressed outside of Prowler.";992275841864;us-west-2;2026-08-18 15:47:07.870888;DORA-Art30;Contractual arrangements with ICT third-party service providers shall be set out in writing and include, at minimum, agreed service levels and clear allocation of rights and obligations. Privilege boundaries, least-privilege policies and absence of administrative wildcards are the technical guardrails that enforce these contractual constraints inside AWS.;ICT Third-Party Risk Management;Article 30;Key contractual provisions;PASS;IAM User prowler-readonly does not have AdministratorAccess policy.;arn:aws:iam::992275841864:user/prowler-readonly;prowler-readonly;iam_user_administrator_access_policy;False;DORA;Digital Operational Resilience Act (Regulation (EU) 2022/2554)
aws;"The Digital Operational Resilience Act (DORA) is a European Union regulation (Regulation (EU) 2022/2554) that sets a uniform framework for the digital operational resilience of the EU financial sector. Mandatory since 17 January 2025, it applies to financial entities (banks, insurers, investment firms, payment institutions, etc.) and to ICT third-party service providers. DORA is structured around five pillars: ICT risk management, ICT-related incident reporting, digital operational resilience testing, ICT third-party risk management, and information sharing. This Prowler mapping covers the technical controls auditable from cloud configuration; the organisational, contractual and supervisory obligations defined in DORA must be addressed outside of Prowler.";992275841864;us-west-2;2026-08-18 15:47:07.870888;DORA-Art5;Financial entities shall have a sound, comprehensive and well-documented ICT internal governance and control framework. Senior management is accountable for ICT risk and shall enforce strong identity, authentication and least-privilege policies for privileged identities, including the root account.;ICT Risk Management;Article 5;Governance and organisation;FAIL;User demo-no-mfa-user does not have any type of MFA enabled.;arn:aws:iam::992275841864:user/demo-no-mfa-user;demo-no-mfa-user;iam_user_hardware_mfa_enabled;False;DORA;Digital Operational Resilience Act (Regulation (EU) 2022/2554)
aws;"The Digital Operational Resilience Act (DORA) is a European Union regulation (Regulation (EU) 2022/2554) that sets a uniform framework for the digital operational resilience of the EU financial sector. Mandatory since 17 January 2025, it applies to financial entities (banks, insurers, investment firms, payment institutions, etc.) and to ICT third-party service providers. DORA is structured around five pillars: ICT risk management, ICT-related incident reporting, digital operational resilience testing, ICT third-party risk management, and information sharing. This Prowler mapping covers the technical controls auditable from cloud configuration; the organisational, contractual and supervisory obligations defined in DORA must be addressed outside of Prowler.";992275841864;us-west-2;2026-08-18 15:47:07.870888;DORA-Art5;Financial entities shall have a sound, comprehensive and well-documented ICT internal governance and control framework. Senior management is accountable for ICT risk and shall enforce strong identity, authentication and least-privilege policies for privileged identities, including the root account.;ICT Risk Management;Article 5;Governance and organisation;FAIL;User prowler-readonly does not have any type of MFA enabled.;arn:aws:iam::992275841864:user/prowler-readonly;prowler-readonly;iam_user_hardware_mfa_enabled;False;DORA;Digital Operational Resilience Act (Regulation (EU) 2022/2554)
aws;"The Digital Operational Resilience Act (DORA) is a European Union regulation (Regulation (EU) 2022/2554) that sets a uniform framework for the digital operational resilience of the EU financial sector. Mandatory since 17 January 2025, it applies to financial entities (banks, insurers, investment firms, payment institutions, etc.) and to ICT third-party service providers. DORA is structured around five pillars: ICT risk management, ICT-related incident reporting, digital operational resilience testing, ICT third-party risk management, and information sharing. This Prowler mapping covers the technical controls auditable from cloud configuration; the organisational, contractual and supervisory obligations defined in DORA must be addressed outside of Prowler.";992275841864;us-west-2;2026-08-18 15:47:07.870888;DORA-Art5;Financial entities shall have a sound, comprehensive and well-documented ICT internal governance and control framework. Senior management is accountable for ICT risk and shall enforce strong identity, authentication and least-privilege policies for privileged identities, including the root account.;ICT Risk Management;Article 5;Governance and organisation;PASS;User demo-no-mfa-user does not have Console Password enabled.;arn:aws:iam::992275841864:user/demo-no-mfa-user;demo-no-mfa-user;iam_user_mfa_enabled_console_access;False;DORA;Digital Operational Resilience Act (Regulation (EU) 2022/2554)
aws;"The Digital Operational Resilience Act (DORA) is a European Union regulation (Regulation (EU) 2022/2554) that sets a uniform framework for the digital operational resilience of the EU financial sector. Mandatory since 17 January 2025, it applies to financial entities (banks, insurers, investment firms, payment institutions, etc.) and to ICT third-party service providers. DORA is structured around five pillars: ICT risk management, ICT-related incident reporting, digital operational resilience testing, ICT third-party risk management, and information sharing. This Prowler mapping covers the technical controls auditable from cloud configuration; the organisational, contractual and supervisory obligations defined in DORA must be addressed outside of Prowler.";992275841864;us-west-2;2026-08-18 15:47:07.870888;DORA-Art5;Financial entities shall have a sound, comprehensive and well-documented ICT internal governance and control framework. Senior management is accountable for ICT risk and shall enforce strong identity, authentication and least-privilege policies for privileged identities, including the root account.;ICT Risk Management;Article 5;Governance and organisation;PASS;User prowler-readonly does not have Console Password enabled.;arn:aws:iam::992275841864:user/prowler-readonly;prowler-readonly;iam_user_mfa_enabled_console_access;False;DORA;Digital Operational Resilience Act (Regulation (EU) 2022/2554)
aws;"The Digital Operational Resilience Act (DORA) is a European Union regulation (Regulation (EU) 2022/2554) that sets a uniform framework for the digital operational resilience of the EU financial sector. Mandatory since 17 January 2025, it applies to financial entities (banks, insurers, investment firms, payment institutions, etc.) and to ICT third-party service providers. DORA is structured around five pillars: ICT risk management, ICT-related incident reporting, digital operational resilience testing, ICT third-party risk management, and information sharing. This Prowler mapping covers the technical controls auditable from cloud configuration; the organisational, contractual and supervisory obligations defined in DORA must be addressed outside of Prowler.";992275841864;us-west-2;2026-08-18 15:47:07.870888;DORA-Art10;Financial entities shall have in place mechanisms to promptly detect anomalous activities, including ICT network performance issues and ICT-related incidents, and to identify potential single points of failure. Threat detection across compute, identity, storage and the API control plane is required for timely detection.;ICT Risk Management;Article 10;Detection;FAIL;Inspector2 is not enabled in this account.;arn:aws:inspector2:us-west-2:992275841864:inspector2;Inspector2;inspector2_is_enabled;False;DORA;Digital Operational Resilience Act (Regulation (EU) 2022/2554)
aws;"The Digital Operational Resilience Act (DORA) is a European Union regulation (Regulation (EU) 2022/2554) that sets a uniform framework for the digital operational resilience of the EU financial sector. Mandatory since 17 January 2025, it applies to financial entities (banks, insurers, investment firms, payment institutions, etc.) and to ICT third-party service providers. DORA is structured around five pillars: ICT risk management, ICT-related incident reporting, digital operational resilience testing, ICT third-party risk management, and information sharing. This Prowler mapping covers the technical controls auditable from cloud configuration; the organisational, contractual and supervisory obligations defined in DORA must be addressed outside of Prowler.";992275841864;us-west-2;2026-08-18 15:47:07.870888;DORA-Art24;Financial entities shall establish, maintain and review a sound and comprehensive digital operational resilience testing programme, as an integral part of the ICT risk management framework. Continuous vulnerability discovery, configuration assessment and instance manageability are foundational.;Digital Operational Resilience Testing;Article 24;General requirements for the performance of digital operational resilience testing;FAIL;Inspector2 is not enabled in this account.;arn:aws:inspector2:us-west-2:992275841864:inspector2;Inspector2;inspector2_is_enabled;False;DORA;Digital Operational Resilience Act (Regulation (EU) 2022/2554)
aws;"The Digital Operational Resilience Act (DORA) is a European Union regulation (Regulation (EU) 2022/2554) that sets a uniform framework for the digital operational resilience of the EU financial sector. Mandatory since 17 January 2025, it applies to financial entities (banks, insurers, investment firms, payment institutions, etc.) and to ICT third-party service providers. DORA is structured around five pillars: ICT risk management, ICT-related incident reporting, digital operational resilience testing, ICT third-party risk management, and information sharing. This Prowler mapping covers the technical controls auditable from cloud configuration; the organisational, contractual and supervisory obligations defined in DORA must be addressed outside of Prowler.";992275841864;us-west-2;2026-08-18 15:47:07.870888;DORA-Art25;Financial entities shall ensure that tests are undertaken on ICT tools and systems, on critical ICT systems supporting all critical or important functions, at least yearly. Vulnerability assessments, deprecated component detection and certificate hygiene must be tracked.;Digital Operational Resilience Testing;Article 25;Testing of ICT tools and systems;FAIL;Inspector2 is not enabled in this account.;arn:aws:inspector2:us-west-2:992275841864:inspector2;Inspector2;inspector2_is_enabled;False;DORA;Digital Operational Resilience Act (Regulation (EU) 2022/2554)
aws;"The Digital Operational Resilience Act (DORA) is a European Union regulation (Regulation (EU) 2022/2554) that sets a uniform framework for the digital operational resilience of the EU financial sector. Mandatory since 17 January 2025, it applies to financial entities (banks, insurers, investment firms, payment institutions, etc.) and to ICT third-party service providers. DORA is structured around five pillars: ICT risk management, ICT-related incident reporting, digital operational resilience testing, ICT third-party risk management, and information sharing. This Prowler mapping covers the technical controls auditable from cloud configuration; the organisational, contractual and supervisory obligations defined in DORA must be addressed outside of Prowler.";992275841864;us-west-2;2026-08-18 15:47:07.870888;DORA-Art5;Financial entities shall have a sound, comprehensive and well-documented ICT internal governance and control framework. Senior management is accountable for ICT risk and shall enforce strong identity, authentication and least-privilege policies for privileged identities, including the root account.;ICT Risk Management;Article 5;Governance and organisation;PASS;AWS Organization o-v8ge3sky7w contains this AWS account.;arn:aws:organizations::770708266211:organization/o-v8ge3sky7w;o-v8ge3sky7w;organizations_account_part_of_organizations;False;DORA;Digital Operational Resilience Act (Regulation (EU) 2022/2554)
aws;"The Digital Operational Resilience Act (DORA) is a European Union regulation (Regulation (EU) 2022/2554) that sets a uniform framework for the digital operational resilience of the EU financial sector. Mandatory since 17 January 2025, it applies to financial entities (banks, insurers, investment firms, payment institutions, etc.) and to ICT third-party service providers. DORA is structured around five pillars: ICT risk management, ICT-related incident reporting, digital operational resilience testing, ICT third-party risk management, and information sharing. This Prowler mapping covers the technical controls auditable from cloud configuration; the organisational, contractual and supervisory obligations defined in DORA must be addressed outside of Prowler.";992275841864;us-west-2;2026-08-18 15:47:07.870888;DORA-Art28;Financial entities shall manage ICT third-party risk as an integral component of ICT risk within their ICT risk management framework. Cross-account access, trust boundaries, organization-level controls and dependency visibility are critical to monitor third-party exposure on AWS.;ICT Third-Party Risk Management;Article 28;General principles (ICT third-party risk);PASS;AWS Organization o-v8ge3sky7w contains this AWS account.;arn:aws:organizations::770708266211:organization/o-v8ge3sky7w;o-v8ge3sky7w;organizations_account_part_of_organizations;False;DORA;Digital Operational Resilience Act (Regulation (EU) 2022/2554)
aws;"The Digital Operational Resilience Act (DORA) is a European Union regulation (Regulation (EU) 2022/2554) that sets a uniform framework for the digital operational resilience of the EU financial sector. Mandatory since 17 January 2025, it applies to financial entities (banks, insurers, investment firms, payment institutions, etc.) and to ICT third-party service providers. DORA is structured around five pillars: ICT risk management, ICT-related incident reporting, digital operational resilience testing, ICT third-party risk management, and information sharing. This Prowler mapping covers the technical controls auditable from cloud configuration; the organisational, contractual and supervisory obligations defined in DORA must be addressed outside of Prowler.";992275841864;us-west-2;2026-08-18 15:47:07.870888;DORA-Art9;Financial entities shall continuously monitor and control the security and functioning of ICT systems and tools and minimise the impact of ICT risk by deploying appropriate ICT security tools, policies and procedures. Encryption at rest and in transit, blocking of public exposure, network access controls, secret management and instance hardening are central to this article.;ICT Risk Management;Article 9;Protection and prevention;FAIL;Block Public Access is not configured for the account 992275841864.;arn:aws:s3:us-west-2:992275841864:account;992275841864;s3_account_level_public_access_blocks;False;DORA;Digital Operational Resilience Act (Regulation (EU) 2022/2554)
aws;"The Digital Operational Resilience Act (DORA) is a European Union regulation (Regulation (EU) 2022/2554) that sets a uniform framework for the digital operational resilience of the EU financial sector. Mandatory since 17 January 2025, it applies to financial entities (banks, insurers, investment firms, payment institutions, etc.) and to ICT third-party service providers. DORA is structured around five pillars: ICT risk management, ICT-related incident reporting, digital operational resilience testing, ICT third-party risk management, and information sharing. This Prowler mapping covers the technical controls auditable from cloud configuration; the organisational, contractual and supervisory obligations defined in DORA must be addressed outside of Prowler.";992275841864;us-west-2;2026-08-18 15:47:07.870888;DORA-Art9;Financial entities shall continuously monitor and control the security and functioning of ICT systems and tools and minimise the impact of ICT risk by deploying appropriate ICT security tools, policies and procedures. Encryption at rest and in transit, blocking of public exposure, network access controls, secret management and instance hardening are central to this article.;ICT Risk Management;Article 9;Protection and prevention;PASS;S3 Bucket eg-prowler-demo-intentionally-vulnerable has bucket ACLs disabled.;arn:aws:s3:::eg-prowler-demo-intentionally-vulnerable;eg-prowler-demo-intentionally-vulnerable;s3_bucket_acl_prohibited;False;DORA;Digital Operational Resilience Act (Regulation (EU) 2022/2554)
aws;"The Digital Operational Resilience Act (DORA) is a European Union regulation (Regulation (EU) 2022/2554) that sets a uniform framework for the digital operational resilience of the EU financial sector. Mandatory since 17 January 2025, it applies to financial entities (banks, insurers, investment firms, payment institutions, etc.) and to ICT third-party service providers. DORA is structured around five pillars: ICT risk management, ICT-related incident reporting, digital operational resilience testing, ICT third-party risk management, and information sharing. This Prowler mapping covers the technical controls auditable from cloud configuration; the organisational, contractual and supervisory obligations defined in DORA must be addressed outside of Prowler.";992275841864;us-west-2;2026-08-18 15:47:07.870888;DORA-Art28;Financial entities shall manage ICT third-party risk as an integral component of ICT risk within their ICT risk management framework. Cross-account access, trust boundaries, organization-level controls and dependency visibility are critical to monitor third-party exposure on AWS.;ICT Third-Party Risk Management;Article 28;General principles (ICT third-party risk);PASS;S3 Bucket eg-prowler-demo-intentionally-vulnerable does not have a bucket policy.;arn:aws:s3:::eg-prowler-demo-intentionally-vulnerable;eg-prowler-demo-intentionally-vulnerable;s3_bucket_cross_account_access;False;DORA;Digital Operational Resilience Act (Regulation (EU) 2022/2554)
aws;"The Digital Operational Resilience Act (DORA) is a European Union regulation (Regulation (EU) 2022/2554) that sets a uniform framework for the digital operational resilience of the EU financial sector. Mandatory since 17 January 2025, it applies to financial entities (banks, insurers, investment firms, payment institutions, etc.) and to ICT third-party service providers. DORA is structured around five pillars: ICT risk management, ICT-related incident reporting, digital operational resilience testing, ICT third-party risk management, and information sharing. This Prowler mapping covers the technical controls auditable from cloud configuration; the organisational, contractual and supervisory obligations defined in DORA must be addressed outside of Prowler.";992275841864;us-west-2;2026-08-18 15:47:07.870888;DORA-Art12;Financial entities shall develop and document backup policies and procedures specifying the scope of data subject to backup and the minimum frequency of the backup, as well as restoration and recovery procedures and methods. Backups must be encrypted, retained, and resources must be designed for recoverability across availability zones and regions.;ICT Risk Management;Article 12;Backup policies and procedures, restoration and recovery procedures and methods;FAIL;S3 Bucket eg-prowler-demo-intentionally-vulnerable does not have correct cross region replication configuration.;arn:aws:s3:::eg-prowler-demo-intentionally-vulnerable;eg-prowler-demo-intentionally-vulnerable;s3_bucket_cross_region_replication;False;DORA;Digital Operational Resilience Act (Regulation (EU) 2022/2554)
aws;"The Digital Operational Resilience Act (DORA) is a European Union regulation (Regulation (EU) 2022/2554) that sets a uniform framework for the digital operational resilience of the EU financial sector. Mandatory since 17 January 2025, it applies to financial entities (banks, insurers, investment firms, payment institutions, etc.) and to ICT third-party service providers. DORA is structured around five pillars: ICT risk management, ICT-related incident reporting, digital operational resilience testing, ICT third-party risk management, and information sharing. This Prowler mapping covers the technical controls auditable from cloud configuration; the organisational, contractual and supervisory obligations defined in DORA must be addressed outside of Prowler.";992275841864;us-west-2;2026-08-18 15:47:07.870888;DORA-Art7;Financial entities shall use and maintain updated ICT systems, protocols and tools that are appropriate to the magnitude of operations supporting ICT functions, technologically resilient, and adequately equipped to securely process data. Cryptographic primitives, certificate hygiene and network segmentation are core to this requirement.;ICT Risk Management;Article 7;ICT systems, protocols and tools;PASS;S3 Bucket eg-prowler-demo-intentionally-vulnerable has Server Side Encryption with AES256.;arn:aws:s3:::eg-prowler-demo-intentionally-vulnerable;eg-prowler-demo-intentionally-vulnerable;s3_bucket_default_encryption;False;DORA;Digital Operational Resilience Act (Regulation (EU) 2022/2554)
aws;"The Digital Operational Resilience Act (DORA) is a European Union regulation (Regulation (EU) 2022/2554) that sets a uniform framework for the digital operational resilience of the EU financial sector. Mandatory since 17 January 2025, it applies to financial entities (banks, insurers, investment firms, payment institutions, etc.) and to ICT third-party service providers. DORA is structured around five pillars: ICT risk management, ICT-related incident reporting, digital operational resilience testing, ICT third-party risk management, and information sharing. This Prowler mapping covers the technical controls auditable from cloud configuration; the organisational, contractual and supervisory obligations defined in DORA must be addressed outside of Prowler.";992275841864;us-west-2;2026-08-18 15:47:07.870888;DORA-Art7;Financial entities shall use and maintain updated ICT systems, protocols and tools that are appropriate to the magnitude of operations supporting ICT functions, technologically resilient, and adequately equipped to securely process data. Cryptographic primitives, certificate hygiene and network segmentation are core to this requirement.;ICT Risk Management;Article 7;ICT systems, protocols and tools;FAIL;Server Side Encryption is not configured with kms for S3 Bucket eg-prowler-demo-intentionally-vulnerable.;arn:aws:s3:::eg-prowler-demo-intentionally-vulnerable;eg-prowler-demo-intentionally-vulnerable;s3_bucket_kms_encryption;False;DORA;Digital Operational Resilience Act (Regulation (EU) 2022/2554)
aws;"The Digital Operational Resilience Act (DORA) is a European Union regulation (Regulation (EU) 2022/2554) that sets a uniform framework for the digital operational resilience of the EU financial sector. Mandatory since 17 January 2025, it applies to financial entities (banks, insurers, investment firms, payment institutions, etc.) and to ICT third-party service providers. DORA is structured around five pillars: ICT risk management, ICT-related incident reporting, digital operational resilience testing, ICT third-party risk management, and information sharing. This Prowler mapping covers the technical controls auditable from cloud configuration; the organisational, contractual and supervisory obligations defined in DORA must be addressed outside of Prowler.";992275841864;us-west-2;2026-08-18 15:47:07.870888;DORA-Art9;Financial entities shall continuously monitor and control the security and functioning of ICT systems and tools and minimise the impact of ICT risk by deploying appropriate ICT security tools, policies and procedures. Encryption at rest and in transit, blocking of public exposure, network access controls, secret management and instance hardening are central to this article.;ICT Risk Management;Article 9;Protection and prevention;PASS;Block Public Access is configured for the S3 Bucket eg-prowler-demo-intentionally-vulnerable.;arn:aws:s3:::eg-prowler-demo-intentionally-vulnerable;eg-prowler-demo-intentionally-vulnerable;s3_bucket_level_public_access_block;False;DORA;Digital Operational Resilience Act (Regulation (EU) 2022/2554)
aws;"The Digital Operational Resilience Act (DORA) is a European Union regulation (Regulation (EU) 2022/2554) that sets a uniform framework for the digital operational resilience of the EU financial sector. Mandatory since 17 January 2025, it applies to financial entities (banks, insurers, investment firms, payment institutions, etc.) and to ICT third-party service providers. DORA is structured around five pillars: ICT risk management, ICT-related incident reporting, digital operational resilience testing, ICT third-party risk management, and information sharing. This Prowler mapping covers the technical controls auditable from cloud configuration; the organisational, contractual and supervisory obligations defined in DORA must be addressed outside of Prowler.";992275841864;us-west-2;2026-08-18 15:47:07.870888;DORA-Art12;Financial entities shall develop and document backup policies and procedures specifying the scope of data subject to backup and the minimum frequency of the backup, as well as restoration and recovery procedures and methods. Backups must be encrypted, retained, and resources must be designed for recoverability across availability zones and regions.;ICT Risk Management;Article 12;Backup policies and procedures, restoration and recovery procedures and methods;FAIL;S3 Bucket eg-prowler-demo-intentionally-vulnerable has MFA Delete disabled.;arn:aws:s3:::eg-prowler-demo-intentionally-vulnerable;eg-prowler-demo-intentionally-vulnerable;s3_bucket_no_mfa_delete;False;DORA;Digital Operational Resilience Act (Regulation (EU) 2022/2554)
aws;"The Digital Operational Resilience Act (DORA) is a European Union regulation (Regulation (EU) 2022/2554) that sets a uniform framework for the digital operational resilience of the EU financial sector. Mandatory since 17 January 2025, it applies to financial entities (banks, insurers, investment firms, payment institutions, etc.) and to ICT third-party service providers. DORA is structured around five pillars: ICT risk management, ICT-related incident reporting, digital operational resilience testing, ICT third-party risk management, and information sharing. This Prowler mapping covers the technical controls auditable from cloud configuration; the organisational, contractual and supervisory obligations defined in DORA must be addressed outside of Prowler.";992275841864;us-west-2;2026-08-18 15:47:07.870888;DORA-Art12;Financial entities shall develop and document backup policies and procedures specifying the scope of data subject to backup and the minimum frequency of the backup, as well as restoration and recovery procedures and methods. Backups must be encrypted, retained, and resources must be designed for recoverability across availability zones and regions.;ICT Risk Management;Article 12;Backup policies and procedures, restoration and recovery procedures and methods;FAIL;S3 Bucket eg-prowler-demo-intentionally-vulnerable has Object Lock disabled.;arn:aws:s3:::eg-prowler-demo-intentionally-vulnerable;eg-prowler-demo-intentionally-vulnerable;s3_bucket_object_lock;False;DORA;Digital Operational Resilience Act (Regulation (EU) 2022/2554)
aws;"The Digital Operational Resilience Act (DORA) is a European Union regulation (Regulation (EU) 2022/2554) that sets a uniform framework for the digital operational resilience of the EU financial sector. Mandatory since 17 January 2025, it applies to financial entities (banks, insurers, investment firms, payment institutions, etc.) and to ICT third-party service providers. DORA is structured around five pillars: ICT risk management, ICT-related incident reporting, digital operational resilience testing, ICT third-party risk management, and information sharing. This Prowler mapping covers the technical controls auditable from cloud configuration; the organisational, contractual and supervisory obligations defined in DORA must be addressed outside of Prowler.";992275841864;us-west-2;2026-08-18 15:47:07.870888;DORA-Art12;Financial entities shall develop and document backup policies and procedures specifying the scope of data subject to backup and the minimum frequency of the backup, as well as restoration and recovery procedures and methods. Backups must be encrypted, retained, and resources must be designed for recoverability across availability zones and regions.;ICT Risk Management;Article 12;Backup policies and procedures, restoration and recovery procedures and methods;FAIL;S3 Bucket eg-prowler-demo-intentionally-vulnerable has versioning disabled.;arn:aws:s3:::eg-prowler-demo-intentionally-vulnerable;eg-prowler-demo-intentionally-vulnerable;s3_bucket_object_versioning;False;DORA;Digital Operational Resilience Act (Regulation (EU) 2022/2554)
aws;"The Digital Operational Resilience Act (DORA) is a European Union regulation (Regulation (EU) 2022/2554) that sets a uniform framework for the digital operational resilience of the EU financial sector. Mandatory since 17 January 2025, it applies to financial entities (banks, insurers, investment firms, payment institutions, etc.) and to ICT third-party service providers. DORA is structured around five pillars: ICT risk management, ICT-related incident reporting, digital operational resilience testing, ICT third-party risk management, and information sharing. This Prowler mapping covers the technical controls auditable from cloud configuration; the organisational, contractual and supervisory obligations defined in DORA must be addressed outside of Prowler.";992275841864;us-west-2;2026-08-18 15:47:07.870888;DORA-Art9;Financial entities shall continuously monitor and control the security and functioning of ICT systems and tools and minimise the impact of ICT risk by deploying appropriate ICT security tools, policies and procedures. Encryption at rest and in transit, blocking of public exposure, network access controls, secret management and instance hardening are central to this article.;ICT Risk Management;Article 9;Protection and prevention;PASS;S3 Bucket eg-prowler-demo-intentionally-vulnerable does not have a bucket policy.;arn:aws:s3:::eg-prowler-demo-intentionally-vulnerable;eg-prowler-demo-intentionally-vulnerable;s3_bucket_policy_public_write_access;False;DORA;Digital Operational Resilience Act (Regulation (EU) 2022/2554)
aws;"The Digital Operational Resilience Act (DORA) is a European Union regulation (Regulation (EU) 2022/2554) that sets a uniform framework for the digital operational resilience of the EU financial sector. Mandatory since 17 January 2025, it applies to financial entities (banks, insurers, investment firms, payment institutions, etc.) and to ICT third-party service providers. DORA is structured around five pillars: ICT risk management, ICT-related incident reporting, digital operational resilience testing, ICT third-party risk management, and information sharing. This Prowler mapping covers the technical controls auditable from cloud configuration; the organisational, contractual and supervisory obligations defined in DORA must be addressed outside of Prowler.";992275841864;us-west-2;2026-08-18 15:47:07.870888;DORA-Art9;Financial entities shall continuously monitor and control the security and functioning of ICT systems and tools and minimise the impact of ICT risk by deploying appropriate ICT security tools, policies and procedures. Encryption at rest and in transit, blocking of public exposure, network access controls, secret management and instance hardening are central to this article.;ICT Risk Management;Article 9;Protection and prevention;PASS;S3 Bucket eg-prowler-demo-intentionally-vulnerable is not public.;arn:aws:s3:::eg-prowler-demo-intentionally-vulnerable;eg-prowler-demo-intentionally-vulnerable;s3_bucket_public_access;False;DORA;Digital Operational Resilience Act (Regulation (EU) 2022/2554)
aws;"The Digital Operational Resilience Act (DORA) is a European Union regulation (Regulation (EU) 2022/2554) that sets a uniform framework for the digital operational resilience of the EU financial sector. Mandatory since 17 January 2025, it applies to financial entities (banks, insurers, investment firms, payment institutions, etc.) and to ICT third-party service providers. DORA is structured around five pillars: ICT risk management, ICT-related incident reporting, digital operational resilience testing, ICT third-party risk management, and information sharing. This Prowler mapping covers the technical controls auditable from cloud configuration; the organisational, contractual and supervisory obligations defined in DORA must be addressed outside of Prowler.";992275841864;us-west-2;2026-08-18 15:47:07.870888;DORA-Art9;Financial entities shall continuously monitor and control the security and functioning of ICT systems and tools and minimise the impact of ICT risk by deploying appropriate ICT security tools, policies and procedures. Encryption at rest and in transit, blocking of public exposure, network access controls, secret management and instance hardening are central to this article.;ICT Risk Management;Article 9;Protection and prevention;PASS;S3 Bucket eg-prowler-demo-intentionally-vulnerable is not publicly listable.;arn:aws:s3:::eg-prowler-demo-intentionally-vulnerable;eg-prowler-demo-intentionally-vulnerable;s3_bucket_public_list_acl;False;DORA;Digital Operational Resilience Act (Regulation (EU) 2022/2554)
aws;"The Digital Operational Resilience Act (DORA) is a European Union regulation (Regulation (EU) 2022/2554) that sets a uniform framework for the digital operational resilience of the EU financial sector. Mandatory since 17 January 2025, it applies to financial entities (banks, insurers, investment firms, payment institutions, etc.) and to ICT third-party service providers. DORA is structured around five pillars: ICT risk management, ICT-related incident reporting, digital operational resilience testing, ICT third-party risk management, and information sharing. This Prowler mapping covers the technical controls auditable from cloud configuration; the organisational, contractual and supervisory obligations defined in DORA must be addressed outside of Prowler.";992275841864;us-west-2;2026-08-18 15:47:07.870888;DORA-Art9;Financial entities shall continuously monitor and control the security and functioning of ICT systems and tools and minimise the impact of ICT risk by deploying appropriate ICT security tools, policies and procedures. Encryption at rest and in transit, blocking of public exposure, network access controls, secret management and instance hardening are central to this article.;ICT Risk Management;Article 9;Protection and prevention;PASS;S3 Bucket eg-prowler-demo-intentionally-vulnerable is not publicly writable.;arn:aws:s3:::eg-prowler-demo-intentionally-vulnerable;eg-prowler-demo-intentionally-vulnerable;s3_bucket_public_write_acl;False;DORA;Digital Operational Resilience Act (Regulation (EU) 2022/2554)
aws;"The Digital Operational Resilience Act (DORA) is a European Union regulation (Regulation (EU) 2022/2554) that sets a uniform framework for the digital operational resilience of the EU financial sector. Mandatory since 17 January 2025, it applies to financial entities (banks, insurers, investment firms, payment institutions, etc.) and to ICT third-party service providers. DORA is structured around five pillars: ICT risk management, ICT-related incident reporting, digital operational resilience testing, ICT third-party risk management, and information sharing. This Prowler mapping covers the technical controls auditable from cloud configuration; the organisational, contractual and supervisory obligations defined in DORA must be addressed outside of Prowler.";992275841864;us-west-2;2026-08-18 15:47:07.870888;DORA-Art7;Financial entities shall use and maintain updated ICT systems, protocols and tools that are appropriate to the magnitude of operations supporting ICT functions, technologically resilient, and adequately equipped to securely process data. Cryptographic primitives, certificate hygiene and network segmentation are core to this requirement.;ICT Risk Management;Article 7;ICT systems, protocols and tools;FAIL;S3 Bucket eg-prowler-demo-intentionally-vulnerable does not have a bucket policy, thus it allows HTTP requests.;arn:aws:s3:::eg-prowler-demo-intentionally-vulnerable;eg-prowler-demo-intentionally-vulnerable;s3_bucket_secure_transport_policy;False;DORA;Digital Operational Resilience Act (Regulation (EU) 2022/2554)
aws;"The Digital Operational Resilience Act (DORA) is a European Union regulation (Regulation (EU) 2022/2554) that sets a uniform framework for the digital operational resilience of the EU financial sector. Mandatory since 17 January 2025, it applies to financial entities (banks, insurers, investment firms, payment institutions, etc.) and to ICT third-party service providers. DORA is structured around five pillars: ICT risk management, ICT-related incident reporting, digital operational resilience testing, ICT third-party risk management, and information sharing. This Prowler mapping covers the technical controls auditable from cloud configuration; the organisational, contractual and supervisory obligations defined in DORA must be addressed outside of Prowler.";992275841864;us-west-2;2026-08-18 15:47:07.870888;DORA-Art17;Financial entities shall define, establish and implement an ICT-related incident management process to detect, manage and notify ICT-related incidents. Comprehensive trail logging, log integrity protection, retention and centralisation of ICT events are foundational requirements.;ICT-Related Incident Reporting;Article 17;ICT-related incident management process;FAIL;S3 Bucket eg-prowler-demo-intentionally-vulnerable has server access logging disabled.;arn:aws:s3:::eg-prowler-demo-intentionally-vulnerable;eg-prowler-demo-intentionally-vulnerable;s3_bucket_server_access_logging_enabled;False;DORA;Digital Operational Resilience Act (Regulation (EU) 2022/2554)
aws;"The Digital Operational Resilience Act (DORA) is a European Union regulation (Regulation (EU) 2022/2554) that sets a uniform framework for the digital operational resilience of the EU financial sector. Mandatory since 17 January 2025, it applies to financial entities (banks, insurers, investment firms, payment institutions, etc.) and to ICT third-party service providers. DORA is structured around five pillars: ICT risk management, ICT-related incident reporting, digital operational resilience testing, ICT third-party risk management, and information sharing. This Prowler mapping covers the technical controls auditable from cloud configuration; the organisational, contractual and supervisory obligations defined in DORA must be addressed outside of Prowler.";992275841864;us-west-2;2026-08-18 15:47:07.870888;DORA-Art6;Financial entities shall have an ICT risk management framework that is sound, comprehensive and well-documented, enabling them to address ICT risk quickly, efficiently and comprehensively and to ensure a high level of digital operational resilience. This includes continuous configuration recording, security findings aggregation and an enterprise-wide visibility plane.;ICT Risk Management;Article 6;ICT risk management framework;FAIL;Security Hub is not enabled.;arn:aws:securityhub:us-west-2:992275841864:hub/unknown;hub/unknown;securityhub_enabled;False;DORA;Digital Operational Resilience Act (Regulation (EU) 2022/2554)
aws;"The Digital Operational Resilience Act (DORA) is a European Union regulation (Regulation (EU) 2022/2554) that sets a uniform framework for the digital operational resilience of the EU financial sector. Mandatory since 17 January 2025, it applies to financial entities (banks, insurers, investment firms, payment institutions, etc.) and to ICT third-party service providers. DORA is structured around five pillars: ICT risk management, ICT-related incident reporting, digital operational resilience testing, ICT third-party risk management, and information sharing. This Prowler mapping covers the technical controls auditable from cloud configuration; the organisational, contractual and supervisory obligations defined in DORA must be addressed outside of Prowler.";992275841864;us-west-2;2026-08-18 15:47:07.870888;DORA-Art10;Financial entities shall have in place mechanisms to promptly detect anomalous activities, including ICT network performance issues and ICT-related incidents, and to identify potential single points of failure. Threat detection across compute, identity, storage and the API control plane is required for timely detection.;ICT Risk Management;Article 10;Detection;FAIL;Security Hub is not enabled.;arn:aws:securityhub:us-west-2:992275841864:hub/unknown;hub/unknown;securityhub_enabled;False;DORA;Digital Operational Resilience Act (Regulation (EU) 2022/2554)
aws;"The Digital Operational Resilience Act (DORA) is a European Union regulation (Regulation (EU) 2022/2554) that sets a uniform framework for the digital operational resilience of the EU financial sector. Mandatory since 17 January 2025, it applies to financial entities (banks, insurers, investment firms, payment institutions, etc.) and to ICT third-party service providers. DORA is structured around five pillars: ICT risk management, ICT-related incident reporting, digital operational resilience testing, ICT third-party risk management, and information sharing. This Prowler mapping covers the technical controls auditable from cloud configuration; the organisational, contractual and supervisory obligations defined in DORA must be addressed outside of Prowler.";992275841864;us-west-2;2026-08-18 15:47:07.870888;DORA-Art13;Financial entities shall have in place capabilities and staff to gather information on vulnerabilities and cyber threats, perform post ICT-related incident reviews, and continuously feed lessons learnt back into the ICT risk assessment process. Findings aggregation and continuous insights drive this cycle.;ICT Risk Management;Article 13;Learning and evolving;FAIL;Security Hub is not enabled.;arn:aws:securityhub:us-west-2:992275841864:hub/unknown;hub/unknown;securityhub_enabled;False;DORA;Digital Operational Resilience Act (Regulation (EU) 2022/2554)
aws;"The Digital Operational Resilience Act (DORA) is a European Union regulation (Regulation (EU) 2022/2554) that sets a uniform framework for the digital operational resilience of the EU financial sector. Mandatory since 17 January 2025, it applies to financial entities (banks, insurers, investment firms, payment institutions, etc.) and to ICT third-party service providers. DORA is structured around five pillars: ICT risk management, ICT-related incident reporting, digital operational resilience testing, ICT third-party risk management, and information sharing. This Prowler mapping covers the technical controls auditable from cloud configuration; the organisational, contractual and supervisory obligations defined in DORA must be addressed outside of Prowler.";992275841864;us-west-2;2026-08-18 15:47:07.870888;DORA-Art18;Financial entities shall classify ICT-related incidents and shall determine their impact based on criteria such as the number of clients affected, duration, geographical spread, data losses, and criticality of the services affected. Severity-aware threat detection across the estate underpins this classification.;ICT-Related Incident Reporting;Article 18;Classification of ICT-related incidents and cyber threats;FAIL;Security Hub is not enabled.;arn:aws:securityhub:us-west-2:992275841864:hub/unknown;hub/unknown;securityhub_enabled;False;DORA;Digital Operational Resilience Act (Regulation (EU) 2022/2554)
aws;"The Digital Operational Resilience Act (DORA) is a European Union regulation (Regulation (EU) 2022/2554) that sets a uniform framework for the digital operational resilience of the EU financial sector. Mandatory since 17 January 2025, it applies to financial entities (banks, insurers, investment firms, payment institutions, etc.) and to ICT third-party service providers. DORA is structured around five pillars: ICT risk management, ICT-related incident reporting, digital operational resilience testing, ICT third-party risk management, and information sharing. This Prowler mapping covers the technical controls auditable from cloud configuration; the organisational, contractual and supervisory obligations defined in DORA must be addressed outside of Prowler.";992275841864;us-west-2;2026-08-18 15:47:07.870888;DORA-Art24;Financial entities shall establish, maintain and review a sound and comprehensive digital operational resilience testing programme, as an integral part of the ICT risk management framework. Continuous vulnerability discovery, configuration assessment and instance manageability are foundational.;Digital Operational Resilience Testing;Article 24;General requirements for the performance of digital operational resilience testing;FAIL;Security Hub is not enabled.;arn:aws:securityhub:us-west-2:992275841864:hub/unknown;hub/unknown;securityhub_enabled;False;DORA;Digital Operational Resilience Act (Regulation (EU) 2022/2554)
aws;"The Digital Operational Resilience Act (DORA) is a European Union regulation (Regulation (EU) 2022/2554) that sets a uniform framework for the digital operational resilience of the EU financial sector. Mandatory since 17 January 2025, it applies to financial entities (banks, insurers, investment firms, payment institutions, etc.) and to ICT third-party service providers. DORA is structured around five pillars: ICT risk management, ICT-related incident reporting, digital operational resilience testing, ICT third-party risk management, and information sharing. This Prowler mapping covers the technical controls auditable from cloud configuration; the organisational, contractual and supervisory obligations defined in DORA must be addressed outside of Prowler.";992275841864;us-west-2;2026-08-18 15:47:07.870888;DORA-Art45;Financial entities may exchange amongst themselves cyber threat information and intelligence, including indicators of compromise, tactics, techniques and procedures, cyber security alerts and configuration tools. Centralised threat detection, sensitive data discovery and trail-based intelligence enable participation in such information-sharing arrangements.;Information Sharing;Article 45;Information-sharing arrangements on cyber threat information and intelligence;FAIL;Security Hub is not enabled.;arn:aws:securityhub:us-west-2:992275841864:hub/unknown;hub/unknown;securityhub_enabled;False;DORA;Digital Operational Resilience Act (Regulation (EU) 2022/2554)
aws;"The Digital Operational Resilience Act (DORA) is a European Union regulation (Regulation (EU) 2022/2554) that sets a uniform framework for the digital operational resilience of the EU financial sector. Mandatory since 17 January 2025, it applies to financial entities (banks, insurers, investment firms, payment institutions, etc.) and to ICT third-party service providers. DORA is structured around five pillars: ICT risk management, ICT-related incident reporting, digital operational resilience testing, ICT third-party risk management, and information sharing. This Prowler mapping covers the technical controls auditable from cloud configuration; the organisational, contractual and supervisory obligations defined in DORA must be addressed outside of Prowler.";992275841864;us-west-2;2026-08-18 15:47:07.870888;DORA-Art17;Financial entities shall define, establish and implement an ICT-related incident management process to detect, manage and notify ICT-related incidents. Comprehensive trail logging, log integrity protection, retention and centralisation of ICT events are foundational requirements.;ICT-Related Incident Reporting;Article 17;ICT-related incident management process;FAIL;VPC vpc-0866e7410e62ffd29 Flow logs are disabled.;arn:aws:ec2:us-west-2:992275841864:vpc/vpc-0866e7410e62ffd29;vpc-0866e7410e62ffd29;vpc_flow_logs_enabled;False;DORA;Digital Operational Resilience Act (Regulation (EU) 2022/2554)
aws;"The Digital Operational Resilience Act (DORA) is a European Union regulation (Regulation (EU) 2022/2554) that sets a uniform framework for the digital operational resilience of the EU financial sector. Mandatory since 17 January 2025, it applies to financial entities (banks, insurers, investment firms, payment institutions, etc.) and to ICT third-party service providers. DORA is structured around five pillars: ICT risk management, ICT-related incident reporting, digital operational resilience testing, ICT third-party risk management, and information sharing. This Prowler mapping covers the technical controls auditable from cloud configuration; the organisational, contractual and supervisory obligations defined in DORA must be addressed outside of Prowler.";992275841864;us-west-2;2026-08-18 15:47:07.870888;DORA-Art7;Financial entities shall use and maintain updated ICT systems, protocols and tools that are appropriate to the magnitude of operations supporting ICT functions, technologically resilient, and adequately equipped to securely process data. Cryptographic primitives, certificate hygiene and network segmentation are core to this requirement.;ICT Risk Management;Article 7;ICT systems, protocols and tools;FAIL;VPC subnet subnet-0e168d7c3f42445c9 assigns public IP by default.;arn:aws:ec2:us-west-2:992275841864:subnet/subnet-0e168d7c3f42445c9;subnet-0e168d7c3f42445c9;vpc_subnet_no_public_ip_by_default;False;DORA;Digital Operational Resilience Act (Regulation (EU) 2022/2554)
aws;"The Digital Operational Resilience Act (DORA) is a European Union regulation (Regulation (EU) 2022/2554) that sets a uniform framework for the digital operational resilience of the EU financial sector. Mandatory since 17 January 2025, it applies to financial entities (banks, insurers, investment firms, payment institutions, etc.) and to ICT third-party service providers. DORA is structured around five pillars: ICT risk management, ICT-related incident reporting, digital operational resilience testing, ICT third-party risk management, and information sharing. This Prowler mapping covers the technical controls auditable from cloud configuration; the organisational, contractual and supervisory obligations defined in DORA must be addressed outside of Prowler.";992275841864;us-west-2;2026-08-18 15:47:07.870888;DORA-Art7;Financial entities shall use and maintain updated ICT systems, protocols and tools that are appropriate to the magnitude of operations supporting ICT functions, technologically resilient, and adequately equipped to securely process data. Cryptographic primitives, certificate hygiene and network segmentation are core to this requirement.;ICT Risk Management;Article 7;ICT systems, protocols and tools;FAIL;VPC vpc-0866e7410e62ffd29 has only public subnets.;arn:aws:ec2:us-west-2:992275841864:vpc/vpc-0866e7410e62ffd29;vpc-0866e7410e62ffd29;vpc_subnet_separate_private_public;False;DORA;Digital Operational Resilience Act (Regulation (EU) 2022/2554)
