PROVIDER;DESCRIPTION;ACCOUNTID;REGION;ASSESSMENTDATE;REQUIREMENTS_ID;REQUIREMENTS_DESCRIPTION;REQUIREMENTS_ATTRIBUTES_SECTION;REQUIREMENTS_ATTRIBUTES_SUBSECTION;REQUIREMENTS_ATTRIBUTES_SUBGROUP;REQUIREMENTS_ATTRIBUTES_SERVICE;REQUIREMENTS_ATTRIBUTES_TYPE;STATUS;STATUSEXTENDED;RESOURCEID;CHECKID;MUTED;RESOURCENAME;FRAMEWORK;NAME;REQUIREMENTS_ATTRIBUTES_COMMENT
aws;In light of the increasing volume and sophistication of cyber threats, the Federal Financial Institutions Examination Council (FFIEC) developed the Cybersecurity Assessment Tool (Assessment), on behalf of its members, to help institutions identify their risks and determine their cybersecurity maturity.;992275841864;us-west-2;2026-08-18 15:47:07.870888;d3-pc-im-b-1;Network perimeter defense tools (e.g., border router and firewall) are used.;Cybersecurity Controls (Domain 3);Preventative Controls (PC);;aws;;PASS;Lambda function auto-shutdown-untagged-instances has a resource-based policy without public access.;arn:aws:lambda:us-west-2:992275841864:function:auto-shutdown-untagged-instances;awslambda_function_not_publicly_accessible;False;auto-shutdown-untagged-instances;FFIEC;FFIEC Cybersecurity Assessment Tool framework;
aws;In light of the increasing volume and sophistication of cyber threats, the Federal Financial Institutions Examination Council (FFIEC) developed the Cybersecurity Assessment Tool (Assessment), on behalf of its members, to help institutions identify their risks and determine their cybersecurity maturity.;992275841864;us-west-2;2026-08-18 15:47:07.870888;d2-ma-ma-b-2;Computer event logs are used for investigations once an event has occurred.;Threat Intelligence and Collaboration (Domain 2);Monitoring and Analyzing (MA);;aws;;FAIL;No CloudTrail trails are configured to log Amazon Bedrock API calls.;arn:aws:cloudtrail:us-west-2:992275841864:trail;cloudtrail_bedrock_logging_enabled;False;992275841864;FFIEC;FFIEC Cybersecurity Assessment Tool framework;
aws;In light of the increasing volume and sophistication of cyber threats, the Federal Financial Institutions Examination Council (FFIEC) developed the Cybersecurity Assessment Tool (Assessment), on behalf of its members, to help institutions identify their risks and determine their cybersecurity maturity.;992275841864;ap-northeast-1;2026-08-18 15:47:07.870888;d2-ma-ma-b-1;Information security threats are gathered and shared with applicable internal employees.;Threat Intelligence and Collaboration (Domain 2);Monitoring and Analyzing (MA);;aws;;FAIL;No CloudTrail trails enabled with logging were found.;arn:aws:cloudtrail:ap-northeast-1:992275841864:trail;cloudtrail_multi_region_enabled;False;992275841864;FFIEC;FFIEC Cybersecurity Assessment Tool framework;
aws;In light of the increasing volume and sophistication of cyber threats, the Federal Financial Institutions Examination Council (FFIEC) developed the Cybersecurity Assessment Tool (Assessment), on behalf of its members, to help institutions identify their risks and determine their cybersecurity maturity.;992275841864;ap-northeast-1;2026-08-18 15:47:07.870888;d2-ma-ma-b-2;Computer event logs are used for investigations once an event has occurred.;Threat Intelligence and Collaboration (Domain 2);Monitoring and Analyzing (MA);;aws;;FAIL;No CloudTrail trails enabled with logging were found.;arn:aws:cloudtrail:ap-northeast-1:992275841864:trail;cloudtrail_multi_region_enabled;False;992275841864;FFIEC;FFIEC Cybersecurity Assessment Tool framework;
aws;In light of the increasing volume and sophistication of cyber threats, the Federal Financial Institutions Examination Council (FFIEC) developed the Cybersecurity Assessment Tool (Assessment), on behalf of its members, to help institutions identify their risks and determine their cybersecurity maturity.;992275841864;ap-northeast-1;2026-08-18 15:47:07.870888;d3-dc-an-b-3;Logs of physical and/or logical access are reviewed following events.;Cybersecurity Controls (Domain 3);Detective Controls (DC);;aws;;FAIL;No CloudTrail trails enabled with logging were found.;arn:aws:cloudtrail:ap-northeast-1:992275841864:trail;cloudtrail_multi_region_enabled;False;992275841864;FFIEC;FFIEC Cybersecurity Assessment Tool framework;
aws;In light of the increasing volume and sophistication of cyber threats, the Federal Financial Institutions Examination Council (FFIEC) developed the Cybersecurity Assessment Tool (Assessment), on behalf of its members, to help institutions identify their risks and determine their cybersecurity maturity.;992275841864;ap-northeast-1;2026-08-18 15:47:07.870888;d3-dc-an-b-4;Access to critical systems by third parties is monitored for unauthorized or unusual activity.;Cybersecurity Controls (Domain 3);Detective Controls (DC);;aws;;FAIL;No CloudTrail trails enabled with logging were found.;arn:aws:cloudtrail:ap-northeast-1:992275841864:trail;cloudtrail_multi_region_enabled;False;992275841864;FFIEC;FFIEC Cybersecurity Assessment Tool framework;
aws;In light of the increasing volume and sophistication of cyber threats, the Federal Financial Institutions Examination Council (FFIEC) developed the Cybersecurity Assessment Tool (Assessment), on behalf of its members, to help institutions identify their risks and determine their cybersecurity maturity.;992275841864;ap-northeast-1;2026-08-18 15:47:07.870888;d3-dc-an-b-5;Elevated privileges are monitored.;Cybersecurity Controls (Domain 3);Detective Controls (DC);;aws;;FAIL;No CloudTrail trails enabled with logging were found.;arn:aws:cloudtrail:ap-northeast-1:992275841864:trail;cloudtrail_multi_region_enabled;False;992275841864;FFIEC;FFIEC Cybersecurity Assessment Tool framework;
aws;In light of the increasing volume and sophistication of cyber threats, the Federal Financial Institutions Examination Council (FFIEC) developed the Cybersecurity Assessment Tool (Assessment), on behalf of its members, to help institutions identify their risks and determine their cybersecurity maturity.;992275841864;ap-northeast-1;2026-08-18 15:47:07.870888;d3-dc-ev-b-1;A normal network activity baseline is established.;Cybersecurity Controls (Domain 3);Detective Controls (DC);;aws;;FAIL;No CloudTrail trails enabled with logging were found.;arn:aws:cloudtrail:ap-northeast-1:992275841864:trail;cloudtrail_multi_region_enabled;False;992275841864;FFIEC;FFIEC Cybersecurity Assessment Tool framework;
aws;In light of the increasing volume and sophistication of cyber threats, the Federal Financial Institutions Examination Council (FFIEC) developed the Cybersecurity Assessment Tool (Assessment), on behalf of its members, to help institutions identify their risks and determine their cybersecurity maturity.;992275841864;ap-northeast-1;2026-08-18 15:47:07.870888;d3-dc-ev-b-3;Processes are in place to monitor for the presence of unauthorized users, devices, connections, and software.;Cybersecurity Controls (Domain 3);Detective Controls (DC);;aws;;FAIL;No CloudTrail trails enabled with logging were found.;arn:aws:cloudtrail:ap-northeast-1:992275841864:trail;cloudtrail_multi_region_enabled;False;992275841864;FFIEC;FFIEC Cybersecurity Assessment Tool framework;
aws;In light of the increasing volume and sophistication of cyber threats, the Federal Financial Institutions Examination Council (FFIEC) developed the Cybersecurity Assessment Tool (Assessment), on behalf of its members, to help institutions identify their risks and determine their cybersecurity maturity.;992275841864;ap-northeast-1;2026-08-18 15:47:07.870888;d3-pc-im-b-3;All ports are monitored.;Cybersecurity Controls (Domain 3);Preventative Controls (PC);;aws;;FAIL;No CloudTrail trails enabled with logging were found.;arn:aws:cloudtrail:ap-northeast-1:992275841864:trail;cloudtrail_multi_region_enabled;False;992275841864;FFIEC;FFIEC Cybersecurity Assessment Tool framework;
aws;In light of the increasing volume and sophistication of cyber threats, the Federal Financial Institutions Examination Council (FFIEC) developed the Cybersecurity Assessment Tool (Assessment), on behalf of its members, to help institutions identify their risks and determine their cybersecurity maturity.;992275841864;ap-northeast-1;2026-08-18 15:47:07.870888;d3-pc-im-b-7;Access to make changes to systems configurations (including virtual machines and hypervisors) is controlled and monitored.;Cybersecurity Controls (Domain 3);Preventative Controls (PC);;aws;;FAIL;No CloudTrail trails enabled with logging were found.;arn:aws:cloudtrail:ap-northeast-1:992275841864:trail;cloudtrail_multi_region_enabled;False;992275841864;FFIEC;FFIEC Cybersecurity Assessment Tool framework;
aws;In light of the increasing volume and sophistication of cyber threats, the Federal Financial Institutions Examination Council (FFIEC) developed the Cybersecurity Assessment Tool (Assessment), on behalf of its members, to help institutions identify their risks and determine their cybersecurity maturity.;992275841864;ap-northeast-1;2026-08-18 15:47:07.870888;d5-dr-de-b-3;Tools and processes are in place to detect, alert, and trigger the incident response program.;Cyber Incident Management and Resilience (Domain 5);Detection, Response, & Mitigation (DR);;aws;;FAIL;No CloudTrail trails enabled with logging were found.;arn:aws:cloudtrail:ap-northeast-1:992275841864:trail;cloudtrail_multi_region_enabled;False;992275841864;FFIEC;FFIEC Cybersecurity Assessment Tool framework;
aws;In light of the increasing volume and sophistication of cyber threats, the Federal Financial Institutions Examination Council (FFIEC) developed the Cybersecurity Assessment Tool (Assessment), on behalf of its members, to help institutions identify their risks and determine their cybersecurity maturity.;992275841864;ap-northeast-2;2026-08-18 15:47:07.870888;d2-ma-ma-b-1;Information security threats are gathered and shared with applicable internal employees.;Threat Intelligence and Collaboration (Domain 2);Monitoring and Analyzing (MA);;aws;;FAIL;No CloudTrail trails enabled with logging were found.;arn:aws:cloudtrail:ap-northeast-2:992275841864:trail;cloudtrail_multi_region_enabled;False;992275841864;FFIEC;FFIEC Cybersecurity Assessment Tool framework;
aws;In light of the increasing volume and sophistication of cyber threats, the Federal Financial Institutions Examination Council (FFIEC) developed the Cybersecurity Assessment Tool (Assessment), on behalf of its members, to help institutions identify their risks and determine their cybersecurity maturity.;992275841864;ap-northeast-2;2026-08-18 15:47:07.870888;d2-ma-ma-b-2;Computer event logs are used for investigations once an event has occurred.;Threat Intelligence and Collaboration (Domain 2);Monitoring and Analyzing (MA);;aws;;FAIL;No CloudTrail trails enabled with logging were found.;arn:aws:cloudtrail:ap-northeast-2:992275841864:trail;cloudtrail_multi_region_enabled;False;992275841864;FFIEC;FFIEC Cybersecurity Assessment Tool framework;
aws;In light of the increasing volume and sophistication of cyber threats, the Federal Financial Institutions Examination Council (FFIEC) developed the Cybersecurity Assessment Tool (Assessment), on behalf of its members, to help institutions identify their risks and determine their cybersecurity maturity.;992275841864;ap-northeast-2;2026-08-18 15:47:07.870888;d3-dc-an-b-3;Logs of physical and/or logical access are reviewed following events.;Cybersecurity Controls (Domain 3);Detective Controls (DC);;aws;;FAIL;No CloudTrail trails enabled with logging were found.;arn:aws:cloudtrail:ap-northeast-2:992275841864:trail;cloudtrail_multi_region_enabled;False;992275841864;FFIEC;FFIEC Cybersecurity Assessment Tool framework;
aws;In light of the increasing volume and sophistication of cyber threats, the Federal Financial Institutions Examination Council (FFIEC) developed the Cybersecurity Assessment Tool (Assessment), on behalf of its members, to help institutions identify their risks and determine their cybersecurity maturity.;992275841864;ap-northeast-2;2026-08-18 15:47:07.870888;d3-dc-an-b-4;Access to critical systems by third parties is monitored for unauthorized or unusual activity.;Cybersecurity Controls (Domain 3);Detective Controls (DC);;aws;;FAIL;No CloudTrail trails enabled with logging were found.;arn:aws:cloudtrail:ap-northeast-2:992275841864:trail;cloudtrail_multi_region_enabled;False;992275841864;FFIEC;FFIEC Cybersecurity Assessment Tool framework;
aws;In light of the increasing volume and sophistication of cyber threats, the Federal Financial Institutions Examination Council (FFIEC) developed the Cybersecurity Assessment Tool (Assessment), on behalf of its members, to help institutions identify their risks and determine their cybersecurity maturity.;992275841864;ap-northeast-2;2026-08-18 15:47:07.870888;d3-dc-an-b-5;Elevated privileges are monitored.;Cybersecurity Controls (Domain 3);Detective Controls (DC);;aws;;FAIL;No CloudTrail trails enabled with logging were found.;arn:aws:cloudtrail:ap-northeast-2:992275841864:trail;cloudtrail_multi_region_enabled;False;992275841864;FFIEC;FFIEC Cybersecurity Assessment Tool framework;
aws;In light of the increasing volume and sophistication of cyber threats, the Federal Financial Institutions Examination Council (FFIEC) developed the Cybersecurity Assessment Tool (Assessment), on behalf of its members, to help institutions identify their risks and determine their cybersecurity maturity.;992275841864;ap-northeast-2;2026-08-18 15:47:07.870888;d3-dc-ev-b-1;A normal network activity baseline is established.;Cybersecurity Controls (Domain 3);Detective Controls (DC);;aws;;FAIL;No CloudTrail trails enabled with logging were found.;arn:aws:cloudtrail:ap-northeast-2:992275841864:trail;cloudtrail_multi_region_enabled;False;992275841864;FFIEC;FFIEC Cybersecurity Assessment Tool framework;
aws;In light of the increasing volume and sophistication of cyber threats, the Federal Financial Institutions Examination Council (FFIEC) developed the Cybersecurity Assessment Tool (Assessment), on behalf of its members, to help institutions identify their risks and determine their cybersecurity maturity.;992275841864;ap-northeast-2;2026-08-18 15:47:07.870888;d3-dc-ev-b-3;Processes are in place to monitor for the presence of unauthorized users, devices, connections, and software.;Cybersecurity Controls (Domain 3);Detective Controls (DC);;aws;;FAIL;No CloudTrail trails enabled with logging were found.;arn:aws:cloudtrail:ap-northeast-2:992275841864:trail;cloudtrail_multi_region_enabled;False;992275841864;FFIEC;FFIEC Cybersecurity Assessment Tool framework;
aws;In light of the increasing volume and sophistication of cyber threats, the Federal Financial Institutions Examination Council (FFIEC) developed the Cybersecurity Assessment Tool (Assessment), on behalf of its members, to help institutions identify their risks and determine their cybersecurity maturity.;992275841864;ap-northeast-2;2026-08-18 15:47:07.870888;d3-pc-im-b-3;All ports are monitored.;Cybersecurity Controls (Domain 3);Preventative Controls (PC);;aws;;FAIL;No CloudTrail trails enabled with logging were found.;arn:aws:cloudtrail:ap-northeast-2:992275841864:trail;cloudtrail_multi_region_enabled;False;992275841864;FFIEC;FFIEC Cybersecurity Assessment Tool framework;
aws;In light of the increasing volume and sophistication of cyber threats, the Federal Financial Institutions Examination Council (FFIEC) developed the Cybersecurity Assessment Tool (Assessment), on behalf of its members, to help institutions identify their risks and determine their cybersecurity maturity.;992275841864;ap-northeast-2;2026-08-18 15:47:07.870888;d3-pc-im-b-7;Access to make changes to systems configurations (including virtual machines and hypervisors) is controlled and monitored.;Cybersecurity Controls (Domain 3);Preventative Controls (PC);;aws;;FAIL;No CloudTrail trails enabled with logging were found.;arn:aws:cloudtrail:ap-northeast-2:992275841864:trail;cloudtrail_multi_region_enabled;False;992275841864;FFIEC;FFIEC Cybersecurity Assessment Tool framework;
aws;In light of the increasing volume and sophistication of cyber threats, the Federal Financial Institutions Examination Council (FFIEC) developed the Cybersecurity Assessment Tool (Assessment), on behalf of its members, to help institutions identify their risks and determine their cybersecurity maturity.;992275841864;ap-northeast-2;2026-08-18 15:47:07.870888;d5-dr-de-b-3;Tools and processes are in place to detect, alert, and trigger the incident response program.;Cyber Incident Management and Resilience (Domain 5);Detection, Response, & Mitigation (DR);;aws;;FAIL;No CloudTrail trails enabled with logging were found.;arn:aws:cloudtrail:ap-northeast-2:992275841864:trail;cloudtrail_multi_region_enabled;False;992275841864;FFIEC;FFIEC Cybersecurity Assessment Tool framework;
aws;In light of the increasing volume and sophistication of cyber threats, the Federal Financial Institutions Examination Council (FFIEC) developed the Cybersecurity Assessment Tool (Assessment), on behalf of its members, to help institutions identify their risks and determine their cybersecurity maturity.;992275841864;ap-northeast-3;2026-08-18 15:47:07.870888;d2-ma-ma-b-1;Information security threats are gathered and shared with applicable internal employees.;Threat Intelligence and Collaboration (Domain 2);Monitoring and Analyzing (MA);;aws;;FAIL;No CloudTrail trails enabled with logging were found.;arn:aws:cloudtrail:ap-northeast-3:992275841864:trail;cloudtrail_multi_region_enabled;False;992275841864;FFIEC;FFIEC Cybersecurity Assessment Tool framework;
aws;In light of the increasing volume and sophistication of cyber threats, the Federal Financial Institutions Examination Council (FFIEC) developed the Cybersecurity Assessment Tool (Assessment), on behalf of its members, to help institutions identify their risks and determine their cybersecurity maturity.;992275841864;ap-northeast-3;2026-08-18 15:47:07.870888;d2-ma-ma-b-2;Computer event logs are used for investigations once an event has occurred.;Threat Intelligence and Collaboration (Domain 2);Monitoring and Analyzing (MA);;aws;;FAIL;No CloudTrail trails enabled with logging were found.;arn:aws:cloudtrail:ap-northeast-3:992275841864:trail;cloudtrail_multi_region_enabled;False;992275841864;FFIEC;FFIEC Cybersecurity Assessment Tool framework;
aws;In light of the increasing volume and sophistication of cyber threats, the Federal Financial Institutions Examination Council (FFIEC) developed the Cybersecurity Assessment Tool (Assessment), on behalf of its members, to help institutions identify their risks and determine their cybersecurity maturity.;992275841864;ap-northeast-3;2026-08-18 15:47:07.870888;d3-dc-an-b-3;Logs of physical and/or logical access are reviewed following events.;Cybersecurity Controls (Domain 3);Detective Controls (DC);;aws;;FAIL;No CloudTrail trails enabled with logging were found.;arn:aws:cloudtrail:ap-northeast-3:992275841864:trail;cloudtrail_multi_region_enabled;False;992275841864;FFIEC;FFIEC Cybersecurity Assessment Tool framework;
aws;In light of the increasing volume and sophistication of cyber threats, the Federal Financial Institutions Examination Council (FFIEC) developed the Cybersecurity Assessment Tool (Assessment), on behalf of its members, to help institutions identify their risks and determine their cybersecurity maturity.;992275841864;ap-northeast-3;2026-08-18 15:47:07.870888;d3-dc-an-b-4;Access to critical systems by third parties is monitored for unauthorized or unusual activity.;Cybersecurity Controls (Domain 3);Detective Controls (DC);;aws;;FAIL;No CloudTrail trails enabled with logging were found.;arn:aws:cloudtrail:ap-northeast-3:992275841864:trail;cloudtrail_multi_region_enabled;False;992275841864;FFIEC;FFIEC Cybersecurity Assessment Tool framework;
aws;In light of the increasing volume and sophistication of cyber threats, the Federal Financial Institutions Examination Council (FFIEC) developed the Cybersecurity Assessment Tool (Assessment), on behalf of its members, to help institutions identify their risks and determine their cybersecurity maturity.;992275841864;ap-northeast-3;2026-08-18 15:47:07.870888;d3-dc-an-b-5;Elevated privileges are monitored.;Cybersecurity Controls (Domain 3);Detective Controls (DC);;aws;;FAIL;No CloudTrail trails enabled with logging were found.;arn:aws:cloudtrail:ap-northeast-3:992275841864:trail;cloudtrail_multi_region_enabled;False;992275841864;FFIEC;FFIEC Cybersecurity Assessment Tool framework;
aws;In light of the increasing volume and sophistication of cyber threats, the Federal Financial Institutions Examination Council (FFIEC) developed the Cybersecurity Assessment Tool (Assessment), on behalf of its members, to help institutions identify their risks and determine their cybersecurity maturity.;992275841864;ap-northeast-3;2026-08-18 15:47:07.870888;d3-dc-ev-b-1;A normal network activity baseline is established.;Cybersecurity Controls (Domain 3);Detective Controls (DC);;aws;;FAIL;No CloudTrail trails enabled with logging were found.;arn:aws:cloudtrail:ap-northeast-3:992275841864:trail;cloudtrail_multi_region_enabled;False;992275841864;FFIEC;FFIEC Cybersecurity Assessment Tool framework;
aws;In light of the increasing volume and sophistication of cyber threats, the Federal Financial Institutions Examination Council (FFIEC) developed the Cybersecurity Assessment Tool (Assessment), on behalf of its members, to help institutions identify their risks and determine their cybersecurity maturity.;992275841864;ap-northeast-3;2026-08-18 15:47:07.870888;d3-dc-ev-b-3;Processes are in place to monitor for the presence of unauthorized users, devices, connections, and software.;Cybersecurity Controls (Domain 3);Detective Controls (DC);;aws;;FAIL;No CloudTrail trails enabled with logging were found.;arn:aws:cloudtrail:ap-northeast-3:992275841864:trail;cloudtrail_multi_region_enabled;False;992275841864;FFIEC;FFIEC Cybersecurity Assessment Tool framework;
aws;In light of the increasing volume and sophistication of cyber threats, the Federal Financial Institutions Examination Council (FFIEC) developed the Cybersecurity Assessment Tool (Assessment), on behalf of its members, to help institutions identify their risks and determine their cybersecurity maturity.;992275841864;ap-northeast-3;2026-08-18 15:47:07.870888;d3-pc-im-b-3;All ports are monitored.;Cybersecurity Controls (Domain 3);Preventative Controls (PC);;aws;;FAIL;No CloudTrail trails enabled with logging were found.;arn:aws:cloudtrail:ap-northeast-3:992275841864:trail;cloudtrail_multi_region_enabled;False;992275841864;FFIEC;FFIEC Cybersecurity Assessment Tool framework;
aws;In light of the increasing volume and sophistication of cyber threats, the Federal Financial Institutions Examination Council (FFIEC) developed the Cybersecurity Assessment Tool (Assessment), on behalf of its members, to help institutions identify their risks and determine their cybersecurity maturity.;992275841864;ap-northeast-3;2026-08-18 15:47:07.870888;d3-pc-im-b-7;Access to make changes to systems configurations (including virtual machines and hypervisors) is controlled and monitored.;Cybersecurity Controls (Domain 3);Preventative Controls (PC);;aws;;FAIL;No CloudTrail trails enabled with logging were found.;arn:aws:cloudtrail:ap-northeast-3:992275841864:trail;cloudtrail_multi_region_enabled;False;992275841864;FFIEC;FFIEC Cybersecurity Assessment Tool framework;
aws;In light of the increasing volume and sophistication of cyber threats, the Federal Financial Institutions Examination Council (FFIEC) developed the Cybersecurity Assessment Tool (Assessment), on behalf of its members, to help institutions identify their risks and determine their cybersecurity maturity.;992275841864;ap-northeast-3;2026-08-18 15:47:07.870888;d5-dr-de-b-3;Tools and processes are in place to detect, alert, and trigger the incident response program.;Cyber Incident Management and Resilience (Domain 5);Detection, Response, & Mitigation (DR);;aws;;FAIL;No CloudTrail trails enabled with logging were found.;arn:aws:cloudtrail:ap-northeast-3:992275841864:trail;cloudtrail_multi_region_enabled;False;992275841864;FFIEC;FFIEC Cybersecurity Assessment Tool framework;
aws;In light of the increasing volume and sophistication of cyber threats, the Federal Financial Institutions Examination Council (FFIEC) developed the Cybersecurity Assessment Tool (Assessment), on behalf of its members, to help institutions identify their risks and determine their cybersecurity maturity.;992275841864;ap-south-1;2026-08-18 15:47:07.870888;d2-ma-ma-b-1;Information security threats are gathered and shared with applicable internal employees.;Threat Intelligence and Collaboration (Domain 2);Monitoring and Analyzing (MA);;aws;;FAIL;No CloudTrail trails enabled with logging were found.;arn:aws:cloudtrail:ap-south-1:992275841864:trail;cloudtrail_multi_region_enabled;False;992275841864;FFIEC;FFIEC Cybersecurity Assessment Tool framework;
aws;In light of the increasing volume and sophistication of cyber threats, the Federal Financial Institutions Examination Council (FFIEC) developed the Cybersecurity Assessment Tool (Assessment), on behalf of its members, to help institutions identify their risks and determine their cybersecurity maturity.;992275841864;ap-south-1;2026-08-18 15:47:07.870888;d2-ma-ma-b-2;Computer event logs are used for investigations once an event has occurred.;Threat Intelligence and Collaboration (Domain 2);Monitoring and Analyzing (MA);;aws;;FAIL;No CloudTrail trails enabled with logging were found.;arn:aws:cloudtrail:ap-south-1:992275841864:trail;cloudtrail_multi_region_enabled;False;992275841864;FFIEC;FFIEC Cybersecurity Assessment Tool framework;
aws;In light of the increasing volume and sophistication of cyber threats, the Federal Financial Institutions Examination Council (FFIEC) developed the Cybersecurity Assessment Tool (Assessment), on behalf of its members, to help institutions identify their risks and determine their cybersecurity maturity.;992275841864;ap-south-1;2026-08-18 15:47:07.870888;d3-dc-an-b-3;Logs of physical and/or logical access are reviewed following events.;Cybersecurity Controls (Domain 3);Detective Controls (DC);;aws;;FAIL;No CloudTrail trails enabled with logging were found.;arn:aws:cloudtrail:ap-south-1:992275841864:trail;cloudtrail_multi_region_enabled;False;992275841864;FFIEC;FFIEC Cybersecurity Assessment Tool framework;
aws;In light of the increasing volume and sophistication of cyber threats, the Federal Financial Institutions Examination Council (FFIEC) developed the Cybersecurity Assessment Tool (Assessment), on behalf of its members, to help institutions identify their risks and determine their cybersecurity maturity.;992275841864;ap-south-1;2026-08-18 15:47:07.870888;d3-dc-an-b-4;Access to critical systems by third parties is monitored for unauthorized or unusual activity.;Cybersecurity Controls (Domain 3);Detective Controls (DC);;aws;;FAIL;No CloudTrail trails enabled with logging were found.;arn:aws:cloudtrail:ap-south-1:992275841864:trail;cloudtrail_multi_region_enabled;False;992275841864;FFIEC;FFIEC Cybersecurity Assessment Tool framework;
aws;In light of the increasing volume and sophistication of cyber threats, the Federal Financial Institutions Examination Council (FFIEC) developed the Cybersecurity Assessment Tool (Assessment), on behalf of its members, to help institutions identify their risks and determine their cybersecurity maturity.;992275841864;ap-south-1;2026-08-18 15:47:07.870888;d3-dc-an-b-5;Elevated privileges are monitored.;Cybersecurity Controls (Domain 3);Detective Controls (DC);;aws;;FAIL;No CloudTrail trails enabled with logging were found.;arn:aws:cloudtrail:ap-south-1:992275841864:trail;cloudtrail_multi_region_enabled;False;992275841864;FFIEC;FFIEC Cybersecurity Assessment Tool framework;
aws;In light of the increasing volume and sophistication of cyber threats, the Federal Financial Institutions Examination Council (FFIEC) developed the Cybersecurity Assessment Tool (Assessment), on behalf of its members, to help institutions identify their risks and determine their cybersecurity maturity.;992275841864;ap-south-1;2026-08-18 15:47:07.870888;d3-dc-ev-b-1;A normal network activity baseline is established.;Cybersecurity Controls (Domain 3);Detective Controls (DC);;aws;;FAIL;No CloudTrail trails enabled with logging were found.;arn:aws:cloudtrail:ap-south-1:992275841864:trail;cloudtrail_multi_region_enabled;False;992275841864;FFIEC;FFIEC Cybersecurity Assessment Tool framework;
aws;In light of the increasing volume and sophistication of cyber threats, the Federal Financial Institutions Examination Council (FFIEC) developed the Cybersecurity Assessment Tool (Assessment), on behalf of its members, to help institutions identify their risks and determine their cybersecurity maturity.;992275841864;ap-south-1;2026-08-18 15:47:07.870888;d3-dc-ev-b-3;Processes are in place to monitor for the presence of unauthorized users, devices, connections, and software.;Cybersecurity Controls (Domain 3);Detective Controls (DC);;aws;;FAIL;No CloudTrail trails enabled with logging were found.;arn:aws:cloudtrail:ap-south-1:992275841864:trail;cloudtrail_multi_region_enabled;False;992275841864;FFIEC;FFIEC Cybersecurity Assessment Tool framework;
aws;In light of the increasing volume and sophistication of cyber threats, the Federal Financial Institutions Examination Council (FFIEC) developed the Cybersecurity Assessment Tool (Assessment), on behalf of its members, to help institutions identify their risks and determine their cybersecurity maturity.;992275841864;ap-south-1;2026-08-18 15:47:07.870888;d3-pc-im-b-3;All ports are monitored.;Cybersecurity Controls (Domain 3);Preventative Controls (PC);;aws;;FAIL;No CloudTrail trails enabled with logging were found.;arn:aws:cloudtrail:ap-south-1:992275841864:trail;cloudtrail_multi_region_enabled;False;992275841864;FFIEC;FFIEC Cybersecurity Assessment Tool framework;
aws;In light of the increasing volume and sophistication of cyber threats, the Federal Financial Institutions Examination Council (FFIEC) developed the Cybersecurity Assessment Tool (Assessment), on behalf of its members, to help institutions identify their risks and determine their cybersecurity maturity.;992275841864;ap-south-1;2026-08-18 15:47:07.870888;d3-pc-im-b-7;Access to make changes to systems configurations (including virtual machines and hypervisors) is controlled and monitored.;Cybersecurity Controls (Domain 3);Preventative Controls (PC);;aws;;FAIL;No CloudTrail trails enabled with logging were found.;arn:aws:cloudtrail:ap-south-1:992275841864:trail;cloudtrail_multi_region_enabled;False;992275841864;FFIEC;FFIEC Cybersecurity Assessment Tool framework;
aws;In light of the increasing volume and sophistication of cyber threats, the Federal Financial Institutions Examination Council (FFIEC) developed the Cybersecurity Assessment Tool (Assessment), on behalf of its members, to help institutions identify their risks and determine their cybersecurity maturity.;992275841864;ap-south-1;2026-08-18 15:47:07.870888;d5-dr-de-b-3;Tools and processes are in place to detect, alert, and trigger the incident response program.;Cyber Incident Management and Resilience (Domain 5);Detection, Response, & Mitigation (DR);;aws;;FAIL;No CloudTrail trails enabled with logging were found.;arn:aws:cloudtrail:ap-south-1:992275841864:trail;cloudtrail_multi_region_enabled;False;992275841864;FFIEC;FFIEC Cybersecurity Assessment Tool framework;
aws;In light of the increasing volume and sophistication of cyber threats, the Federal Financial Institutions Examination Council (FFIEC) developed the Cybersecurity Assessment Tool (Assessment), on behalf of its members, to help institutions identify their risks and determine their cybersecurity maturity.;992275841864;ap-southeast-1;2026-08-18 15:47:07.870888;d2-ma-ma-b-1;Information security threats are gathered and shared with applicable internal employees.;Threat Intelligence and Collaboration (Domain 2);Monitoring and Analyzing (MA);;aws;;FAIL;No CloudTrail trails enabled with logging were found.;arn:aws:cloudtrail:ap-southeast-1:992275841864:trail;cloudtrail_multi_region_enabled;False;992275841864;FFIEC;FFIEC Cybersecurity Assessment Tool framework;
aws;In light of the increasing volume and sophistication of cyber threats, the Federal Financial Institutions Examination Council (FFIEC) developed the Cybersecurity Assessment Tool (Assessment), on behalf of its members, to help institutions identify their risks and determine their cybersecurity maturity.;992275841864;ap-southeast-1;2026-08-18 15:47:07.870888;d2-ma-ma-b-2;Computer event logs are used for investigations once an event has occurred.;Threat Intelligence and Collaboration (Domain 2);Monitoring and Analyzing (MA);;aws;;FAIL;No CloudTrail trails enabled with logging were found.;arn:aws:cloudtrail:ap-southeast-1:992275841864:trail;cloudtrail_multi_region_enabled;False;992275841864;FFIEC;FFIEC Cybersecurity Assessment Tool framework;
aws;In light of the increasing volume and sophistication of cyber threats, the Federal Financial Institutions Examination Council (FFIEC) developed the Cybersecurity Assessment Tool (Assessment), on behalf of its members, to help institutions identify their risks and determine their cybersecurity maturity.;992275841864;ap-southeast-1;2026-08-18 15:47:07.870888;d3-dc-an-b-3;Logs of physical and/or logical access are reviewed following events.;Cybersecurity Controls (Domain 3);Detective Controls (DC);;aws;;FAIL;No CloudTrail trails enabled with logging were found.;arn:aws:cloudtrail:ap-southeast-1:992275841864:trail;cloudtrail_multi_region_enabled;False;992275841864;FFIEC;FFIEC Cybersecurity Assessment Tool framework;
aws;In light of the increasing volume and sophistication of cyber threats, the Federal Financial Institutions Examination Council (FFIEC) developed the Cybersecurity Assessment Tool (Assessment), on behalf of its members, to help institutions identify their risks and determine their cybersecurity maturity.;992275841864;ap-southeast-1;2026-08-18 15:47:07.870888;d3-dc-an-b-4;Access to critical systems by third parties is monitored for unauthorized or unusual activity.;Cybersecurity Controls (Domain 3);Detective Controls (DC);;aws;;FAIL;No CloudTrail trails enabled with logging were found.;arn:aws:cloudtrail:ap-southeast-1:992275841864:trail;cloudtrail_multi_region_enabled;False;992275841864;FFIEC;FFIEC Cybersecurity Assessment Tool framework;
aws;In light of the increasing volume and sophistication of cyber threats, the Federal Financial Institutions Examination Council (FFIEC) developed the Cybersecurity Assessment Tool (Assessment), on behalf of its members, to help institutions identify their risks and determine their cybersecurity maturity.;992275841864;ap-southeast-1;2026-08-18 15:47:07.870888;d3-dc-an-b-5;Elevated privileges are monitored.;Cybersecurity Controls (Domain 3);Detective Controls (DC);;aws;;FAIL;No CloudTrail trails enabled with logging were found.;arn:aws:cloudtrail:ap-southeast-1:992275841864:trail;cloudtrail_multi_region_enabled;False;992275841864;FFIEC;FFIEC Cybersecurity Assessment Tool framework;
aws;In light of the increasing volume and sophistication of cyber threats, the Federal Financial Institutions Examination Council (FFIEC) developed the Cybersecurity Assessment Tool (Assessment), on behalf of its members, to help institutions identify their risks and determine their cybersecurity maturity.;992275841864;ap-southeast-1;2026-08-18 15:47:07.870888;d3-dc-ev-b-1;A normal network activity baseline is established.;Cybersecurity Controls (Domain 3);Detective Controls (DC);;aws;;FAIL;No CloudTrail trails enabled with logging were found.;arn:aws:cloudtrail:ap-southeast-1:992275841864:trail;cloudtrail_multi_region_enabled;False;992275841864;FFIEC;FFIEC Cybersecurity Assessment Tool framework;
aws;In light of the increasing volume and sophistication of cyber threats, the Federal Financial Institutions Examination Council (FFIEC) developed the Cybersecurity Assessment Tool (Assessment), on behalf of its members, to help institutions identify their risks and determine their cybersecurity maturity.;992275841864;ap-southeast-1;2026-08-18 15:47:07.870888;d3-dc-ev-b-3;Processes are in place to monitor for the presence of unauthorized users, devices, connections, and software.;Cybersecurity Controls (Domain 3);Detective Controls (DC);;aws;;FAIL;No CloudTrail trails enabled with logging were found.;arn:aws:cloudtrail:ap-southeast-1:992275841864:trail;cloudtrail_multi_region_enabled;False;992275841864;FFIEC;FFIEC Cybersecurity Assessment Tool framework;
aws;In light of the increasing volume and sophistication of cyber threats, the Federal Financial Institutions Examination Council (FFIEC) developed the Cybersecurity Assessment Tool (Assessment), on behalf of its members, to help institutions identify their risks and determine their cybersecurity maturity.;992275841864;ap-southeast-1;2026-08-18 15:47:07.870888;d3-pc-im-b-3;All ports are monitored.;Cybersecurity Controls (Domain 3);Preventative Controls (PC);;aws;;FAIL;No CloudTrail trails enabled with logging were found.;arn:aws:cloudtrail:ap-southeast-1:992275841864:trail;cloudtrail_multi_region_enabled;False;992275841864;FFIEC;FFIEC Cybersecurity Assessment Tool framework;
aws;In light of the increasing volume and sophistication of cyber threats, the Federal Financial Institutions Examination Council (FFIEC) developed the Cybersecurity Assessment Tool (Assessment), on behalf of its members, to help institutions identify their risks and determine their cybersecurity maturity.;992275841864;ap-southeast-1;2026-08-18 15:47:07.870888;d3-pc-im-b-7;Access to make changes to systems configurations (including virtual machines and hypervisors) is controlled and monitored.;Cybersecurity Controls (Domain 3);Preventative Controls (PC);;aws;;FAIL;No CloudTrail trails enabled with logging were found.;arn:aws:cloudtrail:ap-southeast-1:992275841864:trail;cloudtrail_multi_region_enabled;False;992275841864;FFIEC;FFIEC Cybersecurity Assessment Tool framework;
aws;In light of the increasing volume and sophistication of cyber threats, the Federal Financial Institutions Examination Council (FFIEC) developed the Cybersecurity Assessment Tool (Assessment), on behalf of its members, to help institutions identify their risks and determine their cybersecurity maturity.;992275841864;ap-southeast-1;2026-08-18 15:47:07.870888;d5-dr-de-b-3;Tools and processes are in place to detect, alert, and trigger the incident response program.;Cyber Incident Management and Resilience (Domain 5);Detection, Response, & Mitigation (DR);;aws;;FAIL;No CloudTrail trails enabled with logging were found.;arn:aws:cloudtrail:ap-southeast-1:992275841864:trail;cloudtrail_multi_region_enabled;False;992275841864;FFIEC;FFIEC Cybersecurity Assessment Tool framework;
aws;In light of the increasing volume and sophistication of cyber threats, the Federal Financial Institutions Examination Council (FFIEC) developed the Cybersecurity Assessment Tool (Assessment), on behalf of its members, to help institutions identify their risks and determine their cybersecurity maturity.;992275841864;ap-southeast-2;2026-08-18 15:47:07.870888;d2-ma-ma-b-1;Information security threats are gathered and shared with applicable internal employees.;Threat Intelligence and Collaboration (Domain 2);Monitoring and Analyzing (MA);;aws;;FAIL;No CloudTrail trails enabled with logging were found.;arn:aws:cloudtrail:ap-southeast-2:992275841864:trail;cloudtrail_multi_region_enabled;False;992275841864;FFIEC;FFIEC Cybersecurity Assessment Tool framework;
aws;In light of the increasing volume and sophistication of cyber threats, the Federal Financial Institutions Examination Council (FFIEC) developed the Cybersecurity Assessment Tool (Assessment), on behalf of its members, to help institutions identify their risks and determine their cybersecurity maturity.;992275841864;ap-southeast-2;2026-08-18 15:47:07.870888;d2-ma-ma-b-2;Computer event logs are used for investigations once an event has occurred.;Threat Intelligence and Collaboration (Domain 2);Monitoring and Analyzing (MA);;aws;;FAIL;No CloudTrail trails enabled with logging were found.;arn:aws:cloudtrail:ap-southeast-2:992275841864:trail;cloudtrail_multi_region_enabled;False;992275841864;FFIEC;FFIEC Cybersecurity Assessment Tool framework;
aws;In light of the increasing volume and sophistication of cyber threats, the Federal Financial Institutions Examination Council (FFIEC) developed the Cybersecurity Assessment Tool (Assessment), on behalf of its members, to help institutions identify their risks and determine their cybersecurity maturity.;992275841864;ap-southeast-2;2026-08-18 15:47:07.870888;d3-dc-an-b-3;Logs of physical and/or logical access are reviewed following events.;Cybersecurity Controls (Domain 3);Detective Controls (DC);;aws;;FAIL;No CloudTrail trails enabled with logging were found.;arn:aws:cloudtrail:ap-southeast-2:992275841864:trail;cloudtrail_multi_region_enabled;False;992275841864;FFIEC;FFIEC Cybersecurity Assessment Tool framework;
aws;In light of the increasing volume and sophistication of cyber threats, the Federal Financial Institutions Examination Council (FFIEC) developed the Cybersecurity Assessment Tool (Assessment), on behalf of its members, to help institutions identify their risks and determine their cybersecurity maturity.;992275841864;ap-southeast-2;2026-08-18 15:47:07.870888;d3-dc-an-b-4;Access to critical systems by third parties is monitored for unauthorized or unusual activity.;Cybersecurity Controls (Domain 3);Detective Controls (DC);;aws;;FAIL;No CloudTrail trails enabled with logging were found.;arn:aws:cloudtrail:ap-southeast-2:992275841864:trail;cloudtrail_multi_region_enabled;False;992275841864;FFIEC;FFIEC Cybersecurity Assessment Tool framework;
aws;In light of the increasing volume and sophistication of cyber threats, the Federal Financial Institutions Examination Council (FFIEC) developed the Cybersecurity Assessment Tool (Assessment), on behalf of its members, to help institutions identify their risks and determine their cybersecurity maturity.;992275841864;ap-southeast-2;2026-08-18 15:47:07.870888;d3-dc-an-b-5;Elevated privileges are monitored.;Cybersecurity Controls (Domain 3);Detective Controls (DC);;aws;;FAIL;No CloudTrail trails enabled with logging were found.;arn:aws:cloudtrail:ap-southeast-2:992275841864:trail;cloudtrail_multi_region_enabled;False;992275841864;FFIEC;FFIEC Cybersecurity Assessment Tool framework;
aws;In light of the increasing volume and sophistication of cyber threats, the Federal Financial Institutions Examination Council (FFIEC) developed the Cybersecurity Assessment Tool (Assessment), on behalf of its members, to help institutions identify their risks and determine their cybersecurity maturity.;992275841864;ap-southeast-2;2026-08-18 15:47:07.870888;d3-dc-ev-b-1;A normal network activity baseline is established.;Cybersecurity Controls (Domain 3);Detective Controls (DC);;aws;;FAIL;No CloudTrail trails enabled with logging were found.;arn:aws:cloudtrail:ap-southeast-2:992275841864:trail;cloudtrail_multi_region_enabled;False;992275841864;FFIEC;FFIEC Cybersecurity Assessment Tool framework;
aws;In light of the increasing volume and sophistication of cyber threats, the Federal Financial Institutions Examination Council (FFIEC) developed the Cybersecurity Assessment Tool (Assessment), on behalf of its members, to help institutions identify their risks and determine their cybersecurity maturity.;992275841864;ap-southeast-2;2026-08-18 15:47:07.870888;d3-dc-ev-b-3;Processes are in place to monitor for the presence of unauthorized users, devices, connections, and software.;Cybersecurity Controls (Domain 3);Detective Controls (DC);;aws;;FAIL;No CloudTrail trails enabled with logging were found.;arn:aws:cloudtrail:ap-southeast-2:992275841864:trail;cloudtrail_multi_region_enabled;False;992275841864;FFIEC;FFIEC Cybersecurity Assessment Tool framework;
aws;In light of the increasing volume and sophistication of cyber threats, the Federal Financial Institutions Examination Council (FFIEC) developed the Cybersecurity Assessment Tool (Assessment), on behalf of its members, to help institutions identify their risks and determine their cybersecurity maturity.;992275841864;ap-southeast-2;2026-08-18 15:47:07.870888;d3-pc-im-b-3;All ports are monitored.;Cybersecurity Controls (Domain 3);Preventative Controls (PC);;aws;;FAIL;No CloudTrail trails enabled with logging were found.;arn:aws:cloudtrail:ap-southeast-2:992275841864:trail;cloudtrail_multi_region_enabled;False;992275841864;FFIEC;FFIEC Cybersecurity Assessment Tool framework;
aws;In light of the increasing volume and sophistication of cyber threats, the Federal Financial Institutions Examination Council (FFIEC) developed the Cybersecurity Assessment Tool (Assessment), on behalf of its members, to help institutions identify their risks and determine their cybersecurity maturity.;992275841864;ap-southeast-2;2026-08-18 15:47:07.870888;d3-pc-im-b-7;Access to make changes to systems configurations (including virtual machines and hypervisors) is controlled and monitored.;Cybersecurity Controls (Domain 3);Preventative Controls (PC);;aws;;FAIL;No CloudTrail trails enabled with logging were found.;arn:aws:cloudtrail:ap-southeast-2:992275841864:trail;cloudtrail_multi_region_enabled;False;992275841864;FFIEC;FFIEC Cybersecurity Assessment Tool framework;
aws;In light of the increasing volume and sophistication of cyber threats, the Federal Financial Institutions Examination Council (FFIEC) developed the Cybersecurity Assessment Tool (Assessment), on behalf of its members, to help institutions identify their risks and determine their cybersecurity maturity.;992275841864;ap-southeast-2;2026-08-18 15:47:07.870888;d5-dr-de-b-3;Tools and processes are in place to detect, alert, and trigger the incident response program.;Cyber Incident Management and Resilience (Domain 5);Detection, Response, & Mitigation (DR);;aws;;FAIL;No CloudTrail trails enabled with logging were found.;arn:aws:cloudtrail:ap-southeast-2:992275841864:trail;cloudtrail_multi_region_enabled;False;992275841864;FFIEC;FFIEC Cybersecurity Assessment Tool framework;
aws;In light of the increasing volume and sophistication of cyber threats, the Federal Financial Institutions Examination Council (FFIEC) developed the Cybersecurity Assessment Tool (Assessment), on behalf of its members, to help institutions identify their risks and determine their cybersecurity maturity.;992275841864;ca-central-1;2026-08-18 15:47:07.870888;d2-ma-ma-b-1;Information security threats are gathered and shared with applicable internal employees.;Threat Intelligence and Collaboration (Domain 2);Monitoring and Analyzing (MA);;aws;;FAIL;No CloudTrail trails enabled with logging were found.;arn:aws:cloudtrail:ca-central-1:992275841864:trail;cloudtrail_multi_region_enabled;False;992275841864;FFIEC;FFIEC Cybersecurity Assessment Tool framework;
aws;In light of the increasing volume and sophistication of cyber threats, the Federal Financial Institutions Examination Council (FFIEC) developed the Cybersecurity Assessment Tool (Assessment), on behalf of its members, to help institutions identify their risks and determine their cybersecurity maturity.;992275841864;ca-central-1;2026-08-18 15:47:07.870888;d2-ma-ma-b-2;Computer event logs are used for investigations once an event has occurred.;Threat Intelligence and Collaboration (Domain 2);Monitoring and Analyzing (MA);;aws;;FAIL;No CloudTrail trails enabled with logging were found.;arn:aws:cloudtrail:ca-central-1:992275841864:trail;cloudtrail_multi_region_enabled;False;992275841864;FFIEC;FFIEC Cybersecurity Assessment Tool framework;
aws;In light of the increasing volume and sophistication of cyber threats, the Federal Financial Institutions Examination Council (FFIEC) developed the Cybersecurity Assessment Tool (Assessment), on behalf of its members, to help institutions identify their risks and determine their cybersecurity maturity.;992275841864;ca-central-1;2026-08-18 15:47:07.870888;d3-dc-an-b-3;Logs of physical and/or logical access are reviewed following events.;Cybersecurity Controls (Domain 3);Detective Controls (DC);;aws;;FAIL;No CloudTrail trails enabled with logging were found.;arn:aws:cloudtrail:ca-central-1:992275841864:trail;cloudtrail_multi_region_enabled;False;992275841864;FFIEC;FFIEC Cybersecurity Assessment Tool framework;
aws;In light of the increasing volume and sophistication of cyber threats, the Federal Financial Institutions Examination Council (FFIEC) developed the Cybersecurity Assessment Tool (Assessment), on behalf of its members, to help institutions identify their risks and determine their cybersecurity maturity.;992275841864;ca-central-1;2026-08-18 15:47:07.870888;d3-dc-an-b-4;Access to critical systems by third parties is monitored for unauthorized or unusual activity.;Cybersecurity Controls (Domain 3);Detective Controls (DC);;aws;;FAIL;No CloudTrail trails enabled with logging were found.;arn:aws:cloudtrail:ca-central-1:992275841864:trail;cloudtrail_multi_region_enabled;False;992275841864;FFIEC;FFIEC Cybersecurity Assessment Tool framework;
aws;In light of the increasing volume and sophistication of cyber threats, the Federal Financial Institutions Examination Council (FFIEC) developed the Cybersecurity Assessment Tool (Assessment), on behalf of its members, to help institutions identify their risks and determine their cybersecurity maturity.;992275841864;ca-central-1;2026-08-18 15:47:07.870888;d3-dc-an-b-5;Elevated privileges are monitored.;Cybersecurity Controls (Domain 3);Detective Controls (DC);;aws;;FAIL;No CloudTrail trails enabled with logging were found.;arn:aws:cloudtrail:ca-central-1:992275841864:trail;cloudtrail_multi_region_enabled;False;992275841864;FFIEC;FFIEC Cybersecurity Assessment Tool framework;
aws;In light of the increasing volume and sophistication of cyber threats, the Federal Financial Institutions Examination Council (FFIEC) developed the Cybersecurity Assessment Tool (Assessment), on behalf of its members, to help institutions identify their risks and determine their cybersecurity maturity.;992275841864;ca-central-1;2026-08-18 15:47:07.870888;d3-dc-ev-b-1;A normal network activity baseline is established.;Cybersecurity Controls (Domain 3);Detective Controls (DC);;aws;;FAIL;No CloudTrail trails enabled with logging were found.;arn:aws:cloudtrail:ca-central-1:992275841864:trail;cloudtrail_multi_region_enabled;False;992275841864;FFIEC;FFIEC Cybersecurity Assessment Tool framework;
aws;In light of the increasing volume and sophistication of cyber threats, the Federal Financial Institutions Examination Council (FFIEC) developed the Cybersecurity Assessment Tool (Assessment), on behalf of its members, to help institutions identify their risks and determine their cybersecurity maturity.;992275841864;ca-central-1;2026-08-18 15:47:07.870888;d3-dc-ev-b-3;Processes are in place to monitor for the presence of unauthorized users, devices, connections, and software.;Cybersecurity Controls (Domain 3);Detective Controls (DC);;aws;;FAIL;No CloudTrail trails enabled with logging were found.;arn:aws:cloudtrail:ca-central-1:992275841864:trail;cloudtrail_multi_region_enabled;False;992275841864;FFIEC;FFIEC Cybersecurity Assessment Tool framework;
aws;In light of the increasing volume and sophistication of cyber threats, the Federal Financial Institutions Examination Council (FFIEC) developed the Cybersecurity Assessment Tool (Assessment), on behalf of its members, to help institutions identify their risks and determine their cybersecurity maturity.;992275841864;ca-central-1;2026-08-18 15:47:07.870888;d3-pc-im-b-3;All ports are monitored.;Cybersecurity Controls (Domain 3);Preventative Controls (PC);;aws;;FAIL;No CloudTrail trails enabled with logging were found.;arn:aws:cloudtrail:ca-central-1:992275841864:trail;cloudtrail_multi_region_enabled;False;992275841864;FFIEC;FFIEC Cybersecurity Assessment Tool framework;
aws;In light of the increasing volume and sophistication of cyber threats, the Federal Financial Institutions Examination Council (FFIEC) developed the Cybersecurity Assessment Tool (Assessment), on behalf of its members, to help institutions identify their risks and determine their cybersecurity maturity.;992275841864;ca-central-1;2026-08-18 15:47:07.870888;d3-pc-im-b-7;Access to make changes to systems configurations (including virtual machines and hypervisors) is controlled and monitored.;Cybersecurity Controls (Domain 3);Preventative Controls (PC);;aws;;FAIL;No CloudTrail trails enabled with logging were found.;arn:aws:cloudtrail:ca-central-1:992275841864:trail;cloudtrail_multi_region_enabled;False;992275841864;FFIEC;FFIEC Cybersecurity Assessment Tool framework;
aws;In light of the increasing volume and sophistication of cyber threats, the Federal Financial Institutions Examination Council (FFIEC) developed the Cybersecurity Assessment Tool (Assessment), on behalf of its members, to help institutions identify their risks and determine their cybersecurity maturity.;992275841864;ca-central-1;2026-08-18 15:47:07.870888;d5-dr-de-b-3;Tools and processes are in place to detect, alert, and trigger the incident response program.;Cyber Incident Management and Resilience (Domain 5);Detection, Response, & Mitigation (DR);;aws;;FAIL;No CloudTrail trails enabled with logging were found.;arn:aws:cloudtrail:ca-central-1:992275841864:trail;cloudtrail_multi_region_enabled;False;992275841864;FFIEC;FFIEC Cybersecurity Assessment Tool framework;
aws;In light of the increasing volume and sophistication of cyber threats, the Federal Financial Institutions Examination Council (FFIEC) developed the Cybersecurity Assessment Tool (Assessment), on behalf of its members, to help institutions identify their risks and determine their cybersecurity maturity.;992275841864;eu-central-1;2026-08-18 15:47:07.870888;d2-ma-ma-b-1;Information security threats are gathered and shared with applicable internal employees.;Threat Intelligence and Collaboration (Domain 2);Monitoring and Analyzing (MA);;aws;;FAIL;No CloudTrail trails enabled with logging were found.;arn:aws:cloudtrail:eu-central-1:992275841864:trail;cloudtrail_multi_region_enabled;False;992275841864;FFIEC;FFIEC Cybersecurity Assessment Tool framework;
aws;In light of the increasing volume and sophistication of cyber threats, the Federal Financial Institutions Examination Council (FFIEC) developed the Cybersecurity Assessment Tool (Assessment), on behalf of its members, to help institutions identify their risks and determine their cybersecurity maturity.;992275841864;eu-central-1;2026-08-18 15:47:07.870888;d2-ma-ma-b-2;Computer event logs are used for investigations once an event has occurred.;Threat Intelligence and Collaboration (Domain 2);Monitoring and Analyzing (MA);;aws;;FAIL;No CloudTrail trails enabled with logging were found.;arn:aws:cloudtrail:eu-central-1:992275841864:trail;cloudtrail_multi_region_enabled;False;992275841864;FFIEC;FFIEC Cybersecurity Assessment Tool framework;
aws;In light of the increasing volume and sophistication of cyber threats, the Federal Financial Institutions Examination Council (FFIEC) developed the Cybersecurity Assessment Tool (Assessment), on behalf of its members, to help institutions identify their risks and determine their cybersecurity maturity.;992275841864;eu-central-1;2026-08-18 15:47:07.870888;d3-dc-an-b-3;Logs of physical and/or logical access are reviewed following events.;Cybersecurity Controls (Domain 3);Detective Controls (DC);;aws;;FAIL;No CloudTrail trails enabled with logging were found.;arn:aws:cloudtrail:eu-central-1:992275841864:trail;cloudtrail_multi_region_enabled;False;992275841864;FFIEC;FFIEC Cybersecurity Assessment Tool framework;
aws;In light of the increasing volume and sophistication of cyber threats, the Federal Financial Institutions Examination Council (FFIEC) developed the Cybersecurity Assessment Tool (Assessment), on behalf of its members, to help institutions identify their risks and determine their cybersecurity maturity.;992275841864;eu-central-1;2026-08-18 15:47:07.870888;d3-dc-an-b-4;Access to critical systems by third parties is monitored for unauthorized or unusual activity.;Cybersecurity Controls (Domain 3);Detective Controls (DC);;aws;;FAIL;No CloudTrail trails enabled with logging were found.;arn:aws:cloudtrail:eu-central-1:992275841864:trail;cloudtrail_multi_region_enabled;False;992275841864;FFIEC;FFIEC Cybersecurity Assessment Tool framework;
aws;In light of the increasing volume and sophistication of cyber threats, the Federal Financial Institutions Examination Council (FFIEC) developed the Cybersecurity Assessment Tool (Assessment), on behalf of its members, to help institutions identify their risks and determine their cybersecurity maturity.;992275841864;eu-central-1;2026-08-18 15:47:07.870888;d3-dc-an-b-5;Elevated privileges are monitored.;Cybersecurity Controls (Domain 3);Detective Controls (DC);;aws;;FAIL;No CloudTrail trails enabled with logging were found.;arn:aws:cloudtrail:eu-central-1:992275841864:trail;cloudtrail_multi_region_enabled;False;992275841864;FFIEC;FFIEC Cybersecurity Assessment Tool framework;
aws;In light of the increasing volume and sophistication of cyber threats, the Federal Financial Institutions Examination Council (FFIEC) developed the Cybersecurity Assessment Tool (Assessment), on behalf of its members, to help institutions identify their risks and determine their cybersecurity maturity.;992275841864;eu-central-1;2026-08-18 15:47:07.870888;d3-dc-ev-b-1;A normal network activity baseline is established.;Cybersecurity Controls (Domain 3);Detective Controls (DC);;aws;;FAIL;No CloudTrail trails enabled with logging were found.;arn:aws:cloudtrail:eu-central-1:992275841864:trail;cloudtrail_multi_region_enabled;False;992275841864;FFIEC;FFIEC Cybersecurity Assessment Tool framework;
aws;In light of the increasing volume and sophistication of cyber threats, the Federal Financial Institutions Examination Council (FFIEC) developed the Cybersecurity Assessment Tool (Assessment), on behalf of its members, to help institutions identify their risks and determine their cybersecurity maturity.;992275841864;eu-central-1;2026-08-18 15:47:07.870888;d3-dc-ev-b-3;Processes are in place to monitor for the presence of unauthorized users, devices, connections, and software.;Cybersecurity Controls (Domain 3);Detective Controls (DC);;aws;;FAIL;No CloudTrail trails enabled with logging were found.;arn:aws:cloudtrail:eu-central-1:992275841864:trail;cloudtrail_multi_region_enabled;False;992275841864;FFIEC;FFIEC Cybersecurity Assessment Tool framework;
aws;In light of the increasing volume and sophistication of cyber threats, the Federal Financial Institutions Examination Council (FFIEC) developed the Cybersecurity Assessment Tool (Assessment), on behalf of its members, to help institutions identify their risks and determine their cybersecurity maturity.;992275841864;eu-central-1;2026-08-18 15:47:07.870888;d3-pc-im-b-3;All ports are monitored.;Cybersecurity Controls (Domain 3);Preventative Controls (PC);;aws;;FAIL;No CloudTrail trails enabled with logging were found.;arn:aws:cloudtrail:eu-central-1:992275841864:trail;cloudtrail_multi_region_enabled;False;992275841864;FFIEC;FFIEC Cybersecurity Assessment Tool framework;
aws;In light of the increasing volume and sophistication of cyber threats, the Federal Financial Institutions Examination Council (FFIEC) developed the Cybersecurity Assessment Tool (Assessment), on behalf of its members, to help institutions identify their risks and determine their cybersecurity maturity.;992275841864;eu-central-1;2026-08-18 15:47:07.870888;d3-pc-im-b-7;Access to make changes to systems configurations (including virtual machines and hypervisors) is controlled and monitored.;Cybersecurity Controls (Domain 3);Preventative Controls (PC);;aws;;FAIL;No CloudTrail trails enabled with logging were found.;arn:aws:cloudtrail:eu-central-1:992275841864:trail;cloudtrail_multi_region_enabled;False;992275841864;FFIEC;FFIEC Cybersecurity Assessment Tool framework;
aws;In light of the increasing volume and sophistication of cyber threats, the Federal Financial Institutions Examination Council (FFIEC) developed the Cybersecurity Assessment Tool (Assessment), on behalf of its members, to help institutions identify their risks and determine their cybersecurity maturity.;992275841864;eu-central-1;2026-08-18 15:47:07.870888;d5-dr-de-b-3;Tools and processes are in place to detect, alert, and trigger the incident response program.;Cyber Incident Management and Resilience (Domain 5);Detection, Response, & Mitigation (DR);;aws;;FAIL;No CloudTrail trails enabled with logging were found.;arn:aws:cloudtrail:eu-central-1:992275841864:trail;cloudtrail_multi_region_enabled;False;992275841864;FFIEC;FFIEC Cybersecurity Assessment Tool framework;
aws;In light of the increasing volume and sophistication of cyber threats, the Federal Financial Institutions Examination Council (FFIEC) developed the Cybersecurity Assessment Tool (Assessment), on behalf of its members, to help institutions identify their risks and determine their cybersecurity maturity.;992275841864;eu-north-1;2026-08-18 15:47:07.870888;d2-ma-ma-b-1;Information security threats are gathered and shared with applicable internal employees.;Threat Intelligence and Collaboration (Domain 2);Monitoring and Analyzing (MA);;aws;;FAIL;No CloudTrail trails enabled with logging were found.;arn:aws:cloudtrail:eu-north-1:992275841864:trail;cloudtrail_multi_region_enabled;False;992275841864;FFIEC;FFIEC Cybersecurity Assessment Tool framework;
aws;In light of the increasing volume and sophistication of cyber threats, the Federal Financial Institutions Examination Council (FFIEC) developed the Cybersecurity Assessment Tool (Assessment), on behalf of its members, to help institutions identify their risks and determine their cybersecurity maturity.;992275841864;eu-north-1;2026-08-18 15:47:07.870888;d2-ma-ma-b-2;Computer event logs are used for investigations once an event has occurred.;Threat Intelligence and Collaboration (Domain 2);Monitoring and Analyzing (MA);;aws;;FAIL;No CloudTrail trails enabled with logging were found.;arn:aws:cloudtrail:eu-north-1:992275841864:trail;cloudtrail_multi_region_enabled;False;992275841864;FFIEC;FFIEC Cybersecurity Assessment Tool framework;
aws;In light of the increasing volume and sophistication of cyber threats, the Federal Financial Institutions Examination Council (FFIEC) developed the Cybersecurity Assessment Tool (Assessment), on behalf of its members, to help institutions identify their risks and determine their cybersecurity maturity.;992275841864;eu-north-1;2026-08-18 15:47:07.870888;d3-dc-an-b-3;Logs of physical and/or logical access are reviewed following events.;Cybersecurity Controls (Domain 3);Detective Controls (DC);;aws;;FAIL;No CloudTrail trails enabled with logging were found.;arn:aws:cloudtrail:eu-north-1:992275841864:trail;cloudtrail_multi_region_enabled;False;992275841864;FFIEC;FFIEC Cybersecurity Assessment Tool framework;
aws;In light of the increasing volume and sophistication of cyber threats, the Federal Financial Institutions Examination Council (FFIEC) developed the Cybersecurity Assessment Tool (Assessment), on behalf of its members, to help institutions identify their risks and determine their cybersecurity maturity.;992275841864;eu-north-1;2026-08-18 15:47:07.870888;d3-dc-an-b-4;Access to critical systems by third parties is monitored for unauthorized or unusual activity.;Cybersecurity Controls (Domain 3);Detective Controls (DC);;aws;;FAIL;No CloudTrail trails enabled with logging were found.;arn:aws:cloudtrail:eu-north-1:992275841864:trail;cloudtrail_multi_region_enabled;False;992275841864;FFIEC;FFIEC Cybersecurity Assessment Tool framework;
aws;In light of the increasing volume and sophistication of cyber threats, the Federal Financial Institutions Examination Council (FFIEC) developed the Cybersecurity Assessment Tool (Assessment), on behalf of its members, to help institutions identify their risks and determine their cybersecurity maturity.;992275841864;eu-north-1;2026-08-18 15:47:07.870888;d3-dc-an-b-5;Elevated privileges are monitored.;Cybersecurity Controls (Domain 3);Detective Controls (DC);;aws;;FAIL;No CloudTrail trails enabled with logging were found.;arn:aws:cloudtrail:eu-north-1:992275841864:trail;cloudtrail_multi_region_enabled;False;992275841864;FFIEC;FFIEC Cybersecurity Assessment Tool framework;
aws;In light of the increasing volume and sophistication of cyber threats, the Federal Financial Institutions Examination Council (FFIEC) developed the Cybersecurity Assessment Tool (Assessment), on behalf of its members, to help institutions identify their risks and determine their cybersecurity maturity.;992275841864;eu-north-1;2026-08-18 15:47:07.870888;d3-dc-ev-b-1;A normal network activity baseline is established.;Cybersecurity Controls (Domain 3);Detective Controls (DC);;aws;;FAIL;No CloudTrail trails enabled with logging were found.;arn:aws:cloudtrail:eu-north-1:992275841864:trail;cloudtrail_multi_region_enabled;False;992275841864;FFIEC;FFIEC Cybersecurity Assessment Tool framework;
aws;In light of the increasing volume and sophistication of cyber threats, the Federal Financial Institutions Examination Council (FFIEC) developed the Cybersecurity Assessment Tool (Assessment), on behalf of its members, to help institutions identify their risks and determine their cybersecurity maturity.;992275841864;eu-north-1;2026-08-18 15:47:07.870888;d3-dc-ev-b-3;Processes are in place to monitor for the presence of unauthorized users, devices, connections, and software.;Cybersecurity Controls (Domain 3);Detective Controls (DC);;aws;;FAIL;No CloudTrail trails enabled with logging were found.;arn:aws:cloudtrail:eu-north-1:992275841864:trail;cloudtrail_multi_region_enabled;False;992275841864;FFIEC;FFIEC Cybersecurity Assessment Tool framework;
aws;In light of the increasing volume and sophistication of cyber threats, the Federal Financial Institutions Examination Council (FFIEC) developed the Cybersecurity Assessment Tool (Assessment), on behalf of its members, to help institutions identify their risks and determine their cybersecurity maturity.;992275841864;eu-north-1;2026-08-18 15:47:07.870888;d3-pc-im-b-3;All ports are monitored.;Cybersecurity Controls (Domain 3);Preventative Controls (PC);;aws;;FAIL;No CloudTrail trails enabled with logging were found.;arn:aws:cloudtrail:eu-north-1:992275841864:trail;cloudtrail_multi_region_enabled;False;992275841864;FFIEC;FFIEC Cybersecurity Assessment Tool framework;
aws;In light of the increasing volume and sophistication of cyber threats, the Federal Financial Institutions Examination Council (FFIEC) developed the Cybersecurity Assessment Tool (Assessment), on behalf of its members, to help institutions identify their risks and determine their cybersecurity maturity.;992275841864;eu-north-1;2026-08-18 15:47:07.870888;d3-pc-im-b-7;Access to make changes to systems configurations (including virtual machines and hypervisors) is controlled and monitored.;Cybersecurity Controls (Domain 3);Preventative Controls (PC);;aws;;FAIL;No CloudTrail trails enabled with logging were found.;arn:aws:cloudtrail:eu-north-1:992275841864:trail;cloudtrail_multi_region_enabled;False;992275841864;FFIEC;FFIEC Cybersecurity Assessment Tool framework;
aws;In light of the increasing volume and sophistication of cyber threats, the Federal Financial Institutions Examination Council (FFIEC) developed the Cybersecurity Assessment Tool (Assessment), on behalf of its members, to help institutions identify their risks and determine their cybersecurity maturity.;992275841864;eu-north-1;2026-08-18 15:47:07.870888;d5-dr-de-b-3;Tools and processes are in place to detect, alert, and trigger the incident response program.;Cyber Incident Management and Resilience (Domain 5);Detection, Response, & Mitigation (DR);;aws;;FAIL;No CloudTrail trails enabled with logging were found.;arn:aws:cloudtrail:eu-north-1:992275841864:trail;cloudtrail_multi_region_enabled;False;992275841864;FFIEC;FFIEC Cybersecurity Assessment Tool framework;
aws;In light of the increasing volume and sophistication of cyber threats, the Federal Financial Institutions Examination Council (FFIEC) developed the Cybersecurity Assessment Tool (Assessment), on behalf of its members, to help institutions identify their risks and determine their cybersecurity maturity.;992275841864;eu-west-1;2026-08-18 15:47:07.870888;d2-ma-ma-b-1;Information security threats are gathered and shared with applicable internal employees.;Threat Intelligence and Collaboration (Domain 2);Monitoring and Analyzing (MA);;aws;;FAIL;No CloudTrail trails enabled with logging were found.;arn:aws:cloudtrail:eu-west-1:992275841864:trail;cloudtrail_multi_region_enabled;False;992275841864;FFIEC;FFIEC Cybersecurity Assessment Tool framework;
aws;In light of the increasing volume and sophistication of cyber threats, the Federal Financial Institutions Examination Council (FFIEC) developed the Cybersecurity Assessment Tool (Assessment), on behalf of its members, to help institutions identify their risks and determine their cybersecurity maturity.;992275841864;eu-west-1;2026-08-18 15:47:07.870888;d2-ma-ma-b-2;Computer event logs are used for investigations once an event has occurred.;Threat Intelligence and Collaboration (Domain 2);Monitoring and Analyzing (MA);;aws;;FAIL;No CloudTrail trails enabled with logging were found.;arn:aws:cloudtrail:eu-west-1:992275841864:trail;cloudtrail_multi_region_enabled;False;992275841864;FFIEC;FFIEC Cybersecurity Assessment Tool framework;
aws;In light of the increasing volume and sophistication of cyber threats, the Federal Financial Institutions Examination Council (FFIEC) developed the Cybersecurity Assessment Tool (Assessment), on behalf of its members, to help institutions identify their risks and determine their cybersecurity maturity.;992275841864;eu-west-1;2026-08-18 15:47:07.870888;d3-dc-an-b-3;Logs of physical and/or logical access are reviewed following events.;Cybersecurity Controls (Domain 3);Detective Controls (DC);;aws;;FAIL;No CloudTrail trails enabled with logging were found.;arn:aws:cloudtrail:eu-west-1:992275841864:trail;cloudtrail_multi_region_enabled;False;992275841864;FFIEC;FFIEC Cybersecurity Assessment Tool framework;
aws;In light of the increasing volume and sophistication of cyber threats, the Federal Financial Institutions Examination Council (FFIEC) developed the Cybersecurity Assessment Tool (Assessment), on behalf of its members, to help institutions identify their risks and determine their cybersecurity maturity.;992275841864;eu-west-1;2026-08-18 15:47:07.870888;d3-dc-an-b-4;Access to critical systems by third parties is monitored for unauthorized or unusual activity.;Cybersecurity Controls (Domain 3);Detective Controls (DC);;aws;;FAIL;No CloudTrail trails enabled with logging were found.;arn:aws:cloudtrail:eu-west-1:992275841864:trail;cloudtrail_multi_region_enabled;False;992275841864;FFIEC;FFIEC Cybersecurity Assessment Tool framework;
aws;In light of the increasing volume and sophistication of cyber threats, the Federal Financial Institutions Examination Council (FFIEC) developed the Cybersecurity Assessment Tool (Assessment), on behalf of its members, to help institutions identify their risks and determine their cybersecurity maturity.;992275841864;eu-west-1;2026-08-18 15:47:07.870888;d3-dc-an-b-5;Elevated privileges are monitored.;Cybersecurity Controls (Domain 3);Detective Controls (DC);;aws;;FAIL;No CloudTrail trails enabled with logging were found.;arn:aws:cloudtrail:eu-west-1:992275841864:trail;cloudtrail_multi_region_enabled;False;992275841864;FFIEC;FFIEC Cybersecurity Assessment Tool framework;
aws;In light of the increasing volume and sophistication of cyber threats, the Federal Financial Institutions Examination Council (FFIEC) developed the Cybersecurity Assessment Tool (Assessment), on behalf of its members, to help institutions identify their risks and determine their cybersecurity maturity.;992275841864;eu-west-1;2026-08-18 15:47:07.870888;d3-dc-ev-b-1;A normal network activity baseline is established.;Cybersecurity Controls (Domain 3);Detective Controls (DC);;aws;;FAIL;No CloudTrail trails enabled with logging were found.;arn:aws:cloudtrail:eu-west-1:992275841864:trail;cloudtrail_multi_region_enabled;False;992275841864;FFIEC;FFIEC Cybersecurity Assessment Tool framework;
aws;In light of the increasing volume and sophistication of cyber threats, the Federal Financial Institutions Examination Council (FFIEC) developed the Cybersecurity Assessment Tool (Assessment), on behalf of its members, to help institutions identify their risks and determine their cybersecurity maturity.;992275841864;eu-west-1;2026-08-18 15:47:07.870888;d3-dc-ev-b-3;Processes are in place to monitor for the presence of unauthorized users, devices, connections, and software.;Cybersecurity Controls (Domain 3);Detective Controls (DC);;aws;;FAIL;No CloudTrail trails enabled with logging were found.;arn:aws:cloudtrail:eu-west-1:992275841864:trail;cloudtrail_multi_region_enabled;False;992275841864;FFIEC;FFIEC Cybersecurity Assessment Tool framework;
aws;In light of the increasing volume and sophistication of cyber threats, the Federal Financial Institutions Examination Council (FFIEC) developed the Cybersecurity Assessment Tool (Assessment), on behalf of its members, to help institutions identify their risks and determine their cybersecurity maturity.;992275841864;eu-west-1;2026-08-18 15:47:07.870888;d3-pc-im-b-3;All ports are monitored.;Cybersecurity Controls (Domain 3);Preventative Controls (PC);;aws;;FAIL;No CloudTrail trails enabled with logging were found.;arn:aws:cloudtrail:eu-west-1:992275841864:trail;cloudtrail_multi_region_enabled;False;992275841864;FFIEC;FFIEC Cybersecurity Assessment Tool framework;
aws;In light of the increasing volume and sophistication of cyber threats, the Federal Financial Institutions Examination Council (FFIEC) developed the Cybersecurity Assessment Tool (Assessment), on behalf of its members, to help institutions identify their risks and determine their cybersecurity maturity.;992275841864;eu-west-1;2026-08-18 15:47:07.870888;d3-pc-im-b-7;Access to make changes to systems configurations (including virtual machines and hypervisors) is controlled and monitored.;Cybersecurity Controls (Domain 3);Preventative Controls (PC);;aws;;FAIL;No CloudTrail trails enabled with logging were found.;arn:aws:cloudtrail:eu-west-1:992275841864:trail;cloudtrail_multi_region_enabled;False;992275841864;FFIEC;FFIEC Cybersecurity Assessment Tool framework;
aws;In light of the increasing volume and sophistication of cyber threats, the Federal Financial Institutions Examination Council (FFIEC) developed the Cybersecurity Assessment Tool (Assessment), on behalf of its members, to help institutions identify their risks and determine their cybersecurity maturity.;992275841864;eu-west-1;2026-08-18 15:47:07.870888;d5-dr-de-b-3;Tools and processes are in place to detect, alert, and trigger the incident response program.;Cyber Incident Management and Resilience (Domain 5);Detection, Response, & Mitigation (DR);;aws;;FAIL;No CloudTrail trails enabled with logging were found.;arn:aws:cloudtrail:eu-west-1:992275841864:trail;cloudtrail_multi_region_enabled;False;992275841864;FFIEC;FFIEC Cybersecurity Assessment Tool framework;
aws;In light of the increasing volume and sophistication of cyber threats, the Federal Financial Institutions Examination Council (FFIEC) developed the Cybersecurity Assessment Tool (Assessment), on behalf of its members, to help institutions identify their risks and determine their cybersecurity maturity.;992275841864;eu-west-2;2026-08-18 15:47:07.870888;d2-ma-ma-b-1;Information security threats are gathered and shared with applicable internal employees.;Threat Intelligence and Collaboration (Domain 2);Monitoring and Analyzing (MA);;aws;;FAIL;No CloudTrail trails enabled with logging were found.;arn:aws:cloudtrail:eu-west-2:992275841864:trail;cloudtrail_multi_region_enabled;False;992275841864;FFIEC;FFIEC Cybersecurity Assessment Tool framework;
aws;In light of the increasing volume and sophistication of cyber threats, the Federal Financial Institutions Examination Council (FFIEC) developed the Cybersecurity Assessment Tool (Assessment), on behalf of its members, to help institutions identify their risks and determine their cybersecurity maturity.;992275841864;eu-west-2;2026-08-18 15:47:07.870888;d2-ma-ma-b-2;Computer event logs are used for investigations once an event has occurred.;Threat Intelligence and Collaboration (Domain 2);Monitoring and Analyzing (MA);;aws;;FAIL;No CloudTrail trails enabled with logging were found.;arn:aws:cloudtrail:eu-west-2:992275841864:trail;cloudtrail_multi_region_enabled;False;992275841864;FFIEC;FFIEC Cybersecurity Assessment Tool framework;
aws;In light of the increasing volume and sophistication of cyber threats, the Federal Financial Institutions Examination Council (FFIEC) developed the Cybersecurity Assessment Tool (Assessment), on behalf of its members, to help institutions identify their risks and determine their cybersecurity maturity.;992275841864;eu-west-2;2026-08-18 15:47:07.870888;d3-dc-an-b-3;Logs of physical and/or logical access are reviewed following events.;Cybersecurity Controls (Domain 3);Detective Controls (DC);;aws;;FAIL;No CloudTrail trails enabled with logging were found.;arn:aws:cloudtrail:eu-west-2:992275841864:trail;cloudtrail_multi_region_enabled;False;992275841864;FFIEC;FFIEC Cybersecurity Assessment Tool framework;
aws;In light of the increasing volume and sophistication of cyber threats, the Federal Financial Institutions Examination Council (FFIEC) developed the Cybersecurity Assessment Tool (Assessment), on behalf of its members, to help institutions identify their risks and determine their cybersecurity maturity.;992275841864;eu-west-2;2026-08-18 15:47:07.870888;d3-dc-an-b-4;Access to critical systems by third parties is monitored for unauthorized or unusual activity.;Cybersecurity Controls (Domain 3);Detective Controls (DC);;aws;;FAIL;No CloudTrail trails enabled with logging were found.;arn:aws:cloudtrail:eu-west-2:992275841864:trail;cloudtrail_multi_region_enabled;False;992275841864;FFIEC;FFIEC Cybersecurity Assessment Tool framework;
aws;In light of the increasing volume and sophistication of cyber threats, the Federal Financial Institutions Examination Council (FFIEC) developed the Cybersecurity Assessment Tool (Assessment), on behalf of its members, to help institutions identify their risks and determine their cybersecurity maturity.;992275841864;eu-west-2;2026-08-18 15:47:07.870888;d3-dc-an-b-5;Elevated privileges are monitored.;Cybersecurity Controls (Domain 3);Detective Controls (DC);;aws;;FAIL;No CloudTrail trails enabled with logging were found.;arn:aws:cloudtrail:eu-west-2:992275841864:trail;cloudtrail_multi_region_enabled;False;992275841864;FFIEC;FFIEC Cybersecurity Assessment Tool framework;
aws;In light of the increasing volume and sophistication of cyber threats, the Federal Financial Institutions Examination Council (FFIEC) developed the Cybersecurity Assessment Tool (Assessment), on behalf of its members, to help institutions identify their risks and determine their cybersecurity maturity.;992275841864;eu-west-2;2026-08-18 15:47:07.870888;d3-dc-ev-b-1;A normal network activity baseline is established.;Cybersecurity Controls (Domain 3);Detective Controls (DC);;aws;;FAIL;No CloudTrail trails enabled with logging were found.;arn:aws:cloudtrail:eu-west-2:992275841864:trail;cloudtrail_multi_region_enabled;False;992275841864;FFIEC;FFIEC Cybersecurity Assessment Tool framework;
aws;In light of the increasing volume and sophistication of cyber threats, the Federal Financial Institutions Examination Council (FFIEC) developed the Cybersecurity Assessment Tool (Assessment), on behalf of its members, to help institutions identify their risks and determine their cybersecurity maturity.;992275841864;eu-west-2;2026-08-18 15:47:07.870888;d3-dc-ev-b-3;Processes are in place to monitor for the presence of unauthorized users, devices, connections, and software.;Cybersecurity Controls (Domain 3);Detective Controls (DC);;aws;;FAIL;No CloudTrail trails enabled with logging were found.;arn:aws:cloudtrail:eu-west-2:992275841864:trail;cloudtrail_multi_region_enabled;False;992275841864;FFIEC;FFIEC Cybersecurity Assessment Tool framework;
aws;In light of the increasing volume and sophistication of cyber threats, the Federal Financial Institutions Examination Council (FFIEC) developed the Cybersecurity Assessment Tool (Assessment), on behalf of its members, to help institutions identify their risks and determine their cybersecurity maturity.;992275841864;eu-west-2;2026-08-18 15:47:07.870888;d3-pc-im-b-3;All ports are monitored.;Cybersecurity Controls (Domain 3);Preventative Controls (PC);;aws;;FAIL;No CloudTrail trails enabled with logging were found.;arn:aws:cloudtrail:eu-west-2:992275841864:trail;cloudtrail_multi_region_enabled;False;992275841864;FFIEC;FFIEC Cybersecurity Assessment Tool framework;
aws;In light of the increasing volume and sophistication of cyber threats, the Federal Financial Institutions Examination Council (FFIEC) developed the Cybersecurity Assessment Tool (Assessment), on behalf of its members, to help institutions identify their risks and determine their cybersecurity maturity.;992275841864;eu-west-2;2026-08-18 15:47:07.870888;d3-pc-im-b-7;Access to make changes to systems configurations (including virtual machines and hypervisors) is controlled and monitored.;Cybersecurity Controls (Domain 3);Preventative Controls (PC);;aws;;FAIL;No CloudTrail trails enabled with logging were found.;arn:aws:cloudtrail:eu-west-2:992275841864:trail;cloudtrail_multi_region_enabled;False;992275841864;FFIEC;FFIEC Cybersecurity Assessment Tool framework;
aws;In light of the increasing volume and sophistication of cyber threats, the Federal Financial Institutions Examination Council (FFIEC) developed the Cybersecurity Assessment Tool (Assessment), on behalf of its members, to help institutions identify their risks and determine their cybersecurity maturity.;992275841864;eu-west-2;2026-08-18 15:47:07.870888;d5-dr-de-b-3;Tools and processes are in place to detect, alert, and trigger the incident response program.;Cyber Incident Management and Resilience (Domain 5);Detection, Response, & Mitigation (DR);;aws;;FAIL;No CloudTrail trails enabled with logging were found.;arn:aws:cloudtrail:eu-west-2:992275841864:trail;cloudtrail_multi_region_enabled;False;992275841864;FFIEC;FFIEC Cybersecurity Assessment Tool framework;
aws;In light of the increasing volume and sophistication of cyber threats, the Federal Financial Institutions Examination Council (FFIEC) developed the Cybersecurity Assessment Tool (Assessment), on behalf of its members, to help institutions identify their risks and determine their cybersecurity maturity.;992275841864;eu-west-3;2026-08-18 15:47:07.870888;d2-ma-ma-b-1;Information security threats are gathered and shared with applicable internal employees.;Threat Intelligence and Collaboration (Domain 2);Monitoring and Analyzing (MA);;aws;;FAIL;No CloudTrail trails enabled with logging were found.;arn:aws:cloudtrail:eu-west-3:992275841864:trail;cloudtrail_multi_region_enabled;False;992275841864;FFIEC;FFIEC Cybersecurity Assessment Tool framework;
aws;In light of the increasing volume and sophistication of cyber threats, the Federal Financial Institutions Examination Council (FFIEC) developed the Cybersecurity Assessment Tool (Assessment), on behalf of its members, to help institutions identify their risks and determine their cybersecurity maturity.;992275841864;eu-west-3;2026-08-18 15:47:07.870888;d2-ma-ma-b-2;Computer event logs are used for investigations once an event has occurred.;Threat Intelligence and Collaboration (Domain 2);Monitoring and Analyzing (MA);;aws;;FAIL;No CloudTrail trails enabled with logging were found.;arn:aws:cloudtrail:eu-west-3:992275841864:trail;cloudtrail_multi_region_enabled;False;992275841864;FFIEC;FFIEC Cybersecurity Assessment Tool framework;
aws;In light of the increasing volume and sophistication of cyber threats, the Federal Financial Institutions Examination Council (FFIEC) developed the Cybersecurity Assessment Tool (Assessment), on behalf of its members, to help institutions identify their risks and determine their cybersecurity maturity.;992275841864;eu-west-3;2026-08-18 15:47:07.870888;d3-dc-an-b-3;Logs of physical and/or logical access are reviewed following events.;Cybersecurity Controls (Domain 3);Detective Controls (DC);;aws;;FAIL;No CloudTrail trails enabled with logging were found.;arn:aws:cloudtrail:eu-west-3:992275841864:trail;cloudtrail_multi_region_enabled;False;992275841864;FFIEC;FFIEC Cybersecurity Assessment Tool framework;
aws;In light of the increasing volume and sophistication of cyber threats, the Federal Financial Institutions Examination Council (FFIEC) developed the Cybersecurity Assessment Tool (Assessment), on behalf of its members, to help institutions identify their risks and determine their cybersecurity maturity.;992275841864;eu-west-3;2026-08-18 15:47:07.870888;d3-dc-an-b-4;Access to critical systems by third parties is monitored for unauthorized or unusual activity.;Cybersecurity Controls (Domain 3);Detective Controls (DC);;aws;;FAIL;No CloudTrail trails enabled with logging were found.;arn:aws:cloudtrail:eu-west-3:992275841864:trail;cloudtrail_multi_region_enabled;False;992275841864;FFIEC;FFIEC Cybersecurity Assessment Tool framework;
aws;In light of the increasing volume and sophistication of cyber threats, the Federal Financial Institutions Examination Council (FFIEC) developed the Cybersecurity Assessment Tool (Assessment), on behalf of its members, to help institutions identify their risks and determine their cybersecurity maturity.;992275841864;eu-west-3;2026-08-18 15:47:07.870888;d3-dc-an-b-5;Elevated privileges are monitored.;Cybersecurity Controls (Domain 3);Detective Controls (DC);;aws;;FAIL;No CloudTrail trails enabled with logging were found.;arn:aws:cloudtrail:eu-west-3:992275841864:trail;cloudtrail_multi_region_enabled;False;992275841864;FFIEC;FFIEC Cybersecurity Assessment Tool framework;
aws;In light of the increasing volume and sophistication of cyber threats, the Federal Financial Institutions Examination Council (FFIEC) developed the Cybersecurity Assessment Tool (Assessment), on behalf of its members, to help institutions identify their risks and determine their cybersecurity maturity.;992275841864;eu-west-3;2026-08-18 15:47:07.870888;d3-dc-ev-b-1;A normal network activity baseline is established.;Cybersecurity Controls (Domain 3);Detective Controls (DC);;aws;;FAIL;No CloudTrail trails enabled with logging were found.;arn:aws:cloudtrail:eu-west-3:992275841864:trail;cloudtrail_multi_region_enabled;False;992275841864;FFIEC;FFIEC Cybersecurity Assessment Tool framework;
aws;In light of the increasing volume and sophistication of cyber threats, the Federal Financial Institutions Examination Council (FFIEC) developed the Cybersecurity Assessment Tool (Assessment), on behalf of its members, to help institutions identify their risks and determine their cybersecurity maturity.;992275841864;eu-west-3;2026-08-18 15:47:07.870888;d3-dc-ev-b-3;Processes are in place to monitor for the presence of unauthorized users, devices, connections, and software.;Cybersecurity Controls (Domain 3);Detective Controls (DC);;aws;;FAIL;No CloudTrail trails enabled with logging were found.;arn:aws:cloudtrail:eu-west-3:992275841864:trail;cloudtrail_multi_region_enabled;False;992275841864;FFIEC;FFIEC Cybersecurity Assessment Tool framework;
aws;In light of the increasing volume and sophistication of cyber threats, the Federal Financial Institutions Examination Council (FFIEC) developed the Cybersecurity Assessment Tool (Assessment), on behalf of its members, to help institutions identify their risks and determine their cybersecurity maturity.;992275841864;eu-west-3;2026-08-18 15:47:07.870888;d3-pc-im-b-3;All ports are monitored.;Cybersecurity Controls (Domain 3);Preventative Controls (PC);;aws;;FAIL;No CloudTrail trails enabled with logging were found.;arn:aws:cloudtrail:eu-west-3:992275841864:trail;cloudtrail_multi_region_enabled;False;992275841864;FFIEC;FFIEC Cybersecurity Assessment Tool framework;
aws;In light of the increasing volume and sophistication of cyber threats, the Federal Financial Institutions Examination Council (FFIEC) developed the Cybersecurity Assessment Tool (Assessment), on behalf of its members, to help institutions identify their risks and determine their cybersecurity maturity.;992275841864;eu-west-3;2026-08-18 15:47:07.870888;d3-pc-im-b-7;Access to make changes to systems configurations (including virtual machines and hypervisors) is controlled and monitored.;Cybersecurity Controls (Domain 3);Preventative Controls (PC);;aws;;FAIL;No CloudTrail trails enabled with logging were found.;arn:aws:cloudtrail:eu-west-3:992275841864:trail;cloudtrail_multi_region_enabled;False;992275841864;FFIEC;FFIEC Cybersecurity Assessment Tool framework;
aws;In light of the increasing volume and sophistication of cyber threats, the Federal Financial Institutions Examination Council (FFIEC) developed the Cybersecurity Assessment Tool (Assessment), on behalf of its members, to help institutions identify their risks and determine their cybersecurity maturity.;992275841864;eu-west-3;2026-08-18 15:47:07.870888;d5-dr-de-b-3;Tools and processes are in place to detect, alert, and trigger the incident response program.;Cyber Incident Management and Resilience (Domain 5);Detection, Response, & Mitigation (DR);;aws;;FAIL;No CloudTrail trails enabled with logging were found.;arn:aws:cloudtrail:eu-west-3:992275841864:trail;cloudtrail_multi_region_enabled;False;992275841864;FFIEC;FFIEC Cybersecurity Assessment Tool framework;
aws;In light of the increasing volume and sophistication of cyber threats, the Federal Financial Institutions Examination Council (FFIEC) developed the Cybersecurity Assessment Tool (Assessment), on behalf of its members, to help institutions identify their risks and determine their cybersecurity maturity.;992275841864;sa-east-1;2026-08-18 15:47:07.870888;d2-ma-ma-b-1;Information security threats are gathered and shared with applicable internal employees.;Threat Intelligence and Collaboration (Domain 2);Monitoring and Analyzing (MA);;aws;;FAIL;No CloudTrail trails enabled with logging were found.;arn:aws:cloudtrail:sa-east-1:992275841864:trail;cloudtrail_multi_region_enabled;False;992275841864;FFIEC;FFIEC Cybersecurity Assessment Tool framework;
aws;In light of the increasing volume and sophistication of cyber threats, the Federal Financial Institutions Examination Council (FFIEC) developed the Cybersecurity Assessment Tool (Assessment), on behalf of its members, to help institutions identify their risks and determine their cybersecurity maturity.;992275841864;sa-east-1;2026-08-18 15:47:07.870888;d2-ma-ma-b-2;Computer event logs are used for investigations once an event has occurred.;Threat Intelligence and Collaboration (Domain 2);Monitoring and Analyzing (MA);;aws;;FAIL;No CloudTrail trails enabled with logging were found.;arn:aws:cloudtrail:sa-east-1:992275841864:trail;cloudtrail_multi_region_enabled;False;992275841864;FFIEC;FFIEC Cybersecurity Assessment Tool framework;
aws;In light of the increasing volume and sophistication of cyber threats, the Federal Financial Institutions Examination Council (FFIEC) developed the Cybersecurity Assessment Tool (Assessment), on behalf of its members, to help institutions identify their risks and determine their cybersecurity maturity.;992275841864;sa-east-1;2026-08-18 15:47:07.870888;d3-dc-an-b-3;Logs of physical and/or logical access are reviewed following events.;Cybersecurity Controls (Domain 3);Detective Controls (DC);;aws;;FAIL;No CloudTrail trails enabled with logging were found.;arn:aws:cloudtrail:sa-east-1:992275841864:trail;cloudtrail_multi_region_enabled;False;992275841864;FFIEC;FFIEC Cybersecurity Assessment Tool framework;
aws;In light of the increasing volume and sophistication of cyber threats, the Federal Financial Institutions Examination Council (FFIEC) developed the Cybersecurity Assessment Tool (Assessment), on behalf of its members, to help institutions identify their risks and determine their cybersecurity maturity.;992275841864;sa-east-1;2026-08-18 15:47:07.870888;d3-dc-an-b-4;Access to critical systems by third parties is monitored for unauthorized or unusual activity.;Cybersecurity Controls (Domain 3);Detective Controls (DC);;aws;;FAIL;No CloudTrail trails enabled with logging were found.;arn:aws:cloudtrail:sa-east-1:992275841864:trail;cloudtrail_multi_region_enabled;False;992275841864;FFIEC;FFIEC Cybersecurity Assessment Tool framework;
aws;In light of the increasing volume and sophistication of cyber threats, the Federal Financial Institutions Examination Council (FFIEC) developed the Cybersecurity Assessment Tool (Assessment), on behalf of its members, to help institutions identify their risks and determine their cybersecurity maturity.;992275841864;sa-east-1;2026-08-18 15:47:07.870888;d3-dc-an-b-5;Elevated privileges are monitored.;Cybersecurity Controls (Domain 3);Detective Controls (DC);;aws;;FAIL;No CloudTrail trails enabled with logging were found.;arn:aws:cloudtrail:sa-east-1:992275841864:trail;cloudtrail_multi_region_enabled;False;992275841864;FFIEC;FFIEC Cybersecurity Assessment Tool framework;
aws;In light of the increasing volume and sophistication of cyber threats, the Federal Financial Institutions Examination Council (FFIEC) developed the Cybersecurity Assessment Tool (Assessment), on behalf of its members, to help institutions identify their risks and determine their cybersecurity maturity.;992275841864;sa-east-1;2026-08-18 15:47:07.870888;d3-dc-ev-b-1;A normal network activity baseline is established.;Cybersecurity Controls (Domain 3);Detective Controls (DC);;aws;;FAIL;No CloudTrail trails enabled with logging were found.;arn:aws:cloudtrail:sa-east-1:992275841864:trail;cloudtrail_multi_region_enabled;False;992275841864;FFIEC;FFIEC Cybersecurity Assessment Tool framework;
aws;In light of the increasing volume and sophistication of cyber threats, the Federal Financial Institutions Examination Council (FFIEC) developed the Cybersecurity Assessment Tool (Assessment), on behalf of its members, to help institutions identify their risks and determine their cybersecurity maturity.;992275841864;sa-east-1;2026-08-18 15:47:07.870888;d3-dc-ev-b-3;Processes are in place to monitor for the presence of unauthorized users, devices, connections, and software.;Cybersecurity Controls (Domain 3);Detective Controls (DC);;aws;;FAIL;No CloudTrail trails enabled with logging were found.;arn:aws:cloudtrail:sa-east-1:992275841864:trail;cloudtrail_multi_region_enabled;False;992275841864;FFIEC;FFIEC Cybersecurity Assessment Tool framework;
aws;In light of the increasing volume and sophistication of cyber threats, the Federal Financial Institutions Examination Council (FFIEC) developed the Cybersecurity Assessment Tool (Assessment), on behalf of its members, to help institutions identify their risks and determine their cybersecurity maturity.;992275841864;sa-east-1;2026-08-18 15:47:07.870888;d3-pc-im-b-3;All ports are monitored.;Cybersecurity Controls (Domain 3);Preventative Controls (PC);;aws;;FAIL;No CloudTrail trails enabled with logging were found.;arn:aws:cloudtrail:sa-east-1:992275841864:trail;cloudtrail_multi_region_enabled;False;992275841864;FFIEC;FFIEC Cybersecurity Assessment Tool framework;
aws;In light of the increasing volume and sophistication of cyber threats, the Federal Financial Institutions Examination Council (FFIEC) developed the Cybersecurity Assessment Tool (Assessment), on behalf of its members, to help institutions identify their risks and determine their cybersecurity maturity.;992275841864;sa-east-1;2026-08-18 15:47:07.870888;d3-pc-im-b-7;Access to make changes to systems configurations (including virtual machines and hypervisors) is controlled and monitored.;Cybersecurity Controls (Domain 3);Preventative Controls (PC);;aws;;FAIL;No CloudTrail trails enabled with logging were found.;arn:aws:cloudtrail:sa-east-1:992275841864:trail;cloudtrail_multi_region_enabled;False;992275841864;FFIEC;FFIEC Cybersecurity Assessment Tool framework;
aws;In light of the increasing volume and sophistication of cyber threats, the Federal Financial Institutions Examination Council (FFIEC) developed the Cybersecurity Assessment Tool (Assessment), on behalf of its members, to help institutions identify their risks and determine their cybersecurity maturity.;992275841864;sa-east-1;2026-08-18 15:47:07.870888;d5-dr-de-b-3;Tools and processes are in place to detect, alert, and trigger the incident response program.;Cyber Incident Management and Resilience (Domain 5);Detection, Response, & Mitigation (DR);;aws;;FAIL;No CloudTrail trails enabled with logging were found.;arn:aws:cloudtrail:sa-east-1:992275841864:trail;cloudtrail_multi_region_enabled;False;992275841864;FFIEC;FFIEC Cybersecurity Assessment Tool framework;
aws;In light of the increasing volume and sophistication of cyber threats, the Federal Financial Institutions Examination Council (FFIEC) developed the Cybersecurity Assessment Tool (Assessment), on behalf of its members, to help institutions identify their risks and determine their cybersecurity maturity.;992275841864;us-east-1;2026-08-18 15:47:07.870888;d2-ma-ma-b-1;Information security threats are gathered and shared with applicable internal employees.;Threat Intelligence and Collaboration (Domain 2);Monitoring and Analyzing (MA);;aws;;FAIL;No CloudTrail trails enabled with logging were found.;arn:aws:cloudtrail:us-east-1:992275841864:trail;cloudtrail_multi_region_enabled;False;992275841864;FFIEC;FFIEC Cybersecurity Assessment Tool framework;
aws;In light of the increasing volume and sophistication of cyber threats, the Federal Financial Institutions Examination Council (FFIEC) developed the Cybersecurity Assessment Tool (Assessment), on behalf of its members, to help institutions identify their risks and determine their cybersecurity maturity.;992275841864;us-east-1;2026-08-18 15:47:07.870888;d2-ma-ma-b-2;Computer event logs are used for investigations once an event has occurred.;Threat Intelligence and Collaboration (Domain 2);Monitoring and Analyzing (MA);;aws;;FAIL;No CloudTrail trails enabled with logging were found.;arn:aws:cloudtrail:us-east-1:992275841864:trail;cloudtrail_multi_region_enabled;False;992275841864;FFIEC;FFIEC Cybersecurity Assessment Tool framework;
aws;In light of the increasing volume and sophistication of cyber threats, the Federal Financial Institutions Examination Council (FFIEC) developed the Cybersecurity Assessment Tool (Assessment), on behalf of its members, to help institutions identify their risks and determine their cybersecurity maturity.;992275841864;us-east-1;2026-08-18 15:47:07.870888;d3-dc-an-b-3;Logs of physical and/or logical access are reviewed following events.;Cybersecurity Controls (Domain 3);Detective Controls (DC);;aws;;FAIL;No CloudTrail trails enabled with logging were found.;arn:aws:cloudtrail:us-east-1:992275841864:trail;cloudtrail_multi_region_enabled;False;992275841864;FFIEC;FFIEC Cybersecurity Assessment Tool framework;
aws;In light of the increasing volume and sophistication of cyber threats, the Federal Financial Institutions Examination Council (FFIEC) developed the Cybersecurity Assessment Tool (Assessment), on behalf of its members, to help institutions identify their risks and determine their cybersecurity maturity.;992275841864;us-east-1;2026-08-18 15:47:07.870888;d3-dc-an-b-4;Access to critical systems by third parties is monitored for unauthorized or unusual activity.;Cybersecurity Controls (Domain 3);Detective Controls (DC);;aws;;FAIL;No CloudTrail trails enabled with logging were found.;arn:aws:cloudtrail:us-east-1:992275841864:trail;cloudtrail_multi_region_enabled;False;992275841864;FFIEC;FFIEC Cybersecurity Assessment Tool framework;
aws;In light of the increasing volume and sophistication of cyber threats, the Federal Financial Institutions Examination Council (FFIEC) developed the Cybersecurity Assessment Tool (Assessment), on behalf of its members, to help institutions identify their risks and determine their cybersecurity maturity.;992275841864;us-east-1;2026-08-18 15:47:07.870888;d3-dc-an-b-5;Elevated privileges are monitored.;Cybersecurity Controls (Domain 3);Detective Controls (DC);;aws;;FAIL;No CloudTrail trails enabled with logging were found.;arn:aws:cloudtrail:us-east-1:992275841864:trail;cloudtrail_multi_region_enabled;False;992275841864;FFIEC;FFIEC Cybersecurity Assessment Tool framework;
aws;In light of the increasing volume and sophistication of cyber threats, the Federal Financial Institutions Examination Council (FFIEC) developed the Cybersecurity Assessment Tool (Assessment), on behalf of its members, to help institutions identify their risks and determine their cybersecurity maturity.;992275841864;us-east-1;2026-08-18 15:47:07.870888;d3-dc-ev-b-1;A normal network activity baseline is established.;Cybersecurity Controls (Domain 3);Detective Controls (DC);;aws;;FAIL;No CloudTrail trails enabled with logging were found.;arn:aws:cloudtrail:us-east-1:992275841864:trail;cloudtrail_multi_region_enabled;False;992275841864;FFIEC;FFIEC Cybersecurity Assessment Tool framework;
aws;In light of the increasing volume and sophistication of cyber threats, the Federal Financial Institutions Examination Council (FFIEC) developed the Cybersecurity Assessment Tool (Assessment), on behalf of its members, to help institutions identify their risks and determine their cybersecurity maturity.;992275841864;us-east-1;2026-08-18 15:47:07.870888;d3-dc-ev-b-3;Processes are in place to monitor for the presence of unauthorized users, devices, connections, and software.;Cybersecurity Controls (Domain 3);Detective Controls (DC);;aws;;FAIL;No CloudTrail trails enabled with logging were found.;arn:aws:cloudtrail:us-east-1:992275841864:trail;cloudtrail_multi_region_enabled;False;992275841864;FFIEC;FFIEC Cybersecurity Assessment Tool framework;
aws;In light of the increasing volume and sophistication of cyber threats, the Federal Financial Institutions Examination Council (FFIEC) developed the Cybersecurity Assessment Tool (Assessment), on behalf of its members, to help institutions identify their risks and determine their cybersecurity maturity.;992275841864;us-east-1;2026-08-18 15:47:07.870888;d3-pc-im-b-3;All ports are monitored.;Cybersecurity Controls (Domain 3);Preventative Controls (PC);;aws;;FAIL;No CloudTrail trails enabled with logging were found.;arn:aws:cloudtrail:us-east-1:992275841864:trail;cloudtrail_multi_region_enabled;False;992275841864;FFIEC;FFIEC Cybersecurity Assessment Tool framework;
aws;In light of the increasing volume and sophistication of cyber threats, the Federal Financial Institutions Examination Council (FFIEC) developed the Cybersecurity Assessment Tool (Assessment), on behalf of its members, to help institutions identify their risks and determine their cybersecurity maturity.;992275841864;us-east-1;2026-08-18 15:47:07.870888;d3-pc-im-b-7;Access to make changes to systems configurations (including virtual machines and hypervisors) is controlled and monitored.;Cybersecurity Controls (Domain 3);Preventative Controls (PC);;aws;;FAIL;No CloudTrail trails enabled with logging were found.;arn:aws:cloudtrail:us-east-1:992275841864:trail;cloudtrail_multi_region_enabled;False;992275841864;FFIEC;FFIEC Cybersecurity Assessment Tool framework;
aws;In light of the increasing volume and sophistication of cyber threats, the Federal Financial Institutions Examination Council (FFIEC) developed the Cybersecurity Assessment Tool (Assessment), on behalf of its members, to help institutions identify their risks and determine their cybersecurity maturity.;992275841864;us-east-1;2026-08-18 15:47:07.870888;d5-dr-de-b-3;Tools and processes are in place to detect, alert, and trigger the incident response program.;Cyber Incident Management and Resilience (Domain 5);Detection, Response, & Mitigation (DR);;aws;;FAIL;No CloudTrail trails enabled with logging were found.;arn:aws:cloudtrail:us-east-1:992275841864:trail;cloudtrail_multi_region_enabled;False;992275841864;FFIEC;FFIEC Cybersecurity Assessment Tool framework;
aws;In light of the increasing volume and sophistication of cyber threats, the Federal Financial Institutions Examination Council (FFIEC) developed the Cybersecurity Assessment Tool (Assessment), on behalf of its members, to help institutions identify their risks and determine their cybersecurity maturity.;992275841864;us-east-2;2026-08-18 15:47:07.870888;d2-ma-ma-b-1;Information security threats are gathered and shared with applicable internal employees.;Threat Intelligence and Collaboration (Domain 2);Monitoring and Analyzing (MA);;aws;;FAIL;No CloudTrail trails enabled with logging were found.;arn:aws:cloudtrail:us-east-2:992275841864:trail;cloudtrail_multi_region_enabled;False;992275841864;FFIEC;FFIEC Cybersecurity Assessment Tool framework;
aws;In light of the increasing volume and sophistication of cyber threats, the Federal Financial Institutions Examination Council (FFIEC) developed the Cybersecurity Assessment Tool (Assessment), on behalf of its members, to help institutions identify their risks and determine their cybersecurity maturity.;992275841864;us-east-2;2026-08-18 15:47:07.870888;d2-ma-ma-b-2;Computer event logs are used for investigations once an event has occurred.;Threat Intelligence and Collaboration (Domain 2);Monitoring and Analyzing (MA);;aws;;FAIL;No CloudTrail trails enabled with logging were found.;arn:aws:cloudtrail:us-east-2:992275841864:trail;cloudtrail_multi_region_enabled;False;992275841864;FFIEC;FFIEC Cybersecurity Assessment Tool framework;
aws;In light of the increasing volume and sophistication of cyber threats, the Federal Financial Institutions Examination Council (FFIEC) developed the Cybersecurity Assessment Tool (Assessment), on behalf of its members, to help institutions identify their risks and determine their cybersecurity maturity.;992275841864;us-east-2;2026-08-18 15:47:07.870888;d3-dc-an-b-3;Logs of physical and/or logical access are reviewed following events.;Cybersecurity Controls (Domain 3);Detective Controls (DC);;aws;;FAIL;No CloudTrail trails enabled with logging were found.;arn:aws:cloudtrail:us-east-2:992275841864:trail;cloudtrail_multi_region_enabled;False;992275841864;FFIEC;FFIEC Cybersecurity Assessment Tool framework;
aws;In light of the increasing volume and sophistication of cyber threats, the Federal Financial Institutions Examination Council (FFIEC) developed the Cybersecurity Assessment Tool (Assessment), on behalf of its members, to help institutions identify their risks and determine their cybersecurity maturity.;992275841864;us-east-2;2026-08-18 15:47:07.870888;d3-dc-an-b-4;Access to critical systems by third parties is monitored for unauthorized or unusual activity.;Cybersecurity Controls (Domain 3);Detective Controls (DC);;aws;;FAIL;No CloudTrail trails enabled with logging were found.;arn:aws:cloudtrail:us-east-2:992275841864:trail;cloudtrail_multi_region_enabled;False;992275841864;FFIEC;FFIEC Cybersecurity Assessment Tool framework;
aws;In light of the increasing volume and sophistication of cyber threats, the Federal Financial Institutions Examination Council (FFIEC) developed the Cybersecurity Assessment Tool (Assessment), on behalf of its members, to help institutions identify their risks and determine their cybersecurity maturity.;992275841864;us-east-2;2026-08-18 15:47:07.870888;d3-dc-an-b-5;Elevated privileges are monitored.;Cybersecurity Controls (Domain 3);Detective Controls (DC);;aws;;FAIL;No CloudTrail trails enabled with logging were found.;arn:aws:cloudtrail:us-east-2:992275841864:trail;cloudtrail_multi_region_enabled;False;992275841864;FFIEC;FFIEC Cybersecurity Assessment Tool framework;
aws;In light of the increasing volume and sophistication of cyber threats, the Federal Financial Institutions Examination Council (FFIEC) developed the Cybersecurity Assessment Tool (Assessment), on behalf of its members, to help institutions identify their risks and determine their cybersecurity maturity.;992275841864;us-east-2;2026-08-18 15:47:07.870888;d3-dc-ev-b-1;A normal network activity baseline is established.;Cybersecurity Controls (Domain 3);Detective Controls (DC);;aws;;FAIL;No CloudTrail trails enabled with logging were found.;arn:aws:cloudtrail:us-east-2:992275841864:trail;cloudtrail_multi_region_enabled;False;992275841864;FFIEC;FFIEC Cybersecurity Assessment Tool framework;
aws;In light of the increasing volume and sophistication of cyber threats, the Federal Financial Institutions Examination Council (FFIEC) developed the Cybersecurity Assessment Tool (Assessment), on behalf of its members, to help institutions identify their risks and determine their cybersecurity maturity.;992275841864;us-east-2;2026-08-18 15:47:07.870888;d3-dc-ev-b-3;Processes are in place to monitor for the presence of unauthorized users, devices, connections, and software.;Cybersecurity Controls (Domain 3);Detective Controls (DC);;aws;;FAIL;No CloudTrail trails enabled with logging were found.;arn:aws:cloudtrail:us-east-2:992275841864:trail;cloudtrail_multi_region_enabled;False;992275841864;FFIEC;FFIEC Cybersecurity Assessment Tool framework;
aws;In light of the increasing volume and sophistication of cyber threats, the Federal Financial Institutions Examination Council (FFIEC) developed the Cybersecurity Assessment Tool (Assessment), on behalf of its members, to help institutions identify their risks and determine their cybersecurity maturity.;992275841864;us-east-2;2026-08-18 15:47:07.870888;d3-pc-im-b-3;All ports are monitored.;Cybersecurity Controls (Domain 3);Preventative Controls (PC);;aws;;FAIL;No CloudTrail trails enabled with logging were found.;arn:aws:cloudtrail:us-east-2:992275841864:trail;cloudtrail_multi_region_enabled;False;992275841864;FFIEC;FFIEC Cybersecurity Assessment Tool framework;
aws;In light of the increasing volume and sophistication of cyber threats, the Federal Financial Institutions Examination Council (FFIEC) developed the Cybersecurity Assessment Tool (Assessment), on behalf of its members, to help institutions identify their risks and determine their cybersecurity maturity.;992275841864;us-east-2;2026-08-18 15:47:07.870888;d3-pc-im-b-7;Access to make changes to systems configurations (including virtual machines and hypervisors) is controlled and monitored.;Cybersecurity Controls (Domain 3);Preventative Controls (PC);;aws;;FAIL;No CloudTrail trails enabled with logging were found.;arn:aws:cloudtrail:us-east-2:992275841864:trail;cloudtrail_multi_region_enabled;False;992275841864;FFIEC;FFIEC Cybersecurity Assessment Tool framework;
aws;In light of the increasing volume and sophistication of cyber threats, the Federal Financial Institutions Examination Council (FFIEC) developed the Cybersecurity Assessment Tool (Assessment), on behalf of its members, to help institutions identify their risks and determine their cybersecurity maturity.;992275841864;us-east-2;2026-08-18 15:47:07.870888;d5-dr-de-b-3;Tools and processes are in place to detect, alert, and trigger the incident response program.;Cyber Incident Management and Resilience (Domain 5);Detection, Response, & Mitigation (DR);;aws;;FAIL;No CloudTrail trails enabled with logging were found.;arn:aws:cloudtrail:us-east-2:992275841864:trail;cloudtrail_multi_region_enabled;False;992275841864;FFIEC;FFIEC Cybersecurity Assessment Tool framework;
aws;In light of the increasing volume and sophistication of cyber threats, the Federal Financial Institutions Examination Council (FFIEC) developed the Cybersecurity Assessment Tool (Assessment), on behalf of its members, to help institutions identify their risks and determine their cybersecurity maturity.;992275841864;us-west-1;2026-08-18 15:47:07.870888;d2-ma-ma-b-1;Information security threats are gathered and shared with applicable internal employees.;Threat Intelligence and Collaboration (Domain 2);Monitoring and Analyzing (MA);;aws;;FAIL;No CloudTrail trails enabled with logging were found.;arn:aws:cloudtrail:us-west-1:992275841864:trail;cloudtrail_multi_region_enabled;False;992275841864;FFIEC;FFIEC Cybersecurity Assessment Tool framework;
aws;In light of the increasing volume and sophistication of cyber threats, the Federal Financial Institutions Examination Council (FFIEC) developed the Cybersecurity Assessment Tool (Assessment), on behalf of its members, to help institutions identify their risks and determine their cybersecurity maturity.;992275841864;us-west-1;2026-08-18 15:47:07.870888;d2-ma-ma-b-2;Computer event logs are used for investigations once an event has occurred.;Threat Intelligence and Collaboration (Domain 2);Monitoring and Analyzing (MA);;aws;;FAIL;No CloudTrail trails enabled with logging were found.;arn:aws:cloudtrail:us-west-1:992275841864:trail;cloudtrail_multi_region_enabled;False;992275841864;FFIEC;FFIEC Cybersecurity Assessment Tool framework;
aws;In light of the increasing volume and sophistication of cyber threats, the Federal Financial Institutions Examination Council (FFIEC) developed the Cybersecurity Assessment Tool (Assessment), on behalf of its members, to help institutions identify their risks and determine their cybersecurity maturity.;992275841864;us-west-1;2026-08-18 15:47:07.870888;d3-dc-an-b-3;Logs of physical and/or logical access are reviewed following events.;Cybersecurity Controls (Domain 3);Detective Controls (DC);;aws;;FAIL;No CloudTrail trails enabled with logging were found.;arn:aws:cloudtrail:us-west-1:992275841864:trail;cloudtrail_multi_region_enabled;False;992275841864;FFIEC;FFIEC Cybersecurity Assessment Tool framework;
aws;In light of the increasing volume and sophistication of cyber threats, the Federal Financial Institutions Examination Council (FFIEC) developed the Cybersecurity Assessment Tool (Assessment), on behalf of its members, to help institutions identify their risks and determine their cybersecurity maturity.;992275841864;us-west-1;2026-08-18 15:47:07.870888;d3-dc-an-b-4;Access to critical systems by third parties is monitored for unauthorized or unusual activity.;Cybersecurity Controls (Domain 3);Detective Controls (DC);;aws;;FAIL;No CloudTrail trails enabled with logging were found.;arn:aws:cloudtrail:us-west-1:992275841864:trail;cloudtrail_multi_region_enabled;False;992275841864;FFIEC;FFIEC Cybersecurity Assessment Tool framework;
aws;In light of the increasing volume and sophistication of cyber threats, the Federal Financial Institutions Examination Council (FFIEC) developed the Cybersecurity Assessment Tool (Assessment), on behalf of its members, to help institutions identify their risks and determine their cybersecurity maturity.;992275841864;us-west-1;2026-08-18 15:47:07.870888;d3-dc-an-b-5;Elevated privileges are monitored.;Cybersecurity Controls (Domain 3);Detective Controls (DC);;aws;;FAIL;No CloudTrail trails enabled with logging were found.;arn:aws:cloudtrail:us-west-1:992275841864:trail;cloudtrail_multi_region_enabled;False;992275841864;FFIEC;FFIEC Cybersecurity Assessment Tool framework;
aws;In light of the increasing volume and sophistication of cyber threats, the Federal Financial Institutions Examination Council (FFIEC) developed the Cybersecurity Assessment Tool (Assessment), on behalf of its members, to help institutions identify their risks and determine their cybersecurity maturity.;992275841864;us-west-1;2026-08-18 15:47:07.870888;d3-dc-ev-b-1;A normal network activity baseline is established.;Cybersecurity Controls (Domain 3);Detective Controls (DC);;aws;;FAIL;No CloudTrail trails enabled with logging were found.;arn:aws:cloudtrail:us-west-1:992275841864:trail;cloudtrail_multi_region_enabled;False;992275841864;FFIEC;FFIEC Cybersecurity Assessment Tool framework;
aws;In light of the increasing volume and sophistication of cyber threats, the Federal Financial Institutions Examination Council (FFIEC) developed the Cybersecurity Assessment Tool (Assessment), on behalf of its members, to help institutions identify their risks and determine their cybersecurity maturity.;992275841864;us-west-1;2026-08-18 15:47:07.870888;d3-dc-ev-b-3;Processes are in place to monitor for the presence of unauthorized users, devices, connections, and software.;Cybersecurity Controls (Domain 3);Detective Controls (DC);;aws;;FAIL;No CloudTrail trails enabled with logging were found.;arn:aws:cloudtrail:us-west-1:992275841864:trail;cloudtrail_multi_region_enabled;False;992275841864;FFIEC;FFIEC Cybersecurity Assessment Tool framework;
aws;In light of the increasing volume and sophistication of cyber threats, the Federal Financial Institutions Examination Council (FFIEC) developed the Cybersecurity Assessment Tool (Assessment), on behalf of its members, to help institutions identify their risks and determine their cybersecurity maturity.;992275841864;us-west-1;2026-08-18 15:47:07.870888;d3-pc-im-b-3;All ports are monitored.;Cybersecurity Controls (Domain 3);Preventative Controls (PC);;aws;;FAIL;No CloudTrail trails enabled with logging were found.;arn:aws:cloudtrail:us-west-1:992275841864:trail;cloudtrail_multi_region_enabled;False;992275841864;FFIEC;FFIEC Cybersecurity Assessment Tool framework;
aws;In light of the increasing volume and sophistication of cyber threats, the Federal Financial Institutions Examination Council (FFIEC) developed the Cybersecurity Assessment Tool (Assessment), on behalf of its members, to help institutions identify their risks and determine their cybersecurity maturity.;992275841864;us-west-1;2026-08-18 15:47:07.870888;d3-pc-im-b-7;Access to make changes to systems configurations (including virtual machines and hypervisors) is controlled and monitored.;Cybersecurity Controls (Domain 3);Preventative Controls (PC);;aws;;FAIL;No CloudTrail trails enabled with logging were found.;arn:aws:cloudtrail:us-west-1:992275841864:trail;cloudtrail_multi_region_enabled;False;992275841864;FFIEC;FFIEC Cybersecurity Assessment Tool framework;
aws;In light of the increasing volume and sophistication of cyber threats, the Federal Financial Institutions Examination Council (FFIEC) developed the Cybersecurity Assessment Tool (Assessment), on behalf of its members, to help institutions identify their risks and determine their cybersecurity maturity.;992275841864;us-west-1;2026-08-18 15:47:07.870888;d5-dr-de-b-3;Tools and processes are in place to detect, alert, and trigger the incident response program.;Cyber Incident Management and Resilience (Domain 5);Detection, Response, & Mitigation (DR);;aws;;FAIL;No CloudTrail trails enabled with logging were found.;arn:aws:cloudtrail:us-west-1:992275841864:trail;cloudtrail_multi_region_enabled;False;992275841864;FFIEC;FFIEC Cybersecurity Assessment Tool framework;
aws;In light of the increasing volume and sophistication of cyber threats, the Federal Financial Institutions Examination Council (FFIEC) developed the Cybersecurity Assessment Tool (Assessment), on behalf of its members, to help institutions identify their risks and determine their cybersecurity maturity.;992275841864;us-west-2;2026-08-18 15:47:07.870888;d2-ma-ma-b-1;Information security threats are gathered and shared with applicable internal employees.;Threat Intelligence and Collaboration (Domain 2);Monitoring and Analyzing (MA);;aws;;FAIL;No CloudTrail trails enabled with logging were found.;arn:aws:cloudtrail:us-west-2:992275841864:trail;cloudtrail_multi_region_enabled;False;992275841864;FFIEC;FFIEC Cybersecurity Assessment Tool framework;
aws;In light of the increasing volume and sophistication of cyber threats, the Federal Financial Institutions Examination Council (FFIEC) developed the Cybersecurity Assessment Tool (Assessment), on behalf of its members, to help institutions identify their risks and determine their cybersecurity maturity.;992275841864;us-west-2;2026-08-18 15:47:07.870888;d2-ma-ma-b-2;Computer event logs are used for investigations once an event has occurred.;Threat Intelligence and Collaboration (Domain 2);Monitoring and Analyzing (MA);;aws;;FAIL;No CloudTrail trails enabled with logging were found.;arn:aws:cloudtrail:us-west-2:992275841864:trail;cloudtrail_multi_region_enabled;False;992275841864;FFIEC;FFIEC Cybersecurity Assessment Tool framework;
aws;In light of the increasing volume and sophistication of cyber threats, the Federal Financial Institutions Examination Council (FFIEC) developed the Cybersecurity Assessment Tool (Assessment), on behalf of its members, to help institutions identify their risks and determine their cybersecurity maturity.;992275841864;us-west-2;2026-08-18 15:47:07.870888;d3-dc-an-b-3;Logs of physical and/or logical access are reviewed following events.;Cybersecurity Controls (Domain 3);Detective Controls (DC);;aws;;FAIL;No CloudTrail trails enabled with logging were found.;arn:aws:cloudtrail:us-west-2:992275841864:trail;cloudtrail_multi_region_enabled;False;992275841864;FFIEC;FFIEC Cybersecurity Assessment Tool framework;
aws;In light of the increasing volume and sophistication of cyber threats, the Federal Financial Institutions Examination Council (FFIEC) developed the Cybersecurity Assessment Tool (Assessment), on behalf of its members, to help institutions identify their risks and determine their cybersecurity maturity.;992275841864;us-west-2;2026-08-18 15:47:07.870888;d3-dc-an-b-4;Access to critical systems by third parties is monitored for unauthorized or unusual activity.;Cybersecurity Controls (Domain 3);Detective Controls (DC);;aws;;FAIL;No CloudTrail trails enabled with logging were found.;arn:aws:cloudtrail:us-west-2:992275841864:trail;cloudtrail_multi_region_enabled;False;992275841864;FFIEC;FFIEC Cybersecurity Assessment Tool framework;
aws;In light of the increasing volume and sophistication of cyber threats, the Federal Financial Institutions Examination Council (FFIEC) developed the Cybersecurity Assessment Tool (Assessment), on behalf of its members, to help institutions identify their risks and determine their cybersecurity maturity.;992275841864;us-west-2;2026-08-18 15:47:07.870888;d3-dc-an-b-5;Elevated privileges are monitored.;Cybersecurity Controls (Domain 3);Detective Controls (DC);;aws;;FAIL;No CloudTrail trails enabled with logging were found.;arn:aws:cloudtrail:us-west-2:992275841864:trail;cloudtrail_multi_region_enabled;False;992275841864;FFIEC;FFIEC Cybersecurity Assessment Tool framework;
aws;In light of the increasing volume and sophistication of cyber threats, the Federal Financial Institutions Examination Council (FFIEC) developed the Cybersecurity Assessment Tool (Assessment), on behalf of its members, to help institutions identify their risks and determine their cybersecurity maturity.;992275841864;us-west-2;2026-08-18 15:47:07.870888;d3-dc-ev-b-1;A normal network activity baseline is established.;Cybersecurity Controls (Domain 3);Detective Controls (DC);;aws;;FAIL;No CloudTrail trails enabled with logging were found.;arn:aws:cloudtrail:us-west-2:992275841864:trail;cloudtrail_multi_region_enabled;False;992275841864;FFIEC;FFIEC Cybersecurity Assessment Tool framework;
aws;In light of the increasing volume and sophistication of cyber threats, the Federal Financial Institutions Examination Council (FFIEC) developed the Cybersecurity Assessment Tool (Assessment), on behalf of its members, to help institutions identify their risks and determine their cybersecurity maturity.;992275841864;us-west-2;2026-08-18 15:47:07.870888;d3-dc-ev-b-3;Processes are in place to monitor for the presence of unauthorized users, devices, connections, and software.;Cybersecurity Controls (Domain 3);Detective Controls (DC);;aws;;FAIL;No CloudTrail trails enabled with logging were found.;arn:aws:cloudtrail:us-west-2:992275841864:trail;cloudtrail_multi_region_enabled;False;992275841864;FFIEC;FFIEC Cybersecurity Assessment Tool framework;
aws;In light of the increasing volume and sophistication of cyber threats, the Federal Financial Institutions Examination Council (FFIEC) developed the Cybersecurity Assessment Tool (Assessment), on behalf of its members, to help institutions identify their risks and determine their cybersecurity maturity.;992275841864;us-west-2;2026-08-18 15:47:07.870888;d3-pc-im-b-3;All ports are monitored.;Cybersecurity Controls (Domain 3);Preventative Controls (PC);;aws;;FAIL;No CloudTrail trails enabled with logging were found.;arn:aws:cloudtrail:us-west-2:992275841864:trail;cloudtrail_multi_region_enabled;False;992275841864;FFIEC;FFIEC Cybersecurity Assessment Tool framework;
aws;In light of the increasing volume and sophistication of cyber threats, the Federal Financial Institutions Examination Council (FFIEC) developed the Cybersecurity Assessment Tool (Assessment), on behalf of its members, to help institutions identify their risks and determine their cybersecurity maturity.;992275841864;us-west-2;2026-08-18 15:47:07.870888;d3-pc-im-b-7;Access to make changes to systems configurations (including virtual machines and hypervisors) is controlled and monitored.;Cybersecurity Controls (Domain 3);Preventative Controls (PC);;aws;;FAIL;No CloudTrail trails enabled with logging were found.;arn:aws:cloudtrail:us-west-2:992275841864:trail;cloudtrail_multi_region_enabled;False;992275841864;FFIEC;FFIEC Cybersecurity Assessment Tool framework;
aws;In light of the increasing volume and sophistication of cyber threats, the Federal Financial Institutions Examination Council (FFIEC) developed the Cybersecurity Assessment Tool (Assessment), on behalf of its members, to help institutions identify their risks and determine their cybersecurity maturity.;992275841864;us-west-2;2026-08-18 15:47:07.870888;d5-dr-de-b-3;Tools and processes are in place to detect, alert, and trigger the incident response program.;Cyber Incident Management and Resilience (Domain 5);Detection, Response, & Mitigation (DR);;aws;;FAIL;No CloudTrail trails enabled with logging were found.;arn:aws:cloudtrail:us-west-2:992275841864:trail;cloudtrail_multi_region_enabled;False;992275841864;FFIEC;FFIEC Cybersecurity Assessment Tool framework;
aws;In light of the increasing volume and sophistication of cyber threats, the Federal Financial Institutions Examination Council (FFIEC) developed the Cybersecurity Assessment Tool (Assessment), on behalf of its members, to help institutions identify their risks and determine their cybersecurity maturity.;992275841864;us-west-2;2026-08-18 15:47:07.870888;d2-ma-ma-b-1;Information security threats are gathered and shared with applicable internal employees.;Threat Intelligence and Collaboration (Domain 2);Monitoring and Analyzing (MA);;aws;;FAIL;No CloudTrail trails have a data event to record all S3 object-level API operations.;arn:aws:cloudtrail:us-west-2:992275841864:trail;cloudtrail_s3_dataevents_read_enabled;False;992275841864;FFIEC;FFIEC Cybersecurity Assessment Tool framework;
aws;In light of the increasing volume and sophistication of cyber threats, the Federal Financial Institutions Examination Council (FFIEC) developed the Cybersecurity Assessment Tool (Assessment), on behalf of its members, to help institutions identify their risks and determine their cybersecurity maturity.;992275841864;us-west-2;2026-08-18 15:47:07.870888;d2-ma-ma-b-2;Computer event logs are used for investigations once an event has occurred.;Threat Intelligence and Collaboration (Domain 2);Monitoring and Analyzing (MA);;aws;;FAIL;No CloudTrail trails have a data event to record all S3 object-level API operations.;arn:aws:cloudtrail:us-west-2:992275841864:trail;cloudtrail_s3_dataevents_read_enabled;False;992275841864;FFIEC;FFIEC Cybersecurity Assessment Tool framework;
aws;In light of the increasing volume and sophistication of cyber threats, the Federal Financial Institutions Examination Council (FFIEC) developed the Cybersecurity Assessment Tool (Assessment), on behalf of its members, to help institutions identify their risks and determine their cybersecurity maturity.;992275841864;us-west-2;2026-08-18 15:47:07.870888;d3-dc-an-b-3;Logs of physical and/or logical access are reviewed following events.;Cybersecurity Controls (Domain 3);Detective Controls (DC);;aws;;FAIL;No CloudTrail trails have a data event to record all S3 object-level API operations.;arn:aws:cloudtrail:us-west-2:992275841864:trail;cloudtrail_s3_dataevents_read_enabled;False;992275841864;FFIEC;FFIEC Cybersecurity Assessment Tool framework;
aws;In light of the increasing volume and sophistication of cyber threats, the Federal Financial Institutions Examination Council (FFIEC) developed the Cybersecurity Assessment Tool (Assessment), on behalf of its members, to help institutions identify their risks and determine their cybersecurity maturity.;992275841864;us-west-2;2026-08-18 15:47:07.870888;d3-dc-an-b-4;Access to critical systems by third parties is monitored for unauthorized or unusual activity.;Cybersecurity Controls (Domain 3);Detective Controls (DC);;aws;;FAIL;No CloudTrail trails have a data event to record all S3 object-level API operations.;arn:aws:cloudtrail:us-west-2:992275841864:trail;cloudtrail_s3_dataevents_read_enabled;False;992275841864;FFIEC;FFIEC Cybersecurity Assessment Tool framework;
aws;In light of the increasing volume and sophistication of cyber threats, the Federal Financial Institutions Examination Council (FFIEC) developed the Cybersecurity Assessment Tool (Assessment), on behalf of its members, to help institutions identify their risks and determine their cybersecurity maturity.;992275841864;us-west-2;2026-08-18 15:47:07.870888;d3-dc-ev-b-1;A normal network activity baseline is established.;Cybersecurity Controls (Domain 3);Detective Controls (DC);;aws;;FAIL;No CloudTrail trails have a data event to record all S3 object-level API operations.;arn:aws:cloudtrail:us-west-2:992275841864:trail;cloudtrail_s3_dataevents_read_enabled;False;992275841864;FFIEC;FFIEC Cybersecurity Assessment Tool framework;
aws;In light of the increasing volume and sophistication of cyber threats, the Federal Financial Institutions Examination Council (FFIEC) developed the Cybersecurity Assessment Tool (Assessment), on behalf of its members, to help institutions identify their risks and determine their cybersecurity maturity.;992275841864;us-west-2;2026-08-18 15:47:07.870888;d5-dr-de-b-3;Tools and processes are in place to detect, alert, and trigger the incident response program.;Cyber Incident Management and Resilience (Domain 5);Detection, Response, & Mitigation (DR);;aws;;FAIL;No CloudTrail trails have a data event to record all S3 object-level API operations.;arn:aws:cloudtrail:us-west-2:992275841864:trail;cloudtrail_s3_dataevents_read_enabled;False;992275841864;FFIEC;FFIEC Cybersecurity Assessment Tool framework;
aws;In light of the increasing volume and sophistication of cyber threats, the Federal Financial Institutions Examination Council (FFIEC) developed the Cybersecurity Assessment Tool (Assessment), on behalf of its members, to help institutions identify their risks and determine their cybersecurity maturity.;992275841864;us-west-2;2026-08-18 15:47:07.870888;d2-ma-ma-b-1;Information security threats are gathered and shared with applicable internal employees.;Threat Intelligence and Collaboration (Domain 2);Monitoring and Analyzing (MA);;aws;;FAIL;No CloudTrail trails have a data event to record all S3 object-level API operations.;arn:aws:cloudtrail:us-west-2:992275841864:trail;cloudtrail_s3_dataevents_write_enabled;False;992275841864;FFIEC;FFIEC Cybersecurity Assessment Tool framework;
aws;In light of the increasing volume and sophistication of cyber threats, the Federal Financial Institutions Examination Council (FFIEC) developed the Cybersecurity Assessment Tool (Assessment), on behalf of its members, to help institutions identify their risks and determine their cybersecurity maturity.;992275841864;us-west-2;2026-08-18 15:47:07.870888;d2-ma-ma-b-2;Computer event logs are used for investigations once an event has occurred.;Threat Intelligence and Collaboration (Domain 2);Monitoring and Analyzing (MA);;aws;;FAIL;No CloudTrail trails have a data event to record all S3 object-level API operations.;arn:aws:cloudtrail:us-west-2:992275841864:trail;cloudtrail_s3_dataevents_write_enabled;False;992275841864;FFIEC;FFIEC Cybersecurity Assessment Tool framework;
aws;In light of the increasing volume and sophistication of cyber threats, the Federal Financial Institutions Examination Council (FFIEC) developed the Cybersecurity Assessment Tool (Assessment), on behalf of its members, to help institutions identify their risks and determine their cybersecurity maturity.;992275841864;us-west-2;2026-08-18 15:47:07.870888;d3-dc-an-b-3;Logs of physical and/or logical access are reviewed following events.;Cybersecurity Controls (Domain 3);Detective Controls (DC);;aws;;FAIL;No CloudTrail trails have a data event to record all S3 object-level API operations.;arn:aws:cloudtrail:us-west-2:992275841864:trail;cloudtrail_s3_dataevents_write_enabled;False;992275841864;FFIEC;FFIEC Cybersecurity Assessment Tool framework;
aws;In light of the increasing volume and sophistication of cyber threats, the Federal Financial Institutions Examination Council (FFIEC) developed the Cybersecurity Assessment Tool (Assessment), on behalf of its members, to help institutions identify their risks and determine their cybersecurity maturity.;992275841864;us-west-2;2026-08-18 15:47:07.870888;d3-dc-an-b-4;Access to critical systems by third parties is monitored for unauthorized or unusual activity.;Cybersecurity Controls (Domain 3);Detective Controls (DC);;aws;;FAIL;No CloudTrail trails have a data event to record all S3 object-level API operations.;arn:aws:cloudtrail:us-west-2:992275841864:trail;cloudtrail_s3_dataevents_write_enabled;False;992275841864;FFIEC;FFIEC Cybersecurity Assessment Tool framework;
aws;In light of the increasing volume and sophistication of cyber threats, the Federal Financial Institutions Examination Council (FFIEC) developed the Cybersecurity Assessment Tool (Assessment), on behalf of its members, to help institutions identify their risks and determine their cybersecurity maturity.;992275841864;us-west-2;2026-08-18 15:47:07.870888;d3-dc-ev-b-1;A normal network activity baseline is established.;Cybersecurity Controls (Domain 3);Detective Controls (DC);;aws;;FAIL;No CloudTrail trails have a data event to record all S3 object-level API operations.;arn:aws:cloudtrail:us-west-2:992275841864:trail;cloudtrail_s3_dataevents_write_enabled;False;992275841864;FFIEC;FFIEC Cybersecurity Assessment Tool framework;
aws;In light of the increasing volume and sophistication of cyber threats, the Federal Financial Institutions Examination Council (FFIEC) developed the Cybersecurity Assessment Tool (Assessment), on behalf of its members, to help institutions identify their risks and determine their cybersecurity maturity.;992275841864;us-west-2;2026-08-18 15:47:07.870888;d5-dr-de-b-3;Tools and processes are in place to detect, alert, and trigger the incident response program.;Cyber Incident Management and Resilience (Domain 5);Detection, Response, & Mitigation (DR);;aws;;FAIL;No CloudTrail trails have a data event to record all S3 object-level API operations.;arn:aws:cloudtrail:us-west-2:992275841864:trail;cloudtrail_s3_dataevents_write_enabled;False;992275841864;FFIEC;FFIEC Cybersecurity Assessment Tool framework;
aws;In light of the increasing volume and sophistication of cyber threats, the Federal Financial Institutions Examination Council (FFIEC) developed the Cybersecurity Assessment Tool (Assessment), on behalf of its members, to help institutions identify their risks and determine their cybersecurity maturity.;992275841864;us-west-2;2026-08-18 15:47:07.870888;d5-dr-de-b-1;Alert parameters are set for detecting information security incidents that prompt mitigating actions.;Cyber Incident Management and Resilience (Domain 5);Detection, Response, & Mitigation (DR);;aws;;FAIL;No CloudWatch log groups found with metric filters or alarms associated.;arn:aws:logs:us-west-2:992275841864:log-group;cloudwatch_changes_to_network_acls_alarm_configured;False;992275841864;FFIEC;FFIEC Cybersecurity Assessment Tool framework;
aws;In light of the increasing volume and sophistication of cyber threats, the Federal Financial Institutions Examination Council (FFIEC) developed the Cybersecurity Assessment Tool (Assessment), on behalf of its members, to help institutions identify their risks and determine their cybersecurity maturity.;992275841864;us-west-2;2026-08-18 15:47:07.870888;d5-dr-de-b-3;Tools and processes are in place to detect, alert, and trigger the incident response program.;Cyber Incident Management and Resilience (Domain 5);Detection, Response, & Mitigation (DR);;aws;;FAIL;No CloudWatch log groups found with metric filters or alarms associated.;arn:aws:logs:us-west-2:992275841864:log-group;cloudwatch_changes_to_network_acls_alarm_configured;False;992275841864;FFIEC;FFIEC Cybersecurity Assessment Tool framework;
aws;In light of the increasing volume and sophistication of cyber threats, the Federal Financial Institutions Examination Council (FFIEC) developed the Cybersecurity Assessment Tool (Assessment), on behalf of its members, to help institutions identify their risks and determine their cybersecurity maturity.;992275841864;us-west-2;2026-08-18 15:47:07.870888;d5-dr-de-b-1;Alert parameters are set for detecting information security incidents that prompt mitigating actions.;Cyber Incident Management and Resilience (Domain 5);Detection, Response, & Mitigation (DR);;aws;;FAIL;No CloudWatch log groups found with metric filters or alarms associated.;arn:aws:logs:us-west-2:992275841864:log-group;cloudwatch_changes_to_network_gateways_alarm_configured;False;992275841864;FFIEC;FFIEC Cybersecurity Assessment Tool framework;
aws;In light of the increasing volume and sophistication of cyber threats, the Federal Financial Institutions Examination Council (FFIEC) developed the Cybersecurity Assessment Tool (Assessment), on behalf of its members, to help institutions identify their risks and determine their cybersecurity maturity.;992275841864;us-west-2;2026-08-18 15:47:07.870888;d5-dr-de-b-3;Tools and processes are in place to detect, alert, and trigger the incident response program.;Cyber Incident Management and Resilience (Domain 5);Detection, Response, & Mitigation (DR);;aws;;FAIL;No CloudWatch log groups found with metric filters or alarms associated.;arn:aws:logs:us-west-2:992275841864:log-group;cloudwatch_changes_to_network_gateways_alarm_configured;False;992275841864;FFIEC;FFIEC Cybersecurity Assessment Tool framework;
aws;In light of the increasing volume and sophistication of cyber threats, the Federal Financial Institutions Examination Council (FFIEC) developed the Cybersecurity Assessment Tool (Assessment), on behalf of its members, to help institutions identify their risks and determine their cybersecurity maturity.;992275841864;us-west-2;2026-08-18 15:47:07.870888;d5-dr-de-b-1;Alert parameters are set for detecting information security incidents that prompt mitigating actions.;Cyber Incident Management and Resilience (Domain 5);Detection, Response, & Mitigation (DR);;aws;;FAIL;No CloudWatch log groups found with metric filters or alarms associated.;arn:aws:logs:us-west-2:992275841864:log-group;cloudwatch_changes_to_network_route_tables_alarm_configured;False;992275841864;FFIEC;FFIEC Cybersecurity Assessment Tool framework;
aws;In light of the increasing volume and sophistication of cyber threats, the Federal Financial Institutions Examination Council (FFIEC) developed the Cybersecurity Assessment Tool (Assessment), on behalf of its members, to help institutions identify their risks and determine their cybersecurity maturity.;992275841864;us-west-2;2026-08-18 15:47:07.870888;d5-dr-de-b-3;Tools and processes are in place to detect, alert, and trigger the incident response program.;Cyber Incident Management and Resilience (Domain 5);Detection, Response, & Mitigation (DR);;aws;;FAIL;No CloudWatch log groups found with metric filters or alarms associated.;arn:aws:logs:us-west-2:992275841864:log-group;cloudwatch_changes_to_network_route_tables_alarm_configured;False;992275841864;FFIEC;FFIEC Cybersecurity Assessment Tool framework;
aws;In light of the increasing volume and sophistication of cyber threats, the Federal Financial Institutions Examination Council (FFIEC) developed the Cybersecurity Assessment Tool (Assessment), on behalf of its members, to help institutions identify their risks and determine their cybersecurity maturity.;992275841864;us-west-2;2026-08-18 15:47:07.870888;d5-dr-de-b-1;Alert parameters are set for detecting information security incidents that prompt mitigating actions.;Cyber Incident Management and Resilience (Domain 5);Detection, Response, & Mitigation (DR);;aws;;FAIL;No CloudWatch log groups found with metric filters or alarms associated.;arn:aws:logs:us-west-2:992275841864:log-group;cloudwatch_changes_to_vpcs_alarm_configured;False;992275841864;FFIEC;FFIEC Cybersecurity Assessment Tool framework;
aws;In light of the increasing volume and sophistication of cyber threats, the Federal Financial Institutions Examination Council (FFIEC) developed the Cybersecurity Assessment Tool (Assessment), on behalf of its members, to help institutions identify their risks and determine their cybersecurity maturity.;992275841864;us-west-2;2026-08-18 15:47:07.870888;d5-dr-de-b-3;Tools and processes are in place to detect, alert, and trigger the incident response program.;Cyber Incident Management and Resilience (Domain 5);Detection, Response, & Mitigation (DR);;aws;;FAIL;No CloudWatch log groups found with metric filters or alarms associated.;arn:aws:logs:us-west-2:992275841864:log-group;cloudwatch_changes_to_vpcs_alarm_configured;False;992275841864;FFIEC;FFIEC Cybersecurity Assessment Tool framework;
aws;In light of the increasing volume and sophistication of cyber threats, the Federal Financial Institutions Examination Council (FFIEC) developed the Cybersecurity Assessment Tool (Assessment), on behalf of its members, to help institutions identify their risks and determine their cybersecurity maturity.;992275841864;us-west-2;2026-08-18 15:47:07.870888;d2-ma-ma-b-1;Information security threats are gathered and shared with applicable internal employees.;Threat Intelligence and Collaboration (Domain 2);Monitoring and Analyzing (MA);;aws;;PASS;Log Group /aws/lambda/auto-shutdown-untagged-instances comply with 365 days retention period since it never expires.;arn:aws:logs:us-west-2:992275841864:log-group:/aws/lambda/auto-shutdown-untagged-instances:*;cloudwatch_log_group_retention_policy_specific_days_enabled;False;/aws/lambda/auto-shutdown-untagged-instances;FFIEC;FFIEC Cybersecurity Assessment Tool framework;
aws;In light of the increasing volume and sophistication of cyber threats, the Federal Financial Institutions Examination Council (FFIEC) developed the Cybersecurity Assessment Tool (Assessment), on behalf of its members, to help institutions identify their risks and determine their cybersecurity maturity.;992275841864;us-west-2;2026-08-18 15:47:07.870888;d3-pc-am-b-12;All passwords are encrypted in storage and in transit.;Cybersecurity Controls (Domain 3);Preventative Controls (PC);;aws;;FAIL;EBS Default Encryption is not activated.;arn:aws:ec2:us-west-2:992275841864:volume;ec2_ebs_default_encryption;False;992275841864;FFIEC;FFIEC Cybersecurity Assessment Tool framework;
aws;In light of the increasing volume and sophistication of cyber threats, the Federal Financial Institutions Examination Council (FFIEC) developed the Cybersecurity Assessment Tool (Assessment), on behalf of its members, to help institutions identify their risks and determine their cybersecurity maturity.;992275841864;us-west-2;2026-08-18 15:47:07.870888;d3-pc-am-b-12;All passwords are encrypted in storage and in transit.;Cybersecurity Controls (Domain 3);Preventative Controls (PC);;aws;;FAIL;EBS Snapshot vol-0a713fa09f0b9c9b5 is unencrypted.;arn:aws:ec2:us-west-2:992275841864:volume/vol-0a713fa09f0b9c9b5;ec2_ebs_volume_encryption;False;vol-0a713fa09f0b9c9b5;FFIEC;FFIEC Cybersecurity Assessment Tool framework;
aws;In light of the increasing volume and sophistication of cyber threats, the Federal Financial Institutions Examination Council (FFIEC) developed the Cybersecurity Assessment Tool (Assessment), on behalf of its members, to help institutions identify their risks and determine their cybersecurity maturity.;992275841864;us-west-2;2026-08-18 15:47:07.870888;d1-g-it-b-1;An inventory of organizational assets (e.g., hardware, software, data, and systems hosted externally) is maintained.;Cyber Risk Management and Oversight (Domain 1);Governance (G);;aws;;FAIL;EC2 Instance i-0958fb219162a44d1 is not managed by Systems Manager.;arn:aws:ec2:us-west-2:992275841864:instance/i-0958fb219162a44d1;ec2_instance_managed_by_ssm;False;i-0958fb219162a44d1;FFIEC;FFIEC Cybersecurity Assessment Tool framework;
aws;In light of the increasing volume and sophistication of cyber threats, the Federal Financial Institutions Examination Council (FFIEC) developed the Cybersecurity Assessment Tool (Assessment), on behalf of its members, to help institutions identify their risks and determine their cybersecurity maturity.;992275841864;us-west-2;2026-08-18 15:47:07.870888;d3-pc-im-b-5;Systems configurations (for servers, desktops, routers, etc.) follow industry standards and are enforced;Cybersecurity Controls (Domain 3);Preventative Controls (PC);;aws;;FAIL;EC2 Instance i-0958fb219162a44d1 is not managed by Systems Manager.;arn:aws:ec2:us-west-2:992275841864:instance/i-0958fb219162a44d1;ec2_instance_managed_by_ssm;False;i-0958fb219162a44d1;FFIEC;FFIEC Cybersecurity Assessment Tool framework;
aws;In light of the increasing volume and sophistication of cyber threats, the Federal Financial Institutions Examination Council (FFIEC) developed the Cybersecurity Assessment Tool (Assessment), on behalf of its members, to help institutions identify their risks and determine their cybersecurity maturity.;992275841864;us-west-2;2026-08-18 15:47:07.870888;d1-g-it-b-1;An inventory of organizational assets (e.g., hardware, software, data, and systems hosted externally) is maintained.;Cyber Risk Management and Oversight (Domain 1);Governance (G);;aws;;PASS;EC2 Instance i-0958fb219162a44d1 is not older than 180 days (-1 days).;arn:aws:ec2:us-west-2:992275841864:instance/i-0958fb219162a44d1;ec2_instance_older_than_specific_days;False;i-0958fb219162a44d1;FFIEC;FFIEC Cybersecurity Assessment Tool framework;
aws;In light of the increasing volume and sophistication of cyber threats, the Federal Financial Institutions Examination Council (FFIEC) developed the Cybersecurity Assessment Tool (Assessment), on behalf of its members, to help institutions identify their risks and determine their cybersecurity maturity.;992275841864;us-west-2;2026-08-18 15:47:07.870888;d3-pc-am-b-1;Employee access is granted to systems and confidential data based on job responsibilities and the principles of least privilege.;Cybersecurity Controls (Domain 3);Preventative Controls (PC);;aws;;FAIL;EC2 Instance i-0958fb219162a44d1 not associated with an Instance Profile Role.;arn:aws:ec2:us-west-2:992275841864:instance/i-0958fb219162a44d1;ec2_instance_profile_attached;False;i-0958fb219162a44d1;FFIEC;FFIEC Cybersecurity Assessment Tool framework;
aws;In light of the increasing volume and sophistication of cyber threats, the Federal Financial Institutions Examination Council (FFIEC) developed the Cybersecurity Assessment Tool (Assessment), on behalf of its members, to help institutions identify their risks and determine their cybersecurity maturity.;992275841864;us-west-2;2026-08-18 15:47:07.870888;d3-pc-im-b-1;Network perimeter defense tools (e.g., border router and firewall) are used.;Cybersecurity Controls (Domain 3);Preventative Controls (PC);;aws;;FAIL;EC2 Instance i-0958fb219162a44d1 has a Public IP: 54.200.178.186 (ec2-54-200-178-186.us-west-2.compute.amazonaws.com).;arn:aws:ec2:us-west-2:992275841864:instance/i-0958fb219162a44d1;ec2_instance_public_ip;False;i-0958fb219162a44d1;FFIEC;FFIEC Cybersecurity Assessment Tool framework;
aws;In light of the increasing volume and sophistication of cyber threats, the Federal Financial Institutions Examination Council (FFIEC) developed the Cybersecurity Assessment Tool (Assessment), on behalf of its members, to help institutions identify their risks and determine their cybersecurity maturity.;992275841864;us-west-2;2026-08-18 15:47:07.870888;d3-pc-am-b-10;Production and non-production environments are segregated to prevent unauthorized access or changes to information assets. (*N/A if no production environment exists at the institution or the institution's third party.);Cybersecurity Controls (Domain 3);Preventative Controls (PC);;aws;;FAIL;Network ACL acl-0dfdb51f94f1455f7 has every port open to the Internet.;arn:aws:ec2:us-west-2:992275841864:network-acl/acl-0dfdb51f94f1455f7;ec2_networkacl_allow_ingress_any_port;False;acl-0dfdb51f94f1455f7;FFIEC;FFIEC Cybersecurity Assessment Tool framework;
aws;In light of the increasing volume and sophistication of cyber threats, the Federal Financial Institutions Examination Council (FFIEC) developed the Cybersecurity Assessment Tool (Assessment), on behalf of its members, to help institutions identify their risks and determine their cybersecurity maturity.;992275841864;us-west-2;2026-08-18 15:47:07.870888;d3-pc-im-b-1;Network perimeter defense tools (e.g., border router and firewall) are used.;Cybersecurity Controls (Domain 3);Preventative Controls (PC);;aws;;FAIL;Network ACL acl-0dfdb51f94f1455f7 has every port open to the Internet.;arn:aws:ec2:us-west-2:992275841864:network-acl/acl-0dfdb51f94f1455f7;ec2_networkacl_allow_ingress_any_port;False;acl-0dfdb51f94f1455f7;FFIEC;FFIEC Cybersecurity Assessment Tool framework;
aws;In light of the increasing volume and sophistication of cyber threats, the Federal Financial Institutions Examination Council (FFIEC) developed the Cybersecurity Assessment Tool (Assessment), on behalf of its members, to help institutions identify their risks and determine their cybersecurity maturity.;992275841864;us-west-2;2026-08-18 15:47:07.870888;d3-pc-im-b-2;Systems that are accessed from the Internet or by external parties are protected by firewalls or other similar devices.;Cybersecurity Controls (Domain 3);Preventative Controls (PC);;aws;;FAIL;Network ACL acl-0dfdb51f94f1455f7 has every port open to the Internet.;arn:aws:ec2:us-west-2:992275841864:network-acl/acl-0dfdb51f94f1455f7;ec2_networkacl_allow_ingress_any_port;False;acl-0dfdb51f94f1455f7;FFIEC;FFIEC Cybersecurity Assessment Tool framework;
aws;In light of the increasing volume and sophistication of cyber threats, the Federal Financial Institutions Examination Council (FFIEC) developed the Cybersecurity Assessment Tool (Assessment), on behalf of its members, to help institutions identify their risks and determine their cybersecurity maturity.;992275841864;us-west-2;2026-08-18 15:47:07.870888;d3-pc-im-b-6;Ports, functions, protocols and services are prohibited if no longer needed for business purposes.;Cybersecurity Controls (Domain 3);Preventative Controls (PC);;aws;;FAIL;Network ACL acl-0dfdb51f94f1455f7 has every port open to the Internet.;arn:aws:ec2:us-west-2:992275841864:network-acl/acl-0dfdb51f94f1455f7;ec2_networkacl_allow_ingress_any_port;False;acl-0dfdb51f94f1455f7;FFIEC;FFIEC Cybersecurity Assessment Tool framework;
aws;In light of the increasing volume and sophistication of cyber threats, the Federal Financial Institutions Examination Council (FFIEC) developed the Cybersecurity Assessment Tool (Assessment), on behalf of its members, to help institutions identify their risks and determine their cybersecurity maturity.;992275841864;us-west-2;2026-08-18 15:47:07.870888;d4-c-co-b-2;The institution ensures that third-party connections are authorized.;External Dependency Management (Domain 4);Connections (C);;aws;;FAIL;Network ACL acl-0dfdb51f94f1455f7 has every port open to the Internet.;arn:aws:ec2:us-west-2:992275841864:network-acl/acl-0dfdb51f94f1455f7;ec2_networkacl_allow_ingress_any_port;False;acl-0dfdb51f94f1455f7;FFIEC;FFIEC Cybersecurity Assessment Tool framework;
aws;In light of the increasing volume and sophistication of cyber threats, the Federal Financial Institutions Examination Council (FFIEC) developed the Cybersecurity Assessment Tool (Assessment), on behalf of its members, to help institutions identify their risks and determine their cybersecurity maturity.;992275841864;us-west-2;2026-08-18 15:47:07.870888;d3-pc-am-b-10;Production and non-production environments are segregated to prevent unauthorized access or changes to information assets. (*N/A if no production environment exists at the institution or the institution's third party.);Cybersecurity Controls (Domain 3);Preventative Controls (PC);;aws;;FAIL;Security group prowler-demo-no-ssh20260818223457969500000001 (sg-07f0313c121d1138a) has SSH port 22 open to the Internet.;arn:aws:ec2:us-west-2:992275841864:security-group/sg-07f0313c121d1138a;ec2_securitygroup_allow_ingress_from_internet_to_tcp_port_22;False;sg-07f0313c121d1138a;FFIEC;FFIEC Cybersecurity Assessment Tool framework;
aws;In light of the increasing volume and sophistication of cyber threats, the Federal Financial Institutions Examination Council (FFIEC) developed the Cybersecurity Assessment Tool (Assessment), on behalf of its members, to help institutions identify their risks and determine their cybersecurity maturity.;992275841864;us-west-2;2026-08-18 15:47:07.870888;d3-pc-im-b-1;Network perimeter defense tools (e.g., border router and firewall) are used.;Cybersecurity Controls (Domain 3);Preventative Controls (PC);;aws;;FAIL;Security group prowler-demo-no-ssh20260818223457969500000001 (sg-07f0313c121d1138a) has SSH port 22 open to the Internet.;arn:aws:ec2:us-west-2:992275841864:security-group/sg-07f0313c121d1138a;ec2_securitygroup_allow_ingress_from_internet_to_tcp_port_22;False;sg-07f0313c121d1138a;FFIEC;FFIEC Cybersecurity Assessment Tool framework;
aws;In light of the increasing volume and sophistication of cyber threats, the Federal Financial Institutions Examination Council (FFIEC) developed the Cybersecurity Assessment Tool (Assessment), on behalf of its members, to help institutions identify their risks and determine their cybersecurity maturity.;992275841864;us-west-2;2026-08-18 15:47:07.870888;d3-pc-im-b-2;Systems that are accessed from the Internet or by external parties are protected by firewalls or other similar devices.;Cybersecurity Controls (Domain 3);Preventative Controls (PC);;aws;;FAIL;Security group prowler-demo-no-ssh20260818223457969500000001 (sg-07f0313c121d1138a) has SSH port 22 open to the Internet.;arn:aws:ec2:us-west-2:992275841864:security-group/sg-07f0313c121d1138a;ec2_securitygroup_allow_ingress_from_internet_to_tcp_port_22;False;sg-07f0313c121d1138a;FFIEC;FFIEC Cybersecurity Assessment Tool framework;
aws;In light of the increasing volume and sophistication of cyber threats, the Federal Financial Institutions Examination Council (FFIEC) developed the Cybersecurity Assessment Tool (Assessment), on behalf of its members, to help institutions identify their risks and determine their cybersecurity maturity.;992275841864;us-west-2;2026-08-18 15:47:07.870888;d3-pc-im-b-6;Ports, functions, protocols and services are prohibited if no longer needed for business purposes.;Cybersecurity Controls (Domain 3);Preventative Controls (PC);;aws;;FAIL;Security group prowler-demo-no-ssh20260818223457969500000001 (sg-07f0313c121d1138a) has SSH port 22 open to the Internet.;arn:aws:ec2:us-west-2:992275841864:security-group/sg-07f0313c121d1138a;ec2_securitygroup_allow_ingress_from_internet_to_tcp_port_22;False;sg-07f0313c121d1138a;FFIEC;FFIEC Cybersecurity Assessment Tool framework;
aws;In light of the increasing volume and sophistication of cyber threats, the Federal Financial Institutions Examination Council (FFIEC) developed the Cybersecurity Assessment Tool (Assessment), on behalf of its members, to help institutions identify their risks and determine their cybersecurity maturity.;992275841864;us-west-2;2026-08-18 15:47:07.870888;d4-c-co-b-2;The institution ensures that third-party connections are authorized.;External Dependency Management (Domain 4);Connections (C);;aws;;FAIL;Security group prowler-demo-no-ssh20260818223457969500000001 (sg-07f0313c121d1138a) has SSH port 22 open to the Internet.;arn:aws:ec2:us-west-2:992275841864:security-group/sg-07f0313c121d1138a;ec2_securitygroup_allow_ingress_from_internet_to_tcp_port_22;False;sg-07f0313c121d1138a;FFIEC;FFIEC Cybersecurity Assessment Tool framework;
aws;In light of the increasing volume and sophistication of cyber threats, the Federal Financial Institutions Examination Council (FFIEC) developed the Cybersecurity Assessment Tool (Assessment), on behalf of its members, to help institutions identify their risks and determine their cybersecurity maturity.;992275841864;us-west-2;2026-08-18 15:47:07.870888;d1-rm-ra-b-2;The risk assessment identifies Internet- based systems and high-risk transactions that warrant additional authentication controls.;Cyber Risk Management and Oversight (Domain 1);Risk Management (RM);;aws;;FAIL;GuardDuty is not enabled.;arn:aws:guardduty:us-west-2:992275841864:detector/unknown;guardduty_is_enabled;False;detector/unknown;FFIEC;FFIEC Cybersecurity Assessment Tool framework;
aws;In light of the increasing volume and sophistication of cyber threats, the Federal Financial Institutions Examination Council (FFIEC) developed the Cybersecurity Assessment Tool (Assessment), on behalf of its members, to help institutions identify their risks and determine their cybersecurity maturity.;992275841864;us-west-2;2026-08-18 15:47:07.870888;d2-is-is-b-1;Information security threats are gathered and shared with applicable internal employees.;Threat Intelligence and Collaboration (Domain 2);Information Sharing (IS);;aws;;FAIL;GuardDuty is not enabled.;arn:aws:guardduty:us-west-2:992275841864:detector/unknown;guardduty_is_enabled;False;detector/unknown;FFIEC;FFIEC Cybersecurity Assessment Tool framework;
aws;In light of the increasing volume and sophistication of cyber threats, the Federal Financial Institutions Examination Council (FFIEC) developed the Cybersecurity Assessment Tool (Assessment), on behalf of its members, to help institutions identify their risks and determine their cybersecurity maturity.;992275841864;us-west-2;2026-08-18 15:47:07.870888;d2-ti-ti-b-1;The institution belongs or subscribes to a threat and vulnerability information-sharing source(s) that provides information on threats (e.g., FS-ISAC, US- CERT).;Threat Intelligence and Collaboration (Domain 2);Threat Intelligence (TI);;aws;;FAIL;GuardDuty is not enabled.;arn:aws:guardduty:us-west-2:992275841864:detector/unknown;guardduty_is_enabled;False;detector/unknown;FFIEC;FFIEC Cybersecurity Assessment Tool framework;
aws;In light of the increasing volume and sophistication of cyber threats, the Federal Financial Institutions Examination Council (FFIEC) developed the Cybersecurity Assessment Tool (Assessment), on behalf of its members, to help institutions identify their risks and determine their cybersecurity maturity.;992275841864;us-west-2;2026-08-18 15:47:07.870888;d2-ti-ti-b-2;Threat information is used to monitor threats and vulnerabilities.;Threat Intelligence and Collaboration (Domain 2);Threat Intelligence (TI);;aws;;FAIL;GuardDuty is not enabled.;arn:aws:guardduty:us-west-2:992275841864:detector/unknown;guardduty_is_enabled;False;detector/unknown;FFIEC;FFIEC Cybersecurity Assessment Tool framework;
aws;In light of the increasing volume and sophistication of cyber threats, the Federal Financial Institutions Examination Council (FFIEC) developed the Cybersecurity Assessment Tool (Assessment), on behalf of its members, to help institutions identify their risks and determine their cybersecurity maturity.;992275841864;us-west-2;2026-08-18 15:47:07.870888;d2-ti-ti-b-3;Threat information is used to enhance internal risk management and controls.;Threat Intelligence and Collaboration (Domain 2);Threat Intelligence (TI);;aws;;FAIL;GuardDuty is not enabled.;arn:aws:guardduty:us-west-2:992275841864:detector/unknown;guardduty_is_enabled;False;detector/unknown;FFIEC;FFIEC Cybersecurity Assessment Tool framework;
aws;In light of the increasing volume and sophistication of cyber threats, the Federal Financial Institutions Examination Council (FFIEC) developed the Cybersecurity Assessment Tool (Assessment), on behalf of its members, to help institutions identify their risks and determine their cybersecurity maturity.;992275841864;us-west-2;2026-08-18 15:47:07.870888;d3-dc-an-b-1;The institution is able to detect anomalous activities through monitoring across the environment.;Cybersecurity Controls (Domain 3);Detective Controls (DC);;aws;;FAIL;GuardDuty is not enabled.;arn:aws:guardduty:us-west-2:992275841864:detector/unknown;guardduty_is_enabled;False;detector/unknown;FFIEC;FFIEC Cybersecurity Assessment Tool framework;
aws;In light of the increasing volume and sophistication of cyber threats, the Federal Financial Institutions Examination Council (FFIEC) developed the Cybersecurity Assessment Tool (Assessment), on behalf of its members, to help institutions identify their risks and determine their cybersecurity maturity.;992275841864;us-west-2;2026-08-18 15:47:07.870888;d3-dc-an-b-2;Customer transactions generating anomalous activity alerts are monitored and reviewed.;Cybersecurity Controls (Domain 3);Detective Controls (DC);;aws;;FAIL;GuardDuty is not enabled.;arn:aws:guardduty:us-west-2:992275841864:detector/unknown;guardduty_is_enabled;False;detector/unknown;FFIEC;FFIEC Cybersecurity Assessment Tool framework;
aws;In light of the increasing volume and sophistication of cyber threats, the Federal Financial Institutions Examination Council (FFIEC) developed the Cybersecurity Assessment Tool (Assessment), on behalf of its members, to help institutions identify their risks and determine their cybersecurity maturity.;992275841864;us-west-2;2026-08-18 15:47:07.870888;d3-dc-ev-b-2;Mechanisms (e.g., antivirus alerts, log event alerts) are in place to alert management to potential attacks.;Cybersecurity Controls (Domain 3);Detective Controls (DC);;aws;;FAIL;GuardDuty is not enabled.;arn:aws:guardduty:us-west-2:992275841864:detector/unknown;guardduty_is_enabled;False;detector/unknown;FFIEC;FFIEC Cybersecurity Assessment Tool framework;
aws;In light of the increasing volume and sophistication of cyber threats, the Federal Financial Institutions Examination Council (FFIEC) developed the Cybersecurity Assessment Tool (Assessment), on behalf of its members, to help institutions identify their risks and determine their cybersecurity maturity.;992275841864;us-west-2;2026-08-18 15:47:07.870888;d3-dc-ev-b-3;Processes are in place to monitor for the presence of unauthorized users, devices, connections, and software.;Cybersecurity Controls (Domain 3);Detective Controls (DC);;aws;;FAIL;GuardDuty is not enabled.;arn:aws:guardduty:us-west-2:992275841864:detector/unknown;guardduty_is_enabled;False;detector/unknown;FFIEC;FFIEC Cybersecurity Assessment Tool framework;
aws;In light of the increasing volume and sophistication of cyber threats, the Federal Financial Institutions Examination Council (FFIEC) developed the Cybersecurity Assessment Tool (Assessment), on behalf of its members, to help institutions identify their risks and determine their cybersecurity maturity.;992275841864;us-west-2;2026-08-18 15:47:07.870888;d3-dc-th-b-1;Independent testing (including penetration testing and vulnerability scanning) is conducted according to the risk assessment for external-facing systems and the internal network.;Cybersecurity Controls (Domain 3);Detective Controls (DC);;aws;;FAIL;GuardDuty is not enabled.;arn:aws:guardduty:us-west-2:992275841864:detector/unknown;guardduty_is_enabled;False;detector/unknown;FFIEC;FFIEC Cybersecurity Assessment Tool framework;
aws;In light of the increasing volume and sophistication of cyber threats, the Federal Financial Institutions Examination Council (FFIEC) developed the Cybersecurity Assessment Tool (Assessment), on behalf of its members, to help institutions identify their risks and determine their cybersecurity maturity.;992275841864;us-west-2;2026-08-18 15:47:07.870888;d5-dr-de-b-1;Alert parameters are set for detecting information security incidents that prompt mitigating actions.;Cyber Incident Management and Resilience (Domain 5);Detection, Response, & Mitigation (DR);;aws;;FAIL;GuardDuty is not enabled.;arn:aws:guardduty:us-west-2:992275841864:detector/unknown;guardduty_is_enabled;False;detector/unknown;FFIEC;FFIEC Cybersecurity Assessment Tool framework;
aws;In light of the increasing volume and sophistication of cyber threats, the Federal Financial Institutions Examination Council (FFIEC) developed the Cybersecurity Assessment Tool (Assessment), on behalf of its members, to help institutions identify their risks and determine their cybersecurity maturity.;992275841864;us-west-2;2026-08-18 15:47:07.870888;d5-dr-de-b-3;Tools and processes are in place to detect, alert, and trigger the incident response program.;Cyber Incident Management and Resilience (Domain 5);Detection, Response, & Mitigation (DR);;aws;;FAIL;GuardDuty is not enabled.;arn:aws:guardduty:us-west-2:992275841864:detector/unknown;guardduty_is_enabled;False;detector/unknown;FFIEC;FFIEC Cybersecurity Assessment Tool framework;
aws;In light of the increasing volume and sophistication of cyber threats, the Federal Financial Institutions Examination Council (FFIEC) developed the Cybersecurity Assessment Tool (Assessment), on behalf of its members, to help institutions identify their risks and determine their cybersecurity maturity.;992275841864;us-west-2;2026-08-18 15:47:07.870888;d3-pc-am-b-1;Employee access is granted to systems and confidential data based on job responsibilities and the principles of least privilege.;Cybersecurity Controls (Domain 3);Preventative Controls (PC);;aws;;PASS;AWS policy AWSSSOServiceRolePolicy is attached but does not allow '*:*' administrative privileges.;arn:aws:iam::aws:policy/aws-service-role/AWSSSOServiceRolePolicy;iam_aws_attached_policy_no_administrative_privileges;False;AWSSSOServiceRolePolicy;FFIEC;FFIEC Cybersecurity Assessment Tool framework;
aws;In light of the increasing volume and sophistication of cyber threats, the Federal Financial Institutions Examination Council (FFIEC) developed the Cybersecurity Assessment Tool (Assessment), on behalf of its members, to help institutions identify their risks and determine their cybersecurity maturity.;992275841864;us-west-2;2026-08-18 15:47:07.870888;d3-pc-am-b-16;Administrative, physical, or technical controls are in place to prevent users without administrative responsibilities from installing unauthorized software.;Cybersecurity Controls (Domain 3);Preventative Controls (PC);;aws;;PASS;AWS policy AWSSSOServiceRolePolicy is attached but does not allow '*:*' administrative privileges.;arn:aws:iam::aws:policy/aws-service-role/AWSSSOServiceRolePolicy;iam_aws_attached_policy_no_administrative_privileges;False;AWSSSOServiceRolePolicy;FFIEC;FFIEC Cybersecurity Assessment Tool framework;
aws;In light of the increasing volume and sophistication of cyber threats, the Federal Financial Institutions Examination Council (FFIEC) developed the Cybersecurity Assessment Tool (Assessment), on behalf of its members, to help institutions identify their risks and determine their cybersecurity maturity.;992275841864;us-west-2;2026-08-18 15:47:07.870888;d3-pc-am-b-2;Employee access to systems and confidential data provides for separation of duties.;Cybersecurity Controls (Domain 3);Preventative Controls (PC);;aws;;PASS;AWS policy AWSSSOServiceRolePolicy is attached but does not allow '*:*' administrative privileges.;arn:aws:iam::aws:policy/aws-service-role/AWSSSOServiceRolePolicy;iam_aws_attached_policy_no_administrative_privileges;False;AWSSSOServiceRolePolicy;FFIEC;FFIEC Cybersecurity Assessment Tool framework;
aws;In light of the increasing volume and sophistication of cyber threats, the Federal Financial Institutions Examination Council (FFIEC) developed the Cybersecurity Assessment Tool (Assessment), on behalf of its members, to help institutions identify their risks and determine their cybersecurity maturity.;992275841864;us-west-2;2026-08-18 15:47:07.870888;d3-pc-am-b-3;Elevated privileges (e.g., administrator privileges) are limited and tightly controlled (e.g., assigned to individuals, not shared, and require stronger password controls;Cybersecurity Controls (Domain 3);Preventative Controls (PC);;aws;;PASS;AWS policy AWSSSOServiceRolePolicy is attached but does not allow '*:*' administrative privileges.;arn:aws:iam::aws:policy/aws-service-role/AWSSSOServiceRolePolicy;iam_aws_attached_policy_no_administrative_privileges;False;AWSSSOServiceRolePolicy;FFIEC;FFIEC Cybersecurity Assessment Tool framework;
aws;In light of the increasing volume and sophistication of cyber threats, the Federal Financial Institutions Examination Council (FFIEC) developed the Cybersecurity Assessment Tool (Assessment), on behalf of its members, to help institutions identify their risks and determine their cybersecurity maturity.;992275841864;us-west-2;2026-08-18 15:47:07.870888;d3-pc-am-b-6;Identification and authentication are required and managed for access to systems, applications, and hardware.;Cybersecurity Controls (Domain 3);Preventative Controls (PC);;aws;;PASS;AWS policy AWSSSOServiceRolePolicy is attached but does not allow '*:*' administrative privileges.;arn:aws:iam::aws:policy/aws-service-role/AWSSSOServiceRolePolicy;iam_aws_attached_policy_no_administrative_privileges;False;AWSSSOServiceRolePolicy;FFIEC;FFIEC Cybersecurity Assessment Tool framework;
aws;In light of the increasing volume and sophistication of cyber threats, the Federal Financial Institutions Examination Council (FFIEC) developed the Cybersecurity Assessment Tool (Assessment), on behalf of its members, to help institutions identify their risks and determine their cybersecurity maturity.;992275841864;us-west-2;2026-08-18 15:47:07.870888;d3-pc-im-b-7;Access to make changes to systems configurations (including virtual machines and hypervisors) is controlled and monitored.;Cybersecurity Controls (Domain 3);Preventative Controls (PC);;aws;;PASS;AWS policy AWSSSOServiceRolePolicy is attached but does not allow '*:*' administrative privileges.;arn:aws:iam::aws:policy/aws-service-role/AWSSSOServiceRolePolicy;iam_aws_attached_policy_no_administrative_privileges;False;AWSSSOServiceRolePolicy;FFIEC;FFIEC Cybersecurity Assessment Tool framework;
aws;In light of the increasing volume and sophistication of cyber threats, the Federal Financial Institutions Examination Council (FFIEC) developed the Cybersecurity Assessment Tool (Assessment), on behalf of its members, to help institutions identify their risks and determine their cybersecurity maturity.;992275841864;us-west-2;2026-08-18 15:47:07.870888;d3-pc-am-b-1;Employee access is granted to systems and confidential data based on job responsibilities and the principles of least privilege.;Cybersecurity Controls (Domain 3);Preventative Controls (PC);;aws;;PASS;AWS policy AWSOrganizationsServiceTrustPolicy is attached but does not allow '*:*' administrative privileges.;arn:aws:iam::aws:policy/aws-service-role/AWSOrganizationsServiceTrustPolicy;iam_aws_attached_policy_no_administrative_privileges;False;AWSOrganizationsServiceTrustPolicy;FFIEC;FFIEC Cybersecurity Assessment Tool framework;
aws;In light of the increasing volume and sophistication of cyber threats, the Federal Financial Institutions Examination Council (FFIEC) developed the Cybersecurity Assessment Tool (Assessment), on behalf of its members, to help institutions identify their risks and determine their cybersecurity maturity.;992275841864;us-west-2;2026-08-18 15:47:07.870888;d3-pc-am-b-16;Administrative, physical, or technical controls are in place to prevent users without administrative responsibilities from installing unauthorized software.;Cybersecurity Controls (Domain 3);Preventative Controls (PC);;aws;;PASS;AWS policy AWSOrganizationsServiceTrustPolicy is attached but does not allow '*:*' administrative privileges.;arn:aws:iam::aws:policy/aws-service-role/AWSOrganizationsServiceTrustPolicy;iam_aws_attached_policy_no_administrative_privileges;False;AWSOrganizationsServiceTrustPolicy;FFIEC;FFIEC Cybersecurity Assessment Tool framework;
aws;In light of the increasing volume and sophistication of cyber threats, the Federal Financial Institutions Examination Council (FFIEC) developed the Cybersecurity Assessment Tool (Assessment), on behalf of its members, to help institutions identify their risks and determine their cybersecurity maturity.;992275841864;us-west-2;2026-08-18 15:47:07.870888;d3-pc-am-b-2;Employee access to systems and confidential data provides for separation of duties.;Cybersecurity Controls (Domain 3);Preventative Controls (PC);;aws;;PASS;AWS policy AWSOrganizationsServiceTrustPolicy is attached but does not allow '*:*' administrative privileges.;arn:aws:iam::aws:policy/aws-service-role/AWSOrganizationsServiceTrustPolicy;iam_aws_attached_policy_no_administrative_privileges;False;AWSOrganizationsServiceTrustPolicy;FFIEC;FFIEC Cybersecurity Assessment Tool framework;
aws;In light of the increasing volume and sophistication of cyber threats, the Federal Financial Institutions Examination Council (FFIEC) developed the Cybersecurity Assessment Tool (Assessment), on behalf of its members, to help institutions identify their risks and determine their cybersecurity maturity.;992275841864;us-west-2;2026-08-18 15:47:07.870888;d3-pc-am-b-3;Elevated privileges (e.g., administrator privileges) are limited and tightly controlled (e.g., assigned to individuals, not shared, and require stronger password controls;Cybersecurity Controls (Domain 3);Preventative Controls (PC);;aws;;PASS;AWS policy AWSOrganizationsServiceTrustPolicy is attached but does not allow '*:*' administrative privileges.;arn:aws:iam::aws:policy/aws-service-role/AWSOrganizationsServiceTrustPolicy;iam_aws_attached_policy_no_administrative_privileges;False;AWSOrganizationsServiceTrustPolicy;FFIEC;FFIEC Cybersecurity Assessment Tool framework;
aws;In light of the increasing volume and sophistication of cyber threats, the Federal Financial Institutions Examination Council (FFIEC) developed the Cybersecurity Assessment Tool (Assessment), on behalf of its members, to help institutions identify their risks and determine their cybersecurity maturity.;992275841864;us-west-2;2026-08-18 15:47:07.870888;d3-pc-am-b-6;Identification and authentication are required and managed for access to systems, applications, and hardware.;Cybersecurity Controls (Domain 3);Preventative Controls (PC);;aws;;PASS;AWS policy AWSOrganizationsServiceTrustPolicy is attached but does not allow '*:*' administrative privileges.;arn:aws:iam::aws:policy/aws-service-role/AWSOrganizationsServiceTrustPolicy;iam_aws_attached_policy_no_administrative_privileges;False;AWSOrganizationsServiceTrustPolicy;FFIEC;FFIEC Cybersecurity Assessment Tool framework;
aws;In light of the increasing volume and sophistication of cyber threats, the Federal Financial Institutions Examination Council (FFIEC) developed the Cybersecurity Assessment Tool (Assessment), on behalf of its members, to help institutions identify their risks and determine their cybersecurity maturity.;992275841864;us-west-2;2026-08-18 15:47:07.870888;d3-pc-im-b-7;Access to make changes to systems configurations (including virtual machines and hypervisors) is controlled and monitored.;Cybersecurity Controls (Domain 3);Preventative Controls (PC);;aws;;PASS;AWS policy AWSOrganizationsServiceTrustPolicy is attached but does not allow '*:*' administrative privileges.;arn:aws:iam::aws:policy/aws-service-role/AWSOrganizationsServiceTrustPolicy;iam_aws_attached_policy_no_administrative_privileges;False;AWSOrganizationsServiceTrustPolicy;FFIEC;FFIEC Cybersecurity Assessment Tool framework;
aws;In light of the increasing volume and sophistication of cyber threats, the Federal Financial Institutions Examination Council (FFIEC) developed the Cybersecurity Assessment Tool (Assessment), on behalf of its members, to help institutions identify their risks and determine their cybersecurity maturity.;992275841864;us-west-2;2026-08-18 15:47:07.870888;d3-pc-am-b-1;Employee access is granted to systems and confidential data based on job responsibilities and the principles of least privilege.;Cybersecurity Controls (Domain 3);Preventative Controls (PC);;aws;;PASS;AWS policy AWSTrustedAdvisorServiceRolePolicy is attached but does not allow '*:*' administrative privileges.;arn:aws:iam::aws:policy/aws-service-role/AWSTrustedAdvisorServiceRolePolicy;iam_aws_attached_policy_no_administrative_privileges;False;AWSTrustedAdvisorServiceRolePolicy;FFIEC;FFIEC Cybersecurity Assessment Tool framework;
aws;In light of the increasing volume and sophistication of cyber threats, the Federal Financial Institutions Examination Council (FFIEC) developed the Cybersecurity Assessment Tool (Assessment), on behalf of its members, to help institutions identify their risks and determine their cybersecurity maturity.;992275841864;us-west-2;2026-08-18 15:47:07.870888;d3-pc-am-b-16;Administrative, physical, or technical controls are in place to prevent users without administrative responsibilities from installing unauthorized software.;Cybersecurity Controls (Domain 3);Preventative Controls (PC);;aws;;PASS;AWS policy AWSTrustedAdvisorServiceRolePolicy is attached but does not allow '*:*' administrative privileges.;arn:aws:iam::aws:policy/aws-service-role/AWSTrustedAdvisorServiceRolePolicy;iam_aws_attached_policy_no_administrative_privileges;False;AWSTrustedAdvisorServiceRolePolicy;FFIEC;FFIEC Cybersecurity Assessment Tool framework;
aws;In light of the increasing volume and sophistication of cyber threats, the Federal Financial Institutions Examination Council (FFIEC) developed the Cybersecurity Assessment Tool (Assessment), on behalf of its members, to help institutions identify their risks and determine their cybersecurity maturity.;992275841864;us-west-2;2026-08-18 15:47:07.870888;d3-pc-am-b-2;Employee access to systems and confidential data provides for separation of duties.;Cybersecurity Controls (Domain 3);Preventative Controls (PC);;aws;;PASS;AWS policy AWSTrustedAdvisorServiceRolePolicy is attached but does not allow '*:*' administrative privileges.;arn:aws:iam::aws:policy/aws-service-role/AWSTrustedAdvisorServiceRolePolicy;iam_aws_attached_policy_no_administrative_privileges;False;AWSTrustedAdvisorServiceRolePolicy;FFIEC;FFIEC Cybersecurity Assessment Tool framework;
aws;In light of the increasing volume and sophistication of cyber threats, the Federal Financial Institutions Examination Council (FFIEC) developed the Cybersecurity Assessment Tool (Assessment), on behalf of its members, to help institutions identify their risks and determine their cybersecurity maturity.;992275841864;us-west-2;2026-08-18 15:47:07.870888;d3-pc-am-b-3;Elevated privileges (e.g., administrator privileges) are limited and tightly controlled (e.g., assigned to individuals, not shared, and require stronger password controls;Cybersecurity Controls (Domain 3);Preventative Controls (PC);;aws;;PASS;AWS policy AWSTrustedAdvisorServiceRolePolicy is attached but does not allow '*:*' administrative privileges.;arn:aws:iam::aws:policy/aws-service-role/AWSTrustedAdvisorServiceRolePolicy;iam_aws_attached_policy_no_administrative_privileges;False;AWSTrustedAdvisorServiceRolePolicy;FFIEC;FFIEC Cybersecurity Assessment Tool framework;
aws;In light of the increasing volume and sophistication of cyber threats, the Federal Financial Institutions Examination Council (FFIEC) developed the Cybersecurity Assessment Tool (Assessment), on behalf of its members, to help institutions identify their risks and determine their cybersecurity maturity.;992275841864;us-west-2;2026-08-18 15:47:07.870888;d3-pc-am-b-6;Identification and authentication are required and managed for access to systems, applications, and hardware.;Cybersecurity Controls (Domain 3);Preventative Controls (PC);;aws;;PASS;AWS policy AWSTrustedAdvisorServiceRolePolicy is attached but does not allow '*:*' administrative privileges.;arn:aws:iam::aws:policy/aws-service-role/AWSTrustedAdvisorServiceRolePolicy;iam_aws_attached_policy_no_administrative_privileges;False;AWSTrustedAdvisorServiceRolePolicy;FFIEC;FFIEC Cybersecurity Assessment Tool framework;
aws;In light of the increasing volume and sophistication of cyber threats, the Federal Financial Institutions Examination Council (FFIEC) developed the Cybersecurity Assessment Tool (Assessment), on behalf of its members, to help institutions identify their risks and determine their cybersecurity maturity.;992275841864;us-west-2;2026-08-18 15:47:07.870888;d3-pc-im-b-7;Access to make changes to systems configurations (including virtual machines and hypervisors) is controlled and monitored.;Cybersecurity Controls (Domain 3);Preventative Controls (PC);;aws;;PASS;AWS policy AWSTrustedAdvisorServiceRolePolicy is attached but does not allow '*:*' administrative privileges.;arn:aws:iam::aws:policy/aws-service-role/AWSTrustedAdvisorServiceRolePolicy;iam_aws_attached_policy_no_administrative_privileges;False;AWSTrustedAdvisorServiceRolePolicy;FFIEC;FFIEC Cybersecurity Assessment Tool framework;
aws;In light of the increasing volume and sophistication of cyber threats, the Federal Financial Institutions Examination Council (FFIEC) developed the Cybersecurity Assessment Tool (Assessment), on behalf of its members, to help institutions identify their risks and determine their cybersecurity maturity.;992275841864;us-west-2;2026-08-18 15:47:07.870888;d3-pc-am-b-1;Employee access is granted to systems and confidential data based on job responsibilities and the principles of least privilege.;Cybersecurity Controls (Domain 3);Preventative Controls (PC);;aws;;FAIL;AWS policy AdministratorAccess is attached and allows '*:*' administrative privileges.;arn:aws:iam::aws:policy/AdministratorAccess;iam_aws_attached_policy_no_administrative_privileges;False;AdministratorAccess;FFIEC;FFIEC Cybersecurity Assessment Tool framework;
aws;In light of the increasing volume and sophistication of cyber threats, the Federal Financial Institutions Examination Council (FFIEC) developed the Cybersecurity Assessment Tool (Assessment), on behalf of its members, to help institutions identify their risks and determine their cybersecurity maturity.;992275841864;us-west-2;2026-08-18 15:47:07.870888;d3-pc-am-b-16;Administrative, physical, or technical controls are in place to prevent users without administrative responsibilities from installing unauthorized software.;Cybersecurity Controls (Domain 3);Preventative Controls (PC);;aws;;FAIL;AWS policy AdministratorAccess is attached and allows '*:*' administrative privileges.;arn:aws:iam::aws:policy/AdministratorAccess;iam_aws_attached_policy_no_administrative_privileges;False;AdministratorAccess;FFIEC;FFIEC Cybersecurity Assessment Tool framework;
aws;In light of the increasing volume and sophistication of cyber threats, the Federal Financial Institutions Examination Council (FFIEC) developed the Cybersecurity Assessment Tool (Assessment), on behalf of its members, to help institutions identify their risks and determine their cybersecurity maturity.;992275841864;us-west-2;2026-08-18 15:47:07.870888;d3-pc-am-b-2;Employee access to systems and confidential data provides for separation of duties.;Cybersecurity Controls (Domain 3);Preventative Controls (PC);;aws;;FAIL;AWS policy AdministratorAccess is attached and allows '*:*' administrative privileges.;arn:aws:iam::aws:policy/AdministratorAccess;iam_aws_attached_policy_no_administrative_privileges;False;AdministratorAccess;FFIEC;FFIEC Cybersecurity Assessment Tool framework;
aws;In light of the increasing volume and sophistication of cyber threats, the Federal Financial Institutions Examination Council (FFIEC) developed the Cybersecurity Assessment Tool (Assessment), on behalf of its members, to help institutions identify their risks and determine their cybersecurity maturity.;992275841864;us-west-2;2026-08-18 15:47:07.870888;d3-pc-am-b-3;Elevated privileges (e.g., administrator privileges) are limited and tightly controlled (e.g., assigned to individuals, not shared, and require stronger password controls;Cybersecurity Controls (Domain 3);Preventative Controls (PC);;aws;;FAIL;AWS policy AdministratorAccess is attached and allows '*:*' administrative privileges.;arn:aws:iam::aws:policy/AdministratorAccess;iam_aws_attached_policy_no_administrative_privileges;False;AdministratorAccess;FFIEC;FFIEC Cybersecurity Assessment Tool framework;
aws;In light of the increasing volume and sophistication of cyber threats, the Federal Financial Institutions Examination Council (FFIEC) developed the Cybersecurity Assessment Tool (Assessment), on behalf of its members, to help institutions identify their risks and determine their cybersecurity maturity.;992275841864;us-west-2;2026-08-18 15:47:07.870888;d3-pc-am-b-6;Identification and authentication are required and managed for access to systems, applications, and hardware.;Cybersecurity Controls (Domain 3);Preventative Controls (PC);;aws;;FAIL;AWS policy AdministratorAccess is attached and allows '*:*' administrative privileges.;arn:aws:iam::aws:policy/AdministratorAccess;iam_aws_attached_policy_no_administrative_privileges;False;AdministratorAccess;FFIEC;FFIEC Cybersecurity Assessment Tool framework;
aws;In light of the increasing volume and sophistication of cyber threats, the Federal Financial Institutions Examination Council (FFIEC) developed the Cybersecurity Assessment Tool (Assessment), on behalf of its members, to help institutions identify their risks and determine their cybersecurity maturity.;992275841864;us-west-2;2026-08-18 15:47:07.870888;d3-pc-im-b-7;Access to make changes to systems configurations (including virtual machines and hypervisors) is controlled and monitored.;Cybersecurity Controls (Domain 3);Preventative Controls (PC);;aws;;FAIL;AWS policy AdministratorAccess is attached and allows '*:*' administrative privileges.;arn:aws:iam::aws:policy/AdministratorAccess;iam_aws_attached_policy_no_administrative_privileges;False;AdministratorAccess;FFIEC;FFIEC Cybersecurity Assessment Tool framework;
aws;In light of the increasing volume and sophistication of cyber threats, the Federal Financial Institutions Examination Council (FFIEC) developed the Cybersecurity Assessment Tool (Assessment), on behalf of its members, to help institutions identify their risks and determine their cybersecurity maturity.;992275841864;us-west-2;2026-08-18 15:47:07.870888;d3-pc-am-b-1;Employee access is granted to systems and confidential data based on job responsibilities and the principles of least privilege.;Cybersecurity Controls (Domain 3);Preventative Controls (PC);;aws;;PASS;AWS policy AWSSupportServiceRolePolicy is attached but does not allow '*:*' administrative privileges.;arn:aws:iam::aws:policy/aws-service-role/AWSSupportServiceRolePolicy;iam_aws_attached_policy_no_administrative_privileges;False;AWSSupportServiceRolePolicy;FFIEC;FFIEC Cybersecurity Assessment Tool framework;
aws;In light of the increasing volume and sophistication of cyber threats, the Federal Financial Institutions Examination Council (FFIEC) developed the Cybersecurity Assessment Tool (Assessment), on behalf of its members, to help institutions identify their risks and determine their cybersecurity maturity.;992275841864;us-west-2;2026-08-18 15:47:07.870888;d3-pc-am-b-16;Administrative, physical, or technical controls are in place to prevent users without administrative responsibilities from installing unauthorized software.;Cybersecurity Controls (Domain 3);Preventative Controls (PC);;aws;;PASS;AWS policy AWSSupportServiceRolePolicy is attached but does not allow '*:*' administrative privileges.;arn:aws:iam::aws:policy/aws-service-role/AWSSupportServiceRolePolicy;iam_aws_attached_policy_no_administrative_privileges;False;AWSSupportServiceRolePolicy;FFIEC;FFIEC Cybersecurity Assessment Tool framework;
aws;In light of the increasing volume and sophistication of cyber threats, the Federal Financial Institutions Examination Council (FFIEC) developed the Cybersecurity Assessment Tool (Assessment), on behalf of its members, to help institutions identify their risks and determine their cybersecurity maturity.;992275841864;us-west-2;2026-08-18 15:47:07.870888;d3-pc-am-b-2;Employee access to systems and confidential data provides for separation of duties.;Cybersecurity Controls (Domain 3);Preventative Controls (PC);;aws;;PASS;AWS policy AWSSupportServiceRolePolicy is attached but does not allow '*:*' administrative privileges.;arn:aws:iam::aws:policy/aws-service-role/AWSSupportServiceRolePolicy;iam_aws_attached_policy_no_administrative_privileges;False;AWSSupportServiceRolePolicy;FFIEC;FFIEC Cybersecurity Assessment Tool framework;
aws;In light of the increasing volume and sophistication of cyber threats, the Federal Financial Institutions Examination Council (FFIEC) developed the Cybersecurity Assessment Tool (Assessment), on behalf of its members, to help institutions identify their risks and determine their cybersecurity maturity.;992275841864;us-west-2;2026-08-18 15:47:07.870888;d3-pc-am-b-3;Elevated privileges (e.g., administrator privileges) are limited and tightly controlled (e.g., assigned to individuals, not shared, and require stronger password controls;Cybersecurity Controls (Domain 3);Preventative Controls (PC);;aws;;PASS;AWS policy AWSSupportServiceRolePolicy is attached but does not allow '*:*' administrative privileges.;arn:aws:iam::aws:policy/aws-service-role/AWSSupportServiceRolePolicy;iam_aws_attached_policy_no_administrative_privileges;False;AWSSupportServiceRolePolicy;FFIEC;FFIEC Cybersecurity Assessment Tool framework;
aws;In light of the increasing volume and sophistication of cyber threats, the Federal Financial Institutions Examination Council (FFIEC) developed the Cybersecurity Assessment Tool (Assessment), on behalf of its members, to help institutions identify their risks and determine their cybersecurity maturity.;992275841864;us-west-2;2026-08-18 15:47:07.870888;d3-pc-am-b-6;Identification and authentication are required and managed for access to systems, applications, and hardware.;Cybersecurity Controls (Domain 3);Preventative Controls (PC);;aws;;PASS;AWS policy AWSSupportServiceRolePolicy is attached but does not allow '*:*' administrative privileges.;arn:aws:iam::aws:policy/aws-service-role/AWSSupportServiceRolePolicy;iam_aws_attached_policy_no_administrative_privileges;False;AWSSupportServiceRolePolicy;FFIEC;FFIEC Cybersecurity Assessment Tool framework;
aws;In light of the increasing volume and sophistication of cyber threats, the Federal Financial Institutions Examination Council (FFIEC) developed the Cybersecurity Assessment Tool (Assessment), on behalf of its members, to help institutions identify their risks and determine their cybersecurity maturity.;992275841864;us-west-2;2026-08-18 15:47:07.870888;d3-pc-im-b-7;Access to make changes to systems configurations (including virtual machines and hypervisors) is controlled and monitored.;Cybersecurity Controls (Domain 3);Preventative Controls (PC);;aws;;PASS;AWS policy AWSSupportServiceRolePolicy is attached but does not allow '*:*' administrative privileges.;arn:aws:iam::aws:policy/aws-service-role/AWSSupportServiceRolePolicy;iam_aws_attached_policy_no_administrative_privileges;False;AWSSupportServiceRolePolicy;FFIEC;FFIEC Cybersecurity Assessment Tool framework;
aws;In light of the increasing volume and sophistication of cyber threats, the Federal Financial Institutions Examination Council (FFIEC) developed the Cybersecurity Assessment Tool (Assessment), on behalf of its members, to help institutions identify their risks and determine their cybersecurity maturity.;992275841864;us-west-2;2026-08-18 15:47:07.870888;d3-pc-am-b-1;Employee access is granted to systems and confidential data based on job responsibilities and the principles of least privilege.;Cybersecurity Controls (Domain 3);Preventative Controls (PC);;aws;;PASS;AWS policy ViewOnlyAccess is attached but does not allow '*:*' administrative privileges.;arn:aws:iam::aws:policy/job-function/ViewOnlyAccess;iam_aws_attached_policy_no_administrative_privileges;False;ViewOnlyAccess;FFIEC;FFIEC Cybersecurity Assessment Tool framework;
aws;In light of the increasing volume and sophistication of cyber threats, the Federal Financial Institutions Examination Council (FFIEC) developed the Cybersecurity Assessment Tool (Assessment), on behalf of its members, to help institutions identify their risks and determine their cybersecurity maturity.;992275841864;us-west-2;2026-08-18 15:47:07.870888;d3-pc-am-b-16;Administrative, physical, or technical controls are in place to prevent users without administrative responsibilities from installing unauthorized software.;Cybersecurity Controls (Domain 3);Preventative Controls (PC);;aws;;PASS;AWS policy ViewOnlyAccess is attached but does not allow '*:*' administrative privileges.;arn:aws:iam::aws:policy/job-function/ViewOnlyAccess;iam_aws_attached_policy_no_administrative_privileges;False;ViewOnlyAccess;FFIEC;FFIEC Cybersecurity Assessment Tool framework;
aws;In light of the increasing volume and sophistication of cyber threats, the Federal Financial Institutions Examination Council (FFIEC) developed the Cybersecurity Assessment Tool (Assessment), on behalf of its members, to help institutions identify their risks and determine their cybersecurity maturity.;992275841864;us-west-2;2026-08-18 15:47:07.870888;d3-pc-am-b-2;Employee access to systems and confidential data provides for separation of duties.;Cybersecurity Controls (Domain 3);Preventative Controls (PC);;aws;;PASS;AWS policy ViewOnlyAccess is attached but does not allow '*:*' administrative privileges.;arn:aws:iam::aws:policy/job-function/ViewOnlyAccess;iam_aws_attached_policy_no_administrative_privileges;False;ViewOnlyAccess;FFIEC;FFIEC Cybersecurity Assessment Tool framework;
aws;In light of the increasing volume and sophistication of cyber threats, the Federal Financial Institutions Examination Council (FFIEC) developed the Cybersecurity Assessment Tool (Assessment), on behalf of its members, to help institutions identify their risks and determine their cybersecurity maturity.;992275841864;us-west-2;2026-08-18 15:47:07.870888;d3-pc-am-b-3;Elevated privileges (e.g., administrator privileges) are limited and tightly controlled (e.g., assigned to individuals, not shared, and require stronger password controls;Cybersecurity Controls (Domain 3);Preventative Controls (PC);;aws;;PASS;AWS policy ViewOnlyAccess is attached but does not allow '*:*' administrative privileges.;arn:aws:iam::aws:policy/job-function/ViewOnlyAccess;iam_aws_attached_policy_no_administrative_privileges;False;ViewOnlyAccess;FFIEC;FFIEC Cybersecurity Assessment Tool framework;
aws;In light of the increasing volume and sophistication of cyber threats, the Federal Financial Institutions Examination Council (FFIEC) developed the Cybersecurity Assessment Tool (Assessment), on behalf of its members, to help institutions identify their risks and determine their cybersecurity maturity.;992275841864;us-west-2;2026-08-18 15:47:07.870888;d3-pc-am-b-6;Identification and authentication are required and managed for access to systems, applications, and hardware.;Cybersecurity Controls (Domain 3);Preventative Controls (PC);;aws;;PASS;AWS policy ViewOnlyAccess is attached but does not allow '*:*' administrative privileges.;arn:aws:iam::aws:policy/job-function/ViewOnlyAccess;iam_aws_attached_policy_no_administrative_privileges;False;ViewOnlyAccess;FFIEC;FFIEC Cybersecurity Assessment Tool framework;
aws;In light of the increasing volume and sophistication of cyber threats, the Federal Financial Institutions Examination Council (FFIEC) developed the Cybersecurity Assessment Tool (Assessment), on behalf of its members, to help institutions identify their risks and determine their cybersecurity maturity.;992275841864;us-west-2;2026-08-18 15:47:07.870888;d3-pc-im-b-7;Access to make changes to systems configurations (including virtual machines and hypervisors) is controlled and monitored.;Cybersecurity Controls (Domain 3);Preventative Controls (PC);;aws;;PASS;AWS policy ViewOnlyAccess is attached but does not allow '*:*' administrative privileges.;arn:aws:iam::aws:policy/job-function/ViewOnlyAccess;iam_aws_attached_policy_no_administrative_privileges;False;ViewOnlyAccess;FFIEC;FFIEC Cybersecurity Assessment Tool framework;
aws;In light of the increasing volume and sophistication of cyber threats, the Federal Financial Institutions Examination Council (FFIEC) developed the Cybersecurity Assessment Tool (Assessment), on behalf of its members, to help institutions identify their risks and determine their cybersecurity maturity.;992275841864;us-west-2;2026-08-18 15:47:07.870888;d3-pc-am-b-1;Employee access is granted to systems and confidential data based on job responsibilities and the principles of least privilege.;Cybersecurity Controls (Domain 3);Preventative Controls (PC);;aws;;PASS;AWS policy SecurityAudit is attached but does not allow '*:*' administrative privileges.;arn:aws:iam::aws:policy/SecurityAudit;iam_aws_attached_policy_no_administrative_privileges;False;SecurityAudit;FFIEC;FFIEC Cybersecurity Assessment Tool framework;
aws;In light of the increasing volume and sophistication of cyber threats, the Federal Financial Institutions Examination Council (FFIEC) developed the Cybersecurity Assessment Tool (Assessment), on behalf of its members, to help institutions identify their risks and determine their cybersecurity maturity.;992275841864;us-west-2;2026-08-18 15:47:07.870888;d3-pc-am-b-16;Administrative, physical, or technical controls are in place to prevent users without administrative responsibilities from installing unauthorized software.;Cybersecurity Controls (Domain 3);Preventative Controls (PC);;aws;;PASS;AWS policy SecurityAudit is attached but does not allow '*:*' administrative privileges.;arn:aws:iam::aws:policy/SecurityAudit;iam_aws_attached_policy_no_administrative_privileges;False;SecurityAudit;FFIEC;FFIEC Cybersecurity Assessment Tool framework;
aws;In light of the increasing volume and sophistication of cyber threats, the Federal Financial Institutions Examination Council (FFIEC) developed the Cybersecurity Assessment Tool (Assessment), on behalf of its members, to help institutions identify their risks and determine their cybersecurity maturity.;992275841864;us-west-2;2026-08-18 15:47:07.870888;d3-pc-am-b-2;Employee access to systems and confidential data provides for separation of duties.;Cybersecurity Controls (Domain 3);Preventative Controls (PC);;aws;;PASS;AWS policy SecurityAudit is attached but does not allow '*:*' administrative privileges.;arn:aws:iam::aws:policy/SecurityAudit;iam_aws_attached_policy_no_administrative_privileges;False;SecurityAudit;FFIEC;FFIEC Cybersecurity Assessment Tool framework;
aws;In light of the increasing volume and sophistication of cyber threats, the Federal Financial Institutions Examination Council (FFIEC) developed the Cybersecurity Assessment Tool (Assessment), on behalf of its members, to help institutions identify their risks and determine their cybersecurity maturity.;992275841864;us-west-2;2026-08-18 15:47:07.870888;d3-pc-am-b-3;Elevated privileges (e.g., administrator privileges) are limited and tightly controlled (e.g., assigned to individuals, not shared, and require stronger password controls;Cybersecurity Controls (Domain 3);Preventative Controls (PC);;aws;;PASS;AWS policy SecurityAudit is attached but does not allow '*:*' administrative privileges.;arn:aws:iam::aws:policy/SecurityAudit;iam_aws_attached_policy_no_administrative_privileges;False;SecurityAudit;FFIEC;FFIEC Cybersecurity Assessment Tool framework;
aws;In light of the increasing volume and sophistication of cyber threats, the Federal Financial Institutions Examination Council (FFIEC) developed the Cybersecurity Assessment Tool (Assessment), on behalf of its members, to help institutions identify their risks and determine their cybersecurity maturity.;992275841864;us-west-2;2026-08-18 15:47:07.870888;d3-pc-am-b-6;Identification and authentication are required and managed for access to systems, applications, and hardware.;Cybersecurity Controls (Domain 3);Preventative Controls (PC);;aws;;PASS;AWS policy SecurityAudit is attached but does not allow '*:*' administrative privileges.;arn:aws:iam::aws:policy/SecurityAudit;iam_aws_attached_policy_no_administrative_privileges;False;SecurityAudit;FFIEC;FFIEC Cybersecurity Assessment Tool framework;
aws;In light of the increasing volume and sophistication of cyber threats, the Federal Financial Institutions Examination Council (FFIEC) developed the Cybersecurity Assessment Tool (Assessment), on behalf of its members, to help institutions identify their risks and determine their cybersecurity maturity.;992275841864;us-west-2;2026-08-18 15:47:07.870888;d3-pc-im-b-7;Access to make changes to systems configurations (including virtual machines and hypervisors) is controlled and monitored.;Cybersecurity Controls (Domain 3);Preventative Controls (PC);;aws;;PASS;AWS policy SecurityAudit is attached but does not allow '*:*' administrative privileges.;arn:aws:iam::aws:policy/SecurityAudit;iam_aws_attached_policy_no_administrative_privileges;False;SecurityAudit;FFIEC;FFIEC Cybersecurity Assessment Tool framework;
aws;In light of the increasing volume and sophistication of cyber threats, the Federal Financial Institutions Examination Council (FFIEC) developed the Cybersecurity Assessment Tool (Assessment), on behalf of its members, to help institutions identify their risks and determine their cybersecurity maturity.;992275841864;us-west-2;2026-08-18 15:47:07.870888;d3-pc-am-b-1;Employee access is granted to systems and confidential data based on job responsibilities and the principles of least privilege.;Cybersecurity Controls (Domain 3);Preventative Controls (PC);;aws;;PASS;AWS policy AWSResourceExplorerServiceRolePolicy is attached but does not allow '*:*' administrative privileges.;arn:aws:iam::aws:policy/aws-service-role/AWSResourceExplorerServiceRolePolicy;iam_aws_attached_policy_no_administrative_privileges;False;AWSResourceExplorerServiceRolePolicy;FFIEC;FFIEC Cybersecurity Assessment Tool framework;
aws;In light of the increasing volume and sophistication of cyber threats, the Federal Financial Institutions Examination Council (FFIEC) developed the Cybersecurity Assessment Tool (Assessment), on behalf of its members, to help institutions identify their risks and determine their cybersecurity maturity.;992275841864;us-west-2;2026-08-18 15:47:07.870888;d3-pc-am-b-16;Administrative, physical, or technical controls are in place to prevent users without administrative responsibilities from installing unauthorized software.;Cybersecurity Controls (Domain 3);Preventative Controls (PC);;aws;;PASS;AWS policy AWSResourceExplorerServiceRolePolicy is attached but does not allow '*:*' administrative privileges.;arn:aws:iam::aws:policy/aws-service-role/AWSResourceExplorerServiceRolePolicy;iam_aws_attached_policy_no_administrative_privileges;False;AWSResourceExplorerServiceRolePolicy;FFIEC;FFIEC Cybersecurity Assessment Tool framework;
aws;In light of the increasing volume and sophistication of cyber threats, the Federal Financial Institutions Examination Council (FFIEC) developed the Cybersecurity Assessment Tool (Assessment), on behalf of its members, to help institutions identify their risks and determine their cybersecurity maturity.;992275841864;us-west-2;2026-08-18 15:47:07.870888;d3-pc-am-b-2;Employee access to systems and confidential data provides for separation of duties.;Cybersecurity Controls (Domain 3);Preventative Controls (PC);;aws;;PASS;AWS policy AWSResourceExplorerServiceRolePolicy is attached but does not allow '*:*' administrative privileges.;arn:aws:iam::aws:policy/aws-service-role/AWSResourceExplorerServiceRolePolicy;iam_aws_attached_policy_no_administrative_privileges;False;AWSResourceExplorerServiceRolePolicy;FFIEC;FFIEC Cybersecurity Assessment Tool framework;
aws;In light of the increasing volume and sophistication of cyber threats, the Federal Financial Institutions Examination Council (FFIEC) developed the Cybersecurity Assessment Tool (Assessment), on behalf of its members, to help institutions identify their risks and determine their cybersecurity maturity.;992275841864;us-west-2;2026-08-18 15:47:07.870888;d3-pc-am-b-3;Elevated privileges (e.g., administrator privileges) are limited and tightly controlled (e.g., assigned to individuals, not shared, and require stronger password controls;Cybersecurity Controls (Domain 3);Preventative Controls (PC);;aws;;PASS;AWS policy AWSResourceExplorerServiceRolePolicy is attached but does not allow '*:*' administrative privileges.;arn:aws:iam::aws:policy/aws-service-role/AWSResourceExplorerServiceRolePolicy;iam_aws_attached_policy_no_administrative_privileges;False;AWSResourceExplorerServiceRolePolicy;FFIEC;FFIEC Cybersecurity Assessment Tool framework;
aws;In light of the increasing volume and sophistication of cyber threats, the Federal Financial Institutions Examination Council (FFIEC) developed the Cybersecurity Assessment Tool (Assessment), on behalf of its members, to help institutions identify their risks and determine their cybersecurity maturity.;992275841864;us-west-2;2026-08-18 15:47:07.870888;d3-pc-am-b-6;Identification and authentication are required and managed for access to systems, applications, and hardware.;Cybersecurity Controls (Domain 3);Preventative Controls (PC);;aws;;PASS;AWS policy AWSResourceExplorerServiceRolePolicy is attached but does not allow '*:*' administrative privileges.;arn:aws:iam::aws:policy/aws-service-role/AWSResourceExplorerServiceRolePolicy;iam_aws_attached_policy_no_administrative_privileges;False;AWSResourceExplorerServiceRolePolicy;FFIEC;FFIEC Cybersecurity Assessment Tool framework;
aws;In light of the increasing volume and sophistication of cyber threats, the Federal Financial Institutions Examination Council (FFIEC) developed the Cybersecurity Assessment Tool (Assessment), on behalf of its members, to help institutions identify their risks and determine their cybersecurity maturity.;992275841864;us-west-2;2026-08-18 15:47:07.870888;d3-pc-im-b-7;Access to make changes to systems configurations (including virtual machines and hypervisors) is controlled and monitored.;Cybersecurity Controls (Domain 3);Preventative Controls (PC);;aws;;PASS;AWS policy AWSResourceExplorerServiceRolePolicy is attached but does not allow '*:*' administrative privileges.;arn:aws:iam::aws:policy/aws-service-role/AWSResourceExplorerServiceRolePolicy;iam_aws_attached_policy_no_administrative_privileges;False;AWSResourceExplorerServiceRolePolicy;FFIEC;FFIEC Cybersecurity Assessment Tool framework;
aws;In light of the increasing volume and sophistication of cyber threats, the Federal Financial Institutions Examination Council (FFIEC) developed the Cybersecurity Assessment Tool (Assessment), on behalf of its members, to help institutions identify their risks and determine their cybersecurity maturity.;992275841864;us-west-2;2026-08-18 15:47:07.870888;d3-pc-am-b-1;Employee access is granted to systems and confidential data based on job responsibilities and the principles of least privilege.;Cybersecurity Controls (Domain 3);Preventative Controls (PC);;aws;;PASS;Inline policy auto-shutdown-permissions attached to role auto-shutdown-lambda-role does not allow '*:*' administrative privileges.;arn:aws:iam::992275841864:role/auto-shutdown-lambda-role;iam_inline_policy_no_administrative_privileges;False;auto-shutdown-lambda-role/auto-shutdown-permissions;FFIEC;FFIEC Cybersecurity Assessment Tool framework;
aws;In light of the increasing volume and sophistication of cyber threats, the Federal Financial Institutions Examination Council (FFIEC) developed the Cybersecurity Assessment Tool (Assessment), on behalf of its members, to help institutions identify their risks and determine their cybersecurity maturity.;992275841864;us-west-2;2026-08-18 15:47:07.870888;d3-pc-am-b-16;Administrative, physical, or technical controls are in place to prevent users without administrative responsibilities from installing unauthorized software.;Cybersecurity Controls (Domain 3);Preventative Controls (PC);;aws;;PASS;Inline policy auto-shutdown-permissions attached to role auto-shutdown-lambda-role does not allow '*:*' administrative privileges.;arn:aws:iam::992275841864:role/auto-shutdown-lambda-role;iam_inline_policy_no_administrative_privileges;False;auto-shutdown-lambda-role/auto-shutdown-permissions;FFIEC;FFIEC Cybersecurity Assessment Tool framework;
aws;In light of the increasing volume and sophistication of cyber threats, the Federal Financial Institutions Examination Council (FFIEC) developed the Cybersecurity Assessment Tool (Assessment), on behalf of its members, to help institutions identify their risks and determine their cybersecurity maturity.;992275841864;us-west-2;2026-08-18 15:47:07.870888;d3-pc-am-b-2;Employee access to systems and confidential data provides for separation of duties.;Cybersecurity Controls (Domain 3);Preventative Controls (PC);;aws;;PASS;Inline policy auto-shutdown-permissions attached to role auto-shutdown-lambda-role does not allow '*:*' administrative privileges.;arn:aws:iam::992275841864:role/auto-shutdown-lambda-role;iam_inline_policy_no_administrative_privileges;False;auto-shutdown-lambda-role/auto-shutdown-permissions;FFIEC;FFIEC Cybersecurity Assessment Tool framework;
aws;In light of the increasing volume and sophistication of cyber threats, the Federal Financial Institutions Examination Council (FFIEC) developed the Cybersecurity Assessment Tool (Assessment), on behalf of its members, to help institutions identify their risks and determine their cybersecurity maturity.;992275841864;us-west-2;2026-08-18 15:47:07.870888;d3-pc-am-b-3;Elevated privileges (e.g., administrator privileges) are limited and tightly controlled (e.g., assigned to individuals, not shared, and require stronger password controls;Cybersecurity Controls (Domain 3);Preventative Controls (PC);;aws;;PASS;Inline policy auto-shutdown-permissions attached to role auto-shutdown-lambda-role does not allow '*:*' administrative privileges.;arn:aws:iam::992275841864:role/auto-shutdown-lambda-role;iam_inline_policy_no_administrative_privileges;False;auto-shutdown-lambda-role/auto-shutdown-permissions;FFIEC;FFIEC Cybersecurity Assessment Tool framework;
aws;In light of the increasing volume and sophistication of cyber threats, the Federal Financial Institutions Examination Council (FFIEC) developed the Cybersecurity Assessment Tool (Assessment), on behalf of its members, to help institutions identify their risks and determine their cybersecurity maturity.;992275841864;us-west-2;2026-08-18 15:47:07.870888;d3-pc-am-b-6;Identification and authentication are required and managed for access to systems, applications, and hardware.;Cybersecurity Controls (Domain 3);Preventative Controls (PC);;aws;;PASS;Inline policy auto-shutdown-permissions attached to role auto-shutdown-lambda-role does not allow '*:*' administrative privileges.;arn:aws:iam::992275841864:role/auto-shutdown-lambda-role;iam_inline_policy_no_administrative_privileges;False;auto-shutdown-lambda-role/auto-shutdown-permissions;FFIEC;FFIEC Cybersecurity Assessment Tool framework;
aws;In light of the increasing volume and sophistication of cyber threats, the Federal Financial Institutions Examination Council (FFIEC) developed the Cybersecurity Assessment Tool (Assessment), on behalf of its members, to help institutions identify their risks and determine their cybersecurity maturity.;992275841864;us-west-2;2026-08-18 15:47:07.870888;d3-pc-im-b-7;Access to make changes to systems configurations (including virtual machines and hypervisors) is controlled and monitored.;Cybersecurity Controls (Domain 3);Preventative Controls (PC);;aws;;PASS;Inline policy auto-shutdown-permissions attached to role auto-shutdown-lambda-role does not allow '*:*' administrative privileges.;arn:aws:iam::992275841864:role/auto-shutdown-lambda-role;iam_inline_policy_no_administrative_privileges;False;auto-shutdown-lambda-role/auto-shutdown-permissions;FFIEC;FFIEC Cybersecurity Assessment Tool framework;
aws;In light of the increasing volume and sophistication of cyber threats, the Federal Financial Institutions Examination Council (FFIEC) developed the Cybersecurity Assessment Tool (Assessment), on behalf of its members, to help institutions identify their risks and determine their cybersecurity maturity.;992275841864;us-west-2;2026-08-18 15:47:07.870888;d3-pc-am-b-1;Employee access is granted to systems and confidential data based on job responsibilities and the principles of least privilege.;Cybersecurity Controls (Domain 3);Preventative Controls (PC);;aws;;PASS;Inline policy auto-shutdown-permissions attached to role auto-shutdown-lambda-role does not allow 'aws-marketplace:Subscribe' on all resources.;arn:aws:iam::992275841864:role/auto-shutdown-lambda-role;iam_inline_policy_no_wildcard_marketplace_subscribe;False;auto-shutdown-lambda-role/auto-shutdown-permissions;FFIEC;FFIEC Cybersecurity Assessment Tool framework;
aws;In light of the increasing volume and sophistication of cyber threats, the Federal Financial Institutions Examination Council (FFIEC) developed the Cybersecurity Assessment Tool (Assessment), on behalf of its members, to help institutions identify their risks and determine their cybersecurity maturity.;992275841864;us-west-2;2026-08-18 15:47:07.870888;d3-pc-am-b-6;Identification and authentication are required and managed for access to systems, applications, and hardware.;Cybersecurity Controls (Domain 3);Preventative Controls (PC);;aws;;FAIL;IAM password policy does not require at least one lowercase letter.;arn:aws:iam:us-west-2:992275841864:password-policy;iam_password_policy_lowercase;False;992275841864;FFIEC;FFIEC Cybersecurity Assessment Tool framework;
aws;In light of the increasing volume and sophistication of cyber threats, the Federal Financial Institutions Examination Council (FFIEC) developed the Cybersecurity Assessment Tool (Assessment), on behalf of its members, to help institutions identify their risks and determine their cybersecurity maturity.;992275841864;us-west-2;2026-08-18 15:47:07.870888;d3-pc-am-b-7;Access controls include password complexity and limits to password attempts and reuse.;Cybersecurity Controls (Domain 3);Preventative Controls (PC);;aws;;FAIL;IAM password policy does not require at least one lowercase letter.;arn:aws:iam:us-west-2:992275841864:password-policy;iam_password_policy_lowercase;False;992275841864;FFIEC;FFIEC Cybersecurity Assessment Tool framework;
aws;In light of the increasing volume and sophistication of cyber threats, the Federal Financial Institutions Examination Council (FFIEC) developed the Cybersecurity Assessment Tool (Assessment), on behalf of its members, to help institutions identify their risks and determine their cybersecurity maturity.;992275841864;us-west-2;2026-08-18 15:47:07.870888;d3-pc-am-b-6;Identification and authentication are required and managed for access to systems, applications, and hardware.;Cybersecurity Controls (Domain 3);Preventative Controls (PC);;aws;;FAIL;IAM password policy does not require minimum length of 14 characters.;arn:aws:iam:us-west-2:992275841864:password-policy;iam_password_policy_minimum_length_14;False;992275841864;FFIEC;FFIEC Cybersecurity Assessment Tool framework;
aws;In light of the increasing volume and sophistication of cyber threats, the Federal Financial Institutions Examination Council (FFIEC) developed the Cybersecurity Assessment Tool (Assessment), on behalf of its members, to help institutions identify their risks and determine their cybersecurity maturity.;992275841864;us-west-2;2026-08-18 15:47:07.870888;d3-pc-am-b-7;Access controls include password complexity and limits to password attempts and reuse.;Cybersecurity Controls (Domain 3);Preventative Controls (PC);;aws;;FAIL;IAM password policy does not require minimum length of 14 characters.;arn:aws:iam:us-west-2:992275841864:password-policy;iam_password_policy_minimum_length_14;False;992275841864;FFIEC;FFIEC Cybersecurity Assessment Tool framework;
aws;In light of the increasing volume and sophistication of cyber threats, the Federal Financial Institutions Examination Council (FFIEC) developed the Cybersecurity Assessment Tool (Assessment), on behalf of its members, to help institutions identify their risks and determine their cybersecurity maturity.;992275841864;us-west-2;2026-08-18 15:47:07.870888;d3-pc-am-b-6;Identification and authentication are required and managed for access to systems, applications, and hardware.;Cybersecurity Controls (Domain 3);Preventative Controls (PC);;aws;;FAIL;IAM password policy does not require at least one number.;arn:aws:iam:us-west-2:992275841864:password-policy;iam_password_policy_number;False;992275841864;FFIEC;FFIEC Cybersecurity Assessment Tool framework;
aws;In light of the increasing volume and sophistication of cyber threats, the Federal Financial Institutions Examination Council (FFIEC) developed the Cybersecurity Assessment Tool (Assessment), on behalf of its members, to help institutions identify their risks and determine their cybersecurity maturity.;992275841864;us-west-2;2026-08-18 15:47:07.870888;d3-pc-am-b-7;Access controls include password complexity and limits to password attempts and reuse.;Cybersecurity Controls (Domain 3);Preventative Controls (PC);;aws;;FAIL;IAM password policy does not require at least one number.;arn:aws:iam:us-west-2:992275841864:password-policy;iam_password_policy_number;False;992275841864;FFIEC;FFIEC Cybersecurity Assessment Tool framework;
aws;In light of the increasing volume and sophistication of cyber threats, the Federal Financial Institutions Examination Council (FFIEC) developed the Cybersecurity Assessment Tool (Assessment), on behalf of its members, to help institutions identify their risks and determine their cybersecurity maturity.;992275841864;us-west-2;2026-08-18 15:47:07.870888;d3-pc-am-b-6;Identification and authentication are required and managed for access to systems, applications, and hardware.;Cybersecurity Controls (Domain 3);Preventative Controls (PC);;aws;;FAIL;IAM password policy does not require at least one symbol.;arn:aws:iam:us-west-2:992275841864:password-policy;iam_password_policy_symbol;False;992275841864;FFIEC;FFIEC Cybersecurity Assessment Tool framework;
aws;In light of the increasing volume and sophistication of cyber threats, the Federal Financial Institutions Examination Council (FFIEC) developed the Cybersecurity Assessment Tool (Assessment), on behalf of its members, to help institutions identify their risks and determine their cybersecurity maturity.;992275841864;us-west-2;2026-08-18 15:47:07.870888;d3-pc-am-b-7;Access controls include password complexity and limits to password attempts and reuse.;Cybersecurity Controls (Domain 3);Preventative Controls (PC);;aws;;FAIL;IAM password policy does not require at least one symbol.;arn:aws:iam:us-west-2:992275841864:password-policy;iam_password_policy_symbol;False;992275841864;FFIEC;FFIEC Cybersecurity Assessment Tool framework;
aws;In light of the increasing volume and sophistication of cyber threats, the Federal Financial Institutions Examination Council (FFIEC) developed the Cybersecurity Assessment Tool (Assessment), on behalf of its members, to help institutions identify their risks and determine their cybersecurity maturity.;992275841864;us-west-2;2026-08-18 15:47:07.870888;d3-pc-am-b-6;Identification and authentication are required and managed for access to systems, applications, and hardware.;Cybersecurity Controls (Domain 3);Preventative Controls (PC);;aws;;FAIL;IAM password policy does not require at least one uppercase letter.;arn:aws:iam:us-west-2:992275841864:password-policy;iam_password_policy_uppercase;False;992275841864;FFIEC;FFIEC Cybersecurity Assessment Tool framework;
aws;In light of the increasing volume and sophistication of cyber threats, the Federal Financial Institutions Examination Council (FFIEC) developed the Cybersecurity Assessment Tool (Assessment), on behalf of its members, to help institutions identify their risks and determine their cybersecurity maturity.;992275841864;us-west-2;2026-08-18 15:47:07.870888;d3-pc-am-b-7;Access controls include password complexity and limits to password attempts and reuse.;Cybersecurity Controls (Domain 3);Preventative Controls (PC);;aws;;FAIL;IAM password policy does not require at least one uppercase letter.;arn:aws:iam:us-west-2:992275841864:password-policy;iam_password_policy_uppercase;False;992275841864;FFIEC;FFIEC Cybersecurity Assessment Tool framework;
aws;In light of the increasing volume and sophistication of cyber threats, the Federal Financial Institutions Examination Council (FFIEC) developed the Cybersecurity Assessment Tool (Assessment), on behalf of its members, to help institutions identify their risks and determine their cybersecurity maturity.;992275841864;us-west-2;2026-08-18 15:47:07.870888;d3-pc-am-b-1;Employee access is granted to systems and confidential data based on job responsibilities and the principles of least privilege.;Cybersecurity Controls (Domain 3);Preventative Controls (PC);;aws;;PASS;User demo-no-mfa-user has no inline or attached policies.;arn:aws:iam::992275841864:user/demo-no-mfa-user;iam_policy_attached_only_to_group_or_roles;False;demo-no-mfa-user;FFIEC;FFIEC Cybersecurity Assessment Tool framework;
aws;In light of the increasing volume and sophistication of cyber threats, the Federal Financial Institutions Examination Council (FFIEC) developed the Cybersecurity Assessment Tool (Assessment), on behalf of its members, to help institutions identify their risks and determine their cybersecurity maturity.;992275841864;us-west-2;2026-08-18 15:47:07.870888;d3-pc-im-b-7;Access to make changes to systems configurations (including virtual machines and hypervisors) is controlled and monitored.;Cybersecurity Controls (Domain 3);Preventative Controls (PC);;aws;;PASS;User demo-no-mfa-user has no inline or attached policies.;arn:aws:iam::992275841864:user/demo-no-mfa-user;iam_policy_attached_only_to_group_or_roles;False;demo-no-mfa-user;FFIEC;FFIEC Cybersecurity Assessment Tool framework;
aws;In light of the increasing volume and sophistication of cyber threats, the Federal Financial Institutions Examination Council (FFIEC) developed the Cybersecurity Assessment Tool (Assessment), on behalf of its members, to help institutions identify their risks and determine their cybersecurity maturity.;992275841864;us-west-2;2026-08-18 15:47:07.870888;d3-pc-am-b-1;Employee access is granted to systems and confidential data based on job responsibilities and the principles of least privilege.;Cybersecurity Controls (Domain 3);Preventative Controls (PC);;aws;;FAIL;User prowler-readonly has the policy ViewOnlyAccess attached.;arn:aws:iam::992275841864:user/prowler-readonly;iam_policy_attached_only_to_group_or_roles;False;prowler-readonly/ViewOnlyAccess;FFIEC;FFIEC Cybersecurity Assessment Tool framework;
aws;In light of the increasing volume and sophistication of cyber threats, the Federal Financial Institutions Examination Council (FFIEC) developed the Cybersecurity Assessment Tool (Assessment), on behalf of its members, to help institutions identify their risks and determine their cybersecurity maturity.;992275841864;us-west-2;2026-08-18 15:47:07.870888;d3-pc-im-b-7;Access to make changes to systems configurations (including virtual machines and hypervisors) is controlled and monitored.;Cybersecurity Controls (Domain 3);Preventative Controls (PC);;aws;;FAIL;User prowler-readonly has the policy ViewOnlyAccess attached.;arn:aws:iam::992275841864:user/prowler-readonly;iam_policy_attached_only_to_group_or_roles;False;prowler-readonly/ViewOnlyAccess;FFIEC;FFIEC Cybersecurity Assessment Tool framework;
aws;In light of the increasing volume and sophistication of cyber threats, the Federal Financial Institutions Examination Council (FFIEC) developed the Cybersecurity Assessment Tool (Assessment), on behalf of its members, to help institutions identify their risks and determine their cybersecurity maturity.;992275841864;us-west-2;2026-08-18 15:47:07.870888;d3-pc-am-b-1;Employee access is granted to systems and confidential data based on job responsibilities and the principles of least privilege.;Cybersecurity Controls (Domain 3);Preventative Controls (PC);;aws;;FAIL;User prowler-readonly has the policy SecurityAudit attached.;arn:aws:iam::992275841864:user/prowler-readonly;iam_policy_attached_only_to_group_or_roles;False;prowler-readonly/SecurityAudit;FFIEC;FFIEC Cybersecurity Assessment Tool framework;
aws;In light of the increasing volume and sophistication of cyber threats, the Federal Financial Institutions Examination Council (FFIEC) developed the Cybersecurity Assessment Tool (Assessment), on behalf of its members, to help institutions identify their risks and determine their cybersecurity maturity.;992275841864;us-west-2;2026-08-18 15:47:07.870888;d3-pc-im-b-7;Access to make changes to systems configurations (including virtual machines and hypervisors) is controlled and monitored.;Cybersecurity Controls (Domain 3);Preventative Controls (PC);;aws;;FAIL;User prowler-readonly has the policy SecurityAudit attached.;arn:aws:iam::992275841864:user/prowler-readonly;iam_policy_attached_only_to_group_or_roles;False;prowler-readonly/SecurityAudit;FFIEC;FFIEC Cybersecurity Assessment Tool framework;
aws;In light of the increasing volume and sophistication of cyber threats, the Federal Financial Institutions Examination Council (FFIEC) developed the Cybersecurity Assessment Tool (Assessment), on behalf of its members, to help institutions identify their risks and determine their cybersecurity maturity.;992275841864;us-west-2;2026-08-18 15:47:07.870888;d3-pc-am-b-6;Identification and authentication are required and managed for access to systems, applications, and hardware.;Cybersecurity Controls (Domain 3);Preventative Controls (PC);;aws;;PASS;User <root_account> does not have access keys.;arn:aws:iam::992275841864:root;iam_rotate_access_key_90_days;False;<root_account>;FFIEC;FFIEC Cybersecurity Assessment Tool framework;
aws;In light of the increasing volume and sophistication of cyber threats, the Federal Financial Institutions Examination Council (FFIEC) developed the Cybersecurity Assessment Tool (Assessment), on behalf of its members, to help institutions identify their risks and determine their cybersecurity maturity.;992275841864;us-west-2;2026-08-18 15:47:07.870888;d3-pc-am-b-6;Identification and authentication are required and managed for access to systems, applications, and hardware.;Cybersecurity Controls (Domain 3);Preventative Controls (PC);;aws;;PASS;User demo-no-mfa-user does not have access keys older than 90 days.;arn:aws:iam::992275841864:user/demo-no-mfa-user;iam_rotate_access_key_90_days;False;demo-no-mfa-user;FFIEC;FFIEC Cybersecurity Assessment Tool framework;
aws;In light of the increasing volume and sophistication of cyber threats, the Federal Financial Institutions Examination Council (FFIEC) developed the Cybersecurity Assessment Tool (Assessment), on behalf of its members, to help institutions identify their risks and determine their cybersecurity maturity.;992275841864;us-west-2;2026-08-18 15:47:07.870888;d3-pc-am-b-6;Identification and authentication are required and managed for access to systems, applications, and hardware.;Cybersecurity Controls (Domain 3);Preventative Controls (PC);;aws;;PASS;User prowler-readonly does not have access keys older than 90 days.;arn:aws:iam::992275841864:user/prowler-readonly;iam_rotate_access_key_90_days;False;prowler-readonly;FFIEC;FFIEC Cybersecurity Assessment Tool framework;
aws;In light of the increasing volume and sophistication of cyber threats, the Federal Financial Institutions Examination Council (FFIEC) developed the Cybersecurity Assessment Tool (Assessment), on behalf of its members, to help institutions identify their risks and determine their cybersecurity maturity.;992275841864;us-west-2;2026-08-18 15:47:07.870888;d3-pc-am-b-6;Identification and authentication are required and managed for access to systems, applications, and hardware.;Cybersecurity Controls (Domain 3);Preventative Controls (PC);;aws;;PASS;User <root_account> does not have access keys.;arn:aws:iam::992275841864:root;iam_user_accesskey_unused;False;<root_account>;FFIEC;FFIEC Cybersecurity Assessment Tool framework;
aws;In light of the increasing volume and sophistication of cyber threats, the Federal Financial Institutions Examination Council (FFIEC) developed the Cybersecurity Assessment Tool (Assessment), on behalf of its members, to help institutions identify their risks and determine their cybersecurity maturity.;992275841864;us-west-2;2026-08-18 15:47:07.870888;d3-pc-am-b-6;Identification and authentication are required and managed for access to systems, applications, and hardware.;Cybersecurity Controls (Domain 3);Preventative Controls (PC);;aws;;PASS;User demo-no-mfa-user does not have unused access keys for 45 days.;arn:aws:iam::992275841864:user/demo-no-mfa-user;iam_user_accesskey_unused;False;demo-no-mfa-user;FFIEC;FFIEC Cybersecurity Assessment Tool framework;
aws;In light of the increasing volume and sophistication of cyber threats, the Federal Financial Institutions Examination Council (FFIEC) developed the Cybersecurity Assessment Tool (Assessment), on behalf of its members, to help institutions identify their risks and determine their cybersecurity maturity.;992275841864;us-west-2;2026-08-18 15:47:07.870888;d3-pc-am-b-6;Identification and authentication are required and managed for access to systems, applications, and hardware.;Cybersecurity Controls (Domain 3);Preventative Controls (PC);;aws;;PASS;User prowler-readonly does not have unused access keys for 45 days.;arn:aws:iam::992275841864:user/prowler-readonly;iam_user_accesskey_unused;False;prowler-readonly;FFIEC;FFIEC Cybersecurity Assessment Tool framework;
aws;In light of the increasing volume and sophistication of cyber threats, the Federal Financial Institutions Examination Council (FFIEC) developed the Cybersecurity Assessment Tool (Assessment), on behalf of its members, to help institutions identify their risks and determine their cybersecurity maturity.;992275841864;us-west-2;2026-08-18 15:47:07.870888;d3-pc-am-b-6;Identification and authentication are required and managed for access to systems, applications, and hardware.;Cybersecurity Controls (Domain 3);Preventative Controls (PC);;aws;;PASS;User demo-no-mfa-user does not have console access enabled or is unused.;arn:aws:iam::992275841864:user/demo-no-mfa-user;iam_user_console_access_unused;False;demo-no-mfa-user;FFIEC;FFIEC Cybersecurity Assessment Tool framework;
aws;In light of the increasing volume and sophistication of cyber threats, the Federal Financial Institutions Examination Council (FFIEC) developed the Cybersecurity Assessment Tool (Assessment), on behalf of its members, to help institutions identify their risks and determine their cybersecurity maturity.;992275841864;us-west-2;2026-08-18 15:47:07.870888;d3-pc-am-b-6;Identification and authentication are required and managed for access to systems, applications, and hardware.;Cybersecurity Controls (Domain 3);Preventative Controls (PC);;aws;;PASS;User prowler-readonly does not have console access enabled or is unused.;arn:aws:iam::992275841864:user/prowler-readonly;iam_user_console_access_unused;False;prowler-readonly;FFIEC;FFIEC Cybersecurity Assessment Tool framework;
aws;In light of the increasing volume and sophistication of cyber threats, the Federal Financial Institutions Examination Council (FFIEC) developed the Cybersecurity Assessment Tool (Assessment), on behalf of its members, to help institutions identify their risks and determine their cybersecurity maturity.;992275841864;us-west-2;2026-08-18 15:47:07.870888;d3-pc-am-b-15;Remote access to critical systems by employees, contractors, and third parties uses encrypted connections and multifactor authentication.;Cybersecurity Controls (Domain 3);Preventative Controls (PC);;aws;;PASS;User demo-no-mfa-user does not have Console Password enabled.;arn:aws:iam::992275841864:user/demo-no-mfa-user;iam_user_mfa_enabled_console_access;False;demo-no-mfa-user;FFIEC;FFIEC Cybersecurity Assessment Tool framework;
aws;In light of the increasing volume and sophistication of cyber threats, the Federal Financial Institutions Examination Council (FFIEC) developed the Cybersecurity Assessment Tool (Assessment), on behalf of its members, to help institutions identify their risks and determine their cybersecurity maturity.;992275841864;us-west-2;2026-08-18 15:47:07.870888;d3-pc-am-b-6;Identification and authentication are required and managed for access to systems, applications, and hardware.;Cybersecurity Controls (Domain 3);Preventative Controls (PC);;aws;;PASS;User demo-no-mfa-user does not have Console Password enabled.;arn:aws:iam::992275841864:user/demo-no-mfa-user;iam_user_mfa_enabled_console_access;False;demo-no-mfa-user;FFIEC;FFIEC Cybersecurity Assessment Tool framework;
aws;In light of the increasing volume and sophistication of cyber threats, the Federal Financial Institutions Examination Council (FFIEC) developed the Cybersecurity Assessment Tool (Assessment), on behalf of its members, to help institutions identify their risks and determine their cybersecurity maturity.;992275841864;us-west-2;2026-08-18 15:47:07.870888;d3-pc-am-b-15;Remote access to critical systems by employees, contractors, and third parties uses encrypted connections and multifactor authentication.;Cybersecurity Controls (Domain 3);Preventative Controls (PC);;aws;;PASS;User prowler-readonly does not have Console Password enabled.;arn:aws:iam::992275841864:user/prowler-readonly;iam_user_mfa_enabled_console_access;False;prowler-readonly;FFIEC;FFIEC Cybersecurity Assessment Tool framework;
aws;In light of the increasing volume and sophistication of cyber threats, the Federal Financial Institutions Examination Council (FFIEC) developed the Cybersecurity Assessment Tool (Assessment), on behalf of its members, to help institutions identify their risks and determine their cybersecurity maturity.;992275841864;us-west-2;2026-08-18 15:47:07.870888;d3-pc-am-b-6;Identification and authentication are required and managed for access to systems, applications, and hardware.;Cybersecurity Controls (Domain 3);Preventative Controls (PC);;aws;;PASS;User prowler-readonly does not have Console Password enabled.;arn:aws:iam::992275841864:user/prowler-readonly;iam_user_mfa_enabled_console_access;False;prowler-readonly;FFIEC;FFIEC Cybersecurity Assessment Tool framework;
aws;In light of the increasing volume and sophistication of cyber threats, the Federal Financial Institutions Examination Council (FFIEC) developed the Cybersecurity Assessment Tool (Assessment), on behalf of its members, to help institutions identify their risks and determine their cybersecurity maturity.;992275841864;us-west-2;2026-08-18 15:47:07.870888;d3-pc-im-b-1;Network perimeter defense tools (e.g., border router and firewall) are used.;Cybersecurity Controls (Domain 3);Preventative Controls (PC);;aws;;FAIL;Block Public Access is not configured for the account 992275841864.;arn:aws:s3:us-west-2:992275841864:account;s3_account_level_public_access_blocks;False;992275841864;FFIEC;FFIEC Cybersecurity Assessment Tool framework;
aws;In light of the increasing volume and sophistication of cyber threats, the Federal Financial Institutions Examination Council (FFIEC) developed the Cybersecurity Assessment Tool (Assessment), on behalf of its members, to help institutions identify their risks and determine their cybersecurity maturity.;992275841864;us-west-2;2026-08-18 15:47:07.870888;d3-pc-am-b-12;All passwords are encrypted in storage and in transit.;Cybersecurity Controls (Domain 3);Preventative Controls (PC);;aws;;PASS;S3 Bucket eg-prowler-demo-intentionally-vulnerable has Server Side Encryption with AES256.;arn:aws:s3:::eg-prowler-demo-intentionally-vulnerable;s3_bucket_default_encryption;False;eg-prowler-demo-intentionally-vulnerable;FFIEC;FFIEC Cybersecurity Assessment Tool framework;
aws;In light of the increasing volume and sophistication of cyber threats, the Federal Financial Institutions Examination Council (FFIEC) developed the Cybersecurity Assessment Tool (Assessment), on behalf of its members, to help institutions identify their risks and determine their cybersecurity maturity.;992275841864;us-west-2;2026-08-18 15:47:07.870888;d5-ir-pl-b-6;The institution plans to use business continuity, disaster recovery, and data backup programs to recover operations following an incident.;Cyber Incident Management and Resilience (Domain 5);Incident Resilience Planning & Strategy (IR);;aws;;FAIL;S3 Bucket eg-prowler-demo-intentionally-vulnerable has versioning disabled.;arn:aws:s3:::eg-prowler-demo-intentionally-vulnerable;s3_bucket_object_versioning;False;eg-prowler-demo-intentionally-vulnerable;FFIEC;FFIEC Cybersecurity Assessment Tool framework;
aws;In light of the increasing volume and sophistication of cyber threats, the Federal Financial Institutions Examination Council (FFIEC) developed the Cybersecurity Assessment Tool (Assessment), on behalf of its members, to help institutions identify their risks and determine their cybersecurity maturity.;992275841864;us-west-2;2026-08-18 15:47:07.870888;d3-pc-im-b-1;Network perimeter defense tools (e.g., border router and firewall) are used.;Cybersecurity Controls (Domain 3);Preventative Controls (PC);;aws;;PASS;S3 Bucket eg-prowler-demo-intentionally-vulnerable does not have a bucket policy.;arn:aws:s3:::eg-prowler-demo-intentionally-vulnerable;s3_bucket_policy_public_write_access;False;eg-prowler-demo-intentionally-vulnerable;FFIEC;FFIEC Cybersecurity Assessment Tool framework;
aws;In light of the increasing volume and sophistication of cyber threats, the Federal Financial Institutions Examination Council (FFIEC) developed the Cybersecurity Assessment Tool (Assessment), on behalf of its members, to help institutions identify their risks and determine their cybersecurity maturity.;992275841864;us-west-2;2026-08-18 15:47:07.870888;d3-pc-im-b-1;Network perimeter defense tools (e.g., border router and firewall) are used.;Cybersecurity Controls (Domain 3);Preventative Controls (PC);;aws;;PASS;S3 Bucket eg-prowler-demo-intentionally-vulnerable is not public.;arn:aws:s3:::eg-prowler-demo-intentionally-vulnerable;s3_bucket_public_access;False;eg-prowler-demo-intentionally-vulnerable;FFIEC;FFIEC Cybersecurity Assessment Tool framework;
aws;In light of the increasing volume and sophistication of cyber threats, the Federal Financial Institutions Examination Council (FFIEC) developed the Cybersecurity Assessment Tool (Assessment), on behalf of its members, to help institutions identify their risks and determine their cybersecurity maturity.;992275841864;us-west-2;2026-08-18 15:47:07.870888;d3-pc-am-b-12;All passwords are encrypted in storage and in transit.;Cybersecurity Controls (Domain 3);Preventative Controls (PC);;aws;;FAIL;S3 Bucket eg-prowler-demo-intentionally-vulnerable does not have a bucket policy, thus it allows HTTP requests.;arn:aws:s3:::eg-prowler-demo-intentionally-vulnerable;s3_bucket_secure_transport_policy;False;eg-prowler-demo-intentionally-vulnerable;FFIEC;FFIEC Cybersecurity Assessment Tool framework;
aws;In light of the increasing volume and sophistication of cyber threats, the Federal Financial Institutions Examination Council (FFIEC) developed the Cybersecurity Assessment Tool (Assessment), on behalf of its members, to help institutions identify their risks and determine their cybersecurity maturity.;992275841864;us-west-2;2026-08-18 15:47:07.870888;d3-pc-am-b-13;Confidential data is encrypted when transmitted across public or untrusted networks (e.g., Internet).;Cybersecurity Controls (Domain 3);Preventative Controls (PC);;aws;;FAIL;S3 Bucket eg-prowler-demo-intentionally-vulnerable does not have a bucket policy, thus it allows HTTP requests.;arn:aws:s3:::eg-prowler-demo-intentionally-vulnerable;s3_bucket_secure_transport_policy;False;eg-prowler-demo-intentionally-vulnerable;FFIEC;FFIEC Cybersecurity Assessment Tool framework;
aws;In light of the increasing volume and sophistication of cyber threats, the Federal Financial Institutions Examination Council (FFIEC) developed the Cybersecurity Assessment Tool (Assessment), on behalf of its members, to help institutions identify their risks and determine their cybersecurity maturity.;992275841864;us-west-2;2026-08-18 15:47:07.870888;d3-pc-am-b-15;Remote access to critical systems by employees, contractors, and third parties uses encrypted connections and multifactor authentication.;Cybersecurity Controls (Domain 3);Preventative Controls (PC);;aws;;FAIL;S3 Bucket eg-prowler-demo-intentionally-vulnerable does not have a bucket policy, thus it allows HTTP requests.;arn:aws:s3:::eg-prowler-demo-intentionally-vulnerable;s3_bucket_secure_transport_policy;False;eg-prowler-demo-intentionally-vulnerable;FFIEC;FFIEC Cybersecurity Assessment Tool framework;
aws;In light of the increasing volume and sophistication of cyber threats, the Federal Financial Institutions Examination Council (FFIEC) developed the Cybersecurity Assessment Tool (Assessment), on behalf of its members, to help institutions identify their risks and determine their cybersecurity maturity.;992275841864;us-west-2;2026-08-18 15:47:07.870888;d2-ma-ma-b-1;Information security threats are gathered and shared with applicable internal employees.;Threat Intelligence and Collaboration (Domain 2);Monitoring and Analyzing (MA);;aws;;FAIL;S3 Bucket eg-prowler-demo-intentionally-vulnerable has server access logging disabled.;arn:aws:s3:::eg-prowler-demo-intentionally-vulnerable;s3_bucket_server_access_logging_enabled;False;eg-prowler-demo-intentionally-vulnerable;FFIEC;FFIEC Cybersecurity Assessment Tool framework;
aws;In light of the increasing volume and sophistication of cyber threats, the Federal Financial Institutions Examination Council (FFIEC) developed the Cybersecurity Assessment Tool (Assessment), on behalf of its members, to help institutions identify their risks and determine their cybersecurity maturity.;992275841864;us-west-2;2026-08-18 15:47:07.870888;d2-ma-ma-b-2;Computer event logs are used for investigations once an event has occurred.;Threat Intelligence and Collaboration (Domain 2);Monitoring and Analyzing (MA);;aws;;FAIL;S3 Bucket eg-prowler-demo-intentionally-vulnerable has server access logging disabled.;arn:aws:s3:::eg-prowler-demo-intentionally-vulnerable;s3_bucket_server_access_logging_enabled;False;eg-prowler-demo-intentionally-vulnerable;FFIEC;FFIEC Cybersecurity Assessment Tool framework;
aws;In light of the increasing volume and sophistication of cyber threats, the Federal Financial Institutions Examination Council (FFIEC) developed the Cybersecurity Assessment Tool (Assessment), on behalf of its members, to help institutions identify their risks and determine their cybersecurity maturity.;992275841864;us-west-2;2026-08-18 15:47:07.870888;d3-dc-an-b-3;Logs of physical and/or logical access are reviewed following events.;Cybersecurity Controls (Domain 3);Detective Controls (DC);;aws;;FAIL;S3 Bucket eg-prowler-demo-intentionally-vulnerable has server access logging disabled.;arn:aws:s3:::eg-prowler-demo-intentionally-vulnerable;s3_bucket_server_access_logging_enabled;False;eg-prowler-demo-intentionally-vulnerable;FFIEC;FFIEC Cybersecurity Assessment Tool framework;
aws;In light of the increasing volume and sophistication of cyber threats, the Federal Financial Institutions Examination Council (FFIEC) developed the Cybersecurity Assessment Tool (Assessment), on behalf of its members, to help institutions identify their risks and determine their cybersecurity maturity.;992275841864;us-west-2;2026-08-18 15:47:07.870888;d3-dc-an-b-4;Access to critical systems by third parties is monitored for unauthorized or unusual activity.;Cybersecurity Controls (Domain 3);Detective Controls (DC);;aws;;FAIL;S3 Bucket eg-prowler-demo-intentionally-vulnerable has server access logging disabled.;arn:aws:s3:::eg-prowler-demo-intentionally-vulnerable;s3_bucket_server_access_logging_enabled;False;eg-prowler-demo-intentionally-vulnerable;FFIEC;FFIEC Cybersecurity Assessment Tool framework;
aws;In light of the increasing volume and sophistication of cyber threats, the Federal Financial Institutions Examination Council (FFIEC) developed the Cybersecurity Assessment Tool (Assessment), on behalf of its members, to help institutions identify their risks and determine their cybersecurity maturity.;992275841864;us-west-2;2026-08-18 15:47:07.870888;d5-dr-de-b-3;Tools and processes are in place to detect, alert, and trigger the incident response program.;Cyber Incident Management and Resilience (Domain 5);Detection, Response, & Mitigation (DR);;aws;;FAIL;S3 Bucket eg-prowler-demo-intentionally-vulnerable has server access logging disabled.;arn:aws:s3:::eg-prowler-demo-intentionally-vulnerable;s3_bucket_server_access_logging_enabled;False;eg-prowler-demo-intentionally-vulnerable;FFIEC;FFIEC Cybersecurity Assessment Tool framework;
aws;In light of the increasing volume and sophistication of cyber threats, the Federal Financial Institutions Examination Council (FFIEC) developed the Cybersecurity Assessment Tool (Assessment), on behalf of its members, to help institutions identify their risks and determine their cybersecurity maturity.;992275841864;us-west-2;2026-08-18 15:47:07.870888;d2-is-is-b-1;Information security threats are gathered and shared with applicable internal employees.;Threat Intelligence and Collaboration (Domain 2);Information Sharing (IS);;aws;;FAIL;Security Hub is not enabled.;arn:aws:securityhub:us-west-2:992275841864:hub/unknown;securityhub_enabled;False;hub/unknown;FFIEC;FFIEC Cybersecurity Assessment Tool framework;
aws;In light of the increasing volume and sophistication of cyber threats, the Federal Financial Institutions Examination Council (FFIEC) developed the Cybersecurity Assessment Tool (Assessment), on behalf of its members, to help institutions identify their risks and determine their cybersecurity maturity.;992275841864;us-west-2;2026-08-18 15:47:07.870888;d2-ti-ti-b-1;The institution belongs or subscribes to a threat and vulnerability information-sharing source(s) that provides information on threats (e.g., FS-ISAC, US- CERT).;Threat Intelligence and Collaboration (Domain 2);Threat Intelligence (TI);;aws;;FAIL;Security Hub is not enabled.;arn:aws:securityhub:us-west-2:992275841864:hub/unknown;securityhub_enabled;False;hub/unknown;FFIEC;FFIEC Cybersecurity Assessment Tool framework;
aws;In light of the increasing volume and sophistication of cyber threats, the Federal Financial Institutions Examination Council (FFIEC) developed the Cybersecurity Assessment Tool (Assessment), on behalf of its members, to help institutions identify their risks and determine their cybersecurity maturity.;992275841864;us-west-2;2026-08-18 15:47:07.870888;d2-ti-ti-b-2;Threat information is used to monitor threats and vulnerabilities.;Threat Intelligence and Collaboration (Domain 2);Threat Intelligence (TI);;aws;;FAIL;Security Hub is not enabled.;arn:aws:securityhub:us-west-2:992275841864:hub/unknown;securityhub_enabled;False;hub/unknown;FFIEC;FFIEC Cybersecurity Assessment Tool framework;
aws;In light of the increasing volume and sophistication of cyber threats, the Federal Financial Institutions Examination Council (FFIEC) developed the Cybersecurity Assessment Tool (Assessment), on behalf of its members, to help institutions identify their risks and determine their cybersecurity maturity.;992275841864;us-west-2;2026-08-18 15:47:07.870888;d2-ti-ti-b-3;Threat information is used to enhance internal risk management and controls.;Threat Intelligence and Collaboration (Domain 2);Threat Intelligence (TI);;aws;;FAIL;Security Hub is not enabled.;arn:aws:securityhub:us-west-2:992275841864:hub/unknown;securityhub_enabled;False;hub/unknown;FFIEC;FFIEC Cybersecurity Assessment Tool framework;
aws;In light of the increasing volume and sophistication of cyber threats, the Federal Financial Institutions Examination Council (FFIEC) developed the Cybersecurity Assessment Tool (Assessment), on behalf of its members, to help institutions identify their risks and determine their cybersecurity maturity.;992275841864;us-west-2;2026-08-18 15:47:07.870888;d3-dc-an-b-1;The institution is able to detect anomalous activities through monitoring across the environment.;Cybersecurity Controls (Domain 3);Detective Controls (DC);;aws;;FAIL;Security Hub is not enabled.;arn:aws:securityhub:us-west-2:992275841864:hub/unknown;securityhub_enabled;False;hub/unknown;FFIEC;FFIEC Cybersecurity Assessment Tool framework;
aws;In light of the increasing volume and sophistication of cyber threats, the Federal Financial Institutions Examination Council (FFIEC) developed the Cybersecurity Assessment Tool (Assessment), on behalf of its members, to help institutions identify their risks and determine their cybersecurity maturity.;992275841864;us-west-2;2026-08-18 15:47:07.870888;d3-dc-an-b-2;Customer transactions generating anomalous activity alerts are monitored and reviewed.;Cybersecurity Controls (Domain 3);Detective Controls (DC);;aws;;FAIL;Security Hub is not enabled.;arn:aws:securityhub:us-west-2:992275841864:hub/unknown;securityhub_enabled;False;hub/unknown;FFIEC;FFIEC Cybersecurity Assessment Tool framework;
aws;In light of the increasing volume and sophistication of cyber threats, the Federal Financial Institutions Examination Council (FFIEC) developed the Cybersecurity Assessment Tool (Assessment), on behalf of its members, to help institutions identify their risks and determine their cybersecurity maturity.;992275841864;us-west-2;2026-08-18 15:47:07.870888;d3-dc-ev-b-3;Processes are in place to monitor for the presence of unauthorized users, devices, connections, and software.;Cybersecurity Controls (Domain 3);Detective Controls (DC);;aws;;FAIL;Security Hub is not enabled.;arn:aws:securityhub:us-west-2:992275841864:hub/unknown;securityhub_enabled;False;hub/unknown;FFIEC;FFIEC Cybersecurity Assessment Tool framework;
aws;In light of the increasing volume and sophistication of cyber threats, the Federal Financial Institutions Examination Council (FFIEC) developed the Cybersecurity Assessment Tool (Assessment), on behalf of its members, to help institutions identify their risks and determine their cybersecurity maturity.;992275841864;us-west-2;2026-08-18 15:47:07.870888;d3-dc-th-b-1;Independent testing (including penetration testing and vulnerability scanning) is conducted according to the risk assessment for external-facing systems and the internal network.;Cybersecurity Controls (Domain 3);Detective Controls (DC);;aws;;FAIL;Security Hub is not enabled.;arn:aws:securityhub:us-west-2:992275841864:hub/unknown;securityhub_enabled;False;hub/unknown;FFIEC;FFIEC Cybersecurity Assessment Tool framework;
aws;In light of the increasing volume and sophistication of cyber threats, the Federal Financial Institutions Examination Council (FFIEC) developed the Cybersecurity Assessment Tool (Assessment), on behalf of its members, to help institutions identify their risks and determine their cybersecurity maturity.;992275841864;us-west-2;2026-08-18 15:47:07.870888;d5-dr-de-b-1;Alert parameters are set for detecting information security incidents that prompt mitigating actions.;Cyber Incident Management and Resilience (Domain 5);Detection, Response, & Mitigation (DR);;aws;;FAIL;Security Hub is not enabled.;arn:aws:securityhub:us-west-2:992275841864:hub/unknown;securityhub_enabled;False;hub/unknown;FFIEC;FFIEC Cybersecurity Assessment Tool framework;
aws;In light of the increasing volume and sophistication of cyber threats, the Federal Financial Institutions Examination Council (FFIEC) developed the Cybersecurity Assessment Tool (Assessment), on behalf of its members, to help institutions identify their risks and determine their cybersecurity maturity.;992275841864;us-west-2;2026-08-18 15:47:07.870888;d5-dr-de-b-3;Tools and processes are in place to detect, alert, and trigger the incident response program.;Cyber Incident Management and Resilience (Domain 5);Detection, Response, & Mitigation (DR);;aws;;FAIL;Security Hub is not enabled.;arn:aws:securityhub:us-west-2:992275841864:hub/unknown;securityhub_enabled;False;hub/unknown;FFIEC;FFIEC Cybersecurity Assessment Tool framework;
aws;In light of the increasing volume and sophistication of cyber threats, the Federal Financial Institutions Examination Council (FFIEC) developed the Cybersecurity Assessment Tool (Assessment), on behalf of its members, to help institutions identify their risks and determine their cybersecurity maturity.;992275841864;us-west-2;2026-08-18 15:47:07.870888;d2-ma-ma-b-1;Information security threats are gathered and shared with applicable internal employees.;Threat Intelligence and Collaboration (Domain 2);Monitoring and Analyzing (MA);;aws;;FAIL;VPC vpc-0866e7410e62ffd29 Flow logs are disabled.;arn:aws:ec2:us-west-2:992275841864:vpc/vpc-0866e7410e62ffd29;vpc_flow_logs_enabled;False;vpc-0866e7410e62ffd29;FFIEC;FFIEC Cybersecurity Assessment Tool framework;
aws;In light of the increasing volume and sophistication of cyber threats, the Federal Financial Institutions Examination Council (FFIEC) developed the Cybersecurity Assessment Tool (Assessment), on behalf of its members, to help institutions identify their risks and determine their cybersecurity maturity.;992275841864;us-west-2;2026-08-18 15:47:07.870888;d2-ma-ma-b-2;Computer event logs are used for investigations once an event has occurred.;Threat Intelligence and Collaboration (Domain 2);Monitoring and Analyzing (MA);;aws;;FAIL;VPC vpc-0866e7410e62ffd29 Flow logs are disabled.;arn:aws:ec2:us-west-2:992275841864:vpc/vpc-0866e7410e62ffd29;vpc_flow_logs_enabled;False;vpc-0866e7410e62ffd29;FFIEC;FFIEC Cybersecurity Assessment Tool framework;
aws;In light of the increasing volume and sophistication of cyber threats, the Federal Financial Institutions Examination Council (FFIEC) developed the Cybersecurity Assessment Tool (Assessment), on behalf of its members, to help institutions identify their risks and determine their cybersecurity maturity.;992275841864;us-west-2;2026-08-18 15:47:07.870888;d3-dc-an-b-3;Logs of physical and/or logical access are reviewed following events.;Cybersecurity Controls (Domain 3);Detective Controls (DC);;aws;;FAIL;VPC vpc-0866e7410e62ffd29 Flow logs are disabled.;arn:aws:ec2:us-west-2:992275841864:vpc/vpc-0866e7410e62ffd29;vpc_flow_logs_enabled;False;vpc-0866e7410e62ffd29;FFIEC;FFIEC Cybersecurity Assessment Tool framework;
aws;In light of the increasing volume and sophistication of cyber threats, the Federal Financial Institutions Examination Council (FFIEC) developed the Cybersecurity Assessment Tool (Assessment), on behalf of its members, to help institutions identify their risks and determine their cybersecurity maturity.;992275841864;us-west-2;2026-08-18 15:47:07.870888;d3-dc-an-b-4;Access to critical systems by third parties is monitored for unauthorized or unusual activity.;Cybersecurity Controls (Domain 3);Detective Controls (DC);;aws;;FAIL;VPC vpc-0866e7410e62ffd29 Flow logs are disabled.;arn:aws:ec2:us-west-2:992275841864:vpc/vpc-0866e7410e62ffd29;vpc_flow_logs_enabled;False;vpc-0866e7410e62ffd29;FFIEC;FFIEC Cybersecurity Assessment Tool framework;
aws;In light of the increasing volume and sophistication of cyber threats, the Federal Financial Institutions Examination Council (FFIEC) developed the Cybersecurity Assessment Tool (Assessment), on behalf of its members, to help institutions identify their risks and determine their cybersecurity maturity.;992275841864;us-west-2;2026-08-18 15:47:07.870888;d3-dc-ev-b-1;A normal network activity baseline is established.;Cybersecurity Controls (Domain 3);Detective Controls (DC);;aws;;FAIL;VPC vpc-0866e7410e62ffd29 Flow logs are disabled.;arn:aws:ec2:us-west-2:992275841864:vpc/vpc-0866e7410e62ffd29;vpc_flow_logs_enabled;False;vpc-0866e7410e62ffd29;FFIEC;FFIEC Cybersecurity Assessment Tool framework;
aws;In light of the increasing volume and sophistication of cyber threats, the Federal Financial Institutions Examination Council (FFIEC) developed the Cybersecurity Assessment Tool (Assessment), on behalf of its members, to help institutions identify their risks and determine their cybersecurity maturity.;992275841864;us-west-2;2026-08-18 15:47:07.870888;d3-dc-ev-b-3;Processes are in place to monitor for the presence of unauthorized users, devices, connections, and software.;Cybersecurity Controls (Domain 3);Detective Controls (DC);;aws;;FAIL;VPC vpc-0866e7410e62ffd29 Flow logs are disabled.;arn:aws:ec2:us-west-2:992275841864:vpc/vpc-0866e7410e62ffd29;vpc_flow_logs_enabled;False;vpc-0866e7410e62ffd29;FFIEC;FFIEC Cybersecurity Assessment Tool framework;
aws;In light of the increasing volume and sophistication of cyber threats, the Federal Financial Institutions Examination Council (FFIEC) developed the Cybersecurity Assessment Tool (Assessment), on behalf of its members, to help institutions identify their risks and determine their cybersecurity maturity.;992275841864;us-west-2;2026-08-18 15:47:07.870888;d3-pc-im-b-3;All ports are monitored.;Cybersecurity Controls (Domain 3);Preventative Controls (PC);;aws;;FAIL;VPC vpc-0866e7410e62ffd29 Flow logs are disabled.;arn:aws:ec2:us-west-2:992275841864:vpc/vpc-0866e7410e62ffd29;vpc_flow_logs_enabled;False;vpc-0866e7410e62ffd29;FFIEC;FFIEC Cybersecurity Assessment Tool framework;
aws;In light of the increasing volume and sophistication of cyber threats, the Federal Financial Institutions Examination Council (FFIEC) developed the Cybersecurity Assessment Tool (Assessment), on behalf of its members, to help institutions identify their risks and determine their cybersecurity maturity.;;;2026-08-18 15:47:07.870888;d3-pc-se-b-1;Developers working for the institution follow secure program coding practices, as part of a system development life cycle (SDLC), that meet industry standards.;Cybersecurity Controls (Domain 3);Preventative Controls (PC);;aws;;MANUAL;Manual check;manual_check;manual;False;Manual check;FFIEC;FFIEC Cybersecurity Assessment Tool framework;
aws;In light of the increasing volume and sophistication of cyber threats, the Federal Financial Institutions Examination Council (FFIEC) developed the Cybersecurity Assessment Tool (Assessment), on behalf of its members, to help institutions identify their risks and determine their cybersecurity maturity.;;;2026-08-18 15:47:07.870888;d5-dr-de-b-2;System performance reports contain information that can be used as a risk indicator to detect information security incidents.;Cyber Incident Management and Resilience (Domain 5);Detection, Response, & Mitigation (DR);;aws;;MANUAL;Manual check;manual_check;manual;False;Manual check;FFIEC;FFIEC Cybersecurity Assessment Tool framework;
