PROVIDER;DESCRIPTION;ACCOUNTID;REGION;ASSESSMENTDATE;REQUIREMENTS_ID;REQUIREMENTS_DESCRIPTION;REQUIREMENTS_ATTRIBUTES_SECTION;REQUIREMENTS_ATTRIBUTES_SUBSECTION;REQUIREMENTS_ATTRIBUTES_SUBGROUP;REQUIREMENTS_ATTRIBUTES_SERVICE;REQUIREMENTS_ATTRIBUTES_TYPE;STATUS;STATUSEXTENDED;RESOURCEID;CHECKID;MUTED;RESOURCENAME;FRAMEWORK;NAME;REQUIREMENTS_ATTRIBUTES_COMMENT
aws;FedRAMP 20x Key Security Indicators (KSIs) Low Impact Level represent core security indicators for cloud service providers, focusing on automation, continuous monitoring, and cloud-native security principles per FedRAMP 20x Phase One pilot requirements for Low impact systems.;992275841864;us-west-2;2026-08-18 15:47:07.870888;ksi-tpr;A secure cloud service offering will understand, monitor, and manage supply chain risks from third-party information resources;Third-Party Information Resources;;;aws;;PASS;Lambda function auto-shutdown-untagged-instances is using python3.12 which is supported.;arn:aws:lambda:us-west-2:992275841864:function:auto-shutdown-untagged-instances;awslambda_function_using_supported_runtimes;False;auto-shutdown-untagged-instances;FedRAMP-20x-KSI-Low;FedRAMP 20x Key Security Indicators (KSIs) - Low Impact Level v25.05C;
aws;FedRAMP 20x Key Security Indicators (KSIs) Low Impact Level represent core security indicators for cloud service providers, focusing on automation, continuous monitoring, and cloud-native security principles per FedRAMP 20x Phase One pilot requirements for Low impact systems.;992275841864;ap-northeast-1;2026-08-18 15:47:07.870888;ksi-cmt;A secure cloud service provider will ensure that all system changes are properly documented and configuration baselines are updated accordingly;Change Management;;;aws;;FAIL;No CloudTrail trails enabled with logging were found.;arn:aws:cloudtrail:ap-northeast-1:992275841864:trail;cloudtrail_multi_region_enabled;False;992275841864;FedRAMP-20x-KSI-Low;FedRAMP 20x Key Security Indicators (KSIs) - Low Impact Level v25.05C;
aws;FedRAMP 20x Key Security Indicators (KSIs) Low Impact Level represent core security indicators for cloud service providers, focusing on automation, continuous monitoring, and cloud-native security principles per FedRAMP 20x Phase One pilot requirements for Low impact systems.;992275841864;ap-northeast-1;2026-08-18 15:47:07.870888;ksi-mla;A secure cloud service offering will monitor, log, and audit all important events, activity, and changes;Monitoring, Logging, and Auditing;;;aws;;FAIL;No CloudTrail trails enabled with logging were found.;arn:aws:cloudtrail:ap-northeast-1:992275841864:trail;cloudtrail_multi_region_enabled;False;992275841864;FedRAMP-20x-KSI-Low;FedRAMP 20x Key Security Indicators (KSIs) - Low Impact Level v25.05C;
aws;FedRAMP 20x Key Security Indicators (KSIs) Low Impact Level represent core security indicators for cloud service providers, focusing on automation, continuous monitoring, and cloud-native security principles per FedRAMP 20x Phase One pilot requirements for Low impact systems.;992275841864;ap-northeast-1;2026-08-18 15:47:07.870888;ksi-mla-07;Maintain a list of information resources and event types that will be monitored, logged, and audited;Monitoring, Logging, and Auditing;;;aws;;FAIL;No CloudTrail trails enabled with logging were found.;arn:aws:cloudtrail:ap-northeast-1:992275841864:trail;cloudtrail_multi_region_enabled;False;992275841864;FedRAMP-20x-KSI-Low;FedRAMP 20x Key Security Indicators (KSIs) - Low Impact Level v25.05C;
aws;FedRAMP 20x Key Security Indicators (KSIs) Low Impact Level represent core security indicators for cloud service providers, focusing on automation, continuous monitoring, and cloud-native security principles per FedRAMP 20x Phase One pilot requirements for Low impact systems.;992275841864;ap-northeast-2;2026-08-18 15:47:07.870888;ksi-cmt;A secure cloud service provider will ensure that all system changes are properly documented and configuration baselines are updated accordingly;Change Management;;;aws;;FAIL;No CloudTrail trails enabled with logging were found.;arn:aws:cloudtrail:ap-northeast-2:992275841864:trail;cloudtrail_multi_region_enabled;False;992275841864;FedRAMP-20x-KSI-Low;FedRAMP 20x Key Security Indicators (KSIs) - Low Impact Level v25.05C;
aws;FedRAMP 20x Key Security Indicators (KSIs) Low Impact Level represent core security indicators for cloud service providers, focusing on automation, continuous monitoring, and cloud-native security principles per FedRAMP 20x Phase One pilot requirements for Low impact systems.;992275841864;ap-northeast-2;2026-08-18 15:47:07.870888;ksi-mla;A secure cloud service offering will monitor, log, and audit all important events, activity, and changes;Monitoring, Logging, and Auditing;;;aws;;FAIL;No CloudTrail trails enabled with logging were found.;arn:aws:cloudtrail:ap-northeast-2:992275841864:trail;cloudtrail_multi_region_enabled;False;992275841864;FedRAMP-20x-KSI-Low;FedRAMP 20x Key Security Indicators (KSIs) - Low Impact Level v25.05C;
aws;FedRAMP 20x Key Security Indicators (KSIs) Low Impact Level represent core security indicators for cloud service providers, focusing on automation, continuous monitoring, and cloud-native security principles per FedRAMP 20x Phase One pilot requirements for Low impact systems.;992275841864;ap-northeast-2;2026-08-18 15:47:07.870888;ksi-mla-07;Maintain a list of information resources and event types that will be monitored, logged, and audited;Monitoring, Logging, and Auditing;;;aws;;FAIL;No CloudTrail trails enabled with logging were found.;arn:aws:cloudtrail:ap-northeast-2:992275841864:trail;cloudtrail_multi_region_enabled;False;992275841864;FedRAMP-20x-KSI-Low;FedRAMP 20x Key Security Indicators (KSIs) - Low Impact Level v25.05C;
aws;FedRAMP 20x Key Security Indicators (KSIs) Low Impact Level represent core security indicators for cloud service providers, focusing on automation, continuous monitoring, and cloud-native security principles per FedRAMP 20x Phase One pilot requirements for Low impact systems.;992275841864;ap-northeast-3;2026-08-18 15:47:07.870888;ksi-cmt;A secure cloud service provider will ensure that all system changes are properly documented and configuration baselines are updated accordingly;Change Management;;;aws;;FAIL;No CloudTrail trails enabled with logging were found.;arn:aws:cloudtrail:ap-northeast-3:992275841864:trail;cloudtrail_multi_region_enabled;False;992275841864;FedRAMP-20x-KSI-Low;FedRAMP 20x Key Security Indicators (KSIs) - Low Impact Level v25.05C;
aws;FedRAMP 20x Key Security Indicators (KSIs) Low Impact Level represent core security indicators for cloud service providers, focusing on automation, continuous monitoring, and cloud-native security principles per FedRAMP 20x Phase One pilot requirements for Low impact systems.;992275841864;ap-northeast-3;2026-08-18 15:47:07.870888;ksi-mla;A secure cloud service offering will monitor, log, and audit all important events, activity, and changes;Monitoring, Logging, and Auditing;;;aws;;FAIL;No CloudTrail trails enabled with logging were found.;arn:aws:cloudtrail:ap-northeast-3:992275841864:trail;cloudtrail_multi_region_enabled;False;992275841864;FedRAMP-20x-KSI-Low;FedRAMP 20x Key Security Indicators (KSIs) - Low Impact Level v25.05C;
aws;FedRAMP 20x Key Security Indicators (KSIs) Low Impact Level represent core security indicators for cloud service providers, focusing on automation, continuous monitoring, and cloud-native security principles per FedRAMP 20x Phase One pilot requirements for Low impact systems.;992275841864;ap-northeast-3;2026-08-18 15:47:07.870888;ksi-mla-07;Maintain a list of information resources and event types that will be monitored, logged, and audited;Monitoring, Logging, and Auditing;;;aws;;FAIL;No CloudTrail trails enabled with logging were found.;arn:aws:cloudtrail:ap-northeast-3:992275841864:trail;cloudtrail_multi_region_enabled;False;992275841864;FedRAMP-20x-KSI-Low;FedRAMP 20x Key Security Indicators (KSIs) - Low Impact Level v25.05C;
aws;FedRAMP 20x Key Security Indicators (KSIs) Low Impact Level represent core security indicators for cloud service providers, focusing on automation, continuous monitoring, and cloud-native security principles per FedRAMP 20x Phase One pilot requirements for Low impact systems.;992275841864;ap-south-1;2026-08-18 15:47:07.870888;ksi-cmt;A secure cloud service provider will ensure that all system changes are properly documented and configuration baselines are updated accordingly;Change Management;;;aws;;FAIL;No CloudTrail trails enabled with logging were found.;arn:aws:cloudtrail:ap-south-1:992275841864:trail;cloudtrail_multi_region_enabled;False;992275841864;FedRAMP-20x-KSI-Low;FedRAMP 20x Key Security Indicators (KSIs) - Low Impact Level v25.05C;
aws;FedRAMP 20x Key Security Indicators (KSIs) Low Impact Level represent core security indicators for cloud service providers, focusing on automation, continuous monitoring, and cloud-native security principles per FedRAMP 20x Phase One pilot requirements for Low impact systems.;992275841864;ap-south-1;2026-08-18 15:47:07.870888;ksi-mla;A secure cloud service offering will monitor, log, and audit all important events, activity, and changes;Monitoring, Logging, and Auditing;;;aws;;FAIL;No CloudTrail trails enabled with logging were found.;arn:aws:cloudtrail:ap-south-1:992275841864:trail;cloudtrail_multi_region_enabled;False;992275841864;FedRAMP-20x-KSI-Low;FedRAMP 20x Key Security Indicators (KSIs) - Low Impact Level v25.05C;
aws;FedRAMP 20x Key Security Indicators (KSIs) Low Impact Level represent core security indicators for cloud service providers, focusing on automation, continuous monitoring, and cloud-native security principles per FedRAMP 20x Phase One pilot requirements for Low impact systems.;992275841864;ap-south-1;2026-08-18 15:47:07.870888;ksi-mla-07;Maintain a list of information resources and event types that will be monitored, logged, and audited;Monitoring, Logging, and Auditing;;;aws;;FAIL;No CloudTrail trails enabled with logging were found.;arn:aws:cloudtrail:ap-south-1:992275841864:trail;cloudtrail_multi_region_enabled;False;992275841864;FedRAMP-20x-KSI-Low;FedRAMP 20x Key Security Indicators (KSIs) - Low Impact Level v25.05C;
aws;FedRAMP 20x Key Security Indicators (KSIs) Low Impact Level represent core security indicators for cloud service providers, focusing on automation, continuous monitoring, and cloud-native security principles per FedRAMP 20x Phase One pilot requirements for Low impact systems.;992275841864;ap-southeast-1;2026-08-18 15:47:07.870888;ksi-cmt;A secure cloud service provider will ensure that all system changes are properly documented and configuration baselines are updated accordingly;Change Management;;;aws;;FAIL;No CloudTrail trails enabled with logging were found.;arn:aws:cloudtrail:ap-southeast-1:992275841864:trail;cloudtrail_multi_region_enabled;False;992275841864;FedRAMP-20x-KSI-Low;FedRAMP 20x Key Security Indicators (KSIs) - Low Impact Level v25.05C;
aws;FedRAMP 20x Key Security Indicators (KSIs) Low Impact Level represent core security indicators for cloud service providers, focusing on automation, continuous monitoring, and cloud-native security principles per FedRAMP 20x Phase One pilot requirements for Low impact systems.;992275841864;ap-southeast-1;2026-08-18 15:47:07.870888;ksi-mla;A secure cloud service offering will monitor, log, and audit all important events, activity, and changes;Monitoring, Logging, and Auditing;;;aws;;FAIL;No CloudTrail trails enabled with logging were found.;arn:aws:cloudtrail:ap-southeast-1:992275841864:trail;cloudtrail_multi_region_enabled;False;992275841864;FedRAMP-20x-KSI-Low;FedRAMP 20x Key Security Indicators (KSIs) - Low Impact Level v25.05C;
aws;FedRAMP 20x Key Security Indicators (KSIs) Low Impact Level represent core security indicators for cloud service providers, focusing on automation, continuous monitoring, and cloud-native security principles per FedRAMP 20x Phase One pilot requirements for Low impact systems.;992275841864;ap-southeast-1;2026-08-18 15:47:07.870888;ksi-mla-07;Maintain a list of information resources and event types that will be monitored, logged, and audited;Monitoring, Logging, and Auditing;;;aws;;FAIL;No CloudTrail trails enabled with logging were found.;arn:aws:cloudtrail:ap-southeast-1:992275841864:trail;cloudtrail_multi_region_enabled;False;992275841864;FedRAMP-20x-KSI-Low;FedRAMP 20x Key Security Indicators (KSIs) - Low Impact Level v25.05C;
aws;FedRAMP 20x Key Security Indicators (KSIs) Low Impact Level represent core security indicators for cloud service providers, focusing on automation, continuous monitoring, and cloud-native security principles per FedRAMP 20x Phase One pilot requirements for Low impact systems.;992275841864;ap-southeast-2;2026-08-18 15:47:07.870888;ksi-cmt;A secure cloud service provider will ensure that all system changes are properly documented and configuration baselines are updated accordingly;Change Management;;;aws;;FAIL;No CloudTrail trails enabled with logging were found.;arn:aws:cloudtrail:ap-southeast-2:992275841864:trail;cloudtrail_multi_region_enabled;False;992275841864;FedRAMP-20x-KSI-Low;FedRAMP 20x Key Security Indicators (KSIs) - Low Impact Level v25.05C;
aws;FedRAMP 20x Key Security Indicators (KSIs) Low Impact Level represent core security indicators for cloud service providers, focusing on automation, continuous monitoring, and cloud-native security principles per FedRAMP 20x Phase One pilot requirements for Low impact systems.;992275841864;ap-southeast-2;2026-08-18 15:47:07.870888;ksi-mla;A secure cloud service offering will monitor, log, and audit all important events, activity, and changes;Monitoring, Logging, and Auditing;;;aws;;FAIL;No CloudTrail trails enabled with logging were found.;arn:aws:cloudtrail:ap-southeast-2:992275841864:trail;cloudtrail_multi_region_enabled;False;992275841864;FedRAMP-20x-KSI-Low;FedRAMP 20x Key Security Indicators (KSIs) - Low Impact Level v25.05C;
aws;FedRAMP 20x Key Security Indicators (KSIs) Low Impact Level represent core security indicators for cloud service providers, focusing on automation, continuous monitoring, and cloud-native security principles per FedRAMP 20x Phase One pilot requirements for Low impact systems.;992275841864;ap-southeast-2;2026-08-18 15:47:07.870888;ksi-mla-07;Maintain a list of information resources and event types that will be monitored, logged, and audited;Monitoring, Logging, and Auditing;;;aws;;FAIL;No CloudTrail trails enabled with logging were found.;arn:aws:cloudtrail:ap-southeast-2:992275841864:trail;cloudtrail_multi_region_enabled;False;992275841864;FedRAMP-20x-KSI-Low;FedRAMP 20x Key Security Indicators (KSIs) - Low Impact Level v25.05C;
aws;FedRAMP 20x Key Security Indicators (KSIs) Low Impact Level represent core security indicators for cloud service providers, focusing on automation, continuous monitoring, and cloud-native security principles per FedRAMP 20x Phase One pilot requirements for Low impact systems.;992275841864;ca-central-1;2026-08-18 15:47:07.870888;ksi-cmt;A secure cloud service provider will ensure that all system changes are properly documented and configuration baselines are updated accordingly;Change Management;;;aws;;FAIL;No CloudTrail trails enabled with logging were found.;arn:aws:cloudtrail:ca-central-1:992275841864:trail;cloudtrail_multi_region_enabled;False;992275841864;FedRAMP-20x-KSI-Low;FedRAMP 20x Key Security Indicators (KSIs) - Low Impact Level v25.05C;
aws;FedRAMP 20x Key Security Indicators (KSIs) Low Impact Level represent core security indicators for cloud service providers, focusing on automation, continuous monitoring, and cloud-native security principles per FedRAMP 20x Phase One pilot requirements for Low impact systems.;992275841864;ca-central-1;2026-08-18 15:47:07.870888;ksi-mla;A secure cloud service offering will monitor, log, and audit all important events, activity, and changes;Monitoring, Logging, and Auditing;;;aws;;FAIL;No CloudTrail trails enabled with logging were found.;arn:aws:cloudtrail:ca-central-1:992275841864:trail;cloudtrail_multi_region_enabled;False;992275841864;FedRAMP-20x-KSI-Low;FedRAMP 20x Key Security Indicators (KSIs) - Low Impact Level v25.05C;
aws;FedRAMP 20x Key Security Indicators (KSIs) Low Impact Level represent core security indicators for cloud service providers, focusing on automation, continuous monitoring, and cloud-native security principles per FedRAMP 20x Phase One pilot requirements for Low impact systems.;992275841864;ca-central-1;2026-08-18 15:47:07.870888;ksi-mla-07;Maintain a list of information resources and event types that will be monitored, logged, and audited;Monitoring, Logging, and Auditing;;;aws;;FAIL;No CloudTrail trails enabled with logging were found.;arn:aws:cloudtrail:ca-central-1:992275841864:trail;cloudtrail_multi_region_enabled;False;992275841864;FedRAMP-20x-KSI-Low;FedRAMP 20x Key Security Indicators (KSIs) - Low Impact Level v25.05C;
aws;FedRAMP 20x Key Security Indicators (KSIs) Low Impact Level represent core security indicators for cloud service providers, focusing on automation, continuous monitoring, and cloud-native security principles per FedRAMP 20x Phase One pilot requirements for Low impact systems.;992275841864;eu-central-1;2026-08-18 15:47:07.870888;ksi-cmt;A secure cloud service provider will ensure that all system changes are properly documented and configuration baselines are updated accordingly;Change Management;;;aws;;FAIL;No CloudTrail trails enabled with logging were found.;arn:aws:cloudtrail:eu-central-1:992275841864:trail;cloudtrail_multi_region_enabled;False;992275841864;FedRAMP-20x-KSI-Low;FedRAMP 20x Key Security Indicators (KSIs) - Low Impact Level v25.05C;
aws;FedRAMP 20x Key Security Indicators (KSIs) Low Impact Level represent core security indicators for cloud service providers, focusing on automation, continuous monitoring, and cloud-native security principles per FedRAMP 20x Phase One pilot requirements for Low impact systems.;992275841864;eu-central-1;2026-08-18 15:47:07.870888;ksi-mla;A secure cloud service offering will monitor, log, and audit all important events, activity, and changes;Monitoring, Logging, and Auditing;;;aws;;FAIL;No CloudTrail trails enabled with logging were found.;arn:aws:cloudtrail:eu-central-1:992275841864:trail;cloudtrail_multi_region_enabled;False;992275841864;FedRAMP-20x-KSI-Low;FedRAMP 20x Key Security Indicators (KSIs) - Low Impact Level v25.05C;
aws;FedRAMP 20x Key Security Indicators (KSIs) Low Impact Level represent core security indicators for cloud service providers, focusing on automation, continuous monitoring, and cloud-native security principles per FedRAMP 20x Phase One pilot requirements for Low impact systems.;992275841864;eu-central-1;2026-08-18 15:47:07.870888;ksi-mla-07;Maintain a list of information resources and event types that will be monitored, logged, and audited;Monitoring, Logging, and Auditing;;;aws;;FAIL;No CloudTrail trails enabled with logging were found.;arn:aws:cloudtrail:eu-central-1:992275841864:trail;cloudtrail_multi_region_enabled;False;992275841864;FedRAMP-20x-KSI-Low;FedRAMP 20x Key Security Indicators (KSIs) - Low Impact Level v25.05C;
aws;FedRAMP 20x Key Security Indicators (KSIs) Low Impact Level represent core security indicators for cloud service providers, focusing on automation, continuous monitoring, and cloud-native security principles per FedRAMP 20x Phase One pilot requirements for Low impact systems.;992275841864;eu-north-1;2026-08-18 15:47:07.870888;ksi-cmt;A secure cloud service provider will ensure that all system changes are properly documented and configuration baselines are updated accordingly;Change Management;;;aws;;FAIL;No CloudTrail trails enabled with logging were found.;arn:aws:cloudtrail:eu-north-1:992275841864:trail;cloudtrail_multi_region_enabled;False;992275841864;FedRAMP-20x-KSI-Low;FedRAMP 20x Key Security Indicators (KSIs) - Low Impact Level v25.05C;
aws;FedRAMP 20x Key Security Indicators (KSIs) Low Impact Level represent core security indicators for cloud service providers, focusing on automation, continuous monitoring, and cloud-native security principles per FedRAMP 20x Phase One pilot requirements for Low impact systems.;992275841864;eu-north-1;2026-08-18 15:47:07.870888;ksi-mla;A secure cloud service offering will monitor, log, and audit all important events, activity, and changes;Monitoring, Logging, and Auditing;;;aws;;FAIL;No CloudTrail trails enabled with logging were found.;arn:aws:cloudtrail:eu-north-1:992275841864:trail;cloudtrail_multi_region_enabled;False;992275841864;FedRAMP-20x-KSI-Low;FedRAMP 20x Key Security Indicators (KSIs) - Low Impact Level v25.05C;
aws;FedRAMP 20x Key Security Indicators (KSIs) Low Impact Level represent core security indicators for cloud service providers, focusing on automation, continuous monitoring, and cloud-native security principles per FedRAMP 20x Phase One pilot requirements for Low impact systems.;992275841864;eu-north-1;2026-08-18 15:47:07.870888;ksi-mla-07;Maintain a list of information resources and event types that will be monitored, logged, and audited;Monitoring, Logging, and Auditing;;;aws;;FAIL;No CloudTrail trails enabled with logging were found.;arn:aws:cloudtrail:eu-north-1:992275841864:trail;cloudtrail_multi_region_enabled;False;992275841864;FedRAMP-20x-KSI-Low;FedRAMP 20x Key Security Indicators (KSIs) - Low Impact Level v25.05C;
aws;FedRAMP 20x Key Security Indicators (KSIs) Low Impact Level represent core security indicators for cloud service providers, focusing on automation, continuous monitoring, and cloud-native security principles per FedRAMP 20x Phase One pilot requirements for Low impact systems.;992275841864;eu-west-1;2026-08-18 15:47:07.870888;ksi-cmt;A secure cloud service provider will ensure that all system changes are properly documented and configuration baselines are updated accordingly;Change Management;;;aws;;FAIL;No CloudTrail trails enabled with logging were found.;arn:aws:cloudtrail:eu-west-1:992275841864:trail;cloudtrail_multi_region_enabled;False;992275841864;FedRAMP-20x-KSI-Low;FedRAMP 20x Key Security Indicators (KSIs) - Low Impact Level v25.05C;
aws;FedRAMP 20x Key Security Indicators (KSIs) Low Impact Level represent core security indicators for cloud service providers, focusing on automation, continuous monitoring, and cloud-native security principles per FedRAMP 20x Phase One pilot requirements for Low impact systems.;992275841864;eu-west-1;2026-08-18 15:47:07.870888;ksi-mla;A secure cloud service offering will monitor, log, and audit all important events, activity, and changes;Monitoring, Logging, and Auditing;;;aws;;FAIL;No CloudTrail trails enabled with logging were found.;arn:aws:cloudtrail:eu-west-1:992275841864:trail;cloudtrail_multi_region_enabled;False;992275841864;FedRAMP-20x-KSI-Low;FedRAMP 20x Key Security Indicators (KSIs) - Low Impact Level v25.05C;
aws;FedRAMP 20x Key Security Indicators (KSIs) Low Impact Level represent core security indicators for cloud service providers, focusing on automation, continuous monitoring, and cloud-native security principles per FedRAMP 20x Phase One pilot requirements for Low impact systems.;992275841864;eu-west-1;2026-08-18 15:47:07.870888;ksi-mla-07;Maintain a list of information resources and event types that will be monitored, logged, and audited;Monitoring, Logging, and Auditing;;;aws;;FAIL;No CloudTrail trails enabled with logging were found.;arn:aws:cloudtrail:eu-west-1:992275841864:trail;cloudtrail_multi_region_enabled;False;992275841864;FedRAMP-20x-KSI-Low;FedRAMP 20x Key Security Indicators (KSIs) - Low Impact Level v25.05C;
aws;FedRAMP 20x Key Security Indicators (KSIs) Low Impact Level represent core security indicators for cloud service providers, focusing on automation, continuous monitoring, and cloud-native security principles per FedRAMP 20x Phase One pilot requirements for Low impact systems.;992275841864;eu-west-2;2026-08-18 15:47:07.870888;ksi-cmt;A secure cloud service provider will ensure that all system changes are properly documented and configuration baselines are updated accordingly;Change Management;;;aws;;FAIL;No CloudTrail trails enabled with logging were found.;arn:aws:cloudtrail:eu-west-2:992275841864:trail;cloudtrail_multi_region_enabled;False;992275841864;FedRAMP-20x-KSI-Low;FedRAMP 20x Key Security Indicators (KSIs) - Low Impact Level v25.05C;
aws;FedRAMP 20x Key Security Indicators (KSIs) Low Impact Level represent core security indicators for cloud service providers, focusing on automation, continuous monitoring, and cloud-native security principles per FedRAMP 20x Phase One pilot requirements for Low impact systems.;992275841864;eu-west-2;2026-08-18 15:47:07.870888;ksi-mla;A secure cloud service offering will monitor, log, and audit all important events, activity, and changes;Monitoring, Logging, and Auditing;;;aws;;FAIL;No CloudTrail trails enabled with logging were found.;arn:aws:cloudtrail:eu-west-2:992275841864:trail;cloudtrail_multi_region_enabled;False;992275841864;FedRAMP-20x-KSI-Low;FedRAMP 20x Key Security Indicators (KSIs) - Low Impact Level v25.05C;
aws;FedRAMP 20x Key Security Indicators (KSIs) Low Impact Level represent core security indicators for cloud service providers, focusing on automation, continuous monitoring, and cloud-native security principles per FedRAMP 20x Phase One pilot requirements for Low impact systems.;992275841864;eu-west-2;2026-08-18 15:47:07.870888;ksi-mla-07;Maintain a list of information resources and event types that will be monitored, logged, and audited;Monitoring, Logging, and Auditing;;;aws;;FAIL;No CloudTrail trails enabled with logging were found.;arn:aws:cloudtrail:eu-west-2:992275841864:trail;cloudtrail_multi_region_enabled;False;992275841864;FedRAMP-20x-KSI-Low;FedRAMP 20x Key Security Indicators (KSIs) - Low Impact Level v25.05C;
aws;FedRAMP 20x Key Security Indicators (KSIs) Low Impact Level represent core security indicators for cloud service providers, focusing on automation, continuous monitoring, and cloud-native security principles per FedRAMP 20x Phase One pilot requirements for Low impact systems.;992275841864;eu-west-3;2026-08-18 15:47:07.870888;ksi-cmt;A secure cloud service provider will ensure that all system changes are properly documented and configuration baselines are updated accordingly;Change Management;;;aws;;FAIL;No CloudTrail trails enabled with logging were found.;arn:aws:cloudtrail:eu-west-3:992275841864:trail;cloudtrail_multi_region_enabled;False;992275841864;FedRAMP-20x-KSI-Low;FedRAMP 20x Key Security Indicators (KSIs) - Low Impact Level v25.05C;
aws;FedRAMP 20x Key Security Indicators (KSIs) Low Impact Level represent core security indicators for cloud service providers, focusing on automation, continuous monitoring, and cloud-native security principles per FedRAMP 20x Phase One pilot requirements for Low impact systems.;992275841864;eu-west-3;2026-08-18 15:47:07.870888;ksi-mla;A secure cloud service offering will monitor, log, and audit all important events, activity, and changes;Monitoring, Logging, and Auditing;;;aws;;FAIL;No CloudTrail trails enabled with logging were found.;arn:aws:cloudtrail:eu-west-3:992275841864:trail;cloudtrail_multi_region_enabled;False;992275841864;FedRAMP-20x-KSI-Low;FedRAMP 20x Key Security Indicators (KSIs) - Low Impact Level v25.05C;
aws;FedRAMP 20x Key Security Indicators (KSIs) Low Impact Level represent core security indicators for cloud service providers, focusing on automation, continuous monitoring, and cloud-native security principles per FedRAMP 20x Phase One pilot requirements for Low impact systems.;992275841864;eu-west-3;2026-08-18 15:47:07.870888;ksi-mla-07;Maintain a list of information resources and event types that will be monitored, logged, and audited;Monitoring, Logging, and Auditing;;;aws;;FAIL;No CloudTrail trails enabled with logging were found.;arn:aws:cloudtrail:eu-west-3:992275841864:trail;cloudtrail_multi_region_enabled;False;992275841864;FedRAMP-20x-KSI-Low;FedRAMP 20x Key Security Indicators (KSIs) - Low Impact Level v25.05C;
aws;FedRAMP 20x Key Security Indicators (KSIs) Low Impact Level represent core security indicators for cloud service providers, focusing on automation, continuous monitoring, and cloud-native security principles per FedRAMP 20x Phase One pilot requirements for Low impact systems.;992275841864;sa-east-1;2026-08-18 15:47:07.870888;ksi-cmt;A secure cloud service provider will ensure that all system changes are properly documented and configuration baselines are updated accordingly;Change Management;;;aws;;FAIL;No CloudTrail trails enabled with logging were found.;arn:aws:cloudtrail:sa-east-1:992275841864:trail;cloudtrail_multi_region_enabled;False;992275841864;FedRAMP-20x-KSI-Low;FedRAMP 20x Key Security Indicators (KSIs) - Low Impact Level v25.05C;
aws;FedRAMP 20x Key Security Indicators (KSIs) Low Impact Level represent core security indicators for cloud service providers, focusing on automation, continuous monitoring, and cloud-native security principles per FedRAMP 20x Phase One pilot requirements for Low impact systems.;992275841864;sa-east-1;2026-08-18 15:47:07.870888;ksi-mla;A secure cloud service offering will monitor, log, and audit all important events, activity, and changes;Monitoring, Logging, and Auditing;;;aws;;FAIL;No CloudTrail trails enabled with logging were found.;arn:aws:cloudtrail:sa-east-1:992275841864:trail;cloudtrail_multi_region_enabled;False;992275841864;FedRAMP-20x-KSI-Low;FedRAMP 20x Key Security Indicators (KSIs) - Low Impact Level v25.05C;
aws;FedRAMP 20x Key Security Indicators (KSIs) Low Impact Level represent core security indicators for cloud service providers, focusing on automation, continuous monitoring, and cloud-native security principles per FedRAMP 20x Phase One pilot requirements for Low impact systems.;992275841864;sa-east-1;2026-08-18 15:47:07.870888;ksi-mla-07;Maintain a list of information resources and event types that will be monitored, logged, and audited;Monitoring, Logging, and Auditing;;;aws;;FAIL;No CloudTrail trails enabled with logging were found.;arn:aws:cloudtrail:sa-east-1:992275841864:trail;cloudtrail_multi_region_enabled;False;992275841864;FedRAMP-20x-KSI-Low;FedRAMP 20x Key Security Indicators (KSIs) - Low Impact Level v25.05C;
aws;FedRAMP 20x Key Security Indicators (KSIs) Low Impact Level represent core security indicators for cloud service providers, focusing on automation, continuous monitoring, and cloud-native security principles per FedRAMP 20x Phase One pilot requirements for Low impact systems.;992275841864;us-east-1;2026-08-18 15:47:07.870888;ksi-cmt;A secure cloud service provider will ensure that all system changes are properly documented and configuration baselines are updated accordingly;Change Management;;;aws;;FAIL;No CloudTrail trails enabled with logging were found.;arn:aws:cloudtrail:us-east-1:992275841864:trail;cloudtrail_multi_region_enabled;False;992275841864;FedRAMP-20x-KSI-Low;FedRAMP 20x Key Security Indicators (KSIs) - Low Impact Level v25.05C;
aws;FedRAMP 20x Key Security Indicators (KSIs) Low Impact Level represent core security indicators for cloud service providers, focusing on automation, continuous monitoring, and cloud-native security principles per FedRAMP 20x Phase One pilot requirements for Low impact systems.;992275841864;us-east-1;2026-08-18 15:47:07.870888;ksi-mla;A secure cloud service offering will monitor, log, and audit all important events, activity, and changes;Monitoring, Logging, and Auditing;;;aws;;FAIL;No CloudTrail trails enabled with logging were found.;arn:aws:cloudtrail:us-east-1:992275841864:trail;cloudtrail_multi_region_enabled;False;992275841864;FedRAMP-20x-KSI-Low;FedRAMP 20x Key Security Indicators (KSIs) - Low Impact Level v25.05C;
aws;FedRAMP 20x Key Security Indicators (KSIs) Low Impact Level represent core security indicators for cloud service providers, focusing on automation, continuous monitoring, and cloud-native security principles per FedRAMP 20x Phase One pilot requirements for Low impact systems.;992275841864;us-east-1;2026-08-18 15:47:07.870888;ksi-mla-07;Maintain a list of information resources and event types that will be monitored, logged, and audited;Monitoring, Logging, and Auditing;;;aws;;FAIL;No CloudTrail trails enabled with logging were found.;arn:aws:cloudtrail:us-east-1:992275841864:trail;cloudtrail_multi_region_enabled;False;992275841864;FedRAMP-20x-KSI-Low;FedRAMP 20x Key Security Indicators (KSIs) - Low Impact Level v25.05C;
aws;FedRAMP 20x Key Security Indicators (KSIs) Low Impact Level represent core security indicators for cloud service providers, focusing on automation, continuous monitoring, and cloud-native security principles per FedRAMP 20x Phase One pilot requirements for Low impact systems.;992275841864;us-east-2;2026-08-18 15:47:07.870888;ksi-cmt;A secure cloud service provider will ensure that all system changes are properly documented and configuration baselines are updated accordingly;Change Management;;;aws;;FAIL;No CloudTrail trails enabled with logging were found.;arn:aws:cloudtrail:us-east-2:992275841864:trail;cloudtrail_multi_region_enabled;False;992275841864;FedRAMP-20x-KSI-Low;FedRAMP 20x Key Security Indicators (KSIs) - Low Impact Level v25.05C;
aws;FedRAMP 20x Key Security Indicators (KSIs) Low Impact Level represent core security indicators for cloud service providers, focusing on automation, continuous monitoring, and cloud-native security principles per FedRAMP 20x Phase One pilot requirements for Low impact systems.;992275841864;us-east-2;2026-08-18 15:47:07.870888;ksi-mla;A secure cloud service offering will monitor, log, and audit all important events, activity, and changes;Monitoring, Logging, and Auditing;;;aws;;FAIL;No CloudTrail trails enabled with logging were found.;arn:aws:cloudtrail:us-east-2:992275841864:trail;cloudtrail_multi_region_enabled;False;992275841864;FedRAMP-20x-KSI-Low;FedRAMP 20x Key Security Indicators (KSIs) - Low Impact Level v25.05C;
aws;FedRAMP 20x Key Security Indicators (KSIs) Low Impact Level represent core security indicators for cloud service providers, focusing on automation, continuous monitoring, and cloud-native security principles per FedRAMP 20x Phase One pilot requirements for Low impact systems.;992275841864;us-east-2;2026-08-18 15:47:07.870888;ksi-mla-07;Maintain a list of information resources and event types that will be monitored, logged, and audited;Monitoring, Logging, and Auditing;;;aws;;FAIL;No CloudTrail trails enabled with logging were found.;arn:aws:cloudtrail:us-east-2:992275841864:trail;cloudtrail_multi_region_enabled;False;992275841864;FedRAMP-20x-KSI-Low;FedRAMP 20x Key Security Indicators (KSIs) - Low Impact Level v25.05C;
aws;FedRAMP 20x Key Security Indicators (KSIs) Low Impact Level represent core security indicators for cloud service providers, focusing on automation, continuous monitoring, and cloud-native security principles per FedRAMP 20x Phase One pilot requirements for Low impact systems.;992275841864;us-west-1;2026-08-18 15:47:07.870888;ksi-cmt;A secure cloud service provider will ensure that all system changes are properly documented and configuration baselines are updated accordingly;Change Management;;;aws;;FAIL;No CloudTrail trails enabled with logging were found.;arn:aws:cloudtrail:us-west-1:992275841864:trail;cloudtrail_multi_region_enabled;False;992275841864;FedRAMP-20x-KSI-Low;FedRAMP 20x Key Security Indicators (KSIs) - Low Impact Level v25.05C;
aws;FedRAMP 20x Key Security Indicators (KSIs) Low Impact Level represent core security indicators for cloud service providers, focusing on automation, continuous monitoring, and cloud-native security principles per FedRAMP 20x Phase One pilot requirements for Low impact systems.;992275841864;us-west-1;2026-08-18 15:47:07.870888;ksi-mla;A secure cloud service offering will monitor, log, and audit all important events, activity, and changes;Monitoring, Logging, and Auditing;;;aws;;FAIL;No CloudTrail trails enabled with logging were found.;arn:aws:cloudtrail:us-west-1:992275841864:trail;cloudtrail_multi_region_enabled;False;992275841864;FedRAMP-20x-KSI-Low;FedRAMP 20x Key Security Indicators (KSIs) - Low Impact Level v25.05C;
aws;FedRAMP 20x Key Security Indicators (KSIs) Low Impact Level represent core security indicators for cloud service providers, focusing on automation, continuous monitoring, and cloud-native security principles per FedRAMP 20x Phase One pilot requirements for Low impact systems.;992275841864;us-west-1;2026-08-18 15:47:07.870888;ksi-mla-07;Maintain a list of information resources and event types that will be monitored, logged, and audited;Monitoring, Logging, and Auditing;;;aws;;FAIL;No CloudTrail trails enabled with logging were found.;arn:aws:cloudtrail:us-west-1:992275841864:trail;cloudtrail_multi_region_enabled;False;992275841864;FedRAMP-20x-KSI-Low;FedRAMP 20x Key Security Indicators (KSIs) - Low Impact Level v25.05C;
aws;FedRAMP 20x Key Security Indicators (KSIs) Low Impact Level represent core security indicators for cloud service providers, focusing on automation, continuous monitoring, and cloud-native security principles per FedRAMP 20x Phase One pilot requirements for Low impact systems.;992275841864;us-west-2;2026-08-18 15:47:07.870888;ksi-cmt;A secure cloud service provider will ensure that all system changes are properly documented and configuration baselines are updated accordingly;Change Management;;;aws;;FAIL;No CloudTrail trails enabled with logging were found.;arn:aws:cloudtrail:us-west-2:992275841864:trail;cloudtrail_multi_region_enabled;False;992275841864;FedRAMP-20x-KSI-Low;FedRAMP 20x Key Security Indicators (KSIs) - Low Impact Level v25.05C;
aws;FedRAMP 20x Key Security Indicators (KSIs) Low Impact Level represent core security indicators for cloud service providers, focusing on automation, continuous monitoring, and cloud-native security principles per FedRAMP 20x Phase One pilot requirements for Low impact systems.;992275841864;us-west-2;2026-08-18 15:47:07.870888;ksi-mla;A secure cloud service offering will monitor, log, and audit all important events, activity, and changes;Monitoring, Logging, and Auditing;;;aws;;FAIL;No CloudTrail trails enabled with logging were found.;arn:aws:cloudtrail:us-west-2:992275841864:trail;cloudtrail_multi_region_enabled;False;992275841864;FedRAMP-20x-KSI-Low;FedRAMP 20x Key Security Indicators (KSIs) - Low Impact Level v25.05C;
aws;FedRAMP 20x Key Security Indicators (KSIs) Low Impact Level represent core security indicators for cloud service providers, focusing on automation, continuous monitoring, and cloud-native security principles per FedRAMP 20x Phase One pilot requirements for Low impact systems.;992275841864;us-west-2;2026-08-18 15:47:07.870888;ksi-mla-07;Maintain a list of information resources and event types that will be monitored, logged, and audited;Monitoring, Logging, and Auditing;;;aws;;FAIL;No CloudTrail trails enabled with logging were found.;arn:aws:cloudtrail:us-west-2:992275841864:trail;cloudtrail_multi_region_enabled;False;992275841864;FedRAMP-20x-KSI-Low;FedRAMP 20x Key Security Indicators (KSIs) - Low Impact Level v25.05C;
aws;FedRAMP 20x Key Security Indicators (KSIs) Low Impact Level represent core security indicators for cloud service providers, focusing on automation, continuous monitoring, and cloud-native security principles per FedRAMP 20x Phase One pilot requirements for Low impact systems.;992275841864;us-west-2;2026-08-18 15:47:07.870888;ksi-cmt;A secure cloud service provider will ensure that all system changes are properly documented and configuration baselines are updated accordingly;Change Management;;;aws;;FAIL;No CloudTrail trails have a data event to record all S3 object-level API operations.;arn:aws:cloudtrail:us-west-2:992275841864:trail;cloudtrail_s3_dataevents_read_enabled;False;992275841864;FedRAMP-20x-KSI-Low;FedRAMP 20x Key Security Indicators (KSIs) - Low Impact Level v25.05C;
aws;FedRAMP 20x Key Security Indicators (KSIs) Low Impact Level represent core security indicators for cloud service providers, focusing on automation, continuous monitoring, and cloud-native security principles per FedRAMP 20x Phase One pilot requirements for Low impact systems.;992275841864;us-west-2;2026-08-18 15:47:07.870888;ksi-mla;A secure cloud service offering will monitor, log, and audit all important events, activity, and changes;Monitoring, Logging, and Auditing;;;aws;;FAIL;No CloudTrail trails have a data event to record all S3 object-level API operations.;arn:aws:cloudtrail:us-west-2:992275841864:trail;cloudtrail_s3_dataevents_read_enabled;False;992275841864;FedRAMP-20x-KSI-Low;FedRAMP 20x Key Security Indicators (KSIs) - Low Impact Level v25.05C;
aws;FedRAMP 20x Key Security Indicators (KSIs) Low Impact Level represent core security indicators for cloud service providers, focusing on automation, continuous monitoring, and cloud-native security principles per FedRAMP 20x Phase One pilot requirements for Low impact systems.;992275841864;us-west-2;2026-08-18 15:47:07.870888;ksi-cmt;A secure cloud service provider will ensure that all system changes are properly documented and configuration baselines are updated accordingly;Change Management;;;aws;;FAIL;No CloudTrail trails have a data event to record all S3 object-level API operations.;arn:aws:cloudtrail:us-west-2:992275841864:trail;cloudtrail_s3_dataevents_write_enabled;False;992275841864;FedRAMP-20x-KSI-Low;FedRAMP 20x Key Security Indicators (KSIs) - Low Impact Level v25.05C;
aws;FedRAMP 20x Key Security Indicators (KSIs) Low Impact Level represent core security indicators for cloud service providers, focusing on automation, continuous monitoring, and cloud-native security principles per FedRAMP 20x Phase One pilot requirements for Low impact systems.;992275841864;us-west-2;2026-08-18 15:47:07.870888;ksi-mla;A secure cloud service offering will monitor, log, and audit all important events, activity, and changes;Monitoring, Logging, and Auditing;;;aws;;FAIL;No CloudTrail trails have a data event to record all S3 object-level API operations.;arn:aws:cloudtrail:us-west-2:992275841864:trail;cloudtrail_s3_dataevents_write_enabled;False;992275841864;FedRAMP-20x-KSI-Low;FedRAMP 20x Key Security Indicators (KSIs) - Low Impact Level v25.05C;
aws;FedRAMP 20x Key Security Indicators (KSIs) Low Impact Level represent core security indicators for cloud service providers, focusing on automation, continuous monitoring, and cloud-native security principles per FedRAMP 20x Phase One pilot requirements for Low impact systems.;992275841864;us-west-2;2026-08-18 15:47:07.870888;ksi-cmt;A secure cloud service provider will ensure that all system changes are properly documented and configuration baselines are updated accordingly;Change Management;;;aws;;FAIL;No CloudWatch log groups found with metric filters or alarms associated.;arn:aws:logs:us-west-2:992275841864:log-group;cloudwatch_changes_to_network_acls_alarm_configured;False;992275841864;FedRAMP-20x-KSI-Low;FedRAMP 20x Key Security Indicators (KSIs) - Low Impact Level v25.05C;
aws;FedRAMP 20x Key Security Indicators (KSIs) Low Impact Level represent core security indicators for cloud service providers, focusing on automation, continuous monitoring, and cloud-native security principles per FedRAMP 20x Phase One pilot requirements for Low impact systems.;992275841864;us-west-2;2026-08-18 15:47:07.870888;ksi-cmt;A secure cloud service provider will ensure that all system changes are properly documented and configuration baselines are updated accordingly;Change Management;;;aws;;FAIL;No CloudWatch log groups found with metric filters or alarms associated.;arn:aws:logs:us-west-2:992275841864:log-group;cloudwatch_changes_to_network_gateways_alarm_configured;False;992275841864;FedRAMP-20x-KSI-Low;FedRAMP 20x Key Security Indicators (KSIs) - Low Impact Level v25.05C;
aws;FedRAMP 20x Key Security Indicators (KSIs) Low Impact Level represent core security indicators for cloud service providers, focusing on automation, continuous monitoring, and cloud-native security principles per FedRAMP 20x Phase One pilot requirements for Low impact systems.;992275841864;us-west-2;2026-08-18 15:47:07.870888;ksi-cmt;A secure cloud service provider will ensure that all system changes are properly documented and configuration baselines are updated accordingly;Change Management;;;aws;;FAIL;No CloudWatch log groups found with metric filters or alarms associated.;arn:aws:logs:us-west-2:992275841864:log-group;cloudwatch_changes_to_network_route_tables_alarm_configured;False;992275841864;FedRAMP-20x-KSI-Low;FedRAMP 20x Key Security Indicators (KSIs) - Low Impact Level v25.05C;
aws;FedRAMP 20x Key Security Indicators (KSIs) Low Impact Level represent core security indicators for cloud service providers, focusing on automation, continuous monitoring, and cloud-native security principles per FedRAMP 20x Phase One pilot requirements for Low impact systems.;992275841864;us-west-2;2026-08-18 15:47:07.870888;ksi-cmt;A secure cloud service provider will ensure that all system changes are properly documented and configuration baselines are updated accordingly;Change Management;;;aws;;FAIL;No CloudWatch log groups found with metric filters or alarms associated.;arn:aws:logs:us-west-2:992275841864:log-group;cloudwatch_changes_to_vpcs_alarm_configured;False;992275841864;FedRAMP-20x-KSI-Low;FedRAMP 20x Key Security Indicators (KSIs) - Low Impact Level v25.05C;
aws;FedRAMP 20x Key Security Indicators (KSIs) Low Impact Level represent core security indicators for cloud service providers, focusing on automation, continuous monitoring, and cloud-native security principles per FedRAMP 20x Phase One pilot requirements for Low impact systems.;992275841864;us-west-2;2026-08-18 15:47:07.870888;ksi-mla;A secure cloud service offering will monitor, log, and audit all important events, activity, and changes;Monitoring, Logging, and Auditing;;;aws;;FAIL;Log Group /aws/lambda/auto-shutdown-untagged-instances does not have AWS KMS keys associated.;arn:aws:logs:us-west-2:992275841864:log-group:/aws/lambda/auto-shutdown-untagged-instances:*;cloudwatch_log_group_kms_encryption_enabled;False;/aws/lambda/auto-shutdown-untagged-instances;FedRAMP-20x-KSI-Low;FedRAMP 20x Key Security Indicators (KSIs) - Low Impact Level v25.05C;
aws;FedRAMP 20x Key Security Indicators (KSIs) Low Impact Level represent core security indicators for cloud service providers, focusing on automation, continuous monitoring, and cloud-native security principles per FedRAMP 20x Phase One pilot requirements for Low impact systems.;992275841864;us-west-2;2026-08-18 15:47:07.870888;ksi-mla;A secure cloud service offering will monitor, log, and audit all important events, activity, and changes;Monitoring, Logging, and Auditing;;;aws;;PASS;Log Group /aws/lambda/auto-shutdown-untagged-instances comply with 365 days retention period since it never expires.;arn:aws:logs:us-west-2:992275841864:log-group:/aws/lambda/auto-shutdown-untagged-instances:*;cloudwatch_log_group_retention_policy_specific_days_enabled;False;/aws/lambda/auto-shutdown-untagged-instances;FedRAMP-20x-KSI-Low;FedRAMP 20x Key Security Indicators (KSIs) - Low Impact Level v25.05C;
aws;FedRAMP 20x Key Security Indicators (KSIs) Low Impact Level represent core security indicators for cloud service providers, focusing on automation, continuous monitoring, and cloud-native security principles per FedRAMP 20x Phase One pilot requirements for Low impact systems.;992275841864;us-west-2;2026-08-18 15:47:07.870888;ksi-mla-07;Maintain a list of information resources and event types that will be monitored, logged, and audited;Monitoring, Logging, and Auditing;;;aws;;PASS;Log Group /aws/lambda/auto-shutdown-untagged-instances comply with 365 days retention period since it never expires.;arn:aws:logs:us-west-2:992275841864:log-group:/aws/lambda/auto-shutdown-untagged-instances:*;cloudwatch_log_group_retention_policy_specific_days_enabled;False;/aws/lambda/auto-shutdown-untagged-instances;FedRAMP-20x-KSI-Low;FedRAMP 20x Key Security Indicators (KSIs) - Low Impact Level v25.05C;
aws;FedRAMP 20x Key Security Indicators (KSIs) Low Impact Level represent core security indicators for cloud service providers, focusing on automation, continuous monitoring, and cloud-native security principles per FedRAMP 20x Phase One pilot requirements for Low impact systems.;992275841864;us-west-2;2026-08-18 15:47:07.870888;ksi-cmt;A secure cloud service provider will ensure that all system changes are properly documented and configuration baselines are updated accordingly;Change Management;;;aws;;FAIL;No CloudWatch log groups found with metric filters or alarms associated.;arn:aws:logs:us-west-2:992275841864:log-group;cloudwatch_log_metric_filter_and_alarm_for_aws_config_configuration_changes_enabled;False;992275841864;FedRAMP-20x-KSI-Low;FedRAMP 20x Key Security Indicators (KSIs) - Low Impact Level v25.05C;
aws;FedRAMP 20x Key Security Indicators (KSIs) Low Impact Level represent core security indicators for cloud service providers, focusing on automation, continuous monitoring, and cloud-native security principles per FedRAMP 20x Phase One pilot requirements for Low impact systems.;992275841864;us-west-2;2026-08-18 15:47:07.870888;ksi-cmt;A secure cloud service provider will ensure that all system changes are properly documented and configuration baselines are updated accordingly;Change Management;;;aws;;FAIL;No CloudWatch log groups found with metric filters or alarms associated.;arn:aws:logs:us-west-2:992275841864:log-group;cloudwatch_log_metric_filter_and_alarm_for_cloudtrail_configuration_changes_enabled;False;992275841864;FedRAMP-20x-KSI-Low;FedRAMP 20x Key Security Indicators (KSIs) - Low Impact Level v25.05C;
aws;FedRAMP 20x Key Security Indicators (KSIs) Low Impact Level represent core security indicators for cloud service providers, focusing on automation, continuous monitoring, and cloud-native security principles per FedRAMP 20x Phase One pilot requirements for Low impact systems.;992275841864;us-west-2;2026-08-18 15:47:07.870888;ksi-cmt;A secure cloud service provider will ensure that all system changes are properly documented and configuration baselines are updated accordingly;Change Management;;;aws;;FAIL;No CloudWatch log groups found with metric filters or alarms associated.;arn:aws:logs:us-west-2:992275841864:log-group;cloudwatch_log_metric_filter_aws_organizations_changes;False;992275841864;FedRAMP-20x-KSI-Low;FedRAMP 20x Key Security Indicators (KSIs) - Low Impact Level v25.05C;
aws;FedRAMP 20x Key Security Indicators (KSIs) Low Impact Level represent core security indicators for cloud service providers, focusing on automation, continuous monitoring, and cloud-native security principles per FedRAMP 20x Phase One pilot requirements for Low impact systems.;992275841864;us-west-2;2026-08-18 15:47:07.870888;ksi-cmt;A secure cloud service provider will ensure that all system changes are properly documented and configuration baselines are updated accordingly;Change Management;;;aws;;FAIL;No CloudWatch log groups found with metric filters or alarms associated.;arn:aws:logs:us-west-2:992275841864:log-group;cloudwatch_log_metric_filter_for_s3_bucket_policy_changes;False;992275841864;FedRAMP-20x-KSI-Low;FedRAMP 20x Key Security Indicators (KSIs) - Low Impact Level v25.05C;
aws;FedRAMP 20x Key Security Indicators (KSIs) Low Impact Level represent core security indicators for cloud service providers, focusing on automation, continuous monitoring, and cloud-native security principles per FedRAMP 20x Phase One pilot requirements for Low impact systems.;992275841864;us-west-2;2026-08-18 15:47:07.870888;ksi-cmt;A secure cloud service provider will ensure that all system changes are properly documented and configuration baselines are updated accordingly;Change Management;;;aws;;FAIL;No CloudWatch log groups found with metric filters or alarms associated.;arn:aws:logs:us-west-2:992275841864:log-group;cloudwatch_log_metric_filter_policy_changes;False;992275841864;FedRAMP-20x-KSI-Low;FedRAMP 20x Key Security Indicators (KSIs) - Low Impact Level v25.05C;
aws;FedRAMP 20x Key Security Indicators (KSIs) Low Impact Level represent core security indicators for cloud service providers, focusing on automation, continuous monitoring, and cloud-native security principles per FedRAMP 20x Phase One pilot requirements for Low impact systems.;992275841864;us-west-2;2026-08-18 15:47:07.870888;ksi-cmt;A secure cloud service provider will ensure that all system changes are properly documented and configuration baselines are updated accordingly;Change Management;;;aws;;FAIL;No CloudWatch log groups found with metric filters or alarms associated.;arn:aws:logs:us-west-2:992275841864:log-group;cloudwatch_log_metric_filter_security_group_changes;False;992275841864;FedRAMP-20x-KSI-Low;FedRAMP 20x Key Security Indicators (KSIs) - Low Impact Level v25.05C;
aws;FedRAMP 20x Key Security Indicators (KSIs) Low Impact Level represent core security indicators for cloud service providers, focusing on automation, continuous monitoring, and cloud-native security principles per FedRAMP 20x Phase One pilot requirements for Low impact systems.;992275841864;ap-northeast-1;2026-08-18 15:47:07.870888;ksi-cmt;A secure cloud service provider will ensure that all system changes are properly documented and configuration baselines are updated accordingly;Change Management;;;aws;;FAIL;AWS Config recorder 992275841864 is disabled.;arn:aws:config:ap-northeast-1:992275841864:recorder;config_recorder_all_regions_enabled;False;992275841864;FedRAMP-20x-KSI-Low;FedRAMP 20x Key Security Indicators (KSIs) - Low Impact Level v25.05C;
aws;FedRAMP 20x Key Security Indicators (KSIs) Low Impact Level represent core security indicators for cloud service providers, focusing on automation, continuous monitoring, and cloud-native security principles per FedRAMP 20x Phase One pilot requirements for Low impact systems.;992275841864;ap-northeast-1;2026-08-18 15:47:07.870888;ksi-piy;A secure cloud service offering will have intentional, organized, universal guidance for how every information resource, including personnel, is secured;Policy and Inventory;;;aws;;FAIL;AWS Config recorder 992275841864 is disabled.;arn:aws:config:ap-northeast-1:992275841864:recorder;config_recorder_all_regions_enabled;False;992275841864;FedRAMP-20x-KSI-Low;FedRAMP 20x Key Security Indicators (KSIs) - Low Impact Level v25.05C;
aws;FedRAMP 20x Key Security Indicators (KSIs) Low Impact Level represent core security indicators for cloud service providers, focusing on automation, continuous monitoring, and cloud-native security principles per FedRAMP 20x Phase One pilot requirements for Low impact systems.;992275841864;ap-northeast-1;2026-08-18 15:47:07.870888;ksi-mla-07;Maintain a list of information resources and event types that will be monitored, logged, and audited;Monitoring, Logging, and Auditing;;;aws;;FAIL;AWS Config recorder 992275841864 is disabled.;arn:aws:config:ap-northeast-1:992275841864:recorder;config_recorder_all_regions_enabled;False;992275841864;FedRAMP-20x-KSI-Low;FedRAMP 20x Key Security Indicators (KSIs) - Low Impact Level v25.05C;
aws;FedRAMP 20x Key Security Indicators (KSIs) Low Impact Level represent core security indicators for cloud service providers, focusing on automation, continuous monitoring, and cloud-native security principles per FedRAMP 20x Phase One pilot requirements for Low impact systems.;992275841864;ap-northeast-2;2026-08-18 15:47:07.870888;ksi-cmt;A secure cloud service provider will ensure that all system changes are properly documented and configuration baselines are updated accordingly;Change Management;;;aws;;FAIL;AWS Config recorder 992275841864 is disabled.;arn:aws:config:ap-northeast-2:992275841864:recorder;config_recorder_all_regions_enabled;False;992275841864;FedRAMP-20x-KSI-Low;FedRAMP 20x Key Security Indicators (KSIs) - Low Impact Level v25.05C;
aws;FedRAMP 20x Key Security Indicators (KSIs) Low Impact Level represent core security indicators for cloud service providers, focusing on automation, continuous monitoring, and cloud-native security principles per FedRAMP 20x Phase One pilot requirements for Low impact systems.;992275841864;ap-northeast-2;2026-08-18 15:47:07.870888;ksi-piy;A secure cloud service offering will have intentional, organized, universal guidance for how every information resource, including personnel, is secured;Policy and Inventory;;;aws;;FAIL;AWS Config recorder 992275841864 is disabled.;arn:aws:config:ap-northeast-2:992275841864:recorder;config_recorder_all_regions_enabled;False;992275841864;FedRAMP-20x-KSI-Low;FedRAMP 20x Key Security Indicators (KSIs) - Low Impact Level v25.05C;
aws;FedRAMP 20x Key Security Indicators (KSIs) Low Impact Level represent core security indicators for cloud service providers, focusing on automation, continuous monitoring, and cloud-native security principles per FedRAMP 20x Phase One pilot requirements for Low impact systems.;992275841864;ap-northeast-2;2026-08-18 15:47:07.870888;ksi-mla-07;Maintain a list of information resources and event types that will be monitored, logged, and audited;Monitoring, Logging, and Auditing;;;aws;;FAIL;AWS Config recorder 992275841864 is disabled.;arn:aws:config:ap-northeast-2:992275841864:recorder;config_recorder_all_regions_enabled;False;992275841864;FedRAMP-20x-KSI-Low;FedRAMP 20x Key Security Indicators (KSIs) - Low Impact Level v25.05C;
aws;FedRAMP 20x Key Security Indicators (KSIs) Low Impact Level represent core security indicators for cloud service providers, focusing on automation, continuous monitoring, and cloud-native security principles per FedRAMP 20x Phase One pilot requirements for Low impact systems.;992275841864;ap-northeast-3;2026-08-18 15:47:07.870888;ksi-cmt;A secure cloud service provider will ensure that all system changes are properly documented and configuration baselines are updated accordingly;Change Management;;;aws;;FAIL;AWS Config recorder 992275841864 is disabled.;arn:aws:config:ap-northeast-3:992275841864:recorder;config_recorder_all_regions_enabled;False;992275841864;FedRAMP-20x-KSI-Low;FedRAMP 20x Key Security Indicators (KSIs) - Low Impact Level v25.05C;
aws;FedRAMP 20x Key Security Indicators (KSIs) Low Impact Level represent core security indicators for cloud service providers, focusing on automation, continuous monitoring, and cloud-native security principles per FedRAMP 20x Phase One pilot requirements for Low impact systems.;992275841864;ap-northeast-3;2026-08-18 15:47:07.870888;ksi-piy;A secure cloud service offering will have intentional, organized, universal guidance for how every information resource, including personnel, is secured;Policy and Inventory;;;aws;;FAIL;AWS Config recorder 992275841864 is disabled.;arn:aws:config:ap-northeast-3:992275841864:recorder;config_recorder_all_regions_enabled;False;992275841864;FedRAMP-20x-KSI-Low;FedRAMP 20x Key Security Indicators (KSIs) - Low Impact Level v25.05C;
aws;FedRAMP 20x Key Security Indicators (KSIs) Low Impact Level represent core security indicators for cloud service providers, focusing on automation, continuous monitoring, and cloud-native security principles per FedRAMP 20x Phase One pilot requirements for Low impact systems.;992275841864;ap-northeast-3;2026-08-18 15:47:07.870888;ksi-mla-07;Maintain a list of information resources and event types that will be monitored, logged, and audited;Monitoring, Logging, and Auditing;;;aws;;FAIL;AWS Config recorder 992275841864 is disabled.;arn:aws:config:ap-northeast-3:992275841864:recorder;config_recorder_all_regions_enabled;False;992275841864;FedRAMP-20x-KSI-Low;FedRAMP 20x Key Security Indicators (KSIs) - Low Impact Level v25.05C;
aws;FedRAMP 20x Key Security Indicators (KSIs) Low Impact Level represent core security indicators for cloud service providers, focusing on automation, continuous monitoring, and cloud-native security principles per FedRAMP 20x Phase One pilot requirements for Low impact systems.;992275841864;ap-south-1;2026-08-18 15:47:07.870888;ksi-cmt;A secure cloud service provider will ensure that all system changes are properly documented and configuration baselines are updated accordingly;Change Management;;;aws;;FAIL;AWS Config recorder 992275841864 is disabled.;arn:aws:config:ap-south-1:992275841864:recorder;config_recorder_all_regions_enabled;False;992275841864;FedRAMP-20x-KSI-Low;FedRAMP 20x Key Security Indicators (KSIs) - Low Impact Level v25.05C;
aws;FedRAMP 20x Key Security Indicators (KSIs) Low Impact Level represent core security indicators for cloud service providers, focusing on automation, continuous monitoring, and cloud-native security principles per FedRAMP 20x Phase One pilot requirements for Low impact systems.;992275841864;ap-south-1;2026-08-18 15:47:07.870888;ksi-piy;A secure cloud service offering will have intentional, organized, universal guidance for how every information resource, including personnel, is secured;Policy and Inventory;;;aws;;FAIL;AWS Config recorder 992275841864 is disabled.;arn:aws:config:ap-south-1:992275841864:recorder;config_recorder_all_regions_enabled;False;992275841864;FedRAMP-20x-KSI-Low;FedRAMP 20x Key Security Indicators (KSIs) - Low Impact Level v25.05C;
aws;FedRAMP 20x Key Security Indicators (KSIs) Low Impact Level represent core security indicators for cloud service providers, focusing on automation, continuous monitoring, and cloud-native security principles per FedRAMP 20x Phase One pilot requirements for Low impact systems.;992275841864;ap-south-1;2026-08-18 15:47:07.870888;ksi-mla-07;Maintain a list of information resources and event types that will be monitored, logged, and audited;Monitoring, Logging, and Auditing;;;aws;;FAIL;AWS Config recorder 992275841864 is disabled.;arn:aws:config:ap-south-1:992275841864:recorder;config_recorder_all_regions_enabled;False;992275841864;FedRAMP-20x-KSI-Low;FedRAMP 20x Key Security Indicators (KSIs) - Low Impact Level v25.05C;
aws;FedRAMP 20x Key Security Indicators (KSIs) Low Impact Level represent core security indicators for cloud service providers, focusing on automation, continuous monitoring, and cloud-native security principles per FedRAMP 20x Phase One pilot requirements for Low impact systems.;992275841864;ap-southeast-1;2026-08-18 15:47:07.870888;ksi-cmt;A secure cloud service provider will ensure that all system changes are properly documented and configuration baselines are updated accordingly;Change Management;;;aws;;FAIL;AWS Config recorder 992275841864 is disabled.;arn:aws:config:ap-southeast-1:992275841864:recorder;config_recorder_all_regions_enabled;False;992275841864;FedRAMP-20x-KSI-Low;FedRAMP 20x Key Security Indicators (KSIs) - Low Impact Level v25.05C;
aws;FedRAMP 20x Key Security Indicators (KSIs) Low Impact Level represent core security indicators for cloud service providers, focusing on automation, continuous monitoring, and cloud-native security principles per FedRAMP 20x Phase One pilot requirements for Low impact systems.;992275841864;ap-southeast-1;2026-08-18 15:47:07.870888;ksi-piy;A secure cloud service offering will have intentional, organized, universal guidance for how every information resource, including personnel, is secured;Policy and Inventory;;;aws;;FAIL;AWS Config recorder 992275841864 is disabled.;arn:aws:config:ap-southeast-1:992275841864:recorder;config_recorder_all_regions_enabled;False;992275841864;FedRAMP-20x-KSI-Low;FedRAMP 20x Key Security Indicators (KSIs) - Low Impact Level v25.05C;
aws;FedRAMP 20x Key Security Indicators (KSIs) Low Impact Level represent core security indicators for cloud service providers, focusing on automation, continuous monitoring, and cloud-native security principles per FedRAMP 20x Phase One pilot requirements for Low impact systems.;992275841864;ap-southeast-1;2026-08-18 15:47:07.870888;ksi-mla-07;Maintain a list of information resources and event types that will be monitored, logged, and audited;Monitoring, Logging, and Auditing;;;aws;;FAIL;AWS Config recorder 992275841864 is disabled.;arn:aws:config:ap-southeast-1:992275841864:recorder;config_recorder_all_regions_enabled;False;992275841864;FedRAMP-20x-KSI-Low;FedRAMP 20x Key Security Indicators (KSIs) - Low Impact Level v25.05C;
aws;FedRAMP 20x Key Security Indicators (KSIs) Low Impact Level represent core security indicators for cloud service providers, focusing on automation, continuous monitoring, and cloud-native security principles per FedRAMP 20x Phase One pilot requirements for Low impact systems.;992275841864;ap-southeast-2;2026-08-18 15:47:07.870888;ksi-cmt;A secure cloud service provider will ensure that all system changes are properly documented and configuration baselines are updated accordingly;Change Management;;;aws;;FAIL;AWS Config recorder 992275841864 is disabled.;arn:aws:config:ap-southeast-2:992275841864:recorder;config_recorder_all_regions_enabled;False;992275841864;FedRAMP-20x-KSI-Low;FedRAMP 20x Key Security Indicators (KSIs) - Low Impact Level v25.05C;
aws;FedRAMP 20x Key Security Indicators (KSIs) Low Impact Level represent core security indicators for cloud service providers, focusing on automation, continuous monitoring, and cloud-native security principles per FedRAMP 20x Phase One pilot requirements for Low impact systems.;992275841864;ap-southeast-2;2026-08-18 15:47:07.870888;ksi-piy;A secure cloud service offering will have intentional, organized, universal guidance for how every information resource, including personnel, is secured;Policy and Inventory;;;aws;;FAIL;AWS Config recorder 992275841864 is disabled.;arn:aws:config:ap-southeast-2:992275841864:recorder;config_recorder_all_regions_enabled;False;992275841864;FedRAMP-20x-KSI-Low;FedRAMP 20x Key Security Indicators (KSIs) - Low Impact Level v25.05C;
aws;FedRAMP 20x Key Security Indicators (KSIs) Low Impact Level represent core security indicators for cloud service providers, focusing on automation, continuous monitoring, and cloud-native security principles per FedRAMP 20x Phase One pilot requirements for Low impact systems.;992275841864;ap-southeast-2;2026-08-18 15:47:07.870888;ksi-mla-07;Maintain a list of information resources and event types that will be monitored, logged, and audited;Monitoring, Logging, and Auditing;;;aws;;FAIL;AWS Config recorder 992275841864 is disabled.;arn:aws:config:ap-southeast-2:992275841864:recorder;config_recorder_all_regions_enabled;False;992275841864;FedRAMP-20x-KSI-Low;FedRAMP 20x Key Security Indicators (KSIs) - Low Impact Level v25.05C;
aws;FedRAMP 20x Key Security Indicators (KSIs) Low Impact Level represent core security indicators for cloud service providers, focusing on automation, continuous monitoring, and cloud-native security principles per FedRAMP 20x Phase One pilot requirements for Low impact systems.;992275841864;ca-central-1;2026-08-18 15:47:07.870888;ksi-cmt;A secure cloud service provider will ensure that all system changes are properly documented and configuration baselines are updated accordingly;Change Management;;;aws;;FAIL;AWS Config recorder 992275841864 is disabled.;arn:aws:config:ca-central-1:992275841864:recorder;config_recorder_all_regions_enabled;False;992275841864;FedRAMP-20x-KSI-Low;FedRAMP 20x Key Security Indicators (KSIs) - Low Impact Level v25.05C;
aws;FedRAMP 20x Key Security Indicators (KSIs) Low Impact Level represent core security indicators for cloud service providers, focusing on automation, continuous monitoring, and cloud-native security principles per FedRAMP 20x Phase One pilot requirements for Low impact systems.;992275841864;ca-central-1;2026-08-18 15:47:07.870888;ksi-piy;A secure cloud service offering will have intentional, organized, universal guidance for how every information resource, including personnel, is secured;Policy and Inventory;;;aws;;FAIL;AWS Config recorder 992275841864 is disabled.;arn:aws:config:ca-central-1:992275841864:recorder;config_recorder_all_regions_enabled;False;992275841864;FedRAMP-20x-KSI-Low;FedRAMP 20x Key Security Indicators (KSIs) - Low Impact Level v25.05C;
aws;FedRAMP 20x Key Security Indicators (KSIs) Low Impact Level represent core security indicators for cloud service providers, focusing on automation, continuous monitoring, and cloud-native security principles per FedRAMP 20x Phase One pilot requirements for Low impact systems.;992275841864;ca-central-1;2026-08-18 15:47:07.870888;ksi-mla-07;Maintain a list of information resources and event types that will be monitored, logged, and audited;Monitoring, Logging, and Auditing;;;aws;;FAIL;AWS Config recorder 992275841864 is disabled.;arn:aws:config:ca-central-1:992275841864:recorder;config_recorder_all_regions_enabled;False;992275841864;FedRAMP-20x-KSI-Low;FedRAMP 20x Key Security Indicators (KSIs) - Low Impact Level v25.05C;
aws;FedRAMP 20x Key Security Indicators (KSIs) Low Impact Level represent core security indicators for cloud service providers, focusing on automation, continuous monitoring, and cloud-native security principles per FedRAMP 20x Phase One pilot requirements for Low impact systems.;992275841864;eu-central-1;2026-08-18 15:47:07.870888;ksi-cmt;A secure cloud service provider will ensure that all system changes are properly documented and configuration baselines are updated accordingly;Change Management;;;aws;;FAIL;AWS Config recorder 992275841864 is disabled.;arn:aws:config:eu-central-1:992275841864:recorder;config_recorder_all_regions_enabled;False;992275841864;FedRAMP-20x-KSI-Low;FedRAMP 20x Key Security Indicators (KSIs) - Low Impact Level v25.05C;
aws;FedRAMP 20x Key Security Indicators (KSIs) Low Impact Level represent core security indicators for cloud service providers, focusing on automation, continuous monitoring, and cloud-native security principles per FedRAMP 20x Phase One pilot requirements for Low impact systems.;992275841864;eu-central-1;2026-08-18 15:47:07.870888;ksi-piy;A secure cloud service offering will have intentional, organized, universal guidance for how every information resource, including personnel, is secured;Policy and Inventory;;;aws;;FAIL;AWS Config recorder 992275841864 is disabled.;arn:aws:config:eu-central-1:992275841864:recorder;config_recorder_all_regions_enabled;False;992275841864;FedRAMP-20x-KSI-Low;FedRAMP 20x Key Security Indicators (KSIs) - Low Impact Level v25.05C;
aws;FedRAMP 20x Key Security Indicators (KSIs) Low Impact Level represent core security indicators for cloud service providers, focusing on automation, continuous monitoring, and cloud-native security principles per FedRAMP 20x Phase One pilot requirements for Low impact systems.;992275841864;eu-central-1;2026-08-18 15:47:07.870888;ksi-mla-07;Maintain a list of information resources and event types that will be monitored, logged, and audited;Monitoring, Logging, and Auditing;;;aws;;FAIL;AWS Config recorder 992275841864 is disabled.;arn:aws:config:eu-central-1:992275841864:recorder;config_recorder_all_regions_enabled;False;992275841864;FedRAMP-20x-KSI-Low;FedRAMP 20x Key Security Indicators (KSIs) - Low Impact Level v25.05C;
aws;FedRAMP 20x Key Security Indicators (KSIs) Low Impact Level represent core security indicators for cloud service providers, focusing on automation, continuous monitoring, and cloud-native security principles per FedRAMP 20x Phase One pilot requirements for Low impact systems.;992275841864;eu-north-1;2026-08-18 15:47:07.870888;ksi-cmt;A secure cloud service provider will ensure that all system changes are properly documented and configuration baselines are updated accordingly;Change Management;;;aws;;FAIL;AWS Config recorder 992275841864 is disabled.;arn:aws:config:eu-north-1:992275841864:recorder;config_recorder_all_regions_enabled;False;992275841864;FedRAMP-20x-KSI-Low;FedRAMP 20x Key Security Indicators (KSIs) - Low Impact Level v25.05C;
aws;FedRAMP 20x Key Security Indicators (KSIs) Low Impact Level represent core security indicators for cloud service providers, focusing on automation, continuous monitoring, and cloud-native security principles per FedRAMP 20x Phase One pilot requirements for Low impact systems.;992275841864;eu-north-1;2026-08-18 15:47:07.870888;ksi-piy;A secure cloud service offering will have intentional, organized, universal guidance for how every information resource, including personnel, is secured;Policy and Inventory;;;aws;;FAIL;AWS Config recorder 992275841864 is disabled.;arn:aws:config:eu-north-1:992275841864:recorder;config_recorder_all_regions_enabled;False;992275841864;FedRAMP-20x-KSI-Low;FedRAMP 20x Key Security Indicators (KSIs) - Low Impact Level v25.05C;
aws;FedRAMP 20x Key Security Indicators (KSIs) Low Impact Level represent core security indicators for cloud service providers, focusing on automation, continuous monitoring, and cloud-native security principles per FedRAMP 20x Phase One pilot requirements for Low impact systems.;992275841864;eu-north-1;2026-08-18 15:47:07.870888;ksi-mla-07;Maintain a list of information resources and event types that will be monitored, logged, and audited;Monitoring, Logging, and Auditing;;;aws;;FAIL;AWS Config recorder 992275841864 is disabled.;arn:aws:config:eu-north-1:992275841864:recorder;config_recorder_all_regions_enabled;False;992275841864;FedRAMP-20x-KSI-Low;FedRAMP 20x Key Security Indicators (KSIs) - Low Impact Level v25.05C;
aws;FedRAMP 20x Key Security Indicators (KSIs) Low Impact Level represent core security indicators for cloud service providers, focusing on automation, continuous monitoring, and cloud-native security principles per FedRAMP 20x Phase One pilot requirements for Low impact systems.;992275841864;eu-west-1;2026-08-18 15:47:07.870888;ksi-cmt;A secure cloud service provider will ensure that all system changes are properly documented and configuration baselines are updated accordingly;Change Management;;;aws;;FAIL;AWS Config recorder 992275841864 is disabled.;arn:aws:config:eu-west-1:992275841864:recorder;config_recorder_all_regions_enabled;False;992275841864;FedRAMP-20x-KSI-Low;FedRAMP 20x Key Security Indicators (KSIs) - Low Impact Level v25.05C;
aws;FedRAMP 20x Key Security Indicators (KSIs) Low Impact Level represent core security indicators for cloud service providers, focusing on automation, continuous monitoring, and cloud-native security principles per FedRAMP 20x Phase One pilot requirements for Low impact systems.;992275841864;eu-west-1;2026-08-18 15:47:07.870888;ksi-piy;A secure cloud service offering will have intentional, organized, universal guidance for how every information resource, including personnel, is secured;Policy and Inventory;;;aws;;FAIL;AWS Config recorder 992275841864 is disabled.;arn:aws:config:eu-west-1:992275841864:recorder;config_recorder_all_regions_enabled;False;992275841864;FedRAMP-20x-KSI-Low;FedRAMP 20x Key Security Indicators (KSIs) - Low Impact Level v25.05C;
aws;FedRAMP 20x Key Security Indicators (KSIs) Low Impact Level represent core security indicators for cloud service providers, focusing on automation, continuous monitoring, and cloud-native security principles per FedRAMP 20x Phase One pilot requirements for Low impact systems.;992275841864;eu-west-1;2026-08-18 15:47:07.870888;ksi-mla-07;Maintain a list of information resources and event types that will be monitored, logged, and audited;Monitoring, Logging, and Auditing;;;aws;;FAIL;AWS Config recorder 992275841864 is disabled.;arn:aws:config:eu-west-1:992275841864:recorder;config_recorder_all_regions_enabled;False;992275841864;FedRAMP-20x-KSI-Low;FedRAMP 20x Key Security Indicators (KSIs) - Low Impact Level v25.05C;
aws;FedRAMP 20x Key Security Indicators (KSIs) Low Impact Level represent core security indicators for cloud service providers, focusing on automation, continuous monitoring, and cloud-native security principles per FedRAMP 20x Phase One pilot requirements for Low impact systems.;992275841864;eu-west-2;2026-08-18 15:47:07.870888;ksi-cmt;A secure cloud service provider will ensure that all system changes are properly documented and configuration baselines are updated accordingly;Change Management;;;aws;;FAIL;AWS Config recorder 992275841864 is disabled.;arn:aws:config:eu-west-2:992275841864:recorder;config_recorder_all_regions_enabled;False;992275841864;FedRAMP-20x-KSI-Low;FedRAMP 20x Key Security Indicators (KSIs) - Low Impact Level v25.05C;
aws;FedRAMP 20x Key Security Indicators (KSIs) Low Impact Level represent core security indicators for cloud service providers, focusing on automation, continuous monitoring, and cloud-native security principles per FedRAMP 20x Phase One pilot requirements for Low impact systems.;992275841864;eu-west-2;2026-08-18 15:47:07.870888;ksi-piy;A secure cloud service offering will have intentional, organized, universal guidance for how every information resource, including personnel, is secured;Policy and Inventory;;;aws;;FAIL;AWS Config recorder 992275841864 is disabled.;arn:aws:config:eu-west-2:992275841864:recorder;config_recorder_all_regions_enabled;False;992275841864;FedRAMP-20x-KSI-Low;FedRAMP 20x Key Security Indicators (KSIs) - Low Impact Level v25.05C;
aws;FedRAMP 20x Key Security Indicators (KSIs) Low Impact Level represent core security indicators for cloud service providers, focusing on automation, continuous monitoring, and cloud-native security principles per FedRAMP 20x Phase One pilot requirements for Low impact systems.;992275841864;eu-west-2;2026-08-18 15:47:07.870888;ksi-mla-07;Maintain a list of information resources and event types that will be monitored, logged, and audited;Monitoring, Logging, and Auditing;;;aws;;FAIL;AWS Config recorder 992275841864 is disabled.;arn:aws:config:eu-west-2:992275841864:recorder;config_recorder_all_regions_enabled;False;992275841864;FedRAMP-20x-KSI-Low;FedRAMP 20x Key Security Indicators (KSIs) - Low Impact Level v25.05C;
aws;FedRAMP 20x Key Security Indicators (KSIs) Low Impact Level represent core security indicators for cloud service providers, focusing on automation, continuous monitoring, and cloud-native security principles per FedRAMP 20x Phase One pilot requirements for Low impact systems.;992275841864;eu-west-3;2026-08-18 15:47:07.870888;ksi-cmt;A secure cloud service provider will ensure that all system changes are properly documented and configuration baselines are updated accordingly;Change Management;;;aws;;FAIL;AWS Config recorder 992275841864 is disabled.;arn:aws:config:eu-west-3:992275841864:recorder;config_recorder_all_regions_enabled;False;992275841864;FedRAMP-20x-KSI-Low;FedRAMP 20x Key Security Indicators (KSIs) - Low Impact Level v25.05C;
aws;FedRAMP 20x Key Security Indicators (KSIs) Low Impact Level represent core security indicators for cloud service providers, focusing on automation, continuous monitoring, and cloud-native security principles per FedRAMP 20x Phase One pilot requirements for Low impact systems.;992275841864;eu-west-3;2026-08-18 15:47:07.870888;ksi-piy;A secure cloud service offering will have intentional, organized, universal guidance for how every information resource, including personnel, is secured;Policy and Inventory;;;aws;;FAIL;AWS Config recorder 992275841864 is disabled.;arn:aws:config:eu-west-3:992275841864:recorder;config_recorder_all_regions_enabled;False;992275841864;FedRAMP-20x-KSI-Low;FedRAMP 20x Key Security Indicators (KSIs) - Low Impact Level v25.05C;
aws;FedRAMP 20x Key Security Indicators (KSIs) Low Impact Level represent core security indicators for cloud service providers, focusing on automation, continuous monitoring, and cloud-native security principles per FedRAMP 20x Phase One pilot requirements for Low impact systems.;992275841864;eu-west-3;2026-08-18 15:47:07.870888;ksi-mla-07;Maintain a list of information resources and event types that will be monitored, logged, and audited;Monitoring, Logging, and Auditing;;;aws;;FAIL;AWS Config recorder 992275841864 is disabled.;arn:aws:config:eu-west-3:992275841864:recorder;config_recorder_all_regions_enabled;False;992275841864;FedRAMP-20x-KSI-Low;FedRAMP 20x Key Security Indicators (KSIs) - Low Impact Level v25.05C;
aws;FedRAMP 20x Key Security Indicators (KSIs) Low Impact Level represent core security indicators for cloud service providers, focusing on automation, continuous monitoring, and cloud-native security principles per FedRAMP 20x Phase One pilot requirements for Low impact systems.;992275841864;sa-east-1;2026-08-18 15:47:07.870888;ksi-cmt;A secure cloud service provider will ensure that all system changes are properly documented and configuration baselines are updated accordingly;Change Management;;;aws;;FAIL;AWS Config recorder 992275841864 is disabled.;arn:aws:config:sa-east-1:992275841864:recorder;config_recorder_all_regions_enabled;False;992275841864;FedRAMP-20x-KSI-Low;FedRAMP 20x Key Security Indicators (KSIs) - Low Impact Level v25.05C;
aws;FedRAMP 20x Key Security Indicators (KSIs) Low Impact Level represent core security indicators for cloud service providers, focusing on automation, continuous monitoring, and cloud-native security principles per FedRAMP 20x Phase One pilot requirements for Low impact systems.;992275841864;sa-east-1;2026-08-18 15:47:07.870888;ksi-piy;A secure cloud service offering will have intentional, organized, universal guidance for how every information resource, including personnel, is secured;Policy and Inventory;;;aws;;FAIL;AWS Config recorder 992275841864 is disabled.;arn:aws:config:sa-east-1:992275841864:recorder;config_recorder_all_regions_enabled;False;992275841864;FedRAMP-20x-KSI-Low;FedRAMP 20x Key Security Indicators (KSIs) - Low Impact Level v25.05C;
aws;FedRAMP 20x Key Security Indicators (KSIs) Low Impact Level represent core security indicators for cloud service providers, focusing on automation, continuous monitoring, and cloud-native security principles per FedRAMP 20x Phase One pilot requirements for Low impact systems.;992275841864;sa-east-1;2026-08-18 15:47:07.870888;ksi-mla-07;Maintain a list of information resources and event types that will be monitored, logged, and audited;Monitoring, Logging, and Auditing;;;aws;;FAIL;AWS Config recorder 992275841864 is disabled.;arn:aws:config:sa-east-1:992275841864:recorder;config_recorder_all_regions_enabled;False;992275841864;FedRAMP-20x-KSI-Low;FedRAMP 20x Key Security Indicators (KSIs) - Low Impact Level v25.05C;
aws;FedRAMP 20x Key Security Indicators (KSIs) Low Impact Level represent core security indicators for cloud service providers, focusing on automation, continuous monitoring, and cloud-native security principles per FedRAMP 20x Phase One pilot requirements for Low impact systems.;992275841864;us-east-1;2026-08-18 15:47:07.870888;ksi-cmt;A secure cloud service provider will ensure that all system changes are properly documented and configuration baselines are updated accordingly;Change Management;;;aws;;FAIL;AWS Config recorder 992275841864 is disabled.;arn:aws:config:us-east-1:992275841864:recorder;config_recorder_all_regions_enabled;False;992275841864;FedRAMP-20x-KSI-Low;FedRAMP 20x Key Security Indicators (KSIs) - Low Impact Level v25.05C;
aws;FedRAMP 20x Key Security Indicators (KSIs) Low Impact Level represent core security indicators for cloud service providers, focusing on automation, continuous monitoring, and cloud-native security principles per FedRAMP 20x Phase One pilot requirements for Low impact systems.;992275841864;us-east-1;2026-08-18 15:47:07.870888;ksi-piy;A secure cloud service offering will have intentional, organized, universal guidance for how every information resource, including personnel, is secured;Policy and Inventory;;;aws;;FAIL;AWS Config recorder 992275841864 is disabled.;arn:aws:config:us-east-1:992275841864:recorder;config_recorder_all_regions_enabled;False;992275841864;FedRAMP-20x-KSI-Low;FedRAMP 20x Key Security Indicators (KSIs) - Low Impact Level v25.05C;
aws;FedRAMP 20x Key Security Indicators (KSIs) Low Impact Level represent core security indicators for cloud service providers, focusing on automation, continuous monitoring, and cloud-native security principles per FedRAMP 20x Phase One pilot requirements for Low impact systems.;992275841864;us-east-1;2026-08-18 15:47:07.870888;ksi-mla-07;Maintain a list of information resources and event types that will be monitored, logged, and audited;Monitoring, Logging, and Auditing;;;aws;;FAIL;AWS Config recorder 992275841864 is disabled.;arn:aws:config:us-east-1:992275841864:recorder;config_recorder_all_regions_enabled;False;992275841864;FedRAMP-20x-KSI-Low;FedRAMP 20x Key Security Indicators (KSIs) - Low Impact Level v25.05C;
aws;FedRAMP 20x Key Security Indicators (KSIs) Low Impact Level represent core security indicators for cloud service providers, focusing on automation, continuous monitoring, and cloud-native security principles per FedRAMP 20x Phase One pilot requirements for Low impact systems.;992275841864;us-east-2;2026-08-18 15:47:07.870888;ksi-cmt;A secure cloud service provider will ensure that all system changes are properly documented and configuration baselines are updated accordingly;Change Management;;;aws;;FAIL;AWS Config recorder 992275841864 is disabled.;arn:aws:config:us-east-2:992275841864:recorder;config_recorder_all_regions_enabled;False;992275841864;FedRAMP-20x-KSI-Low;FedRAMP 20x Key Security Indicators (KSIs) - Low Impact Level v25.05C;
aws;FedRAMP 20x Key Security Indicators (KSIs) Low Impact Level represent core security indicators for cloud service providers, focusing on automation, continuous monitoring, and cloud-native security principles per FedRAMP 20x Phase One pilot requirements for Low impact systems.;992275841864;us-east-2;2026-08-18 15:47:07.870888;ksi-piy;A secure cloud service offering will have intentional, organized, universal guidance for how every information resource, including personnel, is secured;Policy and Inventory;;;aws;;FAIL;AWS Config recorder 992275841864 is disabled.;arn:aws:config:us-east-2:992275841864:recorder;config_recorder_all_regions_enabled;False;992275841864;FedRAMP-20x-KSI-Low;FedRAMP 20x Key Security Indicators (KSIs) - Low Impact Level v25.05C;
aws;FedRAMP 20x Key Security Indicators (KSIs) Low Impact Level represent core security indicators for cloud service providers, focusing on automation, continuous monitoring, and cloud-native security principles per FedRAMP 20x Phase One pilot requirements for Low impact systems.;992275841864;us-east-2;2026-08-18 15:47:07.870888;ksi-mla-07;Maintain a list of information resources and event types that will be monitored, logged, and audited;Monitoring, Logging, and Auditing;;;aws;;FAIL;AWS Config recorder 992275841864 is disabled.;arn:aws:config:us-east-2:992275841864:recorder;config_recorder_all_regions_enabled;False;992275841864;FedRAMP-20x-KSI-Low;FedRAMP 20x Key Security Indicators (KSIs) - Low Impact Level v25.05C;
aws;FedRAMP 20x Key Security Indicators (KSIs) Low Impact Level represent core security indicators for cloud service providers, focusing on automation, continuous monitoring, and cloud-native security principles per FedRAMP 20x Phase One pilot requirements for Low impact systems.;992275841864;us-west-1;2026-08-18 15:47:07.870888;ksi-cmt;A secure cloud service provider will ensure that all system changes are properly documented and configuration baselines are updated accordingly;Change Management;;;aws;;FAIL;AWS Config recorder 992275841864 is disabled.;arn:aws:config:us-west-1:992275841864:recorder;config_recorder_all_regions_enabled;False;992275841864;FedRAMP-20x-KSI-Low;FedRAMP 20x Key Security Indicators (KSIs) - Low Impact Level v25.05C;
aws;FedRAMP 20x Key Security Indicators (KSIs) Low Impact Level represent core security indicators for cloud service providers, focusing on automation, continuous monitoring, and cloud-native security principles per FedRAMP 20x Phase One pilot requirements for Low impact systems.;992275841864;us-west-1;2026-08-18 15:47:07.870888;ksi-piy;A secure cloud service offering will have intentional, organized, universal guidance for how every information resource, including personnel, is secured;Policy and Inventory;;;aws;;FAIL;AWS Config recorder 992275841864 is disabled.;arn:aws:config:us-west-1:992275841864:recorder;config_recorder_all_regions_enabled;False;992275841864;FedRAMP-20x-KSI-Low;FedRAMP 20x Key Security Indicators (KSIs) - Low Impact Level v25.05C;
aws;FedRAMP 20x Key Security Indicators (KSIs) Low Impact Level represent core security indicators for cloud service providers, focusing on automation, continuous monitoring, and cloud-native security principles per FedRAMP 20x Phase One pilot requirements for Low impact systems.;992275841864;us-west-1;2026-08-18 15:47:07.870888;ksi-mla-07;Maintain a list of information resources and event types that will be monitored, logged, and audited;Monitoring, Logging, and Auditing;;;aws;;FAIL;AWS Config recorder 992275841864 is disabled.;arn:aws:config:us-west-1:992275841864:recorder;config_recorder_all_regions_enabled;False;992275841864;FedRAMP-20x-KSI-Low;FedRAMP 20x Key Security Indicators (KSIs) - Low Impact Level v25.05C;
aws;FedRAMP 20x Key Security Indicators (KSIs) Low Impact Level represent core security indicators for cloud service providers, focusing on automation, continuous monitoring, and cloud-native security principles per FedRAMP 20x Phase One pilot requirements for Low impact systems.;992275841864;us-west-2;2026-08-18 15:47:07.870888;ksi-cmt;A secure cloud service provider will ensure that all system changes are properly documented and configuration baselines are updated accordingly;Change Management;;;aws;;FAIL;AWS Config recorder 992275841864 is disabled.;arn:aws:config:us-west-2:992275841864:recorder;config_recorder_all_regions_enabled;False;992275841864;FedRAMP-20x-KSI-Low;FedRAMP 20x Key Security Indicators (KSIs) - Low Impact Level v25.05C;
aws;FedRAMP 20x Key Security Indicators (KSIs) Low Impact Level represent core security indicators for cloud service providers, focusing on automation, continuous monitoring, and cloud-native security principles per FedRAMP 20x Phase One pilot requirements for Low impact systems.;992275841864;us-west-2;2026-08-18 15:47:07.870888;ksi-piy;A secure cloud service offering will have intentional, organized, universal guidance for how every information resource, including personnel, is secured;Policy and Inventory;;;aws;;FAIL;AWS Config recorder 992275841864 is disabled.;arn:aws:config:us-west-2:992275841864:recorder;config_recorder_all_regions_enabled;False;992275841864;FedRAMP-20x-KSI-Low;FedRAMP 20x Key Security Indicators (KSIs) - Low Impact Level v25.05C;
aws;FedRAMP 20x Key Security Indicators (KSIs) Low Impact Level represent core security indicators for cloud service providers, focusing on automation, continuous monitoring, and cloud-native security principles per FedRAMP 20x Phase One pilot requirements for Low impact systems.;992275841864;us-west-2;2026-08-18 15:47:07.870888;ksi-mla-07;Maintain a list of information resources and event types that will be monitored, logged, and audited;Monitoring, Logging, and Auditing;;;aws;;FAIL;AWS Config recorder 992275841864 is disabled.;arn:aws:config:us-west-2:992275841864:recorder;config_recorder_all_regions_enabled;False;992275841864;FedRAMP-20x-KSI-Low;FedRAMP 20x Key Security Indicators (KSIs) - Low Impact Level v25.05C;
aws;FedRAMP 20x Key Security Indicators (KSIs) Low Impact Level represent core security indicators for cloud service providers, focusing on automation, continuous monitoring, and cloud-native security principles per FedRAMP 20x Phase One pilot requirements for Low impact systems.;992275841864;us-west-2;2026-08-18 15:47:07.870888;ksi-svc;A secure cloud service offering will follow FedRAMP encryption policies, continuously verify information resource integrity, and restrict access to third-party information resources;Service Configuration;;;aws;;FAIL;EBS Default Encryption is not activated.;arn:aws:ec2:us-west-2:992275841864:volume;ec2_ebs_default_encryption;False;992275841864;FedRAMP-20x-KSI-Low;FedRAMP 20x Key Security Indicators (KSIs) - Low Impact Level v25.05C;
aws;FedRAMP 20x Key Security Indicators (KSIs) Low Impact Level represent core security indicators for cloud service providers, focusing on automation, continuous monitoring, and cloud-native security principles per FedRAMP 20x Phase One pilot requirements for Low impact systems.;992275841864;us-west-2;2026-08-18 15:47:07.870888;ksi-cna;A secure cloud service offering will use cloud native architecture and design principles to enforce and enhance the Confidentiality, Integrity and Availability of the system;Cloud Native Architecture;;;aws;;PASS;EC2 Instance i-0958fb219162a44d1 has IMDSv2 enabled and required.;arn:aws:ec2:us-west-2:992275841864:instance/i-0958fb219162a44d1;ec2_instance_imdsv2_enabled;False;i-0958fb219162a44d1;FedRAMP-20x-KSI-Low;FedRAMP 20x Key Security Indicators (KSIs) - Low Impact Level v25.05C;
aws;FedRAMP 20x Key Security Indicators (KSIs) Low Impact Level represent core security indicators for cloud service providers, focusing on automation, continuous monitoring, and cloud-native security principles per FedRAMP 20x Phase One pilot requirements for Low impact systems.;992275841864;us-west-2;2026-08-18 15:47:07.870888;ksi-cmt;A secure cloud service provider will ensure that all system changes are properly documented and configuration baselines are updated accordingly;Change Management;;;aws;;FAIL;EC2 Instance i-0958fb219162a44d1 is not managed by Systems Manager.;arn:aws:ec2:us-west-2:992275841864:instance/i-0958fb219162a44d1;ec2_instance_managed_by_ssm;False;i-0958fb219162a44d1;FedRAMP-20x-KSI-Low;FedRAMP 20x Key Security Indicators (KSIs) - Low Impact Level v25.05C;
aws;FedRAMP 20x Key Security Indicators (KSIs) Low Impact Level represent core security indicators for cloud service providers, focusing on automation, continuous monitoring, and cloud-native security principles per FedRAMP 20x Phase One pilot requirements for Low impact systems.;992275841864;us-west-2;2026-08-18 15:47:07.870888;ksi-piy;A secure cloud service offering will have intentional, organized, universal guidance for how every information resource, including personnel, is secured;Policy and Inventory;;;aws;;FAIL;EC2 Instance i-0958fb219162a44d1 is not managed by Systems Manager.;arn:aws:ec2:us-west-2:992275841864:instance/i-0958fb219162a44d1;ec2_instance_managed_by_ssm;False;i-0958fb219162a44d1;FedRAMP-20x-KSI-Low;FedRAMP 20x Key Security Indicators (KSIs) - Low Impact Level v25.05C;
aws;FedRAMP 20x Key Security Indicators (KSIs) Low Impact Level represent core security indicators for cloud service providers, focusing on automation, continuous monitoring, and cloud-native security principles per FedRAMP 20x Phase One pilot requirements for Low impact systems.;992275841864;us-west-2;2026-08-18 15:47:07.870888;ksi-cmt;A secure cloud service provider will ensure that all system changes are properly documented and configuration baselines are updated accordingly;Change Management;;;aws;;PASS;EC2 Instance i-0958fb219162a44d1 is not older than 180 days (-1 days).;arn:aws:ec2:us-west-2:992275841864:instance/i-0958fb219162a44d1;ec2_instance_older_than_specific_days;False;i-0958fb219162a44d1;FedRAMP-20x-KSI-Low;FedRAMP 20x Key Security Indicators (KSIs) - Low Impact Level v25.05C;
aws;FedRAMP 20x Key Security Indicators (KSIs) Low Impact Level represent core security indicators for cloud service providers, focusing on automation, continuous monitoring, and cloud-native security principles per FedRAMP 20x Phase One pilot requirements for Low impact systems.;992275841864;us-west-2;2026-08-18 15:47:07.870888;ksi-cna;A secure cloud service offering will use cloud native architecture and design principles to enforce and enhance the Confidentiality, Integrity and Availability of the system;Cloud Native Architecture;;;aws;;FAIL;Network ACL acl-0dfdb51f94f1455f7 has every port open to the Internet.;arn:aws:ec2:us-west-2:992275841864:network-acl/acl-0dfdb51f94f1455f7;ec2_networkacl_allow_ingress_any_port;False;acl-0dfdb51f94f1455f7;FedRAMP-20x-KSI-Low;FedRAMP 20x Key Security Indicators (KSIs) - Low Impact Level v25.05C;
aws;FedRAMP 20x Key Security Indicators (KSIs) Low Impact Level represent core security indicators for cloud service providers, focusing on automation, continuous monitoring, and cloud-native security principles per FedRAMP 20x Phase One pilot requirements for Low impact systems.;992275841864;us-west-2;2026-08-18 15:47:07.870888;ksi-cna;A secure cloud service offering will use cloud native architecture and design principles to enforce and enhance the Confidentiality, Integrity and Availability of the system;Cloud Native Architecture;;;aws;;FAIL;Security group prowler-demo-no-ssh20260818223457969500000001 (sg-07f0313c121d1138a) has at least one port open to the Internet but its network interface type (interface) is not allowed.;arn:aws:ec2:us-west-2:992275841864:security-group/sg-07f0313c121d1138a;ec2_securitygroup_allow_ingress_from_internet_to_any_port;False;sg-07f0313c121d1138a;FedRAMP-20x-KSI-Low;FedRAMP 20x Key Security Indicators (KSIs) - Low Impact Level v25.05C;
aws;FedRAMP 20x Key Security Indicators (KSIs) Low Impact Level represent core security indicators for cloud service providers, focusing on automation, continuous monitoring, and cloud-native security principles per FedRAMP 20x Phase One pilot requirements for Low impact systems.;992275841864;us-west-2;2026-08-18 15:47:07.870888;ksi-inr;A secure cloud service offering will respond to incidents according to FedRAMP requirements and cloud service provider policies;Incident Response;;;aws;;FAIL;GuardDuty is not enabled.;arn:aws:guardduty:us-west-2:992275841864:detector/unknown;guardduty_is_enabled;False;detector/unknown;FedRAMP-20x-KSI-Low;FedRAMP 20x Key Security Indicators (KSIs) - Low Impact Level v25.05C;
aws;FedRAMP 20x Key Security Indicators (KSIs) Low Impact Level represent core security indicators for cloud service providers, focusing on automation, continuous monitoring, and cloud-native security principles per FedRAMP 20x Phase One pilot requirements for Low impact systems.;992275841864;us-west-2;2026-08-18 15:47:07.870888;ksi-iam;A secure cloud service offering will protect user data, control access, and apply zero trust principles;Identity and Access Management;;;aws;;PASS;AWS policy AWSSSOServiceRolePolicy is attached but does not allow '*:*' administrative privileges.;arn:aws:iam::aws:policy/aws-service-role/AWSSSOServiceRolePolicy;iam_aws_attached_policy_no_administrative_privileges;False;AWSSSOServiceRolePolicy;FedRAMP-20x-KSI-Low;FedRAMP 20x Key Security Indicators (KSIs) - Low Impact Level v25.05C;
aws;FedRAMP 20x Key Security Indicators (KSIs) Low Impact Level represent core security indicators for cloud service providers, focusing on automation, continuous monitoring, and cloud-native security principles per FedRAMP 20x Phase One pilot requirements for Low impact systems.;992275841864;us-west-2;2026-08-18 15:47:07.870888;ksi-iam;A secure cloud service offering will protect user data, control access, and apply zero trust principles;Identity and Access Management;;;aws;;PASS;AWS policy AWSOrganizationsServiceTrustPolicy is attached but does not allow '*:*' administrative privileges.;arn:aws:iam::aws:policy/aws-service-role/AWSOrganizationsServiceTrustPolicy;iam_aws_attached_policy_no_administrative_privileges;False;AWSOrganizationsServiceTrustPolicy;FedRAMP-20x-KSI-Low;FedRAMP 20x Key Security Indicators (KSIs) - Low Impact Level v25.05C;
aws;FedRAMP 20x Key Security Indicators (KSIs) Low Impact Level represent core security indicators for cloud service providers, focusing on automation, continuous monitoring, and cloud-native security principles per FedRAMP 20x Phase One pilot requirements for Low impact systems.;992275841864;us-west-2;2026-08-18 15:47:07.870888;ksi-iam;A secure cloud service offering will protect user data, control access, and apply zero trust principles;Identity and Access Management;;;aws;;PASS;AWS policy AWSTrustedAdvisorServiceRolePolicy is attached but does not allow '*:*' administrative privileges.;arn:aws:iam::aws:policy/aws-service-role/AWSTrustedAdvisorServiceRolePolicy;iam_aws_attached_policy_no_administrative_privileges;False;AWSTrustedAdvisorServiceRolePolicy;FedRAMP-20x-KSI-Low;FedRAMP 20x Key Security Indicators (KSIs) - Low Impact Level v25.05C;
aws;FedRAMP 20x Key Security Indicators (KSIs) Low Impact Level represent core security indicators for cloud service providers, focusing on automation, continuous monitoring, and cloud-native security principles per FedRAMP 20x Phase One pilot requirements for Low impact systems.;992275841864;us-west-2;2026-08-18 15:47:07.870888;ksi-iam;A secure cloud service offering will protect user data, control access, and apply zero trust principles;Identity and Access Management;;;aws;;FAIL;AWS policy AdministratorAccess is attached and allows '*:*' administrative privileges.;arn:aws:iam::aws:policy/AdministratorAccess;iam_aws_attached_policy_no_administrative_privileges;False;AdministratorAccess;FedRAMP-20x-KSI-Low;FedRAMP 20x Key Security Indicators (KSIs) - Low Impact Level v25.05C;
aws;FedRAMP 20x Key Security Indicators (KSIs) Low Impact Level represent core security indicators for cloud service providers, focusing on automation, continuous monitoring, and cloud-native security principles per FedRAMP 20x Phase One pilot requirements for Low impact systems.;992275841864;us-west-2;2026-08-18 15:47:07.870888;ksi-iam;A secure cloud service offering will protect user data, control access, and apply zero trust principles;Identity and Access Management;;;aws;;PASS;AWS policy AWSSupportServiceRolePolicy is attached but does not allow '*:*' administrative privileges.;arn:aws:iam::aws:policy/aws-service-role/AWSSupportServiceRolePolicy;iam_aws_attached_policy_no_administrative_privileges;False;AWSSupportServiceRolePolicy;FedRAMP-20x-KSI-Low;FedRAMP 20x Key Security Indicators (KSIs) - Low Impact Level v25.05C;
aws;FedRAMP 20x Key Security Indicators (KSIs) Low Impact Level represent core security indicators for cloud service providers, focusing on automation, continuous monitoring, and cloud-native security principles per FedRAMP 20x Phase One pilot requirements for Low impact systems.;992275841864;us-west-2;2026-08-18 15:47:07.870888;ksi-iam;A secure cloud service offering will protect user data, control access, and apply zero trust principles;Identity and Access Management;;;aws;;PASS;AWS policy ViewOnlyAccess is attached but does not allow '*:*' administrative privileges.;arn:aws:iam::aws:policy/job-function/ViewOnlyAccess;iam_aws_attached_policy_no_administrative_privileges;False;ViewOnlyAccess;FedRAMP-20x-KSI-Low;FedRAMP 20x Key Security Indicators (KSIs) - Low Impact Level v25.05C;
aws;FedRAMP 20x Key Security Indicators (KSIs) Low Impact Level represent core security indicators for cloud service providers, focusing on automation, continuous monitoring, and cloud-native security principles per FedRAMP 20x Phase One pilot requirements for Low impact systems.;992275841864;us-west-2;2026-08-18 15:47:07.870888;ksi-iam;A secure cloud service offering will protect user data, control access, and apply zero trust principles;Identity and Access Management;;;aws;;PASS;AWS policy SecurityAudit is attached but does not allow '*:*' administrative privileges.;arn:aws:iam::aws:policy/SecurityAudit;iam_aws_attached_policy_no_administrative_privileges;False;SecurityAudit;FedRAMP-20x-KSI-Low;FedRAMP 20x Key Security Indicators (KSIs) - Low Impact Level v25.05C;
aws;FedRAMP 20x Key Security Indicators (KSIs) Low Impact Level represent core security indicators for cloud service providers, focusing on automation, continuous monitoring, and cloud-native security principles per FedRAMP 20x Phase One pilot requirements for Low impact systems.;992275841864;us-west-2;2026-08-18 15:47:07.870888;ksi-iam;A secure cloud service offering will protect user data, control access, and apply zero trust principles;Identity and Access Management;;;aws;;PASS;AWS policy AWSResourceExplorerServiceRolePolicy is attached but does not allow '*:*' administrative privileges.;arn:aws:iam::aws:policy/aws-service-role/AWSResourceExplorerServiceRolePolicy;iam_aws_attached_policy_no_administrative_privileges;False;AWSResourceExplorerServiceRolePolicy;FedRAMP-20x-KSI-Low;FedRAMP 20x Key Security Indicators (KSIs) - Low Impact Level v25.05C;
aws;FedRAMP 20x Key Security Indicators (KSIs) Low Impact Level represent core security indicators for cloud service providers, focusing on automation, continuous monitoring, and cloud-native security principles per FedRAMP 20x Phase One pilot requirements for Low impact systems.;992275841864;us-west-2;2026-08-18 15:47:07.870888;ksi-iam;A secure cloud service offering will protect user data, control access, and apply zero trust principles;Identity and Access Management;;;aws;;PASS;Inline policy auto-shutdown-permissions attached to role auto-shutdown-lambda-role does not allow '*:*' administrative privileges.;arn:aws:iam::992275841864:role/auto-shutdown-lambda-role;iam_inline_policy_no_administrative_privileges;False;auto-shutdown-lambda-role/auto-shutdown-permissions;FedRAMP-20x-KSI-Low;FedRAMP 20x Key Security Indicators (KSIs) - Low Impact Level v25.05C;
aws;FedRAMP 20x Key Security Indicators (KSIs) Low Impact Level represent core security indicators for cloud service providers, focusing on automation, continuous monitoring, and cloud-native security principles per FedRAMP 20x Phase One pilot requirements for Low impact systems.;992275841864;us-west-2;2026-08-18 15:47:07.870888;ksi-iam;A secure cloud service offering will protect user data, control access, and apply zero trust principles;Identity and Access Management;;;aws;;PASS;Inline policy auto-shutdown-permissions attached to role auto-shutdown-lambda-role does not allow 'aws-marketplace:Subscribe' on all resources.;arn:aws:iam::992275841864:role/auto-shutdown-lambda-role;iam_inline_policy_no_wildcard_marketplace_subscribe;False;auto-shutdown-lambda-role/auto-shutdown-permissions;FedRAMP-20x-KSI-Low;FedRAMP 20x Key Security Indicators (KSIs) - Low Impact Level v25.05C;
aws;FedRAMP 20x Key Security Indicators (KSIs) Low Impact Level represent core security indicators for cloud service providers, focusing on automation, continuous monitoring, and cloud-native security principles per FedRAMP 20x Phase One pilot requirements for Low impact systems.;992275841864;us-west-2;2026-08-18 15:47:07.870888;ksi-iam;A secure cloud service offering will protect user data, control access, and apply zero trust principles;Identity and Access Management;;;aws;;FAIL;Password expiration is not set.;arn:aws:iam:us-west-2:992275841864:password-policy;iam_password_policy_expires_passwords_within_90_days_or_less;False;992275841864;FedRAMP-20x-KSI-Low;FedRAMP 20x Key Security Indicators (KSIs) - Low Impact Level v25.05C;
aws;FedRAMP 20x Key Security Indicators (KSIs) Low Impact Level represent core security indicators for cloud service providers, focusing on automation, continuous monitoring, and cloud-native security principles per FedRAMP 20x Phase One pilot requirements for Low impact systems.;992275841864;us-west-2;2026-08-18 15:47:07.870888;ksi-iam;A secure cloud service offering will protect user data, control access, and apply zero trust principles;Identity and Access Management;;;aws;;FAIL;IAM password policy does not require at least one lowercase letter.;arn:aws:iam:us-west-2:992275841864:password-policy;iam_password_policy_lowercase;False;992275841864;FedRAMP-20x-KSI-Low;FedRAMP 20x Key Security Indicators (KSIs) - Low Impact Level v25.05C;
aws;FedRAMP 20x Key Security Indicators (KSIs) Low Impact Level represent core security indicators for cloud service providers, focusing on automation, continuous monitoring, and cloud-native security principles per FedRAMP 20x Phase One pilot requirements for Low impact systems.;992275841864;us-west-2;2026-08-18 15:47:07.870888;ksi-iam;A secure cloud service offering will protect user data, control access, and apply zero trust principles;Identity and Access Management;;;aws;;FAIL;IAM password policy does not require minimum length of 14 characters.;arn:aws:iam:us-west-2:992275841864:password-policy;iam_password_policy_minimum_length_14;False;992275841864;FedRAMP-20x-KSI-Low;FedRAMP 20x Key Security Indicators (KSIs) - Low Impact Level v25.05C;
aws;FedRAMP 20x Key Security Indicators (KSIs) Low Impact Level represent core security indicators for cloud service providers, focusing on automation, continuous monitoring, and cloud-native security principles per FedRAMP 20x Phase One pilot requirements for Low impact systems.;992275841864;us-west-2;2026-08-18 15:47:07.870888;ksi-iam;A secure cloud service offering will protect user data, control access, and apply zero trust principles;Identity and Access Management;;;aws;;FAIL;IAM password policy does not require at least one number.;arn:aws:iam:us-west-2:992275841864:password-policy;iam_password_policy_number;False;992275841864;FedRAMP-20x-KSI-Low;FedRAMP 20x Key Security Indicators (KSIs) - Low Impact Level v25.05C;
aws;FedRAMP 20x Key Security Indicators (KSIs) Low Impact Level represent core security indicators for cloud service providers, focusing on automation, continuous monitoring, and cloud-native security principles per FedRAMP 20x Phase One pilot requirements for Low impact systems.;992275841864;us-west-2;2026-08-18 15:47:07.870888;ksi-iam;A secure cloud service offering will protect user data, control access, and apply zero trust principles;Identity and Access Management;;;aws;;FAIL;IAM password policy reuse prevention is less than 24 or not set.;arn:aws:iam:us-west-2:992275841864:password-policy;iam_password_policy_reuse_24;False;992275841864;FedRAMP-20x-KSI-Low;FedRAMP 20x Key Security Indicators (KSIs) - Low Impact Level v25.05C;
aws;FedRAMP 20x Key Security Indicators (KSIs) Low Impact Level represent core security indicators for cloud service providers, focusing on automation, continuous monitoring, and cloud-native security principles per FedRAMP 20x Phase One pilot requirements for Low impact systems.;992275841864;us-west-2;2026-08-18 15:47:07.870888;ksi-iam;A secure cloud service offering will protect user data, control access, and apply zero trust principles;Identity and Access Management;;;aws;;FAIL;IAM password policy does not require at least one symbol.;arn:aws:iam:us-west-2:992275841864:password-policy;iam_password_policy_symbol;False;992275841864;FedRAMP-20x-KSI-Low;FedRAMP 20x Key Security Indicators (KSIs) - Low Impact Level v25.05C;
aws;FedRAMP 20x Key Security Indicators (KSIs) Low Impact Level represent core security indicators for cloud service providers, focusing on automation, continuous monitoring, and cloud-native security principles per FedRAMP 20x Phase One pilot requirements for Low impact systems.;992275841864;us-west-2;2026-08-18 15:47:07.870888;ksi-iam;A secure cloud service offering will protect user data, control access, and apply zero trust principles;Identity and Access Management;;;aws;;FAIL;IAM password policy does not require at least one uppercase letter.;arn:aws:iam:us-west-2:992275841864:password-policy;iam_password_policy_uppercase;False;992275841864;FedRAMP-20x-KSI-Low;FedRAMP 20x Key Security Indicators (KSIs) - Low Impact Level v25.05C;
aws;FedRAMP 20x Key Security Indicators (KSIs) Low Impact Level represent core security indicators for cloud service providers, focusing on automation, continuous monitoring, and cloud-native security principles per FedRAMP 20x Phase One pilot requirements for Low impact systems.;992275841864;us-west-2;2026-08-18 15:47:07.870888;ksi-iam;A secure cloud service offering will protect user data, control access, and apply zero trust principles;Identity and Access Management;;;aws;;PASS;User demo-no-mfa-user has no inline or attached policies.;arn:aws:iam::992275841864:user/demo-no-mfa-user;iam_policy_attached_only_to_group_or_roles;False;demo-no-mfa-user;FedRAMP-20x-KSI-Low;FedRAMP 20x Key Security Indicators (KSIs) - Low Impact Level v25.05C;
aws;FedRAMP 20x Key Security Indicators (KSIs) Low Impact Level represent core security indicators for cloud service providers, focusing on automation, continuous monitoring, and cloud-native security principles per FedRAMP 20x Phase One pilot requirements for Low impact systems.;992275841864;us-west-2;2026-08-18 15:47:07.870888;ksi-iam-07;Securely manage the lifecycle and privileges of all accounts, roles, and groups;Identity and Access Management;;;aws;;PASS;User demo-no-mfa-user has no inline or attached policies.;arn:aws:iam::992275841864:user/demo-no-mfa-user;iam_policy_attached_only_to_group_or_roles;False;demo-no-mfa-user;FedRAMP-20x-KSI-Low;FedRAMP 20x Key Security Indicators (KSIs) - Low Impact Level v25.05C;
aws;FedRAMP 20x Key Security Indicators (KSIs) Low Impact Level represent core security indicators for cloud service providers, focusing on automation, continuous monitoring, and cloud-native security principles per FedRAMP 20x Phase One pilot requirements for Low impact systems.;992275841864;us-west-2;2026-08-18 15:47:07.870888;ksi-iam;A secure cloud service offering will protect user data, control access, and apply zero trust principles;Identity and Access Management;;;aws;;FAIL;User prowler-readonly has the policy ViewOnlyAccess attached.;arn:aws:iam::992275841864:user/prowler-readonly;iam_policy_attached_only_to_group_or_roles;False;prowler-readonly/ViewOnlyAccess;FedRAMP-20x-KSI-Low;FedRAMP 20x Key Security Indicators (KSIs) - Low Impact Level v25.05C;
aws;FedRAMP 20x Key Security Indicators (KSIs) Low Impact Level represent core security indicators for cloud service providers, focusing on automation, continuous monitoring, and cloud-native security principles per FedRAMP 20x Phase One pilot requirements for Low impact systems.;992275841864;us-west-2;2026-08-18 15:47:07.870888;ksi-iam-07;Securely manage the lifecycle and privileges of all accounts, roles, and groups;Identity and Access Management;;;aws;;FAIL;User prowler-readonly has the policy ViewOnlyAccess attached.;arn:aws:iam::992275841864:user/prowler-readonly;iam_policy_attached_only_to_group_or_roles;False;prowler-readonly/ViewOnlyAccess;FedRAMP-20x-KSI-Low;FedRAMP 20x Key Security Indicators (KSIs) - Low Impact Level v25.05C;
aws;FedRAMP 20x Key Security Indicators (KSIs) Low Impact Level represent core security indicators for cloud service providers, focusing on automation, continuous monitoring, and cloud-native security principles per FedRAMP 20x Phase One pilot requirements for Low impact systems.;992275841864;us-west-2;2026-08-18 15:47:07.870888;ksi-iam;A secure cloud service offering will protect user data, control access, and apply zero trust principles;Identity and Access Management;;;aws;;FAIL;User prowler-readonly has the policy SecurityAudit attached.;arn:aws:iam::992275841864:user/prowler-readonly;iam_policy_attached_only_to_group_or_roles;False;prowler-readonly/SecurityAudit;FedRAMP-20x-KSI-Low;FedRAMP 20x Key Security Indicators (KSIs) - Low Impact Level v25.05C;
aws;FedRAMP 20x Key Security Indicators (KSIs) Low Impact Level represent core security indicators for cloud service providers, focusing on automation, continuous monitoring, and cloud-native security principles per FedRAMP 20x Phase One pilot requirements for Low impact systems.;992275841864;us-west-2;2026-08-18 15:47:07.870888;ksi-iam-07;Securely manage the lifecycle and privileges of all accounts, roles, and groups;Identity and Access Management;;;aws;;FAIL;User prowler-readonly has the policy SecurityAudit attached.;arn:aws:iam::992275841864:user/prowler-readonly;iam_policy_attached_only_to_group_or_roles;False;prowler-readonly/SecurityAudit;FedRAMP-20x-KSI-Low;FedRAMP 20x Key Security Indicators (KSIs) - Low Impact Level v25.05C;
aws;FedRAMP 20x Key Security Indicators (KSIs) Low Impact Level represent core security indicators for cloud service providers, focusing on automation, continuous monitoring, and cloud-native security principles per FedRAMP 20x Phase One pilot requirements for Low impact systems.;992275841864;us-west-2;2026-08-18 15:47:07.870888;ksi-iam;A secure cloud service offering will protect user data, control access, and apply zero trust principles;Identity and Access Management;;;aws;;FAIL;IAM Role AWSReservedSSO_AdministratorAccess_fe6ebb675b6c22d2 has Bedrock permissions but has never used them.;arn:aws:iam::992275841864:role/aws-reserved/sso.amazonaws.com/us-west-2/AWSReservedSSO_AdministratorAccess_fe6ebb675b6c22d2;iam_role_access_not_stale_to_bedrock;False;AWSReservedSSO_AdministratorAccess_fe6ebb675b6c22d2;FedRAMP-20x-KSI-Low;FedRAMP 20x Key Security Indicators (KSIs) - Low Impact Level v25.05C;
aws;FedRAMP 20x Key Security Indicators (KSIs) Low Impact Level represent core security indicators for cloud service providers, focusing on automation, continuous monitoring, and cloud-native security principles per FedRAMP 20x Phase One pilot requirements for Low impact systems.;992275841864;us-west-2;2026-08-18 15:47:07.870888;ksi-iam-07;Securely manage the lifecycle and privileges of all accounts, roles, and groups;Identity and Access Management;;;aws;;FAIL;IAM Role AWSReservedSSO_AdministratorAccess_fe6ebb675b6c22d2 has Bedrock permissions but has never used them.;arn:aws:iam::992275841864:role/aws-reserved/sso.amazonaws.com/us-west-2/AWSReservedSSO_AdministratorAccess_fe6ebb675b6c22d2;iam_role_access_not_stale_to_bedrock;False;AWSReservedSSO_AdministratorAccess_fe6ebb675b6c22d2;FedRAMP-20x-KSI-Low;FedRAMP 20x Key Security Indicators (KSIs) - Low Impact Level v25.05C;
aws;FedRAMP 20x Key Security Indicators (KSIs) Low Impact Level represent core security indicators for cloud service providers, focusing on automation, continuous monitoring, and cloud-native security principles per FedRAMP 20x Phase One pilot requirements for Low impact systems.;992275841864;us-west-2;2026-08-18 15:47:07.870888;ksi-iam;A secure cloud service offering will protect user data, control access, and apply zero trust principles;Identity and Access Management;;;aws;;PASS;IAM Role AWSServiceRoleForResourceExplorer accessed Bedrock 0 days ago (threshold: 60 days).;arn:aws:iam::992275841864:role/aws-service-role/resource-explorer-2.amazonaws.com/AWSServiceRoleForResourceExplorer;iam_role_access_not_stale_to_bedrock;False;AWSServiceRoleForResourceExplorer;FedRAMP-20x-KSI-Low;FedRAMP 20x Key Security Indicators (KSIs) - Low Impact Level v25.05C;
aws;FedRAMP 20x Key Security Indicators (KSIs) Low Impact Level represent core security indicators for cloud service providers, focusing on automation, continuous monitoring, and cloud-native security principles per FedRAMP 20x Phase One pilot requirements for Low impact systems.;992275841864;us-west-2;2026-08-18 15:47:07.870888;ksi-iam-07;Securely manage the lifecycle and privileges of all accounts, roles, and groups;Identity and Access Management;;;aws;;PASS;IAM Role AWSServiceRoleForResourceExplorer accessed Bedrock 0 days ago (threshold: 60 days).;arn:aws:iam::992275841864:role/aws-service-role/resource-explorer-2.amazonaws.com/AWSServiceRoleForResourceExplorer;iam_role_access_not_stale_to_bedrock;False;AWSServiceRoleForResourceExplorer;FedRAMP-20x-KSI-Low;FedRAMP 20x Key Security Indicators (KSIs) - Low Impact Level v25.05C;
aws;FedRAMP 20x Key Security Indicators (KSIs) Low Impact Level represent core security indicators for cloud service providers, focusing on automation, continuous monitoring, and cloud-native security principles per FedRAMP 20x Phase One pilot requirements for Low impact systems.;992275841864;us-west-2;2026-08-18 15:47:07.870888;ksi-iam;A secure cloud service offering will protect user data, control access, and apply zero trust principles;Identity and Access Management;;;aws;;FAIL;IAM Role AWSServiceRoleForSupport has Bedrock permissions but has never used them.;arn:aws:iam::992275841864:role/aws-service-role/support.amazonaws.com/AWSServiceRoleForSupport;iam_role_access_not_stale_to_bedrock;False;AWSServiceRoleForSupport;FedRAMP-20x-KSI-Low;FedRAMP 20x Key Security Indicators (KSIs) - Low Impact Level v25.05C;
aws;FedRAMP 20x Key Security Indicators (KSIs) Low Impact Level represent core security indicators for cloud service providers, focusing on automation, continuous monitoring, and cloud-native security principles per FedRAMP 20x Phase One pilot requirements for Low impact systems.;992275841864;us-west-2;2026-08-18 15:47:07.870888;ksi-iam-07;Securely manage the lifecycle and privileges of all accounts, roles, and groups;Identity and Access Management;;;aws;;FAIL;IAM Role AWSServiceRoleForSupport has Bedrock permissions but has never used them.;arn:aws:iam::992275841864:role/aws-service-role/support.amazonaws.com/AWSServiceRoleForSupport;iam_role_access_not_stale_to_bedrock;False;AWSServiceRoleForSupport;FedRAMP-20x-KSI-Low;FedRAMP 20x Key Security Indicators (KSIs) - Low Impact Level v25.05C;
aws;FedRAMP 20x Key Security Indicators (KSIs) Low Impact Level represent core security indicators for cloud service providers, focusing on automation, continuous monitoring, and cloud-native security principles per FedRAMP 20x Phase One pilot requirements for Low impact systems.;992275841864;us-west-2;2026-08-18 15:47:07.870888;ksi-iam;A secure cloud service offering will protect user data, control access, and apply zero trust principles;Identity and Access Management;;;aws;;FAIL;IAM Role OrganizationAccountAccessRole has Bedrock permissions but has never used them.;arn:aws:iam::992275841864:role/OrganizationAccountAccessRole;iam_role_access_not_stale_to_bedrock;False;OrganizationAccountAccessRole;FedRAMP-20x-KSI-Low;FedRAMP 20x Key Security Indicators (KSIs) - Low Impact Level v25.05C;
aws;FedRAMP 20x Key Security Indicators (KSIs) Low Impact Level represent core security indicators for cloud service providers, focusing on automation, continuous monitoring, and cloud-native security principles per FedRAMP 20x Phase One pilot requirements for Low impact systems.;992275841864;us-west-2;2026-08-18 15:47:07.870888;ksi-iam-07;Securely manage the lifecycle and privileges of all accounts, roles, and groups;Identity and Access Management;;;aws;;FAIL;IAM Role OrganizationAccountAccessRole has Bedrock permissions but has never used them.;arn:aws:iam::992275841864:role/OrganizationAccountAccessRole;iam_role_access_not_stale_to_bedrock;False;OrganizationAccountAccessRole;FedRAMP-20x-KSI-Low;FedRAMP 20x Key Security Indicators (KSIs) - Low Impact Level v25.05C;
aws;FedRAMP 20x Key Security Indicators (KSIs) Low Impact Level represent core security indicators for cloud service providers, focusing on automation, continuous monitoring, and cloud-native security principles per FedRAMP 20x Phase One pilot requirements for Low impact systems.;992275841864;us-west-2;2026-08-18 15:47:07.870888;ksi-iam;A secure cloud service offering will protect user data, control access, and apply zero trust principles;Identity and Access Management;;;aws;;PASS;User <root_account> does not have access keys.;arn:aws:iam::992275841864:root;iam_rotate_access_key_90_days;False;<root_account>;FedRAMP-20x-KSI-Low;FedRAMP 20x Key Security Indicators (KSIs) - Low Impact Level v25.05C;
aws;FedRAMP 20x Key Security Indicators (KSIs) Low Impact Level represent core security indicators for cloud service providers, focusing on automation, continuous monitoring, and cloud-native security principles per FedRAMP 20x Phase One pilot requirements for Low impact systems.;992275841864;us-west-2;2026-08-18 15:47:07.870888;ksi-iam-07;Securely manage the lifecycle and privileges of all accounts, roles, and groups;Identity and Access Management;;;aws;;PASS;User <root_account> does not have access keys.;arn:aws:iam::992275841864:root;iam_rotate_access_key_90_days;False;<root_account>;FedRAMP-20x-KSI-Low;FedRAMP 20x Key Security Indicators (KSIs) - Low Impact Level v25.05C;
aws;FedRAMP 20x Key Security Indicators (KSIs) Low Impact Level represent core security indicators for cloud service providers, focusing on automation, continuous monitoring, and cloud-native security principles per FedRAMP 20x Phase One pilot requirements for Low impact systems.;992275841864;us-west-2;2026-08-18 15:47:07.870888;ksi-iam;A secure cloud service offering will protect user data, control access, and apply zero trust principles;Identity and Access Management;;;aws;;PASS;User demo-no-mfa-user does not have access keys older than 90 days.;arn:aws:iam::992275841864:user/demo-no-mfa-user;iam_rotate_access_key_90_days;False;demo-no-mfa-user;FedRAMP-20x-KSI-Low;FedRAMP 20x Key Security Indicators (KSIs) - Low Impact Level v25.05C;
aws;FedRAMP 20x Key Security Indicators (KSIs) Low Impact Level represent core security indicators for cloud service providers, focusing on automation, continuous monitoring, and cloud-native security principles per FedRAMP 20x Phase One pilot requirements for Low impact systems.;992275841864;us-west-2;2026-08-18 15:47:07.870888;ksi-iam-07;Securely manage the lifecycle and privileges of all accounts, roles, and groups;Identity and Access Management;;;aws;;PASS;User demo-no-mfa-user does not have access keys older than 90 days.;arn:aws:iam::992275841864:user/demo-no-mfa-user;iam_rotate_access_key_90_days;False;demo-no-mfa-user;FedRAMP-20x-KSI-Low;FedRAMP 20x Key Security Indicators (KSIs) - Low Impact Level v25.05C;
aws;FedRAMP 20x Key Security Indicators (KSIs) Low Impact Level represent core security indicators for cloud service providers, focusing on automation, continuous monitoring, and cloud-native security principles per FedRAMP 20x Phase One pilot requirements for Low impact systems.;992275841864;us-west-2;2026-08-18 15:47:07.870888;ksi-iam;A secure cloud service offering will protect user data, control access, and apply zero trust principles;Identity and Access Management;;;aws;;PASS;User prowler-readonly does not have access keys older than 90 days.;arn:aws:iam::992275841864:user/prowler-readonly;iam_rotate_access_key_90_days;False;prowler-readonly;FedRAMP-20x-KSI-Low;FedRAMP 20x Key Security Indicators (KSIs) - Low Impact Level v25.05C;
aws;FedRAMP 20x Key Security Indicators (KSIs) Low Impact Level represent core security indicators for cloud service providers, focusing on automation, continuous monitoring, and cloud-native security principles per FedRAMP 20x Phase One pilot requirements for Low impact systems.;992275841864;us-west-2;2026-08-18 15:47:07.870888;ksi-iam-07;Securely manage the lifecycle and privileges of all accounts, roles, and groups;Identity and Access Management;;;aws;;PASS;User prowler-readonly does not have access keys older than 90 days.;arn:aws:iam::992275841864:user/prowler-readonly;iam_rotate_access_key_90_days;False;prowler-readonly;FedRAMP-20x-KSI-Low;FedRAMP 20x Key Security Indicators (KSIs) - Low Impact Level v25.05C;
aws;FedRAMP 20x Key Security Indicators (KSIs) Low Impact Level represent core security indicators for cloud service providers, focusing on automation, continuous monitoring, and cloud-native security principles per FedRAMP 20x Phase One pilot requirements for Low impact systems.;992275841864;us-west-2;2026-08-18 15:47:07.870888;ksi-iam;A secure cloud service offering will protect user data, control access, and apply zero trust principles;Identity and Access Management;;;aws;;FAIL;IAM User prowler-readonly has Bedrock permissions but has never used them.;arn:aws:iam::992275841864:user/prowler-readonly;iam_user_access_not_stale_to_bedrock;False;prowler-readonly;FedRAMP-20x-KSI-Low;FedRAMP 20x Key Security Indicators (KSIs) - Low Impact Level v25.05C;
aws;FedRAMP 20x Key Security Indicators (KSIs) Low Impact Level represent core security indicators for cloud service providers, focusing on automation, continuous monitoring, and cloud-native security principles per FedRAMP 20x Phase One pilot requirements for Low impact systems.;992275841864;us-west-2;2026-08-18 15:47:07.870888;ksi-iam-07;Securely manage the lifecycle and privileges of all accounts, roles, and groups;Identity and Access Management;;;aws;;FAIL;IAM User prowler-readonly has Bedrock permissions but has never used them.;arn:aws:iam::992275841864:user/prowler-readonly;iam_user_access_not_stale_to_bedrock;False;prowler-readonly;FedRAMP-20x-KSI-Low;FedRAMP 20x Key Security Indicators (KSIs) - Low Impact Level v25.05C;
aws;FedRAMP 20x Key Security Indicators (KSIs) Low Impact Level represent core security indicators for cloud service providers, focusing on automation, continuous monitoring, and cloud-native security principles per FedRAMP 20x Phase One pilot requirements for Low impact systems.;992275841864;us-west-2;2026-08-18 15:47:07.870888;ksi-iam;A secure cloud service offering will protect user data, control access, and apply zero trust principles;Identity and Access Management;;;aws;;FAIL;IAM User prowler-readonly has SageMaker permissions but has never used them.;arn:aws:iam::992275841864:user/prowler-readonly;iam_user_access_not_stale_to_sagemaker;False;prowler-readonly;FedRAMP-20x-KSI-Low;FedRAMP 20x Key Security Indicators (KSIs) - Low Impact Level v25.05C;
aws;FedRAMP 20x Key Security Indicators (KSIs) Low Impact Level represent core security indicators for cloud service providers, focusing on automation, continuous monitoring, and cloud-native security principles per FedRAMP 20x Phase One pilot requirements for Low impact systems.;992275841864;us-west-2;2026-08-18 15:47:07.870888;ksi-iam-07;Securely manage the lifecycle and privileges of all accounts, roles, and groups;Identity and Access Management;;;aws;;FAIL;IAM User prowler-readonly has SageMaker permissions but has never used them.;arn:aws:iam::992275841864:user/prowler-readonly;iam_user_access_not_stale_to_sagemaker;False;prowler-readonly;FedRAMP-20x-KSI-Low;FedRAMP 20x Key Security Indicators (KSIs) - Low Impact Level v25.05C;
aws;FedRAMP 20x Key Security Indicators (KSIs) Low Impact Level represent core security indicators for cloud service providers, focusing on automation, continuous monitoring, and cloud-native security principles per FedRAMP 20x Phase One pilot requirements for Low impact systems.;992275841864;us-west-2;2026-08-18 15:47:07.870888;ksi-iam;A secure cloud service offering will protect user data, control access, and apply zero trust principles;Identity and Access Management;;;aws;;PASS;User <root_account> does not have access keys.;arn:aws:iam::992275841864:root;iam_user_accesskey_unused;False;<root_account>;FedRAMP-20x-KSI-Low;FedRAMP 20x Key Security Indicators (KSIs) - Low Impact Level v25.05C;
aws;FedRAMP 20x Key Security Indicators (KSIs) Low Impact Level represent core security indicators for cloud service providers, focusing on automation, continuous monitoring, and cloud-native security principles per FedRAMP 20x Phase One pilot requirements for Low impact systems.;992275841864;us-west-2;2026-08-18 15:47:07.870888;ksi-iam-07;Securely manage the lifecycle and privileges of all accounts, roles, and groups;Identity and Access Management;;;aws;;PASS;User <root_account> does not have access keys.;arn:aws:iam::992275841864:root;iam_user_accesskey_unused;False;<root_account>;FedRAMP-20x-KSI-Low;FedRAMP 20x Key Security Indicators (KSIs) - Low Impact Level v25.05C;
aws;FedRAMP 20x Key Security Indicators (KSIs) Low Impact Level represent core security indicators for cloud service providers, focusing on automation, continuous monitoring, and cloud-native security principles per FedRAMP 20x Phase One pilot requirements for Low impact systems.;992275841864;us-west-2;2026-08-18 15:47:07.870888;ksi-iam;A secure cloud service offering will protect user data, control access, and apply zero trust principles;Identity and Access Management;;;aws;;PASS;User demo-no-mfa-user does not have unused access keys for 45 days.;arn:aws:iam::992275841864:user/demo-no-mfa-user;iam_user_accesskey_unused;False;demo-no-mfa-user;FedRAMP-20x-KSI-Low;FedRAMP 20x Key Security Indicators (KSIs) - Low Impact Level v25.05C;
aws;FedRAMP 20x Key Security Indicators (KSIs) Low Impact Level represent core security indicators for cloud service providers, focusing on automation, continuous monitoring, and cloud-native security principles per FedRAMP 20x Phase One pilot requirements for Low impact systems.;992275841864;us-west-2;2026-08-18 15:47:07.870888;ksi-iam-07;Securely manage the lifecycle and privileges of all accounts, roles, and groups;Identity and Access Management;;;aws;;PASS;User demo-no-mfa-user does not have unused access keys for 45 days.;arn:aws:iam::992275841864:user/demo-no-mfa-user;iam_user_accesskey_unused;False;demo-no-mfa-user;FedRAMP-20x-KSI-Low;FedRAMP 20x Key Security Indicators (KSIs) - Low Impact Level v25.05C;
aws;FedRAMP 20x Key Security Indicators (KSIs) Low Impact Level represent core security indicators for cloud service providers, focusing on automation, continuous monitoring, and cloud-native security principles per FedRAMP 20x Phase One pilot requirements for Low impact systems.;992275841864;us-west-2;2026-08-18 15:47:07.870888;ksi-iam;A secure cloud service offering will protect user data, control access, and apply zero trust principles;Identity and Access Management;;;aws;;PASS;User prowler-readonly does not have unused access keys for 45 days.;arn:aws:iam::992275841864:user/prowler-readonly;iam_user_accesskey_unused;False;prowler-readonly;FedRAMP-20x-KSI-Low;FedRAMP 20x Key Security Indicators (KSIs) - Low Impact Level v25.05C;
aws;FedRAMP 20x Key Security Indicators (KSIs) Low Impact Level represent core security indicators for cloud service providers, focusing on automation, continuous monitoring, and cloud-native security principles per FedRAMP 20x Phase One pilot requirements for Low impact systems.;992275841864;us-west-2;2026-08-18 15:47:07.870888;ksi-iam-07;Securely manage the lifecycle and privileges of all accounts, roles, and groups;Identity and Access Management;;;aws;;PASS;User prowler-readonly does not have unused access keys for 45 days.;arn:aws:iam::992275841864:user/prowler-readonly;iam_user_accesskey_unused;False;prowler-readonly;FedRAMP-20x-KSI-Low;FedRAMP 20x Key Security Indicators (KSIs) - Low Impact Level v25.05C;
aws;FedRAMP 20x Key Security Indicators (KSIs) Low Impact Level represent core security indicators for cloud service providers, focusing on automation, continuous monitoring, and cloud-native security principles per FedRAMP 20x Phase One pilot requirements for Low impact systems.;992275841864;us-west-2;2026-08-18 15:47:07.870888;ksi-iam;A secure cloud service offering will protect user data, control access, and apply zero trust principles;Identity and Access Management;;;aws;;PASS;User demo-no-mfa-user does not have console access enabled or is unused.;arn:aws:iam::992275841864:user/demo-no-mfa-user;iam_user_console_access_unused;False;demo-no-mfa-user;FedRAMP-20x-KSI-Low;FedRAMP 20x Key Security Indicators (KSIs) - Low Impact Level v25.05C;
aws;FedRAMP 20x Key Security Indicators (KSIs) Low Impact Level represent core security indicators for cloud service providers, focusing on automation, continuous monitoring, and cloud-native security principles per FedRAMP 20x Phase One pilot requirements for Low impact systems.;992275841864;us-west-2;2026-08-18 15:47:07.870888;ksi-iam-07;Securely manage the lifecycle and privileges of all accounts, roles, and groups;Identity and Access Management;;;aws;;PASS;User demo-no-mfa-user does not have console access enabled or is unused.;arn:aws:iam::992275841864:user/demo-no-mfa-user;iam_user_console_access_unused;False;demo-no-mfa-user;FedRAMP-20x-KSI-Low;FedRAMP 20x Key Security Indicators (KSIs) - Low Impact Level v25.05C;
aws;FedRAMP 20x Key Security Indicators (KSIs) Low Impact Level represent core security indicators for cloud service providers, focusing on automation, continuous monitoring, and cloud-native security principles per FedRAMP 20x Phase One pilot requirements for Low impact systems.;992275841864;us-west-2;2026-08-18 15:47:07.870888;ksi-iam;A secure cloud service offering will protect user data, control access, and apply zero trust principles;Identity and Access Management;;;aws;;PASS;User prowler-readonly does not have console access enabled or is unused.;arn:aws:iam::992275841864:user/prowler-readonly;iam_user_console_access_unused;False;prowler-readonly;FedRAMP-20x-KSI-Low;FedRAMP 20x Key Security Indicators (KSIs) - Low Impact Level v25.05C;
aws;FedRAMP 20x Key Security Indicators (KSIs) Low Impact Level represent core security indicators for cloud service providers, focusing on automation, continuous monitoring, and cloud-native security principles per FedRAMP 20x Phase One pilot requirements for Low impact systems.;992275841864;us-west-2;2026-08-18 15:47:07.870888;ksi-iam-07;Securely manage the lifecycle and privileges of all accounts, roles, and groups;Identity and Access Management;;;aws;;PASS;User prowler-readonly does not have console access enabled or is unused.;arn:aws:iam::992275841864:user/prowler-readonly;iam_user_console_access_unused;False;prowler-readonly;FedRAMP-20x-KSI-Low;FedRAMP 20x Key Security Indicators (KSIs) - Low Impact Level v25.05C;
aws;FedRAMP 20x Key Security Indicators (KSIs) Low Impact Level represent core security indicators for cloud service providers, focusing on automation, continuous monitoring, and cloud-native security principles per FedRAMP 20x Phase One pilot requirements for Low impact systems.;992275841864;us-west-2;2026-08-18 15:47:07.870888;ksi-iam;A secure cloud service offering will protect user data, control access, and apply zero trust principles;Identity and Access Management;;;aws;;FAIL;User demo-no-mfa-user does not have any type of MFA enabled.;arn:aws:iam::992275841864:user/demo-no-mfa-user;iam_user_hardware_mfa_enabled;False;demo-no-mfa-user;FedRAMP-20x-KSI-Low;FedRAMP 20x Key Security Indicators (KSIs) - Low Impact Level v25.05C;
aws;FedRAMP 20x Key Security Indicators (KSIs) Low Impact Level represent core security indicators for cloud service providers, focusing on automation, continuous monitoring, and cloud-native security principles per FedRAMP 20x Phase One pilot requirements for Low impact systems.;992275841864;us-west-2;2026-08-18 15:47:07.870888;ksi-iam;A secure cloud service offering will protect user data, control access, and apply zero trust principles;Identity and Access Management;;;aws;;FAIL;User prowler-readonly does not have any type of MFA enabled.;arn:aws:iam::992275841864:user/prowler-readonly;iam_user_hardware_mfa_enabled;False;prowler-readonly;FedRAMP-20x-KSI-Low;FedRAMP 20x Key Security Indicators (KSIs) - Low Impact Level v25.05C;
aws;FedRAMP 20x Key Security Indicators (KSIs) Low Impact Level represent core security indicators for cloud service providers, focusing on automation, continuous monitoring, and cloud-native security principles per FedRAMP 20x Phase One pilot requirements for Low impact systems.;992275841864;us-west-2;2026-08-18 15:47:07.870888;ksi-iam;A secure cloud service offering will protect user data, control access, and apply zero trust principles;Identity and Access Management;;;aws;;PASS;User demo-no-mfa-user does not have Console Password enabled.;arn:aws:iam::992275841864:user/demo-no-mfa-user;iam_user_mfa_enabled_console_access;False;demo-no-mfa-user;FedRAMP-20x-KSI-Low;FedRAMP 20x Key Security Indicators (KSIs) - Low Impact Level v25.05C;
aws;FedRAMP 20x Key Security Indicators (KSIs) Low Impact Level represent core security indicators for cloud service providers, focusing on automation, continuous monitoring, and cloud-native security principles per FedRAMP 20x Phase One pilot requirements for Low impact systems.;992275841864;us-west-2;2026-08-18 15:47:07.870888;ksi-iam;A secure cloud service offering will protect user data, control access, and apply zero trust principles;Identity and Access Management;;;aws;;PASS;User prowler-readonly does not have Console Password enabled.;arn:aws:iam::992275841864:user/prowler-readonly;iam_user_mfa_enabled_console_access;False;prowler-readonly;FedRAMP-20x-KSI-Low;FedRAMP 20x Key Security Indicators (KSIs) - Low Impact Level v25.05C;
aws;FedRAMP 20x Key Security Indicators (KSIs) Low Impact Level represent core security indicators for cloud service providers, focusing on automation, continuous monitoring, and cloud-native security principles per FedRAMP 20x Phase One pilot requirements for Low impact systems.;992275841864;us-west-2;2026-08-18 15:47:07.870888;ksi-iam;A secure cloud service offering will protect user data, control access, and apply zero trust principles;Identity and Access Management;;;aws;;PASS;User <root_account> does not have 2 active access keys.;arn:aws:iam::992275841864:root;iam_user_two_active_access_key;False;<root_account>;FedRAMP-20x-KSI-Low;FedRAMP 20x Key Security Indicators (KSIs) - Low Impact Level v25.05C;
aws;FedRAMP 20x Key Security Indicators (KSIs) Low Impact Level represent core security indicators for cloud service providers, focusing on automation, continuous monitoring, and cloud-native security principles per FedRAMP 20x Phase One pilot requirements for Low impact systems.;992275841864;us-west-2;2026-08-18 15:47:07.870888;ksi-iam;A secure cloud service offering will protect user data, control access, and apply zero trust principles;Identity and Access Management;;;aws;;PASS;User demo-no-mfa-user does not have 2 active access keys.;arn:aws:iam::992275841864:user/demo-no-mfa-user;iam_user_two_active_access_key;False;demo-no-mfa-user;FedRAMP-20x-KSI-Low;FedRAMP 20x Key Security Indicators (KSIs) - Low Impact Level v25.05C;
aws;FedRAMP 20x Key Security Indicators (KSIs) Low Impact Level represent core security indicators for cloud service providers, focusing on automation, continuous monitoring, and cloud-native security principles per FedRAMP 20x Phase One pilot requirements for Low impact systems.;992275841864;us-west-2;2026-08-18 15:47:07.870888;ksi-iam;A secure cloud service offering will protect user data, control access, and apply zero trust principles;Identity and Access Management;;;aws;;PASS;User prowler-readonly does not have 2 active access keys.;arn:aws:iam::992275841864:user/prowler-readonly;iam_user_two_active_access_key;False;prowler-readonly;FedRAMP-20x-KSI-Low;FedRAMP 20x Key Security Indicators (KSIs) - Low Impact Level v25.05C;
aws;FedRAMP 20x Key Security Indicators (KSIs) Low Impact Level represent core security indicators for cloud service providers, focusing on automation, continuous monitoring, and cloud-native security principles per FedRAMP 20x Phase One pilot requirements for Low impact systems.;992275841864;us-west-2;2026-08-18 15:47:07.870888;ksi-inr;A secure cloud service offering will respond to incidents according to FedRAMP requirements and cloud service provider policies;Incident Response;;;aws;;FAIL;Inspector2 is not enabled in this account.;arn:aws:inspector2:us-west-2:992275841864:inspector2;inspector2_is_enabled;False;Inspector2;FedRAMP-20x-KSI-Low;FedRAMP 20x Key Security Indicators (KSIs) - Low Impact Level v25.05C;
aws;FedRAMP 20x Key Security Indicators (KSIs) Low Impact Level represent core security indicators for cloud service providers, focusing on automation, continuous monitoring, and cloud-native security principles per FedRAMP 20x Phase One pilot requirements for Low impact systems.;992275841864;us-west-2;2026-08-18 15:47:07.870888;ksi-mla;A secure cloud service offering will monitor, log, and audit all important events, activity, and changes;Monitoring, Logging, and Auditing;;;aws;;FAIL;Inspector2 is not enabled in this account.;arn:aws:inspector2:us-west-2:992275841864:inspector2;inspector2_is_enabled;False;Inspector2;FedRAMP-20x-KSI-Low;FedRAMP 20x Key Security Indicators (KSIs) - Low Impact Level v25.05C;
aws;FedRAMP 20x Key Security Indicators (KSIs) Low Impact Level represent core security indicators for cloud service providers, focusing on automation, continuous monitoring, and cloud-native security principles per FedRAMP 20x Phase One pilot requirements for Low impact systems.;992275841864;us-west-2;2026-08-18 15:47:07.870888;ksi-tpr;A secure cloud service offering will understand, monitor, and manage supply chain risks from third-party information resources;Third-Party Information Resources;;;aws;;FAIL;Inspector2 is not enabled in this account.;arn:aws:inspector2:us-west-2:992275841864:inspector2;inspector2_is_enabled;False;Inspector2;FedRAMP-20x-KSI-Low;FedRAMP 20x Key Security Indicators (KSIs) - Low Impact Level v25.05C;
aws;FedRAMP 20x Key Security Indicators (KSIs) Low Impact Level represent core security indicators for cloud service providers, focusing on automation, continuous monitoring, and cloud-native security principles per FedRAMP 20x Phase One pilot requirements for Low impact systems.;992275841864;us-west-2;2026-08-18 15:47:07.870888;ksi-mla-07;Maintain a list of information resources and event types that will be monitored, logged, and audited;Monitoring, Logging, and Auditing;;;aws;;FAIL;Inspector2 is not enabled in this account.;arn:aws:inspector2:us-west-2:992275841864:inspector2;inspector2_is_enabled;False;Inspector2;FedRAMP-20x-KSI-Low;FedRAMP 20x Key Security Indicators (KSIs) - Low Impact Level v25.05C;
aws;FedRAMP 20x Key Security Indicators (KSIs) Low Impact Level represent core security indicators for cloud service providers, focusing on automation, continuous monitoring, and cloud-native security principles per FedRAMP 20x Phase One pilot requirements for Low impact systems.;992275841864;us-west-2;2026-08-18 15:47:07.870888;ksi-mla;A secure cloud service offering will monitor, log, and audit all important events, activity, and changes;Monitoring, Logging, and Auditing;;;aws;;MANUAL;Cannot verify unknown-image attestation activity: no 'enclave_golden_pcr_values' configured. Set a golden PCR list in audit_config and re-run this check.;arn:aws:kms:us-west-2:992275841864:enclave-debug-attestation;kms_key_enclave_attestation_unknown_image;False;arn:aws:kms:us-west-2:992275841864:enclave-debug-attestation;FedRAMP-20x-KSI-Low;FedRAMP 20x Key Security Indicators (KSIs) - Low Impact Level v25.05C;
aws;FedRAMP 20x Key Security Indicators (KSIs) Low Impact Level represent core security indicators for cloud service providers, focusing on automation, continuous monitoring, and cloud-native security principles per FedRAMP 20x Phase One pilot requirements for Low impact systems.;992275841864;us-west-2;2026-08-18 15:47:07.870888;ksi-mla;A secure cloud service offering will monitor, log, and audit all important events, activity, and changes;Monitoring, Logging, and Auditing;;;aws;;MANUAL;"No KMS-from-enclave attestation events found in the last 2160h. Debug-mode status cannot be determined from available data; enclaves that never call KMS in the window are not observable via this check. Additionally, CloudTrail lookup failed for 80 region/event pair(s): ap-northeast-1:Decrypt (AccessDeniedException), ap-northeast-1:DeriveSharedSecret (AccessDeniedException), ap-northeast-1:GenerateDataKey (AccessDeniedException), ap-northeast-1:GenerateDataKeyPair (AccessDeniedException), ap-northeast-1:GenerateRandom (AccessDeniedException).... Coverage is incomplete.";arn:aws:kms:us-west-2:992275841864:enclave-debug-attestation;kms_key_enclave_debug_attestation_detected;False;arn:aws:kms:us-west-2:992275841864:enclave-debug-attestation;FedRAMP-20x-KSI-Low;FedRAMP 20x Key Security Indicators (KSIs) - Low Impact Level v25.05C;
aws;FedRAMP 20x Key Security Indicators (KSIs) Low Impact Level represent core security indicators for cloud service providers, focusing on automation, continuous monitoring, and cloud-native security principles per FedRAMP 20x Phase One pilot requirements for Low impact systems.;992275841864;us-west-2;2026-08-18 15:47:07.870888;ksi-piy;A secure cloud service offering will have intentional, organized, universal guidance for how every information resource, including personnel, is secured;Policy and Inventory;;;aws;;PASS;AWS Organization o-v8ge3sky7w contains this AWS account.;arn:aws:organizations::770708266211:organization/o-v8ge3sky7w;organizations_account_part_of_organizations;False;o-v8ge3sky7w;FedRAMP-20x-KSI-Low;FedRAMP 20x Key Security Indicators (KSIs) - Low Impact Level v25.05C;
aws;FedRAMP 20x Key Security Indicators (KSIs) Low Impact Level represent core security indicators for cloud service providers, focusing on automation, continuous monitoring, and cloud-native security principles per FedRAMP 20x Phase One pilot requirements for Low impact systems.;992275841864;us-west-2;2026-08-18 15:47:07.870888;ksi-svc;A secure cloud service offering will follow FedRAMP encryption policies, continuously verify information resource integrity, and restrict access to third-party information resources;Service Configuration;;;aws;;PASS;S3 Bucket eg-prowler-demo-intentionally-vulnerable has Server Side Encryption with AES256.;arn:aws:s3:::eg-prowler-demo-intentionally-vulnerable;s3_bucket_default_encryption;False;eg-prowler-demo-intentionally-vulnerable;FedRAMP-20x-KSI-Low;FedRAMP 20x Key Security Indicators (KSIs) - Low Impact Level v25.05C;
aws;FedRAMP 20x Key Security Indicators (KSIs) Low Impact Level represent core security indicators for cloud service providers, focusing on automation, continuous monitoring, and cloud-native security principles per FedRAMP 20x Phase One pilot requirements for Low impact systems.;992275841864;us-west-2;2026-08-18 15:47:07.870888;ksi-svc;A secure cloud service offering will follow FedRAMP encryption policies, continuously verify information resource integrity, and restrict access to third-party information resources;Service Configuration;;;aws;;FAIL;S3 Bucket eg-prowler-demo-intentionally-vulnerable does not have a bucket policy, thus it allows HTTP requests.;arn:aws:s3:::eg-prowler-demo-intentionally-vulnerable;s3_bucket_secure_transport_policy;False;eg-prowler-demo-intentionally-vulnerable;FedRAMP-20x-KSI-Low;FedRAMP 20x Key Security Indicators (KSIs) - Low Impact Level v25.05C;
aws;FedRAMP 20x Key Security Indicators (KSIs) Low Impact Level represent core security indicators for cloud service providers, focusing on automation, continuous monitoring, and cloud-native security principles per FedRAMP 20x Phase One pilot requirements for Low impact systems.;992275841864;us-west-2;2026-08-18 15:47:07.870888;ksi-mla;A secure cloud service offering will monitor, log, and audit all important events, activity, and changes;Monitoring, Logging, and Auditing;;;aws;;FAIL;S3 Bucket eg-prowler-demo-intentionally-vulnerable has server access logging disabled.;arn:aws:s3:::eg-prowler-demo-intentionally-vulnerable;s3_bucket_server_access_logging_enabled;False;eg-prowler-demo-intentionally-vulnerable;FedRAMP-20x-KSI-Low;FedRAMP 20x Key Security Indicators (KSIs) - Low Impact Level v25.05C;
aws;FedRAMP 20x Key Security Indicators (KSIs) Low Impact Level represent core security indicators for cloud service providers, focusing on automation, continuous monitoring, and cloud-native security principles per FedRAMP 20x Phase One pilot requirements for Low impact systems.;992275841864;us-west-2;2026-08-18 15:47:07.870888;ksi-inr;A secure cloud service offering will respond to incidents according to FedRAMP requirements and cloud service provider policies;Incident Response;;;aws;;FAIL;Security Hub is not enabled.;arn:aws:securityhub:us-west-2:992275841864:hub/unknown;securityhub_enabled;False;hub/unknown;FedRAMP-20x-KSI-Low;FedRAMP 20x Key Security Indicators (KSIs) - Low Impact Level v25.05C;
aws;FedRAMP 20x Key Security Indicators (KSIs) Low Impact Level represent core security indicators for cloud service providers, focusing on automation, continuous monitoring, and cloud-native security principles per FedRAMP 20x Phase One pilot requirements for Low impact systems.;992275841864;us-west-2;2026-08-18 15:47:07.870888;ksi-mla;A secure cloud service offering will monitor, log, and audit all important events, activity, and changes;Monitoring, Logging, and Auditing;;;aws;;FAIL;VPC vpc-0866e7410e62ffd29 Flow logs are disabled.;arn:aws:ec2:us-west-2:992275841864:vpc/vpc-0866e7410e62ffd29;vpc_flow_logs_enabled;False;vpc-0866e7410e62ffd29;FedRAMP-20x-KSI-Low;FedRAMP 20x Key Security Indicators (KSIs) - Low Impact Level v25.05C;
